t,flight_active,online_update_configured,online_update_enabled,mass_kg,gravity_m_s2,anomaly_similarity_threshold,force_clip_norm_n,force_reject_norm_n,residual_consistency_threshold_n,pd_x,pd_y,pd_z,p_x,p_y,p_z,vd_x,vd_y,vd_z,v_x,v_y,v_z,q_w,q_x,q_y,q_z,omega_x,omega_y,omega_z,accel_world_x,accel_world_y,accel_world_z,previous_commanded_thrust_n,residual_model_thrust_n,thrust_n,thrust_norm,residual_x,residual_y,residual_z,max_similarity
0.000000,1,0,0,2.400000,9.810000,0.900000,30.000000,60.000000,6.000000,0.000000,0.000000,0.000000,0.000000,0.000000,0.000000,0.000000,0.000000,0.000000,-0.000000,-0.000000,-0.000005,1.000000,0.000000,-0.000000,0.000000,0.000017,-0.000021,0.000000,0.002021,0.016032,-0.016316,23.532774,23.532774,23.542537,0.499969,0.004851,0.038476,-0.027933,0.946756
0.050000,1,0,0,2.400000,9.810000,0.900000,30.000000,60.000000,6.000000,0.000000,0.000000,0.000004,-0.000000,-0.000000,-0.000008,0.000000,0.000000,0.000217,-0.000001,-0.000000,-0.000251,1.000000,0.000001,-0.000001,0.000000,0.000052,-0.000048,0.000000,0.023130,0.010157,0.001143,23.542537,23.542537,23.563018,0.500404,0.055566,0.024429,0.004205,0.946432
0.100000,1,0,0,2.400000,9.810000,0.900000,30.000000,60.000000,6.000000,0.000000,0.000000,0.000029,-0.000000,-0.000000,-0.000018,0.000000,0.000000,0.000857,-0.000002,-0.000002,-0.000066,1.000000,0.000002,-0.000002,0.000000,0.000057,-0.000060,0.000000,0.023763,0.003704,-0.008482,23.563018,23.563018,23.582717,0.500822,0.057146,0.009007,-0.039376,0.946107
0.150000,1,0,0,2.400000,9.810000,0.900000,30.000000,60.000000,6.000000,0.000000,0.000000,0.000096,-0.000000,-0.000000,-0.000008,0.000000,0.000000,0.001904,-0.000004,-0.000006,0.000536,1.000000,0.000004,-0.000004,0.000000,0.000047,-0.000079,0.000000,0.043003,0.017874,-0.057229,23.582717,23.582717,23.601646,0.501224,0.103404,0.043077,-0.176066,0.945784
0.200000,1,0,0,2.400000,9.810000,0.900000,30.000000,60.000000,6.000000,0.000000,0.000000,0.000226,-0.000000,-0.000001,0.000043,0.000000,0.000000,0.003342,-0.000006,-0.000010,0.001542,1.000000,0.000005,-0.000006,0.000000,0.000024,-0.000107,0.000000,0.033431,0.037989,-0.035981,23.601646,23.601646,23.619823,0.501610,0.080541,0.091397,-0.144001,0.945467
0.250000,1,0,0,2.400000,9.810000,0.900000,30.000000,60.000000,6.000000,0.000000,0.000000,0.000437,-0.000001,-0.000001,0.000153,0.000000,0.000000,0.005155,-0.000007,-0.000016,0.002933,1.000000,0.000005,-0.000010,0.000000,-0.000014,-0.000146,0.000000,-0.000437,0.050313,-0.050421,23.619823,23.619823,23.637261,0.501981,-0.000593,0.120982,-0.196833,0.945159
0.300000,1,0,0,2.400000,9.810000,0.900000,30.000000,60.000000,6.000000,0.000000,0.000000,0.000747,-0.000001,-0.000002,0.000342,0.000000,0.000000,0.007328,-0.000006,-0.000022,0.004696,1.000000,0.000004,-0.000014,0.000000,-0.000064,-0.000197,0.000000,0.008485,-0.003449,-0.014752,23.637261,23.637261,23.653978,0.502336,0.021020,-0.008092,-0.128666,0.944864
0.350000,1,0,0,2.400000,9.810000,0.900000,30.000000,60.000000,6.000000,0.000000,0.000000,0.001175,-0.000001,-0.000004,0.000628,0.000000,0.000000,0.009845,-0.000002,-0.000029,0.006815,1.000000,0.000002,-0.000020,0.000000,-0.000127,-0.000263,0.000000,0.003375,-0.000806,0.026261,23.653978,23.653978,23.669990,0.502676,0.009028,-0.001860,-0.046950,0.944586
0.400000,1,0,0,2.400000,9.810000,0.900000,30.000000,60.000000,6.000000,0.000000,0.000000,0.001737,-0.000001,-0.000005,0.001029,0.000000,0.000000,0.012691,0.000006,-0.000035,0.009274,1.000000,-0.000002,-0.000027,-0.000000,-0.000199,-0.000346,-0.000000,0.009325,-0.003418,0.039031,23.669990,23.669990,23.685313,0.503001,0.023666,-0.008320,-0.032316,0.944328
0.450000,1,0,0,2.400000,9.810000,0.900000,30.000000,60.000000,6.000000,0.000000,0.000000,0.002449,-0.000001,-0.000007,0.001561,0.000000,0.000000,0.015852,0.000019,-0.000039,0.012060,1.000000,-0.000008,-0.000037,-0.000000,-0.000281,-0.000448,-0.000000,0.027140,0.044023,0.029194,23.685313,23.685313,23.699966,0.503312,0.066892,0.105254,-0.071247,0.944093
0.500000,1,0,0,2.400000,9.810000,0.900000,30.000000,60.000000,6.000000,0.000000,0.000000,0.003327,0.000001,-0.000009,0.002240,0.000000,0.000000,0.019312,0.000040,-0.000042,0.015158,1.000000,-0.000017,-0.000050,-0.000000,-0.000368,-0.000572,-0.000000,0.058936,0.034768,0.020159,23.699966,23.699966,23.713963,0.503609,0.143805,0.082659,-0.107583,0.943885
0.550000,1,0,0,2.400000,9.810000,0.900000,30.000000,60.000000,6.000000,0.000000,0.000000,0.004385,0.000003,-0.000011,0.003082,0.000000,0.000000,0.023057,0.000067,-0.000041,0.018554,1.000000,-0.000027,-0.000066,-0.000000,-0.000460,-0.000720,-0.000000,0.066788,0.006084,0.021049,23.713963,23.713963,23.727322,0.503893,0.163416,0.013324,-0.119446,0.943706
0.600000,1,0,0,2.400000,9.810000,0.900000,30.000000,60.000000,6.000000,0.000000,0.000000,0.005638,0.000008,-0.000013,0.004100,0.000000,0.000000,0.027073,0.000104,-0.000038,0.022234,1.000000,-0.000040,-0.000086,-0.000000,-0.000554,-0.000893,-0.000000,0.068198,0.018683,0.042950,23.727322,23.727322,23.740059,0.504164,0.167754,0.042958,-0.080242,0.943560
0.650000,1,0,0,2.400000,9.810000,0.900000,30.000000,60.000000,6.000000,0.000000,0.000000,0.007097,0.000014,-0.000015,0.005310,0.000000,0.000000,0.031345,0.000151,-0.000031,0.026186,1.000000,-0.000055,-0.000111,-0.000000,-0.000647,-0.001092,-0.000000,0.050873,0.004486,0.053435,23.740059,23.740059,23.752189,0.504421,0.127353,0.008172,-0.067815,0.943449
0.700000,1,0,0,2.400000,9.810000,0.900000,30.000000,60.000000,6.000000,0.000000,0.000000,0.008776,0.000023,-0.000016,0.006723,0.000000,0.000000,0.035860,0.000207,-0.000020,0.030396,1.000000,-0.000072,-0.000141,-0.000000,-0.000736,-0.001320,-0.000000,0.048797,0.026860,0.082333,23.752189,23.752189,23.763727,0.504666,0.123802,0.061047,-0.010588,0.943375
0.750000,1,0,0,2.400000,9.810000,0.900000,30.000000,60.000000,6.000000,0.000000,0.000000,0.010687,0.000035,-0.000017,0.008354,0.000000,0.000000,0.040603,0.000275,-0.000007,0.034852,1.000000,-0.000091,-0.000177,-0.000000,-0.000819,-0.001576,-0.000000,0.059643,0.015817,0.069841,23.763727,23.763727,23.774686,0.504899,0.151554,0.033617,-0.052105,0.943342
0.800000,1,0,0,2.400000,9.810000,0.900000,30.000000,60.000000,6.000000,0.000000,0.000000,0.012840,0.000051,-0.000017,0.010212,0.000000,0.000000,0.045563,0.000353,0.000009,0.039540,1.000000,-0.000113,-0.000220,-0.000000,-0.000894,-0.001859,-0.000000,0.040614,0.045162,0.076764,23.774686,23.774686,23.785079,0.505120,0.107925,0.103024,-0.046449,0.943350
0.850000,1,0,0,2.400000,9.810000,0.900000,30.000000,60.000000,6.000000,0.000000,0.000000,0.015246,0.000070,-0.000016,0.012311,0.000000,0.000000,0.050724,0.000442,0.000027,0.044449,1.000000,-0.000136,-0.000270,-0.000000,-0.000957,-0.002170,-0.000001,0.037199,0.061100,0.057582,23.785079,23.785079,23.794920,0.505329,0.102127,0.140172,-0.102877,0.943402
0.900000,1,0,0,2.400000,9.810000,0.900000,30.000000,60.000000,6.000000,0.000000,0.000000,0.017916,0.000095,-0.000014,0.014661,0.000000,0.000000,0.056074,0.000542,0.000044,0.049566,1.000000,-0.000161,-0.000329,-0.000000,-0.001007,-0.002507,-0.000001,0.045410,0.042365,0.068976,23.794920,23.794920,23.804217,0.505526,0.124618,0.094037,-0.085372,0.943500
0.950000,1,0,0,2.400000,9.810000,0.900000,30.000000,60.000000,6.000000,0.000000,0.000000,0.020857,0.000125,-0.000011,0.017271,0.000000,0.000000,0.061601,0.000650,0.000060,0.054880,1.000000,-0.000186,-0.000396,-0.000000,-0.001041,-0.002868,-0.000001,0.051072,0.006391,0.061157,23.804217,23.804217,23.812983,0.505712,0.141410,0.006475,-0.113432,0.943645
1.000000,1,0,0,2.400000,9.810000,0.900000,30.000000,60.000000,6.000000,0.000000,0.000000,0.024078,0.000160,-0.000008,0.020152,0.000000,0.000000,0.067291,0.000768,0.000073,0.060379,1.000000,-0.000212,-0.000472,-0.000000,-0.001059,-0.003250,-0.000001,0.027719,-0.016879,0.071164,23.812983,23.812983,23.821225,0.505887,0.089010,-0.050629,-0.098177,0.943838
1.050000,1,0,0,2.400000,9.810000,0.900000,30.000000,60.000000,6.000000,0.000000,0.000000,0.027588,0.000202,-0.000004,0.023312,0.000000,0.000000,0.073133,0.000892,0.000080,0.066051,1.000000,-0.000239,-0.000558,-0.000000,-0.001059,-0.003650,-0.000002,0.024690,-0.021349,0.058740,23.821225,23.821225,23.828951,0.506051,0.085858,-0.062623,-0.136232,0.944079
1.100000,1,0,0,2.400000,9.810000,0.900000,30.000000,60.000000,6.000000,0.000000,0.000000,0.031394,0.000249,-0.000000,0.026760,0.000000,0.000000,0.079113,0.001022,0.000078,0.071885,1.000000,-0.000265,-0.000655,-0.000000,-0.001041,-0.004065,-0.000002,0.007728,-0.048529,0.060980,23.828951,23.828951,23.836169,0.506205,0.049751,-0.129111,-0.138575,0.944370
1.150000,1,0,0,2.400000,9.810000,0.900000,30.000000,60.000000,6.000000,0.000000,0.000000,0.035502,0.000304,0.000003,0.030503,0.000000,0.000000,0.085220,0.001156,0.000064,0.077869,1.000000,-0.000291,-0.000762,-0.000000,-0.001004,-0.004489,-0.000003,-0.008964,-0.037325,0.090331,23.836169,23.836169,23.842884,0.506347,0.014797,-0.103447,-0.075343,0.944711
1.200000,1,0,0,2.400000,9.810000,0.900000,30.000000,60.000000,6.000000,0.000000,0.000000,0.039918,0.000365,0.000006,0.034549,0.000000,0.000000,0.091441,0.001291,0.000036,0.083992,1.000000,-0.000315,-0.000879,-0.000000,-0.000950,-0.004919,-0.000003,0.035730,-0.010553,0.084660,23.842884,23.842884,23.849101,0.506479,0.127680,-0.040364,-0.095658,0.945102
1.250000,1,0,0,2.400000,9.810000,0.900000,30.000000,60.000000,6.000000,0.000000,0.000000,0.044648,0.000433,0.000007,0.038904,0.000000,0.000000,0.097767,0.001425,-0.000010,0.090243,0.999999,-0.000338,-0.001008,-0.000000,-0.000880,-0.005348,-0.000004,0.025271,-0.009031,0.109716,23.849101,23.849101,23.854824,0.506601,0.108712,-0.037809,-0.041728,0.945542
1.300000,1,0,0,2.400000,9.810000,0.900000,30.000000,60.000000,6.000000,0.000000,0.000000,0.049696,0.000508,0.000004,0.043575,0.000000,0.000000,0.104183,0.001556,-0.000078,0.096611,0.999999,-0.000359,-0.001147,-0.000000,-0.000796,-0.005772,-0.000004,-0.015256,-0.014709,0.139334,23.854824,23.854824,23.860058,0.506712,0.018092,-0.052441,0.023647,0.946031
1.350000,1,0,0,2.400000,9.810000,0.900000,30.000000,60.000000,6.000000,0.000000,0.000000,0.055067,0.000589,-0.000002,0.048567,0.000000,0.000000,0.110681,0.001681,-0.000170,0.103083,0.999999,-0.000378,-0.001296,-0.000000,-0.000700,-0.006185,-0.000005,-0.016565,-0.006089,0.133524,23.860058,23.860058,23.864804,0.506813,0.022095,-0.032649,0.004487,0.946569
1.400000,1,0,0,2.400000,9.810000,0.900000,30.000000,60.000000,6.000000,0.000000,0.000000,0.060765,0.000676,-0.000013,0.053885,0.000000,0.000000,0.117248,0.001798,-0.000289,0.109650,0.999999,-0.000394,-0.001456,-0.000001,-0.000595,-0.006580,-0.000005,-0.014313,0.008485,0.168564,23.864804,23.864804,23.869065,0.506903,0.035130,0.001552,0.083859,0.947154
1.450000,1,0,0,2.400000,9.810000,0.900000,30.000000,60.000000,6.000000,0.000000,0.000000,0.066793,0.000768,-0.000031,0.059533,0.000000,0.000000,0.123874,0.001903,-0.000440,0.116300,0.999999,-0.000408,-0.001625,-0.000001,-0.000487,-0.006952,-0.000006,-0.015537,-0.004965,0.169496,23.869065,23.869065,23.872843,0.506984,0.040282,-0.031377,0.081860,0.947786
1.500000,1,0,0,2.400000,9.810000,0.900000,30.000000,60.000000,6.000000,0.000000,0.000000,0.073153,0.000866,-0.000057,0.065516,0.000000,0.000000,0.130548,0.001995,-0.000624,0.123021,0.999998,-0.000418,-0.001803,-0.000001,-0.000378,-0.007295,-0.000006,-0.010275,0.001147,0.179073,23.872843,23.872843,23.876140,0.507054,0.061429,-0.017229,0.101096,0.948462
1.550000,1,0,0,2.400000,9.810000,0.900000,30.000000,60.000000,6.000000,0.000000,0.000000,0.079849,0.000967,-0.000094,0.071836,0.000000,0.000000,0.137260,0.002071,-0.000844,0.129803,0.999998,-0.000427,-0.001989,-0.000001,-0.000275,-0.007604,-0.000006,-0.005785,0.016490,0.183989,23.876140,23.876140,23.878956,0.507113,0.081113,0.019204,0.109631,0.949180
1.600000,1,0,0,2.400000,9.810000,0.900000,30.000000,60.000000,6.000000,0.000000,0.000000,0.086880,0.001072,-0.000142,0.078497,0.000000,0.000000,0.144000,0.002128,-0.001101,0.136634,0.999998,-0.000432,-0.002183,-0.000001,-0.000182,-0.007873,-0.000007,-0.028147,0.051214,0.161484,23.878956,23.878956,23.881295,0.507163,0.036700,0.102268,0.052842,0.949940
1.650000,1,0,0,2.400000,9.810000,0.900000,30.000000,60.000000,6.000000,0.000000,0.000000,0.094249,0.001180,-0.000205,0.085501,0.000000,0.000000,0.150757,0.002166,-0.001398,0.143503,0.999997,-0.000436,-0.002383,-0.000001,-0.000105,-0.008098,-0.000007,-0.020314,0.025068,0.158335,23.881295,23.881295,23.883157,0.507203,0.065048,0.039346,0.042989,0.950738
1.700000,1,0,0,2.400000,9.810000,0.900000,30.000000,60.000000,6.000000,0.000000,0.000000,0.101956,0.001289,-0.000283,0.092848,0.000000,0.000000,0.157522,0.002181,-0.001735,0.150399,0.999997,-0.000438,-0.002587,-0.000001,-0.000050,-0.008275,-0.000007,0.003600,0.013053,0.144530,23.883157,23.883157,23.884544,0.507232,0.132231,0.010419,0.008044,0.951572
1.750000,1,0,0,2.400000,9.810000,0.900000,30.000000,60.000000,6.000000,0.000000,0.000000,0.110001,0.001398,-0.000379,0.100541,0.000000,0.000000,0.164285,0.002174,-0.002111,0.157310,0.999996,-0.000439,-0.002796,-0.000001,-0.000023,-0.008399,-0.000007,-0.002589,-0.010258,0.155316,23.884544,23.884544,23.885460,0.507252,0.127346,-0.045568,0.032597,0.952439
1.800000,1,0,0,2.400000,9.810000,0.900000,30.000000,60.000000,6.000000,0.000000,0.000000,0.118384,0.001506,-0.000495,0.108579,0.000000,0.000000,0.171037,0.002143,-0.002528,0.164226,0.999995,-0.000439,-0.003007,-0.000001,-0.000030,-0.008470,-0.000007,-0.008625,0.014894,0.186910,23.885460,23.885460,23.885906,0.507261,0.122944,0.014768,0.107565,0.953337
1.850000,1,0,0,2.400000,9.810000,0.900000,30.000000,60.000000,6.000000,0.000000,0.000000,0.127104,0.001611,-0.000632,0.116963,0.000000,0.000000,0.177769,0.002087,-0.002982,0.171135,0.999995,-0.000440,-0.003219,-0.000001,-0.000076,-0.008484,-0.000007,-0.000597,0.013819,0.180391,23.885906,23.885906,23.885888,0.507261,0.152342,0.012128,0.091536,0.954262
1.900000,1,0,0,2.400000,9.810000,0.900000,30.000000,60.000000,6.000000,0.000000,0.000000,0.136161,0.001714,-0.000794,0.125692,0.000000,0.000000,0.184472,0.002007,-0.003472,0.178026,0.999994,-0.000443,-0.003431,-0.000002,-0.000168,-0.008440,-0.000007,-0.021491,-0.009494,0.182761,23.885888,23.885888,23.885409,0.507250,0.112309,-0.043965,0.097310,0.955212
1.950000,1,0,0,2.400000,9.810000,0.900000,30.000000,60.000000,6.000000,0.000000,0.000000,0.145551,0.001812,-0.000980,0.134765,0.000000,0.000000,0.191136,0.001904,-0.003995,0.184888,0.999993,-0.000449,-0.003641,-0.000002,-0.000310,-0.008339,-0.000007,-0.062224,-0.002316,0.192365,23.885409,23.885409,23.884476,0.507231,0.024570,-0.027018,0.120910,0.956183
2.000000,1,0,0,2.400000,9.810000,0.900000,30.000000,60.000000,6.000000,0.000000,0.000000,0.155273,0.001904,-0.001194,0.144180,0.000000,0.000000,0.197754,0.001778,-0.004548,0.191710,0.999992,-0.000459,-0.003847,-0.000002,-0.000505,-0.008182,-0.000008,-0.075481,0.009782,0.199079,23.884476,23.884476,23.883095,0.507201,0.002618,0.001537,0.138032,0.957171
2.050000,1,0,0,2.400000,9.810000,0.900000,30.000000,60.000000,6.000000,0.000000,0.000000,0.165325,0.001989,-0.001435,0.153935,0.000000,0.000000,0.204317,0.001631,-0.005125,0.198482,0.999992,-0.000475,-0.004049,-0.000002,-0.000758,-0.007971,-0.000008,-0.083952,0.067177,0.203635,23.883095,23.883095,23.881273,0.507163,-0.008074,0.138539,0.150424,0.958173
2.100000,1,0,0,2.400000,9.810000,0.900000,30.000000,60.000000,6.000000,0.000000,0.000000,0.175704,0.002067,-0.001706,0.164027,0.000000,0.000000,0.210817,0.001466,-0.005722,0.205193,0.999991,-0.000498,-0.004245,-0.000002,-0.001071,-0.007709,-0.000008,-0.085258,0.027539,0.232906,23.881273,23.881273,23.879021,0.507115,-0.001857,0.042322,0.222573,0.959185
2.150000,1,0,0,2.400000,9.810000,0.900000,30.000000,60.000000,6.000000,0.000000,0.000000,0.186406,0.002136,-0.002008,0.174453,0.000000,0.000000,0.217246,0.001286,-0.006333,0.211832,0.999990,-0.000529,-0.004434,-0.000002,-0.001446,-0.007399,-0.000008,-0.083552,0.025072,0.198412,23.879021,23.879021,23.876348,0.507058,0.011241,0.034908,0.142120,0.960204
2.200000,1,0,0,2.400000,9.810000,0.900000,30.000000,60.000000,6.000000,0.000000,0.000000,0.197427,0.002195,-0.002340,0.185209,0.000000,0.000000,0.223596,0.001094,-0.006951,0.218390,0.999989,-0.000570,-0.004615,-0.000003,-0.001883,-0.007048,-0.000008,-0.080382,0.019693,0.228424,23.876348,23.876348,23.873267,0.506993,0.027453,0.020019,0.216902,0.961226
2.250000,1,0,0,2.400000,9.810000,0.900000,30.000000,60.000000,6.000000,0.000000,0.000000,0.208764,0.002245,-0.002703,0.196291,0.000000,0.000000,0.229860,0.000893,-0.007569,0.224857,0.999988,-0.000624,-0.004786,-0.000003,-0.002380,-0.006661,-0.000008,-0.054893,0.042578,0.194282,23.873267,23.873267,23.869791,0.506919,0.096785,0.072411,0.138122,0.962246
2.300000,1,0,0,2.400000,9.810000,0.900000,30.000000,60.000000,6.000000,0.000000,0.000000,0.220412,0.002284,-0.003097,0.207693,0.000000,0.000000,0.236030,0.000690,-0.008179,0.231223,0.999988,-0.000690,-0.004948,-0.000003,-0.002936,-0.006245,-0.000009,-0.047867,0.021629,0.169440,23.869791,23.869791,23.865935,0.506837,0.121316,0.018970,0.082057,0.963262
2.350000,1,0,0,2.400000,9.810000,0.900000,30.000000,60.000000,6.000000,0.000000,0.000000,0.232365,0.002314,-0.003521,0.219411,0.000000,0.000000,0.242100,0.000487,-0.008775,0.237478,0.999987,-0.000771,-0.005098,-0.000004,-0.003548,-0.005808,-0.000009,-0.065845,0.019653,0.163662,23.865935,23.865935,23.861715,0.506747,0.085324,0.010369,0.072124,0.964269
2.400000,1,0,0,2.400000,9.810000,0.900000,30.000000,60.000000,6.000000,0.000000,0.000000,0.244620,0.002333,-0.003974,0.231439,0.000000,0.000000,0.248062,0.000291,-0.009347,0.243615,0.999986,-0.000868,-0.005238,-0.000005,-0.004209,-0.005359,-0.000009,-0.036193,0.016328,0.100055,23.861715,23.861715,23.857149,0.506650,0.163108,-0.002226,-0.076237,0.965263
2.450000,1,0,0,2.400000,9.810000,0.900000,30.000000,60.000000,6.000000,0.000000,0.000000,0.257170,0.002343,-0.004455,0.243771,0.000000,0.000000,0.253911,0.000107,-0.009888,0.249624,0.999985,-0.000982,-0.005366,-0.000005,-0.004915,-0.004905,-0.000010,-0.019496,0.026863,0.115684,23.857149,23.857149,23.852256,0.506546,0.209253,0.017627,-0.034087,0.966242
2.500000,1,0,0,2.400000,9.810000,0.900000,30.000000,60.000000,6.000000,0.000000,0.000000,0.270009,0.002344,-0.004962,0.256399,0.000000,0.000000,0.259638,-0.000058,-0.010390,0.255499,0.999984,-0.001114,-0.005483,-0.000006,-0.005657,-0.004457,-0.000010,0.000739,0.021496,0.107608,23.852256,23.852256,23.847056,0.506436,0.263348,-0.001545,-0.048504,0.967200
2.550000,1,0,0,2.400000,9.810000,0.900000,30.000000,60.000000,6.000000,0.000000,0.000000,0.283131,0.002338,-0.005493,0.269318,0.000000,0.000000,0.265238,-0.000199,-0.010845,0.261230,0.999984,-0.001265,-0.005589,-0.000007,-0.006426,-0.004025,-0.000010,0.023528,0.046966,0.081481,23.847056,23.847056,23.841570,0.506319,0.323037,0.052394,-0.105935,0.968134
2.600000,1,0,0,2.400000,9.810000,0.900000,30.000000,60.000000,6.000000,0.000000,0.000000,0.296531,0.002325,-0.006045,0.282520,0.000000,0.000000,0.270705,-0.000310,-0.011245,0.266811,0.999983,-0.001435,-0.005685,-0.000008,-0.007212,-0.003618,-0.000010,0.044737,0.051157,0.088836,23.841570,23.841570,23.835822,0.506197,0.378430,0.054339,-0.082725,0.969042
2.650000,1,0,0,2.400000,9.810000,0.900000,30.000000,60.000000,6.000000,0.000000,0.000000,0.310200,0.002307,-0.006616,0.295997,0.000000,0.000000,0.276034,-0.000385,-0.011585,0.272236,0.999982,-0.001625,-0.005770,-0.000009,-0.008005,-0.003247,-0.000011,0.051013,0.043157,0.090729,23.835822,23.835822,23.829835,0.506070,0.397513,0.026086,-0.072360,0.969919
2.700000,1,0,0,2.400000,9.810000,0.900000,30.000000,60.000000,6.000000,0.000000,0.000000,0.324132,0.002287,-0.007203,0.309741,0.000000,0.000000,0.281217,-0.000416,-0.011856,0.277499,0.999981,-0.001835,-0.005847,-0.000011,-0.008791,-0.002920,-0.000011,0.005024,0.039768,0.075451,23.829835,23.829835,23.823631,0.505938,0.290740,0.007967,-0.102961,0.970762
2.750000,1,0,0,2.400000,9.810000,0.900000,30.000000,60.000000,6.000000,0.000000,0.000000,0.338319,0.002266,-0.007801,0.323744,0.000000,0.000000,0.286251,-0.000400,-0.012055,0.282593,0.999980,-0.002065,-0.005917,-0.000012,-0.009559,-0.002647,-0.000011,-0.024425,0.025171,0.089926,23.823631,23.823631,23.817236,0.505803,0.223298,-0.037974,-0.061937,0.971568
2.800000,1,0,0,2.400000,9.810000,0.900000,30.000000,60.000000,6.000000,0.000000,0.000000,0.352754,0.002248,-0.008407,0.337997,0.000000,0.000000,0.291129,-0.000329,-0.012176,0.287515,0.999979,-0.002313,-0.005980,-0.000014,-0.010294,-0.002438,-0.000011,-0.064319,0.036545,0.106191,23.817236,23.817236,23.810673,0.505663,0.130497,-0.022476,-0.016419,0.972335
2.850000,1,0,0,2.400000,9.810000,0.900000,30.000000,60.000000,6.000000,0.000000,0.000000,0.367429,0.002235,-0.009017,0.352492,0.000000,0.000000,0.295847,-0.000199,-0.012216,0.292259,0.999978,-0.002579,-0.006039,-0.000016,-0.010984,-0.002300,-0.000012,-0.041390,0.024910,0.128282,23.810673,23.810673,23.803967,0.505521,0.188261,-0.063042,0.043258,0.973059
2.900000,1,0,0,2.400000,9.810000,0.900000,30.000000,60.000000,6.000000,0.000000,0.000000,0.382336,0.002229,-0.009627,0.367220,0.000000,0.000000,0.300399,-0.000004,-0.012173,0.296823,0.999977,-0.002862,-0.006096,-0.000017,-0.011615,-0.002241,-0.000013,-0.041394,0.068039,0.141978,23.803967,23.803967,23.797141,0.505376,0.190864,0.027048,0.082940,0.973738
2.950000,1,0,0,2.400000,9.810000,0.900000,30.000000,60.000000,6.000000,0.000000,0.000000,0.397466,0.002235,-0.010233,0.382172,0.000000,0.000000,0.304782,0.000258,-0.012045,0.301201,0.999976,-0.003159,-0.006152,-0.000019,-0.012172,-0.002267,-0.000014,-0.053676,0.046559,0.127242,23.797141,23.797141,23.790218,0.505229,0.163976,-0.038625,0.054517,0.974369
3.000000,1,0,0,2.400000,9.810000,0.900000,30.000000,60.000000,6.000000,0.000000,0.000000,0.412811,0.002256,-0.010830,0.397337,0.000000,0.000000,0.308990,0.000592,-0.011832,0.305393,0.999975,-0.003470,-0.006210,-0.000022,-0.012644,-0.002384,-0.000017,-0.049183,0.047116,0.129047,23.790218,23.790218,23.783219,0.505080,0.177429,-0.052013,0.065902,0.974952
3.050000,1,0,0,2.400000,9.810000,0.900000,30.000000,60.000000,6.000000,0.000000,0.000000,0.428362,0.002296,-0.011415,0.412708,0.000000,0.000000,0.313020,0.001001,-0.011535,0.309395,0.999973,-0.003791,-0.006272,-0.000024,-0.013017,-0.002594,-0.000020,-0.047031,0.053657,0.149925,23.783219,23.783219,23.776165,0.504930,0.185456,-0.051532,0.123155,0.975482
3.100000,1,0,0,2.400000,9.810000,0.900000,30.000000,60.000000,6.000000,0.000000,0.000000,0.444110,0.002358,-0.011982,0.428273,0.000000,0.000000,0.316868,0.001487,-0.011158,0.313206,0.999971,-0.004120,-0.006341,-0.000026,-0.013280,-0.002902,-0.000024,-0.061135,0.077201,0.173884,23.776165,23.776165,23.769074,0.504780,0.154774,-0.010614,0.187876,0.975960
3.150000,1,0,0,2.400000,9.810000,0.900000,30.000000,60.000000,6.000000,0.000000,0.000000,0.460046,0.002446,-0.012529,0.444025,0.000000,0.000000,0.320529,0.002051,-0.010705,0.316825,0.999969,-0.004454,-0.006418,-0.000029,-0.013423,-0.003308,-0.000029,-0.061522,0.046956,0.154320,23.769074,23.769074,23.761963,0.504629,0.157434,-0.099024,0.148194,0.976383
3.200000,1,0,0,2.400000,9.810000,0.900000,30.000000,60.000000,6.000000,0.000000,0.000000,0.476160,0.002564,-0.013052,0.459953,0.000000,0.000000,0.324000,0.002692,-0.010180,0.320250,0.999967,-0.004790,-0.006507,-0.000031,-0.013437,-0.003812,-0.000037,-0.073751,0.049676,0.157350,23.761963,23.761963,23.754847,0.504478,0.132210,-0.108401,0.162780,0.976751
3.250000,1,0,0,2.400000,9.810000,0.900000,30.000000,60.000000,6.000000,0.000000,0.000000,0.492443,0.002716,-0.013546,0.476047,0.000000,0.000000,0.327278,0.003411,-0.009591,0.323482,0.999965,-0.005124,-0.006609,-0.000034,-0.013316,-0.004411,-0.000045,-0.059632,0.047417,0.154964,23.754847,23.754847,23.747739,0.504327,0.170875,-0.129655,0.164388,0.977063
3.300000,1,0,0,2.400000,9.810000,0.900000,30.000000,60.000000,6.000000,0.000000,0.000000,0.508885,0.002906,-0.014010,0.492298,0.000000,0.000000,0.330359,0.004205,-0.008945,0.326520,0.999962,-0.005454,-0.006728,-0.000037,-0.013054,-0.005103,-0.000056,-0.055607,0.008494,0.147445,23.747739,23.747739,23.740648,0.504176,0.186078,-0.238666,0.153692,0.977318
3.350000,1,0,0,2.400000,9.810000,0.900000,30.000000,60.000000,6.000000,0.000000,0.000000,0.525475,0.003138,-0.014440,0.508696,0.000000,0.000000,0.333241,0.005072,-0.008252,0.329366,0.999960,-0.005776,-0.006865,-0.000040,-0.012647,-0.005882,-0.000068,-0.028284,-0.002075,0.130977,23.740648,23.740648,23.733581,0.504026,0.258066,-0.279222,0.121520,0.977515
3.400000,1,0,0,2.400000,9.810000,0.900000,30.000000,60.000000,6.000000,0.000000,0.000000,0.542205,0.003415,-0.014834,0.525231,0.000000,0.000000,0.335920,0.006007,-0.007522,0.332018,0.999957,-0.006085,-0.007023,-0.000043,-0.012097,-0.006741,-0.000082,-0.013766,0.012567,0.108715,23.733581,23.733581,23.726546,0.503877,0.300291,-0.258694,0.075433,0.977655
3.450000,1,0,0,2.400000,9.810000,0.900000,30.000000,60.000000,6.000000,0.000000,0.000000,0.559064,0.003740,-0.015192,0.541894,0.000000,0.000000,0.338395,0.007007,-0.006765,0.334480,0.999954,-0.006379,-0.007203,-0.000046,-0.011402,-0.007672,-0.000098,-0.003724,0.028987,0.091073,23.726546,23.726546,23.719543,0.503728,0.332832,-0.233152,0.040422,0.977738
3.500000,1,0,0,2.400000,9.810000,0.900000,30.000000,60.000000,6.000000,0.000000,0.000000,0.576041,0.004116,-0.015511,0.558676,0.000000,0.000000,0.340662,0.008065,-0.005994,0.336751,0.999950,-0.006654,-0.007407,-0.000049,-0.010569,-0.008666,-0.000115,-0.019431,-0.000536,0.113080,23.719543,23.719543,23.712575,0.503580,0.304713,-0.316959,0.100552,0.977765
3.550000,1,0,0,2.400000,9.810000,0.900000,30.000000,60.000000,6.000000,0.000000,0.000000,0.593127,0.004547,-0.015791,0.575566,0.000000,0.000000,0.342720,0.009175,-0.005220,0.338834,0.999947,-0.006907,-0.007637,-0.000053,-0.009603,-0.009710,-0.000134,-0.015490,0.003960,0.136755,23.712575,23.712575,23.705638,0.503433,0.324954,-0.318046,0.164665,0.977735
3.600000,1,0,0,2.400000,9.810000,0.900000,30.000000,60.000000,6.000000,0.000000,0.000000,0.610310,0.005035,-0.016033,0.592556,0.000000,0.000000,0.344566,0.010328,-0.004457,0.340729,0.999943,-0.007133,-0.007893,-0.000056,-0.008512,-0.010793,-0.000154,0.003512,0.016384,0.134487,23.705638,23.705638,23.698729,0.503286,0.382596,-0.298878,0.166496,0.977651
3.650000,1,0,0,2.400000,9.810000,0.900000,30.000000,60.000000,6.000000,0.000000,0.000000,0.627580,0.005580,-0.016237,0.609636,0.000000,0.000000,0.346200,0.011516,-0.003718,0.342439,0.999940,-0.007331,-0.008176,-0.000060,-0.007309,-0.011901,-0.000175,-0.027684,-0.014532,0.120507,23.698729,23.698729,23.691842,0.503140,0.321057,-0.382362,0.140203,0.977514
3.700000,1,0,0,2.400000,9.810000,0.900000,30.000000,60.000000,6.000000,0.000000,0.000000,0.644926,0.006187,-0.016405,0.626797,0.000000,0.000000,0.347619,0.012731,-0.003016,0.343965,0.999936,-0.007498,-0.008488,-0.000064,-0.006007,-0.013020,-0.000195,-0.031366,-0.009957,0.080929,23.691842,23.691842,23.684969,0.502994,0.326864,-0.379176,0.052465,0.977325
3.750000,1,0,0,2.400000,9.810000,0.900000,30.000000,60.000000,6.000000,0.000000,0.000000,0.662338,0.006854,-0.016540,0.644030,0.000000,0.000000,0.348821,0.013961,-0.002362,0.345308,0.999932,-0.007631,-0.008827,-0.000067,-0.004621,-0.014133,-0.000216,-0.050276,0.018021,0.058046,23.684969,23.684969,23.678100,0.502848,0.297437,-0.318226,0.004792,0.977085
3.800000,1,0,0,2.400000,9.810000,0.900000,30.000000,60.000000,6.000000,0.000000,0.000000,0.679805,0.007583,-0.016643,0.661325,0.000000,0.000000,0.349807,0.015196,-0.001770,0.346470,0.999928,-0.007728,-0.009194,-0.000071,-0.003168,-0.015226,-0.000235,-0.070563,0.024090,0.060624,23.678100,23.678100,23.671225,0.502702,0.266005,-0.308172,0.018229,0.976798
3.850000,1,0,0,2.400000,9.810000,0.900000,30.000000,60.000000,6.000000,0.000000,0.000000,0.697315,0.008373,-0.016718,0.678674,0.000000,0.000000,0.350574,0.016426,-0.001252,0.347454,0.999924,-0.007789,-0.009588,-0.000075,-0.001669,-0.016282,-0.000254,-0.071231,0.068916,0.083282,23.671225,23.671225,23.664330,0.502555,0.282923,-0.203349,0.079877,0.976465
3.900000,1,0,0,2.400000,9.810000,0.900000,30.000000,60.000000,6.000000,0.000000,0.000000,0.714858,0.009225,-0.016769,0.696067,0.000000,0.000000,0.351123,0.017638,-0.000818,0.348259,0.999919,-0.007811,-0.010008,-0.000078,-0.000144,-0.017284,-0.000270,-0.040939,0.065230,0.069032,23.664330,23.664330,23.657402,0.502408,0.375350,-0.213161,0.052976,0.976088
3.950000,1,0,0,2.400000,9.810000,0.900000,30.000000,60.000000,6.000000,0.000000,0.000000,0.732424,0.010137,-0.016801,0.713497,0.000000,0.000000,0.351453,0.018821,-0.000478,0.348888,0.999915,-0.007796,-0.010452,-0.000081,0.001386,-0.018217,-0.000284,-0.007740,0.055153,0.068793,23.657402,23.657402,23.650426,0.502260,0.475889,-0.236502,0.059746,0.975671
4.000000,1,0,0,2.400000,9.810000,0.900000,30.000000,60.000000,6.000000,0.000000,0.000000,0.750000,0.011106,-0.016819,0.730953,0.000000,0.000000,0.351563,0.019964,-0.000241,0.349340,0.999910,-0.007742,-0.010918,-0.000085,0.002898,-0.019064,-0.000295,-0.030704,0.032744,0.043721,23.650426,23.650426,23.643386,0.502111,0.442679,-0.287640,0.006979,0.975216
4.050000,1,0,0,2.400000,9.810000,0.900000,30.000000,60.000000,6.000000,0.000000,0.000000,0.767576,0.012132,-0.016827,0.748428,0.000000,0.000000,0.351453,0.021054,-0.000115,0.349618,0.999906,-0.007651,-0.011404,-0.000087,0.004369,-0.019809,-0.000303,-0.020674,0.018140,0.029005,23.643386,23.643386,23.636266,0.501959,0.489580,-0.318281,-0.020856,0.974726
4.100000,1,0,0,2.400000,9.810000,0.900000,30.000000,60.000000,6.000000,0.000000,0.000000,0.785142,0.013211,-0.016832,0.765912,0.000000,0.000000,0.351123,0.022080,-0.000103,0.349721,0.999901,-0.007524,-0.011908,-0.000090,0.005775,-0.020438,-0.000308,-0.037116,0.030819,0.010122,23.636266,23.636266,23.629048,0.501806,0.473747,-0.281741,-0.058594,0.974205
4.150000,1,0,0,2.400000,9.810000,0.900000,30.000000,60.000000,6.000000,0.000000,0.000000,0.802685,0.014339,-0.016839,0.783397,0.000000,0.000000,0.350574,0.023031,-0.000212,0.349649,0.999896,-0.007363,-0.012425,-0.000091,0.007095,-0.020938,-0.000308,-0.022135,0.071888,0.003371,23.629048,23.629048,23.621713,0.501650,0.533980,-0.175455,-0.067098,0.973655
4.200000,1,0,0,2.400000,9.810000,0.900000,30.000000,60.000000,6.000000,0.000000,0.000000,0.820195,0.015513,-0.016855,0.800874,0.000000,0.000000,0.349807,0.023896,-0.000443,0.349402,0.999890,-0.007170,-0.012954,-0.000093,0.008305,-0.021295,-0.000305,0.005533,0.036901,-0.029360,23.621713,23.621713,23.614243,0.501492,0.625151,-0.250212,-0.137820,0.973081
4.250000,1,0,0,2.400000,9.810000,0.900000,30.000000,60.000000,6.000000,0.000000,0.000000,0.837662,0.016727,-0.016886,0.818334,0.000000,0.000000,0.348821,0.024665,-0.000795,0.348980,0.999885,-0.006949,-0.013489,-0.000094,0.009385,-0.021498,-0.000299,-0.008554,0.074210,-0.048953,23.614243,23.614243,23.606617,0.501330,0.616424,-0.150105,-0.176857,0.972485
4.300000,1,0,0,2.400000,9.810000,0.900000,30.000000,60.000000,6.000000,0.000000,0.000000,0.855074,0.017977,-0.016937,0.835769,0.000000,0.000000,0.347619,0.025328,-0.001269,0.348383,0.999879,-0.006702,-0.014027,-0.000094,0.010316,-0.021538,-0.000289,0.011002,0.085286,-0.011118,23.606617,23.606617,23.598817,0.501164,0.688562,-0.111775,-0.077890,0.971871
4.350000,1,0,0,2.400000,9.810000,0.900000,30.000000,60.000000,6.000000,0.000000,0.000000,0.872420,0.019258,-0.017015,0.853169,0.000000,0.000000,0.346200,0.025877,-0.001859,0.347608,0.999873,-0.006434,-0.014564,-0.000094,0.011081,-0.021407,-0.000276,0.002383,0.091402,-0.039354,23.598817,23.598817,23.590820,0.500994,0.693006,-0.084353,-0.137300,0.971243
4.400000,1,0,0,2.400000,9.810000,0.900000,30.000000,60.000000,6.000000,0.000000,0.000000,0.889690,0.020563,-0.017125,0.870527,0.000000,0.000000,0.344566,0.026305,-0.002560,0.346654,0.999867,-0.006150,-0.015096,-0.000093,0.011663,-0.021100,-0.000260,0.011748,0.080988,-0.038812,23.590820,23.590820,23.582608,0.500820,0.740330,-0.095813,-0.127432,0.970605
4.450000,1,0,0,2.400000,9.810000,0.900000,30.000000,60.000000,6.000000,0.000000,0.000000,0.906873,0.021886,-0.017272,0.887832,0.000000,0.000000,0.342720,0.026604,-0.003365,0.345520,0.999861,-0.005853,-0.015618,-0.000091,0.012051,-0.020611,-0.000241,0.030527,0.089011,-0.031804,23.582608,23.582608,23.574159,0.500640,0.809754,-0.062457,-0.101817,0.969960
4.500000,1,0,0,2.400000,9.810000,0.900000,30.000000,60.000000,6.000000,0.000000,0.000000,0.923959,0.023221,-0.017463,0.905076,0.000000,0.000000,0.340662,0.026769,-0.004265,0.344204,0.999855,-0.005549,-0.016125,-0.000089,0.012233,-0.019941,-0.000221,0.031942,0.112879,-0.046628,23.574159,23.574159,23.565453,0.500456,0.836798,0.009256,-0.128355,0.969313
4.550000,1,0,0,2.400000,9.810000,0.900000,30.000000,60.000000,6.000000,0.000000,0.000000,0.940936,0.024561,-0.017700,0.922249,0.000000,0.000000,0.338395,0.026797,-0.005246,0.342703,0.999848,-0.005243,-0.016613,-0.000087,0.012205,-0.019089,-0.000200,0.019217,0.089215,-0.068049,23.565453,23.565453,23.556472,0.500265,0.828982,-0.033022,-0.170467,0.968666
4.600000,1,0,0,2.400000,9.810000,0.900000,30.000000,60.000000,6.000000,0.000000,0.000000,0.957795,0.025899,-0.017988,0.939343,0.000000,0.000000,0.335920,0.026685,-0.006298,0.341015,0.999842,-0.004940,-0.017078,-0.000084,0.011962,-0.018057,-0.000178,0.030400,0.074387,-0.053083,23.556472,23.556472,23.547196,0.500068,0.877408,-0.054264,-0.124981,0.968024
4.650000,1,0,0,2.400000,9.810000,0.900000,30.000000,60.000000,6.000000,0.000000,0.000000,0.974525,0.027227,-0.018331,0.956348,0.000000,0.000000,0.333241,0.026432,-0.007405,0.339137,0.999836,-0.004647,-0.017515,-0.000081,0.011503,-0.016852,-0.000157,0.031092,0.062417,-0.057507,23.547196,23.547196,23.537609,0.499864,0.899311,-0.069064,-0.125749,0.967390
4.700000,1,0,0,2.400000,9.810000,0.900000,30.000000,60.000000,6.000000,0.000000,0.000000,0.991115,0.028539,-0.018730,0.973253,0.000000,0.000000,0.330359,0.026037,-0.008551,0.337067,0.999830,-0.004367,-0.017919,-0.000078,0.010833,-0.015479,-0.000135,0.023690,0.059650,-0.043106,23.537609,23.537609,23.527697,0.499654,0.900243,-0.062453,-0.081051,0.966768
4.750000,1,0,0,2.400000,9.810000,0.900000,30.000000,60.000000,6.000000,0.000000,0.000000,1.007557,0.029828,-0.019186,0.990051,0.000000,0.000000,0.327278,0.025503,-0.009718,0.334801,0.999824,-0.004107,-0.018287,-0.000075,0.009958,-0.013950,-0.000115,-0.017768,0.056490,-0.027059,23.527697,23.527697,23.517448,0.499436,0.817706,-0.057702,-0.032109,0.966161
4.800000,1,0,0,2.400000,9.810000,0.900000,30.000000,60.000000,6.000000,0.000000,0.000000,1.023840,0.031087,-0.019702,1.006730,0.000000,0.000000,0.324000,0.024833,-0.010890,0.332336,0.999819,-0.003871,-0.018615,-0.000072,0.008889,-0.012275,-0.000095,-0.046918,0.028927,-0.011358,23.517448,23.517448,23.506853,0.499211,0.762796,-0.112669,0.016296,0.965573
4.850000,1,0,0,2.400000,9.810000,0.900000,30.000000,60.000000,6.000000,0.000000,0.000000,1.039954,0.032310,-0.020275,1.023281,0.000000,0.000000,0.320529,0.024031,-0.012047,0.329671,0.999815,-0.003664,-0.018900,-0.000069,0.007640,-0.010468,-0.000077,-0.048455,0.038427,-0.012005,23.506853,23.506853,23.495907,0.498979,0.772085,-0.080058,0.025761,0.965007
4.900000,1,0,0,2.400000,9.810000,0.900000,30.000000,60.000000,6.000000,0.000000,0.000000,1.055890,0.033488,-0.020906,1.039694,0.000000,0.000000,0.316868,0.023103,-0.013170,0.326801,0.999811,-0.003490,-0.019138,-0.000067,0.006228,-0.008545,-0.000060,-0.048933,0.025542,-0.025338,23.495907,23.495907,23.484610,0.498739,0.781696,-0.102740,0.005065,0.964466
4.950000,1,0,0,2.400000,9.810000,0.900000,30.000000,60.000000,6.000000,0.000000,0.000000,1.071638,0.034618,-0.021591,1.055958,0.000000,0.000000,0.313020,0.022058,-0.014239,0.323724,0.999808,-0.003354,-0.019326,-0.000065,0.004673,-0.006523,-0.000044,-0.045047,0.021383,-0.023763,23.484610,23.484610,23.472965,0.498491,0.799443,-0.106230,0.020430,0.963953
5.000000,1,0,0,2.400000,9.810000,0.900000,30.000000,60.000000,6.000000,0.000000,0.000000,1.087189,0.035692,-0.022328,1.072063,0.000000,0.000000,0.308990,0.020903,-0.015236,0.320437,0.999805,-0.003258,-0.019463,-0.000063,0.002998,-0.004422,-0.000029,-0.020407,0.022635,-0.070459,23.472965,23.472965,23.460982,0.498237,0.864554,-0.098634,-0.079785,0.963471
5.050000,1,0,0,2.400000,9.810000,0.900000,30.000000,60.000000,6.000000,0.000000,0.000000,1.102534,0.036707,-0.023113,1.087998,0.000000,0.000000,0.304782,0.019650,-0.016140,0.316939,0.999804,-0.003205,-0.019547,-0.000063,0.001230,-0.002260,-0.000014,-0.022090,0.025590,-0.072970,23.460982,23.460982,23.448675,0.497976,0.863969,-0.088977,-0.073699,0.963022
5.100000,1,0,0,2.400000,9.810000,0.900000,30.000000,60.000000,6.000000,0.000000,0.000000,1.117664,0.037656,-0.023941,1.103753,0.000000,0.000000,0.300399,0.018309,-0.016935,0.313226,0.999803,-0.003197,-0.019576,-0.000063,-0.000605,-0.000061,-0.000000,-0.033422,0.019507,-0.078668,23.448675,23.448675,23.436063,0.497708,0.837656,-0.103125,-0.075028,0.962609
5.150000,1,0,0,2.400000,9.810000,0.900000,30.000000,60.000000,6.000000,0.000000,0.000000,1.132571,0.038536,-0.024805,1.119317,0.000000,0.000000,0.295847,0.016893,-0.017602,0.309299,0.999804,-0.003235,-0.019550,-0.000063,-0.002476,0.002155,0.000014,-0.057850,0.006504,-0.076868,23.436063,23.436063,23.423174,0.497434,0.777308,-0.136054,-0.058141,0.962234
5.200000,1,0,0,2.400000,9.810000,0.900000,30.000000,60.000000,6.000000,0.000000,0.000000,1.147246,0.039344,-0.025698,1.134679,0.000000,0.000000,0.291129,0.015415,-0.018125,0.305155,0.999805,-0.003320,-0.019468,-0.000065,-0.004352,0.004363,0.000029,-0.028466,0.012994,-0.068149,23.423174,23.423174,23.410037,0.497155,0.843508,-0.124394,-0.024460,0.961898
5.250000,1,0,0,2.400000,9.810000,0.900000,30.000000,60.000000,6.000000,0.000000,0.000000,1.161681,0.040077,-0.026614,1.149829,0.000000,0.000000,0.286251,0.013889,-0.018490,0.300793,0.999807,-0.003452,-0.019332,-0.000067,-0.006202,0.006540,0.000045,-0.040422,0.028456,-0.083886,23.410037,23.410037,23.396689,0.496872,0.807920,-0.093378,-0.049307,0.961605
5.300000,1,0,0,2.400000,9.810000,0.900000,30.000000,60.000000,6.000000,0.000000,0.000000,1.175868,0.040732,-0.027544,1.164755,0.000000,0.000000,0.281217,0.012329,-0.018683,0.296215,0.999810,-0.003630,-0.019142,-0.000069,-0.007993,0.008662,0.000063,-0.049428,0.021209,-0.074494,23.396689,23.396689,23.383172,0.496585,0.776896,-0.118990,-0.013712,0.961354
5.350000,1,0,0,2.400000,9.810000,0.900000,30.000000,60.000000,6.000000,0.000000,0.000000,1.189800,0.041310,-0.028480,1.179447,0.000000,0.000000,0.276034,0.010753,-0.018694,0.291420,0.999814,-0.003851,-0.018899,-0.000073,-0.009693,0.010707,0.000082,-0.107038,0.061867,-0.094289,23.383172,23.383172,23.369531,0.496295,0.626788,-0.031661,-0.048067,0.961147
5.400000,1,0,0,2.400000,9.810000,0.900000,30.000000,60.000000,6.000000,0.000000,0.000000,1.203469,0.041808,-0.029411,1.193893,0.000000,0.000000,0.270705,0.009173,-0.018514,0.286409,0.999818,-0.004114,-0.018607,-0.000077,-0.011271,0.012651,0.000104,-0.151729,0.066953,-0.115812,23.369531,23.369531,23.355817,0.496004,0.505364,-0.031612,-0.086508,0.960986
5.450000,1,0,0,2.400000,9.810000,0.900000,30.000000,60.000000,6.000000,0.000000,0.000000,1.216869,0.042227,-0.030328,1.208084,0.000000,0.000000,0.265238,0.007608,-0.018136,0.281185,0.999823,-0.004414,-0.018268,-0.000081,-0.012696,0.014472,0.000128,-0.155486,0.028206,-0.121374,23.355817,23.355817,23.342082,0.495712,0.479994,-0.138504,-0.086616,0.960870
5.500000,1,0,0,2.400000,9.810000,0.900000,30.000000,60.000000,6.000000,0.000000,0.000000,1.229991,0.042569,-0.031221,1.222008,0.000000,0.000000,0.259638,0.006071,-0.017555,0.275750,0.999829,-0.004747,-0.017885,-0.000085,-0.013940,0.016148,0.000153,-0.165755,-0.002966,-0.141298,23.342082,23.342082,23.328381,0.495421,0.436967,-0.228756,-0.121212,0.960800
5.550000,1,0,0,2.400000,9.810000,0.900000,30.000000,60.000000,6.000000,0.000000,0.000000,1.242830,0.042835,-0.032080,1.235656,0.000000,0.000000,0.253911,0.004579,-0.016770,0.270107,0.999834,-0.005109,-0.017462,-0.000089,-0.014976,0.017661,0.000180,-0.125604,-0.000730,-0.188605,23.328381,23.328381,23.314772,0.495132,0.513113,-0.240146,-0.221590,0.960777
5.600000,1,0,0,2.400000,9.810000,0.900000,30.000000,60.000000,6.000000,0.000000,0.000000,1.255380,0.043028,-0.032894,1.249016,0.000000,0.000000,0.248063,0.003147,-0.015781,0.264262,0.999840,-0.005494,-0.017003,-0.000093,-0.015781,0.018990,0.000209,-0.104418,-0.012208,-0.159840,23.314772,23.314772,23.301311,0.494846,0.542109,-0.285502,-0.139499,0.960800
5.650000,1,0,0,2.400000,9.810000,0.900000,30.000000,60.000000,6.000000,0.000000,0.000000,1.267635,0.043151,-0.033655,1.262079,0.000000,0.000000,0.242100,0.001789,-0.014593,0.258220,0.999846,-0.005896,-0.016514,-0.000097,-0.016333,0.020121,0.000237,-0.093431,0.000621,-0.168462,23.301311,23.301311,23.288057,0.494565,0.545221,-0.273296,-0.147291,0.960869
5.700000,1,0,0,2.400000,9.810000,0.900000,30.000000,60.000000,6.000000,0.000000,0.000000,1.279588,0.043208,-0.034351,1.274834,0.000000,0.000000,0.236030,0.000519,-0.013211,0.251985,0.999852,-0.006308,-0.015999,-0.000101,-0.016615,0.021038,0.000265,-0.066917,0.019846,-0.143764,23.288057,23.288057,23.275066,0.494289,0.584438,-0.246208,-0.075317,0.960983
5.750000,1,0,0,2.400000,9.810000,0.900000,30.000000,60.000000,6.000000,0.000000,0.000000,1.291236,0.043204,-0.034973,1.287274,0.000000,0.000000,0.229860,-0.000649,-0.011644,0.245566,0.999858,-0.006724,-0.015464,-0.000104,-0.016615,0.021730,0.000292,-0.084120,0.024608,-0.148622,23.275066,23.275066,23.262394,0.494020,0.517831,-0.253976,-0.074522,0.961141
5.800000,1,0,0,2.400000,9.810000,0.900000,30.000000,60.000000,6.000000,0.000000,0.000000,1.302573,0.043145,-0.035512,1.299388,0.000000,0.000000,0.223596,-0.001705,-0.009903,0.238971,0.999863,-0.007136,-0.014915,-0.000106,-0.016323,0.022186,0.000317,-0.058157,0.012643,-0.189229,23.262394,23.262394,23.250093,0.493758,0.554191,-0.301704,-0.159824,0.961342
5.850000,1,0,0,2.400000,9.810000,0.900000,30.000000,60.000000,6.000000,0.000000,0.000000,1.313594,0.043036,-0.035960,1.311168,0.000000,0.000000,0.217246,-0.002636,-0.008002,0.232207,0.999869,-0.007538,-0.014357,-0.000108,-0.015734,0.022400,0.000338,-0.056098,0.004690,-0.167428,23.250093,23.250093,23.238213,0.493506,0.532829,-0.339275,-0.095692,0.961585
5.900000,1,0,0,2.400000,9.810000,0.900000,30.000000,60.000000,6.000000,0.000000,0.000000,1.324296,0.042884,-0.036310,1.322606,0.000000,0.000000,0.210817,-0.003435,-0.005957,0.225286,0.999873,-0.007921,-0.013797,-0.000109,-0.014848,0.022367,0.000354,-0.003727,0.018626,-0.158386,23.238213,23.238213,23.226804,0.493264,0.632150,-0.323445,-0.062577,0.961867
5.950000,1,0,0,2.400000,9.810000,0.900000,30.000000,60.000000,6.000000,0.000000,0.000000,1.334675,0.042695,-0.036554,1.333694,0.000000,0.000000,0.204317,-0.004091,-0.003785,0.218216,0.999878,-0.008278,-0.013240,-0.000110,-0.013670,0.022085,0.000366,-0.013202,0.054396,-0.141383,23.226804,23.226804,23.215909,0.493032,0.583262,-0.254001,-0.010797,0.962188
6.000000,1,0,0,2.400000,9.810000,0.900000,30.000000,60.000000,6.000000,0.000000,0.000000,1.344727,0.042477,-0.036687,1.344426,0.000000,0.000000,0.197754,-0.004600,-0.001507,0.211011,0.999882,-0.008602,-0.012694,-0.000109,-0.012209,0.021556,0.000371,0.020657,0.057290,-0.156796,23.215909,23.215909,23.205570,0.492813,0.638884,-0.261921,-0.037300,0.962544
6.050000,1,0,0,2.400000,9.810000,0.900000,30.000000,60.000000,6.000000,0.000000,0.000000,1.354449,0.042237,-0.036703,1.354793,0.000000,0.000000,0.191136,-0.004955,0.000856,0.203682,0.999887,-0.008886,-0.012164,-0.000108,-0.010478,0.020784,0.000369,0.016376,0.066895,-0.155499,23.205570,23.205570,23.195826,0.492606,0.603762,-0.251875,-0.024236,0.962934
6.100000,1,0,0,2.400000,9.810000,0.900000,30.000000,60.000000,6.000000,0.000000,0.000000,1.363839,0.041984,-0.036600,1.364792,0.000000,0.000000,0.184472,-0.005154,0.003282,0.196241,0.999890,-0.009124,-0.011657,-0.000106,-0.008495,0.019777,0.000361,-0.010267,0.003550,-0.147316,23.195826,23.195826,23.186712,0.492412,0.516041,-0.414755,0.004781,0.963354
6.150000,1,0,0,2.400000,9.810000,0.900000,30.000000,60.000000,6.000000,0.000000,0.000000,1.372896,0.041725,-0.036374,1.374416,0.000000,0.000000,0.177769,-0.005195,0.005746,0.188704,0.999894,-0.009309,-0.011177,-0.000104,-0.006283,0.018544,0.000345,-0.036067,0.002062,-0.149355,23.186712,23.186712,23.178262,0.492233,0.431674,-0.426746,0.008648,0.963802
6.200000,1,0,0,2.400000,9.810000,0.900000,30.000000,60.000000,6.000000,0.000000,0.000000,1.381616,0.041467,-0.036025,1.383661,0.000000,0.000000,0.171037,-0.005078,0.008224,0.181084,0.999898,-0.009436,-0.010731,-0.000101,-0.003868,0.017098,0.000323,-0.024937,0.057083,-0.158580,23.178262,23.178262,23.170506,0.492068,0.437527,-0.300437,-0.005386,0.964276
6.250000,1,0,0,2.400000,9.810000,0.900000,30.000000,60.000000,6.000000,0.000000,0.000000,1.389999,0.041219,-0.035552,1.392523,0.000000,0.000000,0.164285,-0.004805,0.010690,0.173397,0.999902,-0.009501,-0.010324,-0.000098,-0.001280,0.015453,0.000294,0.009083,0.044124,-0.166106,23.170506,23.170506,23.163474,0.491919,0.500138,-0.334390,-0.016037,0.964771
6.300000,1,0,0,2.400000,9.810000,0.900000,30.000000,60.000000,6.000000,0.000000,0.000000,1.398044,0.040989,-0.034957,1.401000,0.000000,0.000000,0.157522,-0.004380,0.013120,0.165657,0.999905,-0.009499,-0.009960,-0.000095,0.001450,0.013629,0.000259,0.039936,0.052809,-0.166757,23.163474,23.163474,23.157193,0.491785,0.557185,-0.313324,-0.010915,0.965285
6.350000,1,0,0,2.400000,9.810000,0.900000,30.000000,60.000000,6.000000,0.000000,0.000000,1.405751,0.040784,-0.034241,1.409088,0.000000,0.000000,0.150757,-0.003807,0.015488,0.157882,0.999909,-0.009428,-0.009644,-0.000091,0.004284,0.011644,0.000220,0.020511,0.033291,-0.140391,23.157193,23.157193,23.151689,0.491669,0.495800,-0.356738,0.058293,0.965815
6.400000,1,0,0,2.400000,9.810000,0.900000,30.000000,60.000000,6.000000,0.000000,0.000000,1.413120,0.040611,-0.033409,1.416788,0.000000,0.000000,0.144000,-0.003093,0.017769,0.150088,0.999913,-0.009284,-0.009379,-0.000087,0.007185,0.009521,0.000177,-0.007195,0.042599,-0.163592,23.151689,23.151689,23.146986,0.491569,0.416940,-0.327662,0.007754,0.966356
6.450000,1,0,0,2.400000,9.810000,0.900000,30.000000,60.000000,6.000000,0.000000,0.000000,1.420151,0.040477,-0.032466,1.424097,0.000000,0.000000,0.137260,-0.002247,0.019940,0.142292,0.999917,-0.009068,-0.009169,-0.000083,0.010115,0.007282,0.000132,-0.006555,0.049343,-0.156431,23.146986,23.146986,23.143110,0.491486,0.408659,-0.301382,0.029277,0.966906
6.500000,1,0,0,2.400000,9.810000,0.900000,30.000000,60.000000,6.000000,0.000000,0.000000,1.426847,0.040388,-0.031418,1.431017,0.000000,0.000000,0.130548,-0.001279,0.021978,0.134512,0.999921,-0.008779,-0.009016,-0.000079,0.013034,0.004953,0.000087,0.022137,0.029664,-0.194956,23.143110,23.143110,23.140081,0.491422,0.470368,-0.335146,-0.059674,0.967461
6.550000,1,0,0,2.400000,9.810000,0.900000,30.000000,60.000000,6.000000,0.000000,0.000000,1.433207,0.040351,-0.030271,1.437549,0.000000,0.000000,0.123874,-0.000200,0.023862,0.126765,0.999925,-0.008417,-0.008922,-0.000075,0.015901,0.002561,0.000043,0.019645,-0.023796,-0.211371,23.140081,23.140081,23.137923,0.491376,0.459988,-0.446652,-0.096410,0.968016
6.600000,1,0,0,2.400000,9.810000,0.900000,30.000000,60.000000,6.000000,0.000000,0.000000,1.439235,0.040370,-0.029034,1.443694,0.000000,0.000000,0.117248,0.000977,0.025572,0.119069,0.999929,-0.007985,-0.008888,-0.000071,0.018675,0.000131,0.000002,-0.023446,-0.053267,-0.170174,23.137923,23.137923,23.136657,0.491349,0.354978,-0.497339,0.004265,0.968569
6.650000,1,0,0,2.400000,9.810000,0.900000,30.000000,60.000000,6.000000,0.000000,0.000000,1.444933,0.040450,-0.027717,1.449457,0.000000,0.000000,0.110681,0.002240,0.027091,0.111441,0.999932,-0.007484,-0.008915,-0.000067,0.021319,-0.002309,-0.000035,-0.017502,-0.053788,-0.160970,23.136657,23.136657,23.136300,0.491342,0.370486,-0.475425,0.027285,0.969116
6.700000,1,0,0,2.400000,9.810000,0.900000,30.000000,60.000000,6.000000,0.000000,0.000000,1.450304,0.040595,-0.026329,1.454840,0.000000,0.000000,0.104183,0.003574,0.028403,0.103901,0.999936,-0.006920,-0.009003,-0.000062,0.023794,-0.004731,-0.000065,-0.026378,-0.045437,-0.175484,23.136300,23.136300,23.136872,0.491354,0.353259,-0.429266,-0.007496,0.969652
6.750000,1,0,0,2.400000,9.810000,0.900000,30.000000,60.000000,6.000000,0.000000,0.000000,1.455352,0.040808,-0.024880,1.459849,0.000000,0.000000,0.097767,0.004963,0.029495,0.096465,0.999938,-0.006296,-0.009152,-0.000058,0.026066,-0.007108,-0.000090,-0.024182,-0.027658,-0.153004,23.136872,23.136872,23.138385,0.491386,0.365398,-0.357745,0.045629,0.970174
6.800000,1,0,0,2.400000,9.810000,0.900000,30.000000,60.000000,6.000000,0.000000,0.000000,1.460082,0.041092,-0.023383,1.464489,0.000000,0.000000,0.091441,0.006391,0.030357,0.089152,0.999940,-0.005619,-0.009358,-0.000053,0.028101,-0.009413,-0.000106,0.014281,0.003418,-0.173602,23.138385,23.138385,23.140853,0.491438,0.467307,-0.251829,-0.005517,0.970679
6.850000,1,0,0,2.400000,9.810000,0.900000,30.000000,60.000000,6.000000,0.000000,0.000000,1.464498,0.041448,-0.021849,1.468766,0.000000,0.000000,0.085220,0.007843,0.030981,0.081980,0.999942,-0.004894,-0.009622,-0.000047,0.029870,-0.011621,-0.000114,-0.020381,-0.008594,-0.183098,23.140853,23.140853,23.144283,0.491511,0.396350,-0.247123,-0.030895,0.971163
6.900000,1,0,0,2.400000,9.810000,0.900000,30.000000,60.000000,6.000000,0.000000,0.000000,1.468606,0.041876,-0.020289,1.472689,0.000000,0.000000,0.079113,0.009301,0.031361,0.074965,0.999942,-0.004128,-0.009938,-0.000041,0.031348,-0.013707,-0.000113,-0.023860,-0.008786,-0.211017,23.144283,23.144283,23.148679,0.491605,0.402736,-0.212167,-0.101362,0.971622
6.950000,1,0,0,2.400000,9.810000,0.900000,30.000000,60.000000,6.000000,0.000000,0.000000,1.472412,0.042378,-0.018717,1.476266,0.000000,0.000000,0.073133,0.010749,0.031497,0.068125,0.999941,-0.003329,-0.010306,-0.000034,0.032512,-0.015647,-0.000104,-0.021890,-0.003795,-0.179820,23.148679,23.148679,23.154043,0.491719,0.424556,-0.163239,-0.030818,0.972053
7.000000,1,0,0,2.400000,9.810000,0.900000,30.000000,60.000000,6.000000,0.000000,0.000000,1.475922,0.042951,-0.017144,1.479505,0.000000,0.000000,0.067291,0.012170,0.031388,0.061476,0.999939,-0.002505,-0.010719,-0.000027,0.033347,-0.017421,-0.000087,-0.020146,0.007920,-0.185949,23.154043,23.154043,23.160369,0.491853,0.448010,-0.097004,-0.050710,0.972453
7.050000,1,0,0,2.400000,9.810000,0.900000,30.000000,60.000000,6.000000,0.000000,0.000000,1.479143,0.043594,-0.015582,1.482417,0.000000,0.000000,0.061601,0.013548,0.031037,0.055036,0.999936,-0.001665,-0.011175,-0.000019,0.033839,-0.019008,-0.000063,-0.025162,0.004047,-0.190635,23.160369,23.160369,23.167647,0.492007,0.457219,-0.067397,-0.067980,0.972818
7.100000,1,0,0,2.400000,9.810000,0.900000,30.000000,60.000000,6.000000,0.000000,0.000000,1.482084,0.044304,-0.014044,1.485012,0.000000,0.000000,0.056074,0.014867,0.030452,0.048821,0.999932,-0.000816,-0.011668,-0.000010,0.033981,-0.020393,-0.000033,-0.054003,-0.017368,-0.193414,23.167647,23.167647,23.175862,0.492182,0.411000,-0.079503,-0.081502,0.973146
7.150000,1,0,0,2.400000,9.810000,0.900000,30.000000,60.000000,6.000000,0.000000,0.000000,1.484754,0.045079,-0.012540,1.487303,0.000000,0.000000,0.050724,0.016112,0.029641,0.042845,0.999926,0.000031,-0.012193,0.000000,0.033770,-0.021560,0.000001,-0.032846,-0.001548,-0.190471,23.175862,23.175862,23.184995,0.492376,0.486291,-0.002259,-0.082103,0.973434
7.200000,1,0,0,2.400000,9.810000,0.900000,30.000000,60.000000,6.000000,0.000000,0.000000,1.487160,0.045914,-0.011083,1.489301,0.000000,0.000000,0.045562,0.017269,0.028616,0.037125,0.999918,0.000869,-0.012744,0.000011,0.033209,-0.022497,0.000039,-0.023007,-0.005528,-0.151527,23.184995,23.184995,23.195019,0.492589,0.535678,0.027046,0.002906,0.973679
7.250000,1,0,0,2.400000,9.810000,0.900000,30.000000,60.000000,6.000000,0.000000,0.000000,1.489313,0.046804,-0.009682,1.491020,0.000000,0.000000,0.040603,0.018323,0.027390,0.031674,0.999910,0.001689,-0.013316,0.000022,0.032305,-0.023195,0.000078,0.020126,0.040491,-0.156746,23.195019,23.195019,23.205906,0.492820,0.665960,0.175531,-0.018851,0.973878
7.300000,1,0,0,2.400000,9.810000,0.900000,30.000000,60.000000,6.000000,0.000000,0.000000,1.491224,0.047745,-0.008347,1.492473,0.000000,0.000000,0.035860,0.019263,0.025980,0.026507,0.999900,0.002482,-0.013902,0.000035,0.031072,-0.023648,0.000117,-0.002628,0.034900,-0.139427,23.205906,23.205906,23.217622,0.493069,0.638827,0.198949,0.012726,0.974030
7.350000,1,0,0,2.400000,9.810000,0.900000,30.000000,60.000000,6.000000,0.000000,0.000000,1.492903,0.048729,-0.007087,1.493676,0.000000,0.000000,0.031345,0.020078,0.024404,0.021639,0.999890,0.003240,-0.014496,0.000047,0.029524,-0.023852,0.000155,-0.026018,0.017258,-0.148086,23.217622,23.217622,23.230130,0.493334,0.610596,0.191866,-0.018783,0.974133
7.400000,1,0,0,2.400000,9.810000,0.900000,30.000000,60.000000,6.000000,0.000000,0.000000,1.494362,0.049750,-0.005909,1.494642,0.000000,0.000000,0.027073,0.020757,0.022682,0.017081,0.999878,0.003955,-0.015092,0.000060,0.027685,-0.023806,0.000188,-0.005182,0.025706,-0.143434,23.230130,23.230130,23.243392,0.493616,0.688646,0.245473,-0.019063,0.974184
7.450000,1,0,0,2.400000,9.810000,0.900000,30.000000,60.000000,6.000000,0.000000,0.000000,1.495615,0.050802,-0.004821,1.495389,0.000000,0.000000,0.023057,0.021292,0.020835,0.012847,0.999866,0.004621,-0.015684,0.000072,0.025578,-0.023513,0.000217,-0.021996,0.000992,-0.119791,23.243392,23.243392,23.257367,0.493913,0.676193,0.217241,0.025537,0.974183
7.500000,1,0,0,2.400000,9.810000,0.900000,30.000000,60.000000,6.000000,0.000000,0.000000,1.496673,0.051877,-0.003827,1.495932,0.000000,0.000000,0.019312,0.021675,0.018885,0.008949,0.999854,0.005232,-0.016265,0.000085,0.023233,-0.022978,0.000240,0.003123,-0.072800,-0.137518,23.257367,23.257367,23.272014,0.494224,0.763949,0.068670,-0.029830,0.974127
7.550000,1,0,0,2.400000,9.810000,0.900000,30.000000,60.000000,6.000000,0.000000,0.000000,1.497551,0.052967,-0.002934,1.496290,0.000000,0.000000,0.015852,0.021902,0.016857,0.005399,0.999842,0.005781,-0.016831,0.000097,0.020681,-0.022208,0.000257,0.004887,-0.078750,-0.130088,23.272014,23.272014,23.287293,0.494548,0.794945,0.080109,-0.025484,0.974017
7.600000,1,0,0,2.400000,9.810000,0.900000,30.000000,60.000000,6.000000,0.000000,0.000000,1.498263,0.054064,-0.002143,1.496478,0.000000,0.000000,0.012691,0.021969,0.014775,0.002208,0.999829,0.006264,-0.017374,0.000109,0.017957,-0.021214,0.000266,-0.004336,-0.060035,-0.125870,23.287293,23.287293,23.303165,0.494885,0.798602,0.147710,-0.029495,0.973851
7.650000,1,0,0,2.400000,9.810000,0.900000,30.000000,60.000000,6.000000,0.000000,0.000000,1.498825,0.055161,-0.001457,1.496517,0.000000,0.000000,0.009845,0.021873,0.012662,-0.000612,0.999818,0.006678,-0.017889,0.000119,0.015096,-0.020008,0.000267,-0.009058,-0.094530,-0.113302,23.303165,23.303165,23.319596,0.495234,0.811831,0.084386,-0.014095,0.973628
7.700000,1,0,0,2.400000,9.810000,0.900000,30.000000,60.000000,6.000000,0.000000,0.000000,1.499253,0.056249,-0.000877,1.496423,0.000000,0.000000,0.007328,0.021614,0.010544,-0.003051,0.999807,0.007018,-0.018372,0.000129,0.012137,-0.018605,0.000261,-0.019910,-0.086106,-0.106303,23.319596,23.319596,23.336551,0.495594,0.808881,0.120707,-0.012683,0.973349
7.750000,1,0,0,2.400000,9.810000,0.900000,30.000000,60.000000,6.000000,0.000000,0.000000,1.499563,0.057320,-0.000402,1.496218,0.000000,0.000000,0.005155,0.021192,0.008446,-0.005099,0.999796,0.007284,-0.018818,0.000137,0.009117,-0.017023,0.000248,-0.050985,-0.105085,-0.076455,23.336551,23.336551,23.354004,0.495965,0.755706,0.087798,0.042962,0.973014
7.800000,1,0,0,2.400000,9.810000,0.900000,30.000000,60.000000,6.000000,0.000000,0.000000,1.499774,0.058366,-0.000031,1.495920,0.000000,0.000000,0.003342,0.020611,0.006389,-0.006745,0.999787,0.007473,-0.019222,0.000144,0.006076,-0.015280,0.000228,-0.052743,-0.080364,-0.057112,23.354004,23.354004,23.371931,0.496346,0.770999,0.156252,0.072793,0.972622
7.850000,1,0,0,2.400000,9.810000,0.900000,30.000000,60.000000,6.000000,0.000000,0.000000,1.499904,0.059378,0.000238,1.495550,0.000000,0.000000,0.001904,0.019873,0.004398,-0.007980,0.999779,0.007587,-0.019581,0.000149,0.003053,-0.013397,0.000203,-0.044757,-0.048505,-0.055322,23.371931,23.371931,23.390315,0.496736,0.807608,0.238312,0.059910,0.972175
7.900000,1,0,0,2.400000,9.810000,0.900000,30.000000,60.000000,6.000000,0.000000,0.000000,1.499971,0.060350,0.000410,1.495129,0.000000,0.000000,0.000857,0.018985,0.002495,-0.008793,0.999773,0.007626,-0.019891,0.000152,0.000084,-0.011394,0.000174,-0.043094,-0.064773,-0.051114,23.390315,23.390315,23.409145,0.497136,0.826814,0.201374,0.052242,0.971674
7.950000,1,0,0,2.400000,9.810000,0.900000,30.000000,60.000000,6.000000,0.000000,0.000000,1.499996,0.061274,0.000489,1.494678,0.000000,0.000000,0.000217,0.017954,0.000700,-0.009175,0.999768,0.007592,-0.020150,0.000153,-0.002792,-0.009295,0.000141,-0.050861,-0.054664,-0.021593,23.409145,23.409145,23.439641,0.497784,0.821029,0.224328,0.104740,0.971120
8.000000,1,0,0,2.400000,9.810000,0.900000,30.000000,60.000000,6.000000,0.000000,0.000000,1.500000,0.062144,0.000482,1.494219,0.000000,0.000000,0.000000,0.016787,-0.000969,-0.009112,0.999765,0.007484,-0.020345,0.000152,-0.009037,0.002024,-0.000030,0.008045,-0.037480,-0.012707,23.439641,23.439641,23.450365,0.498011,0.972803,0.260967,0.095894,0.970513
8.050000,1,0,0,2.400000,9.810000,0.900000,30.000000,60.000000,6.000000,0.000000,0.000000,1.500000,0.062951,0.000395,1.493782,0.000000,0.000000,0.000000,0.015486,-0.002493,-0.008346,0.999763,0.007316,-0.020523,0.000150,-0.007875,-0.006437,0.000094,0.010578,-0.046054,0.012544,23.450365,23.450365,23.449283,0.497989,0.987640,0.232655,0.146004,0.969856
8.100000,1,0,0,2.400000,9.810000,0.900000,30.000000,60.000000,6.000000,0.000000,0.000000,1.500000,0.063690,0.000235,1.493385,0.000000,0.000000,0.000000,0.014049,-0.003858,-0.007551,0.999761,0.007088,-0.020657,0.000146,-0.010306,-0.004265,0.000060,0.022698,-0.020129,0.023485,23.449283,23.449283,23.447887,0.497959,1.022962,0.284182,0.173448,0.969151
8.150000,1,0,0,2.400000,9.810000,0.900000,30.000000,60.000000,6.000000,0.000000,0.000000,1.500000,0.064354,0.000012,1.493028,0.000000,0.000000,0.000000,0.012486,-0.005049,-0.006737,0.999762,0.006802,-0.020736,0.000141,-0.012538,-0.002066,0.000028,-0.022264,-0.012151,0.017419,23.447887,23.447887,23.446179,0.497923,0.918713,0.289898,0.160254,0.968400
8.200000,1,0,0,2.400000,9.810000,0.900000,30.000000,60.000000,6.000000,0.000000,0.000000,1.500000,0.064937,-0.000266,1.492711,0.000000,0.000000,0.000000,0.010810,-0.006055,-0.005911,0.999764,0.006463,-0.020760,0.000134,-0.014544,0.000139,-0.000002,-0.020115,0.015149,0.012087,23.446179,23.446179,23.444169,0.497880,0.924936,0.339499,0.148997,0.967604
8.250000,1,0,0,2.400000,9.810000,0.900000,30.000000,60.000000,6.000000,0.000000,0.000000,1.500000,0.065433,-0.000590,1.492437,0.000000,0.000000,0.000000,0.009031,-0.006866,-0.005080,0.999767,0.006077,-0.020729,0.000126,-0.016300,0.002329,-0.000028,-0.052471,0.004429,-0.003831,23.444169,23.444169,23.441866,0.497831,0.845760,0.295642,0.112517,0.966768
8.300000,1,0,0,2.400000,9.810000,0.900000,30.000000,60.000000,6.000000,0.000000,0.000000,1.500000,0.065838,-0.000950,1.492203,0.000000,0.000000,0.000000,0.007163,-0.007474,-0.004249,0.999771,0.005651,-0.020644,0.000117,-0.017786,0.004481,-0.000051,-0.033375,0.017036,-0.000610,23.441866,23.441866,23.439286,0.497776,0.887514,0.305869,0.122148,0.965893
8.350000,1,0,0,2.400000,9.810000,0.900000,30.000000,60.000000,6.000000,0.000000,0.000000,1.500000,0.066148,-0.001334,1.492012,0.000000,0.000000,0.000000,0.005218,-0.007874,-0.003425,0.999776,0.005191,-0.020506,0.000106,-0.018983,0.006574,-0.000068,-0.064604,0.017220,-0.022110,23.439286,23.439286,23.436449,0.497716,0.805989,0.284708,0.072624,0.964982
8.400000,1,0,0,2.400000,9.810000,0.900000,30.000000,60.000000,6.000000,0.000000,0.000000,1.500000,0.066359,-0.001733,1.491861,0.000000,0.000000,0.000000,0.003212,-0.008063,-0.002614,0.999783,0.004704,-0.020316,0.000096,-0.019879,0.008588,-0.000081,-0.061972,0.004507,-0.015397,23.436449,23.436449,23.433375,0.497651,0.803313,0.231369,0.090982,0.964039
8.450000,1,0,0,2.400000,9.810000,0.900000,30.000000,60.000000,6.000000,0.000000,0.000000,1.500000,0.066468,-0.002137,1.491750,0.000000,0.000000,0.000000,0.001160,-0.008041,-0.001822,0.999790,0.004200,-0.020077,0.000084,-0.020462,0.010504,-0.000088,-0.037046,0.036073,-0.016869,23.433375,23.433375,23.430087,0.497581,0.851831,0.283435,0.089858,0.963067
8.500000,1,0,0,2.400000,9.810000,0.900000,30.000000,60.000000,6.000000,0.000000,0.000000,1.500000,0.066474,-0.002534,1.491678,0.000000,0.000000,0.000000,-0.000925,-0.007809,-0.001056,0.999797,0.003684,-0.019792,0.000073,-0.020728,0.012303,-0.000091,-0.063630,0.013844,0.017765,23.430087,23.430087,23.426611,0.497507,0.774546,0.205901,0.175542,0.962069
8.550000,1,0,0,2.400000,9.810000,0.900000,30.000000,60.000000,6.000000,0.000000,0.000000,1.500000,0.066376,-0.002914,1.491644,0.000000,0.000000,0.000000,-0.003026,-0.007371,-0.000320,0.999806,0.003166,-0.019463,0.000062,-0.020673,0.013966,-0.000088,-0.055026,0.018883,0.007274,23.426611,23.426611,23.422972,0.497430,0.779677,0.193689,0.153066,0.961049
8.600000,1,0,0,2.400000,9.810000,0.900000,30.000000,60.000000,6.000000,0.000000,0.000000,1.500000,0.066172,-0.003268,1.491646,0.000000,0.000000,0.000000,-0.005128,-0.006734,0.000378,0.999814,0.002653,-0.019095,0.000051,-0.020300,0.015477,-0.000082,-0.060104,0.046945,0.040659,23.422972,23.422972,23.419198,0.497350,0.750109,0.236993,0.236021,0.960010
8.650000,1,0,0,2.400000,9.810000,0.900000,30.000000,60.000000,6.000000,0.000000,0.000000,1.500000,0.065863,-0.003585,1.491681,0.000000,0.000000,0.000000,-0.007215,-0.005906,0.001035,0.999823,0.002154,-0.018691,0.000040,-0.019615,0.016821,-0.000072,-0.057296,0.057301,0.035314,23.419198,23.419198,23.415316,0.497267,0.737797,0.238427,0.226137,0.958956
8.700000,1,0,0,2.400000,9.810000,0.900000,30.000000,60.000000,6.000000,0.000000,0.000000,1.500000,0.065451,-0.003855,1.491748,0.000000,0.000000,0.000000,-0.009272,-0.004898,0.001644,0.999832,0.001675,-0.018256,0.000031,-0.018628,0.017986,-0.000060,-0.068905,0.059113,0.047269,23.415316,23.415316,23.411355,0.497183,0.689412,0.220344,0.257869,0.957891
8.750000,1,0,0,2.400000,9.810000,0.900000,30.000000,60.000000,6.000000,0.000000,0.000000,1.500000,0.064937,-0.004072,1.491845,0.000000,0.000000,0.000000,-0.011284,-0.003722,0.002202,0.999841,0.001225,-0.017794,0.000022,-0.017353,0.018958,-0.000046,-0.086141,0.016099,0.058124,23.411355,23.411355,23.407343,0.497098,0.626277,0.096011,0.287039,0.956819
8.800000,1,0,0,2.400000,9.810000,0.900000,30.000000,60.000000,6.000000,0.000000,0.000000,1.500000,0.064323,-0.004225,1.491967,0.000000,0.000000,0.000000,-0.013235,-0.002394,0.002704,0.999850,0.000810,-0.017310,0.000014,-0.015807,0.019728,-0.000032,-0.069129,0.086310,0.031865,23.407343,23.407343,23.403307,0.497012,0.644318,0.245078,0.227192,0.955744
8.850000,1,0,0,2.400000,9.810000,0.900000,30.000000,60.000000,6.000000,0.000000,0.000000,1.500000,0.063614,-0.004309,1.492114,0.000000,0.000000,0.000000,-0.015112,-0.000929,0.003147,0.999859,0.000437,-0.016809,0.000007,-0.014013,0.020287,-0.000018,-0.064566,0.128497,0.037391,23.403307,23.403307,23.399278,0.496927,0.631711,0.328849,0.243665,0.954669
8.900000,1,0,0,2.400000,9.810000,0.900000,30.000000,60.000000,6.000000,0.000000,0.000000,1.500000,0.062814,-0.004316,1.492281,0.000000,0.000000,0.000000,-0.016900,0.000655,0.003527,0.999867,0.000112,-0.016297,0.000002,-0.011993,0.020630,-0.000005,-0.035008,0.118694,0.046688,23.399278,23.399278,23.395282,0.496842,0.678572,0.290086,0.269204,0.953598
8.950000,1,0,0,2.400000,9.810000,0.900000,30.000000,60.000000,6.000000,0.000000,0.000000,1.500000,0.061926,-0.004242,1.492466,0.000000,0.000000,0.000000,-0.018587,0.002338,0.003840,0.999875,-0.000161,-0.015780,-0.000003,-0.009776,0.020753,0.000007,-0.025966,0.096267,0.034136,23.395282,23.395282,23.391349,0.496758,0.675927,0.223510,0.242296,0.952535
9.000000,1,0,0,2.400000,9.810000,0.900000,30.000000,60.000000,6.000000,0.000000,0.000000,1.500000,0.060957,-0.004081,1.492664,0.000000,0.000000,0.000000,-0.020160,0.004100,0.004086,0.999883,-0.000376,-0.015262,-0.000006,-0.007391,0.020652,0.000016,-0.013748,0.109720,0.041592,23.391349,23.391349,23.387507,0.496677,0.680905,0.245743,0.263375,0.951484
9.050000,1,0,0,2.400000,9.810000,0.900000,30.000000,60.000000,6.000000,0.000000,0.000000,1.500000,0.059912,-0.003831,1.492873,0.000000,0.000000,0.000000,-0.021607,0.005919,0.004261,0.999891,-0.000529,-0.014749,-0.000008,-0.004870,0.020329,0.000022,-0.032213,0.108301,0.048993,23.387507,23.387507,23.383786,0.496598,0.612499,0.235160,0.284265,0.950449
9.100000,1,0,0,2.400000,9.810000,0.900000,30.000000,60.000000,6.000000,0.000000,0.000000,1.500000,0.058798,-0.003488,1.493089,0.000000,0.000000,0.000000,-0.022920,0.007775,0.004365,0.999898,-0.000618,-0.014247,-0.000009,-0.002249,0.019785,0.000024,-0.012376,0.084105,0.025226,23.383786,23.383786,23.380214,0.496522,0.636535,0.172925,0.230267,0.949432
9.150000,1,0,0,2.400000,9.810000,0.900000,30.000000,60.000000,6.000000,0.000000,0.000000,1.500000,0.057623,-0.003053,1.493308,0.000000,0.000000,0.000000,-0.024088,0.009645,0.004396,0.999905,-0.000641,-0.013762,-0.000009,0.000439,0.019024,0.000024,-0.031893,0.091585,-0.021008,23.380214,23.380214,23.376820,0.496450,0.566897,0.189818,0.122241,0.948438
9.200000,1,0,0,2.400000,9.810000,0.900000,30.000000,60.000000,6.000000,0.000000,0.000000,1.500000,0.056392,-0.002524,1.493527,0.000000,0.000000,0.000000,-0.025103,0.011505,0.004355,0.999911,-0.000596,-0.013298,-0.000008,0.003157,0.018052,0.000022,-0.027166,0.092869,-0.010707,23.376820,23.376820,23.373636,0.496382,0.556469,0.195003,0.149768,0.947470
9.250000,1,0,0,2.400000,9.810000,0.900000,30.000000,60.000000,6.000000,0.000000,0.000000,1.500000,0.055115,-0.001903,1.493743,0.000000,0.000000,0.000000,-0.025959,0.013333,0.004242,0.999917,-0.000483,-0.012861,-0.000006,0.005867,0.016878,0.000016,0.010580,0.108436,-0.002359,23.373636,23.373636,23.370689,0.496319,0.626553,0.237645,0.172446,0.946530
9.300000,1,0,0,2.400000,9.810000,0.900000,30.000000,60.000000,6.000000,0.000000,0.000000,1.500000,0.053799,-0.001192,1.493950,0.000000,0.000000,0.000000,-0.026649,0.015107,0.004057,0.999922,-0.000303,-0.012456,-0.000004,0.008534,0.015511,0.000009,0.037878,0.105339,0.018122,23.370689,23.370689,23.368011,0.496263,0.673055,0.238636,0.224059,0.945623
9.350000,1,0,0,2.400000,9.810000,0.900000,30.000000,60.000000,6.000000,0.000000,0.000000,1.500000,0.052453,-0.000394,1.494147,0.000000,0.000000,0.000000,-0.027171,0.016806,0.003801,0.999927,-0.000057,-0.012087,-0.000001,0.011121,0.013964,0.000002,0.038576,0.089461,0.018739,23.368011,23.368011,23.365629,0.496212,0.657434,0.212022,0.227790,0.944751
9.400000,1,0,0,2.400000,9.810000,0.900000,30.000000,60.000000,6.000000,0.000000,0.000000,1.500000,0.051085,0.000487,1.494329,0.000000,0.000000,0.000000,-0.027521,0.018408,0.003477,0.999931,0.000252,-0.011759,0.000003,0.013593,0.012250,-0.000006,0.074514,0.054612,0.020348,23.365629,23.365629,23.363574,0.496168,0.728304,0.142835,0.233670,0.943916
9.450000,1,0,0,2.400000,9.810000,0.900000,30.000000,60.000000,6.000000,0.000000,0.000000,1.500000,0.049704,0.001445,1.494494,0.000000,0.000000,0.000000,-0.027698,0.019892,0.003087,0.999934,0.000621,-0.011476,0.000007,0.015915,0.010383,-0.000013,0.059184,0.079896,0.041406,23.363574,23.363574,23.361874,0.496132,0.678231,0.220766,0.285972,0.943121
9.500000,1,0,0,2.400000,9.810000,0.900000,30.000000,60.000000,6.000000,0.000000,0.000000,1.500000,0.048318,0.002474,1.494637,0.000000,0.000000,0.000000,-0.027702,0.021241,0.002634,0.999936,0.001046,-0.011241,0.000012,0.018055,0.008381,-0.000018,0.058669,0.084180,0.079325,23.361874,23.361874,23.360555,0.496104,0.665989,0.250905,0.378462,0.942369
9.550000,1,0,0,2.400000,9.810000,0.900000,30.000000,60.000000,6.000000,0.000000,0.000000,1.500000,0.046936,0.003567,1.494756,0.000000,0.000000,0.000000,-0.027534,0.022437,0.002121,0.999938,0.001522,-0.011058,0.000017,0.019984,0.006262,-0.000019,0.052274,0.083561,0.068278,23.360555,23.360555,23.359643,0.496085,0.642047,0.271652,0.353133,0.941660
9.600000,1,0,0,2.400000,9.810000,0.900000,30.000000,60.000000,6.000000,0.000000,0.000000,1.500000,0.045567,0.004715,1.494848,0.000000,0.000000,0.000000,-0.027197,0.023464,0.001551,0.999938,0.002043,-0.010929,0.000022,0.021675,0.004044,-0.000017,0.061454,0.070120,0.068274,23.359643,23.359643,23.359162,0.496075,0.658032,0.263745,0.353989,0.940998
9.650000,1,0,0,2.400000,9.810000,0.900000,30.000000,60.000000,6.000000,0.000000,0.000000,1.500000,0.044219,0.005910,1.494910,0.000000,0.000000,0.000000,-0.026695,0.024308,0.000930,0.999938,0.002603,-0.010856,0.000028,0.023103,0.001747,-0.000009,0.033376,0.067488,0.067897,23.359162,23.359162,23.359132,0.496074,0.587246,0.283603,0.353614,0.940383
9.700000,1,0,0,2.400000,9.810000,0.900000,30.000000,60.000000,6.000000,0.000000,0.000000,1.500000,0.042900,0.007143,1.494940,0.000000,0.000000,0.000000,-0.026034,0.024957,0.000261,0.999936,0.003196,-0.010842,0.000035,0.024248,-0.000609,0.000004,0.026593,0.070905,0.050759,23.359132,23.359132,23.359573,0.496083,0.570293,0.319483,0.312657,0.939817
9.750000,1,0,0,2.400000,9.810000,0.900000,30.000000,60.000000,6.000000,0.000000,0.000000,1.500000,0.041618,0.008403,1.494936,0.000000,0.000000,0.000000,-0.025221,0.025400,-0.000450,0.999933,0.003813,-0.010887,0.000042,0.025092,-0.003001,0.000023,0.066817,0.040660,0.019032,23.359573,23.359573,23.360500,0.496103,0.668940,0.275741,0.236320,0.939301
9.800000,1,0,0,2.400000,9.810000,0.900000,30.000000,60.000000,6.000000,0.000000,0.000000,1.500000,0.040381,0.009679,1.494895,0.000000,0.000000,0.000000,-0.024264,0.025629,-0.001199,0.999930,0.004448,-0.010992,0.000049,0.025623,-0.005410,0.000048,0.092155,0.007532,0.018368,23.360500,23.360500,23.361925,0.496133,0.734677,0.225889,0.234153,0.938836
9.850000,1,0,0,2.400000,9.810000,0.900000,30.000000,60.000000,6.000000,0.000000,0.000000,1.500000,0.039194,0.010962,1.494815,0.000000,0.000000,0.000000,-0.023172,0.025640,-0.001979,0.999925,0.005092,-0.011157,0.000057,0.025830,-0.007813,0.000080,0.104767,0.014002,0.007526,23.361925,23.361925,23.363857,0.496174,0.772693,0.271513,0.207165,0.938421
9.900000,1,0,0,2.400000,9.810000,0.900000,30.000000,60.000000,6.000000,0.000000,0.000000,1.500000,0.038066,0.012239,1.494696,0.000000,0.000000,0.000000,-0.021956,0.025429,-0.002785,0.999919,0.005736,-0.011382,0.000065,0.025709,-0.010188,0.000117,0.102219,0.027095,0.009849,23.363857,23.363857,23.366301,0.496226,0.777130,0.333090,0.211371,0.938058
9.950000,1,0,0,2.400000,9.810000,0.900000,30.000000,60.000000,6.000000,0.000000,0.000000,1.500000,0.037001,0.013501,1.494537,0.000000,0.000000,0.000000,-0.020626,0.024994,-0.003611,0.999912,0.006374,-0.011666,0.000074,0.025259,-0.012515,0.000160,0.082226,0.045164,0.039662,23.366301,23.366301,23.369257,0.496289,0.742457,0.406286,0.281146,0.937746
10.000000,1,0,0,2.400000,9.810000,0.900000,30.000000,60.000000,6.000000,0.000000,0.000000,1.500000,0.036005,0.014735,1.494335,0.000000,0.000000,0.000000,-0.019195,0.024336,-0.004450,0.999903,0.006996,-0.012007,0.000084,0.024483,-0.014772,0.000207,0.082374,0.032266,0.022679,23.369257,23.369257,23.372724,0.496363,0.758816,0.404457,0.238198,0.937484
10.050000,1,0,0,2.400000,9.810000,0.900000,30.000000,60.000000,6.000000,0.000000,0.000000,1.500000,0.035083,0.015931,1.494091,0.000000,0.000000,0.000000,-0.017675,0.023461,-0.005297,0.999894,0.007595,-0.012404,0.000094,0.023389,-0.016940,0.000257,0.096285,0.020215,-0.005108,23.372724,23.372724,23.376695,0.496447,0.810812,0.403585,0.168905,0.937273
10.100000,1,0,0,2.400000,9.810000,0.900000,30.000000,60.000000,6.000000,0.000000,0.000000,1.500000,0.034238,0.017078,1.493805,0.000000,0.000000,0.000000,-0.016082,0.022373,-0.006145,0.999884,0.008163,-0.012853,0.000105,0.021988,-0.019000,0.000310,0.062365,-0.034234,-0.015247,23.376695,23.376695,23.381158,0.496542,0.750500,0.299511,0.141551,0.937111
10.150000,1,0,0,2.400000,9.810000,0.900000,30.000000,60.000000,6.000000,0.000000,0.000000,1.500000,0.033475,0.018165,1.493477,0.000000,0.000000,0.000000,-0.014428,0.021081,-0.006988,0.999873,0.008692,-0.013353,0.000116,0.020296,-0.020934,0.000364,0.052675,-0.061500,-0.027253,23.381158,23.381158,23.386102,0.496647,0.750695,0.258886,0.109305,0.936997
10.200000,1,0,0,2.400000,9.810000,0.900000,30.000000,60.000000,6.000000,0.000000,0.000000,1.500000,0.032796,0.019183,1.493107,0.000000,0.000000,0.000000,-0.012730,0.019595,-0.007819,0.999861,0.009175,-0.013899,0.000128,0.018332,-0.022724,0.000417,0.056677,-0.042188,0.002738,23.386102,23.386102,23.391509,0.496762,0.785953,0.327926,0.177441,0.936930
10.250000,1,0,0,2.400000,9.810000,0.900000,30.000000,60.000000,6.000000,0.000000,0.000000,1.500000,0.032203,0.020121,1.492695,0.000000,0.000000,0.000000,-0.011001,0.017928,-0.008632,0.999849,0.009606,-0.014487,0.000139,0.016120,-0.024355,0.000468,0.044311,-0.053523,-0.018160,23.391509,23.391509,23.397360,0.496886,0.783948,0.320989,0.123043,0.936909
10.300000,1,0,0,2.400000,9.810000,0.900000,30.000000,60.000000,6.000000,0.000000,0.000000,1.500000,0.031696,0.020973,1.492244,0.000000,0.000000,0.000000,-0.009257,0.016094,-0.009421,0.999836,0.009979,-0.015115,0.000151,0.013685,-0.025814,0.000515,0.092429,-0.032782,0.019031,23.397360,23.397360,23.403632,0.497019,0.928942,0.388329,0.207666,0.936930
10.350000,1,0,0,2.400000,9.810000,0.900000,30.000000,60.000000,6.000000,0.000000,0.000000,1.500000,0.031277,0.021728,1.491754,0.000000,0.000000,0.000000,-0.007513,0.014110,-0.010180,0.999823,0.010289,-0.015777,0.000162,0.011056,-0.027088,0.000558,0.086370,-0.036673,0.028593,23.403632,23.403632,23.410303,0.497161,0.945539,0.393608,0.225596,0.936993
10.400000,1,0,0,2.400000,9.810000,0.900000,30.000000,60.000000,6.000000,0.000000,0.000000,1.500000,0.030945,0.022381,1.491227,0.000000,0.000000,0.000000,-0.005786,0.011992,-0.010904,0.999809,0.010530,-0.016468,0.000173,0.008264,-0.028167,0.000593,0.079370,-0.057998,0.052358,23.410303,23.410303,23.417345,0.497310,0.961282,0.353883,0.277245,0.937094
10.450000,1,0,0,2.400000,9.810000,0.900000,30.000000,60.000000,6.000000,0.000000,0.000000,1.500000,0.030698,0.022926,1.490664,0.000000,0.000000,0.000000,-0.004090,0.009761,-0.011585,0.999795,0.010701,-0.017183,0.000184,0.005342,-0.029041,0.000622,0.099433,-0.065860,0.056400,23.417345,23.417345,23.424731,0.497467,1.043153,0.343137,0.281206,0.937232
10.500000,1,0,0,2.400000,9.810000,0.900000,30.000000,60.000000,6.000000,0.000000,0.000000,1.500000,0.030535,0.023356,1.490069,0.000000,0.000000,0.000000,-0.002440,0.007437,-0.012220,0.999781,0.010796,-0.017918,0.000193,0.002326,-0.029705,0.000642,0.030971,-0.048164,0.101518,23.424731,23.424731,23.432434,0.497631,0.913495,0.390261,0.383413,0.937403
10.550000,1,0,0,2.400000,9.810000,0.900000,30.000000,60.000000,6.000000,0.000000,0.000000,1.500000,0.030453,0.023668,1.489443,0.000000,0.000000,0.000000,-0.000850,0.005041,-0.012803,0.999767,0.010816,-0.018667,0.000202,-0.000748,-0.030154,0.000653,0.015914,-0.068439,0.099646,23.432434,23.432434,23.440424,0.497800,0.912699,0.342697,0.372529,0.937606
10.600000,1,0,0,2.400000,9.810000,0.900000,30.000000,60.000000,6.000000,0.000000,0.000000,1.500000,0.030449,0.023859,1.488789,0.000000,0.000000,0.000000,0.000666,0.002595,-0.013330,0.999753,0.010758,-0.019424,0.000209,-0.003844,-0.030385,0.000654,0.006608,-0.047195,0.105477,23.440424,23.440424,23.448671,0.497976,0.926136,0.391166,0.379834,0.937835
10.650000,1,0,0,2.400000,9.810000,0.900000,30.000000,60.000000,6.000000,0.000000,0.000000,1.500000,0.030518,0.023927,1.488111,0.000000,0.000000,0.000000,0.002093,0.000122,-0.013796,0.999740,0.010624,-0.020184,0.000214,-0.006925,-0.030398,0.000646,-0.015245,-0.026651,0.126519,23.448671,23.448671,23.457144,0.498155,0.909641,0.434333,0.423374,0.938090
10.700000,1,0,0,2.400000,9.810000,0.900000,30.000000,60.000000,6.000000,0.000000,0.000000,1.500000,0.030657,0.023871,1.487411,0.000000,0.000000,0.000000,0.003421,-0.002354,-0.014198,0.999726,0.010412,-0.020942,0.000218,-0.009954,-0.030194,0.000629,0.024110,-0.035279,0.113967,23.457144,23.457144,23.465814,0.498340,1.039968,0.403902,0.386039,0.938365
10.750000,1,0,0,2.400000,9.810000,0.900000,30.000000,60.000000,6.000000,0.000000,0.000000,1.500000,0.030858,0.023692,1.486692,0.000000,0.000000,0.000000,0.004637,-0.004812,-0.014532,0.999713,0.010127,-0.021692,0.000220,-0.012895,-0.029777,0.000603,0.039172,-0.068935,0.081162,23.465814,23.465814,23.474650,0.498527,1.111661,0.309897,0.299870,0.938658
10.800000,1,0,0,2.400000,9.810000,0.900000,30.000000,60.000000,6.000000,0.000000,0.000000,1.500000,0.031118,0.023391,1.485959,0.000000,0.000000,0.000000,0.005730,-0.007228,-0.014795,0.999701,0.009769,-0.022429,0.000219,-0.015713,-0.029151,0.000570,0.057468,-0.049159,0.102611,23.474650,23.474650,23.483620,0.498718,1.190539,0.340740,0.343715,0.938966
10.850000,1,0,0,2.400000,9.810000,0.900000,30.000000,60.000000,6.000000,0.000000,0.000000,1.500000,0.031429,0.022970,1.485214,0.000000,0.000000,0.000000,0.006691,-0.009579,-0.014985,0.999688,0.009342,-0.023148,0.000216,-0.018376,-0.028325,0.000529,0.037087,-0.030260,0.098833,23.483620,23.483620,23.492693,0.498910,1.175771,0.366246,0.326845,0.939284
10.900000,1,0,0,2.400000,9.810000,0.900000,30.000000,60.000000,6.000000,0.000000,0.000000,1.500000,0.031785,0.022434,1.484462,0.000000,0.000000,0.000000,0.007512,-0.011845,-0.015101,0.999676,0.008851,-0.023844,0.000211,-0.020852,-0.027308,0.000484,0.028160,-0.030421,0.087923,23.492693,23.492693,23.501839,0.499105,1.187443,0.342976,0.292716,0.939609
10.950000,1,0,0,2.400000,9.810000,0.900000,30.000000,60.000000,6.000000,0.000000,0.000000,1.500000,0.032178,0.021788,1.483705,0.000000,0.000000,0.000000,0.008185,-0.014003,-0.015140,0.999665,0.008301,-0.024512,0.000204,-0.023112,-0.026110,0.000434,-0.010067,0.014567,0.107003,23.501839,23.501839,23.511025,0.499300,1.127523,0.425258,0.330447,0.939937
11.000000,1,0,0,2.400000,9.810000,0.900000,30.000000,60.000000,6.000000,0.000000,0.000000,1.500000,0.032601,0.021036,1.482949,0.000000,0.000000,0.000000,0.008704,-0.016036,-0.015102,0.999654,0.007698,-0.025148,0.000194,-0.025132,-0.024744,0.000381,0.032394,0.007876,0.088915,23.511025,23.511025,23.520221,0.499495,1.259769,0.380975,0.278893,0.940265
11.050000,1,0,0,2.400000,9.810000,0.900000,30.000000,60.000000,6.000000,0.000000,0.000000,1.500000,0.033046,0.020187,1.482196,0.000000,0.000000,0.000000,0.009065,-0.017923,-0.014987,0.999644,0.007047,-0.025748,0.000182,-0.026887,-0.023223,0.000327,0.027849,-0.021256,0.061873,23.520221,23.520221,23.529393,0.499690,1.277530,0.280588,0.205795,0.940589
11.100000,1,0,0,2.400000,9.810000,0.900000,30.000000,60.000000,6.000000,0.000000,0.000000,1.500000,0.033505,0.019247,1.481451,0.000000,0.000000,0.000000,0.009264,-0.019649,-0.014794,0.999634,0.006356,-0.026308,0.000167,-0.028360,-0.021564,0.000274,-0.009876,-0.019731,0.056471,23.529393,23.529393,23.538509,0.499883,1.213807,0.251854,0.184609,0.940905
11.150000,1,0,0,2.400000,9.810000,0.900000,30.000000,60.000000,6.000000,0.000000,0.000000,1.500000,0.033969,0.018225,1.480718,0.000000,0.000000,0.000000,0.009299,-0.021198,-0.014525,0.999624,0.005632,-0.026825,0.000151,-0.029534,-0.019783,0.000223,-0.048635,-0.006139,0.028209,23.538509,23.538509,23.547538,0.500075,1.145596,0.250495,0.108560,0.941210
11.200000,1,0,0,2.400000,9.810000,0.900000,30.000000,60.000000,6.000000,0.000000,0.000000,1.500000,0.034432,0.017130,1.480000,0.000000,0.000000,0.000000,0.009170,-0.022558,-0.014181,0.999615,0.004882,-0.027296,0.000133,-0.030397,-0.017897,0.000175,-0.068912,0.006594,0.044755,23.547538,23.547538,23.556446,0.500264,1.119593,0.245844,0.140085,0.941500
11.250000,1,0,0,2.400000,9.810000,0.900000,30.000000,60.000000,6.000000,0.000000,0.000000,1.500000,0.034884,0.015972,1.479301,0.000000,0.000000,0.000000,0.008878,-0.023716,-0.013765,0.999607,0.004115,-0.027719,0.000114,-0.030942,-0.015924,0.000131,-0.091983,0.003548,0.053926,23.556446,23.556446,23.565200,0.500450,1.084623,0.202468,0.153973,0.941772
11.300000,1,0,0,2.400000,9.810000,0.900000,30.000000,60.000000,6.000000,0.000000,0.000000,1.500000,0.035317,0.014762,1.478625,0.000000,0.000000,0.000000,0.008425,-0.024664,-0.013277,0.999600,0.003338,-0.028092,0.000094,-0.031165,-0.013884,0.000093,-0.080689,-0.001476,0.051917,23.565200,23.565200,23.573769,0.500632,1.129769,0.153863,0.141118,0.942022
11.350000,1,0,0,2.400000,9.810000,0.900000,30.000000,60.000000,6.000000,0.000000,0.000000,1.500000,0.035724,0.013509,1.477975,0.000000,0.000000,0.000000,0.007814,-0.025396,-0.012721,0.999593,0.002560,-0.028413,0.000073,-0.031065,-0.011796,0.000060,-0.091553,0.005591,0.033875,23.573769,23.573769,23.582121,0.500810,1.119302,0.134174,0.089902,0.942248
11.400000,1,0,0,2.400000,9.810000,0.900000,30.000000,60.000000,6.000000,0.000000,0.000000,1.500000,0.036096,0.012226,1.477354,0.000000,0.000000,0.000000,0.007051,-0.025906,-0.012101,0.999587,0.001788,-0.028681,0.000051,-0.030648,-0.009680,0.000035,-0.080032,-0.017897,0.042384,23.582121,23.582121,23.590225,0.500982,1.160078,0.041433,0.102548,0.942445
11.450000,1,0,0,2.400000,9.810000,0.900000,30.000000,60.000000,6.000000,0.000000,0.000000,1.500000,0.036426,0.010923,1.476766,0.000000,0.000000,0.000000,0.006141,-0.026192,-0.011420,0.999582,0.001031,-0.028896,0.000030,-0.029920,-0.007556,0.000016,-0.065271,0.026785,0.039244,23.590225,23.590225,23.598051,0.501148,1.206124,0.112949,0.087407,0.942612
11.500000,1,0,0,2.400000,9.810000,0.900000,30.000000,60.000000,6.000000,0.000000,0.000000,1.500000,0.036708,0.009610,1.476213,0.000000,0.000000,0.000000,0.005094,-0.026255,-0.010683,0.999578,0.000296,-0.029059,0.000009,-0.028894,-0.005443,0.000003,-0.063059,0.060047,0.046998,23.598051,23.598051,23.605571,0.501308,1.219542,0.158067,0.098602,0.942744
11.550000,1,0,0,2.400000,9.810000,0.900000,30.000000,60.000000,6.000000,0.000000,0.000000,1.500000,0.036933,0.008301,1.475698,0.000000,0.000000,0.000000,0.003916,-0.026097,-0.009894,0.999574,-0.000411,-0.029169,-0.000012,-0.027586,-0.003362,-0.000003,-0.067484,0.090909,0.052196,23.605571,23.605571,23.612760,0.501460,1.214540,0.198783,0.103875,0.942841
11.600000,1,0,0,2.400000,9.810000,0.900000,30.000000,60.000000,6.000000,0.000000,0.000000,1.500000,0.037097,0.007004,1.475224,0.000000,0.000000,0.000000,0.002619,-0.025723,-0.009058,0.999572,-0.001081,-0.029227,-0.000032,-0.026014,-0.001332,-0.000003,-0.055692,0.109904,0.040780,23.612760,23.612760,23.619594,0.501605,1.246017,0.212698,0.069509,0.942899
11.650000,1,0,0,2.400000,9.810000,0.900000,30.000000,60.000000,6.000000,0.000000,0.000000,1.500000,0.037193,0.005732,1.474793,0.000000,0.000000,0.000000,0.001212,-0.025140,-0.008180,0.999571,-0.001709,-0.029236,-0.000050,-0.024202,0.000628,0.000002,-0.057714,0.096641,0.005661,23.619594,23.619594,23.626054,0.501743,1.241968,0.151179,-0.021493,0.942916
11.700000,1,0,0,2.400000,9.810000,0.900000,30.000000,60.000000,6.000000,0.000000,0.000000,1.500000,0.037217,0.004494,1.474407,0.000000,0.000000,0.000000,-0.000291,-0.024357,-0.007266,0.999571,-0.002289,-0.029196,-0.000067,-0.022173,0.002502,0.000011,-0.025161,0.044541,0.000402,23.626054,23.626054,23.632122,0.501871,1.318611,-0.001296,-0.040562,0.942890
11.750000,1,0,0,2.400000,9.810000,0.900000,30.000000,60.000000,6.000000,0.000000,0.000000,1.500000,0.037163,0.003299,1.474067,0.000000,0.000000,0.000000,-0.001879,-0.023386,-0.006322,0.999572,-0.002815,-0.029112,-0.000082,-0.019955,0.004270,0.000024,-0.043962,0.015275,0.000900,23.632122,23.632122,23.637784,0.501992,1.269829,-0.096468,-0.045531,0.942820
11.800000,1,0,0,2.400000,9.810000,0.900000,30.000000,60.000000,6.000000,0.000000,0.000000,1.500000,0.037028,0.002158,1.473775,0.000000,0.000000,0.000000,-0.003538,-0.022241,-0.005354,0.999574,-0.003285,-0.028984,-0.000095,-0.017580,0.005918,0.000039,-0.057229,0.049802,0.000689,23.637784,23.637784,23.643032,0.502103,1.232287,-0.035830,-0.051905,0.942703
11.850000,1,0,0,2.400000,9.810000,0.900000,30.000000,60.000000,6.000000,0.000000,0.000000,1.500000,0.036808,0.001078,1.473532,0.000000,0.000000,0.000000,-0.005254,-0.020936,-0.004368,0.999578,-0.003693,-0.028817,-0.000106,-0.015077,0.007431,0.000055,-0.053389,0.053197,-0.027756,23.643032,23.643032,23.647860,0.502206,1.233910,-0.047028,-0.125736,0.942540
11.900000,1,0,0,2.400000,9.810000,0.900000,30.000000,60.000000,6.000000,0.000000,0.000000,1.500000,0.036502,0.000067,1.473338,0.000000,0.000000,0.000000,-0.007012,-0.019488,-0.003371,0.999582,-0.004038,-0.028614,-0.000116,-0.012481,0.008794,0.000071,-0.063120,0.098475,-0.042578,23.647860,23.647860,23.652268,0.502299,1.201234,0.045303,-0.166552,0.942328
11.950000,1,0,0,2.400000,9.810000,0.900000,30.000000,60.000000,6.000000,0.000000,0.000000,1.500000,0.036106,-0.000869,1.473195,0.000000,0.000000,0.000000,-0.008797,-0.017916,-0.002368,0.999588,-0.004316,-0.028379,-0.000123,-0.009825,0.009997,0.000086,-0.081695,0.111835,-0.018643,23.652268,23.652268,23.656259,0.502384,1.145790,0.064138,-0.114033,0.942067
12.000000,1,0,0,2.400000,9.810000,0.900000,30.000000,60.000000,6.000000,0.000000,0.000000,1.500000,0.035622,-0.001723,1.473102,0.000000,0.000000,0.000000,-0.010595,-0.016240,-0.001367,0.999594,-0.004528,-0.028115,-0.000127,-0.007145,0.011028,0.000100,-0.065525,0.107540,-0.048042,23.656259,23.656259,23.659841,0.502460,1.172388,0.043760,-0.189189,0.941757
12.050000,1,0,0,2.400000,9.810000,0.900000,30.000000,60.000000,6.000000,0.000000,0.000000,1.500000,0.035047,-0.002491,1.473058,0.000000,0.000000,0.000000,-0.012389,-0.014479,-0.000373,0.999602,-0.004674,-0.027829,-0.000130,-0.004475,0.011879,0.000111,-0.069423,0.082134,-0.032381,23.659841,23.659841,23.663026,0.502528,1.149685,-0.024119,-0.155875,0.941398
12.100000,1,0,0,2.400000,9.810000,0.900000,30.000000,60.000000,6.000000,0.000000,0.000000,1.500000,0.034383,-0.003170,1.473064,0.000000,0.000000,0.000000,-0.014164,-0.012656,0.000606,0.999610,-0.004753,-0.027523,-0.000131,-0.001850,0.012542,0.000119,-0.048533,0.084577,-0.025715,23.663026,23.663026,23.665828,0.502587,1.185552,-0.022019,-0.143823,0.940989
12.150000,1,0,0,2.400000,9.810000,0.900000,30.000000,60.000000,6.000000,0.000000,0.000000,1.500000,0.033631,-0.003756,1.473118,0.000000,0.000000,0.000000,-0.015905,-0.010793,0.001566,0.999619,-0.004767,-0.027204,-0.000130,0.000696,0.013012,0.000124,-0.055924,0.068996,0.008862,23.665828,23.665828,23.668269,0.502639,1.152851,-0.060113,-0.064457,0.940531
12.200000,1,0,0,2.400000,9.810000,0.900000,30.000000,60.000000,6.000000,0.000000,0.000000,1.500000,0.032793,-0.004249,1.473220,0.000000,0.000000,0.000000,-0.017596,-0.008913,0.002498,0.999628,-0.004719,-0.026875,-0.000127,0.003131,0.013285,0.000125,-0.094074,0.090250,-0.009489,23.668269,23.668269,23.670369,0.502684,1.045869,-0.006851,-0.111800,0.940025
12.250000,1,0,0,2.400000,9.810000,0.900000,30.000000,60.000000,6.000000,0.000000,0.000000,1.500000,0.031873,-0.004648,1.473368,0.000000,0.000000,0.000000,-0.019224,-0.007037,0.003399,0.999637,-0.004612,-0.026541,-0.000122,0.005423,0.013359,0.000123,-0.087708,0.106789,-0.014160,23.670369,23.670369,23.672154,0.502722,1.045501,0.037901,-0.125997,0.939471
12.300000,1,0,0,2.400000,9.810000,0.900000,30.000000,60.000000,6.000000,0.000000,0.000000,1.500000,0.030872,-0.004953,1.473559,0.000000,0.000000,0.000000,-0.020774,-0.005188,0.004261,0.999647,-0.004449,-0.026209,-0.000117,0.007542,0.013235,0.000118,-0.070186,0.122251,0.004131,23.672154,23.672154,23.673652,0.502753,1.071915,0.082684,-0.084782,0.938871
12.350000,1,0,0,2.400000,9.810000,0.900000,30.000000,60.000000,6.000000,0.000000,0.000000,1.500000,0.029797,-0.005167,1.473793,0.000000,0.000000,0.000000,-0.022232,-0.003390,0.005081,0.999656,-0.004236,-0.025881,-0.000110,0.009462,0.012915,0.000109,-0.067794,0.099261,0.004243,23.673652,23.673652,23.674891,0.502780,1.062263,0.037579,-0.086905,0.938227
12.400000,1,0,0,2.400000,9.810000,0.900000,30.000000,60.000000,6.000000,0.000000,0.000000,1.500000,0.028651,-0.005293,1.474067,0.000000,0.000000,0.000000,-0.023585,-0.001662,0.005851,0.999665,-0.003978,-0.025565,-0.000102,0.011159,0.012402,0.000099,-0.088988,0.084917,-0.007856,23.674891,23.674891,23.675901,0.502801,0.996485,0.015371,-0.118049,0.937539
12.450000,1,0,0,2.400000,9.810000,0.900000,30.000000,60.000000,6.000000,0.000000,0.000000,1.500000,0.027440,-0.005335,1.474377,0.000000,0.000000,0.000000,-0.024822,-0.000026,0.006569,0.999674,-0.003681,-0.025263,-0.000093,0.012611,0.011701,0.000086,-0.047014,0.045075,0.019167,23.675901,23.675901,23.676713,0.502818,1.083012,-0.066163,-0.055037,0.936809
12.500000,1,0,0,2.400000,9.810000,0.900000,30.000000,60.000000,6.000000,0.000000,0.000000,1.500000,0.026171,-0.005298,1.474723,0.000000,0.000000,0.000000,-0.025931,0.001498,0.007229,0.999682,-0.003350,-0.024981,-0.000084,0.013799,0.010821,0.000073,-0.048909,0.017822,0.042230,23.676713,23.676713,23.677358,0.502832,1.065178,-0.115920,-0.001276,0.936041
12.550000,1,0,0,2.400000,9.810000,0.900000,30.000000,60.000000,6.000000,0.000000,0.000000,1.500000,0.024849,-0.005187,1.475099,0.000000,0.000000,0.000000,-0.026902,0.002892,0.007828,0.999690,-0.002993,-0.024724,-0.000074,0.014709,0.009769,0.000059,-0.029894,0.028054,0.046992,23.677358,23.677358,23.677867,0.502843,1.098663,-0.074464,0.008794,0.935236
12.600000,1,0,0,2.400000,9.810000,0.900000,30.000000,60.000000,6.000000,0.000000,0.000000,1.500000,0.023483,-0.005011,1.475504,0.000000,0.000000,0.000000,-0.027726,0.004139,0.008362,0.999697,-0.002617,-0.024494,-0.000064,0.015330,0.008558,0.000045,-0.017171,0.009102,0.049503,23.677867,23.677867,23.678270,0.502851,1.118377,-0.102142,0.013677,0.934397
12.650000,1,0,0,2.400000,9.810000,0.900000,30.000000,60.000000,6.000000,0.000000,0.000000,1.500000,0.022079,-0.004776,1.475934,0.000000,0.000000,0.000000,-0.028396,0.005225,0.008828,0.999702,-0.002230,-0.024297,-0.000054,0.015654,0.007197,0.000032,-0.025145,0.031965,0.052513,23.678270,23.678270,23.678597,0.502858,1.089936,-0.028901,0.019954,0.933526
12.700000,1,0,0,2.400000,9.810000,0.900000,30.000000,60.000000,6.000000,0.000000,0.000000,1.500000,0.020646,-0.004491,1.476386,0.000000,0.000000,0.000000,-0.028904,0.006135,0.009224,0.999707,-0.001837,-0.024136,-0.000044,0.015678,0.005703,0.000021,0.007646,0.003660,0.062146,23.678597,23.678597,23.678877,0.502864,1.161014,-0.078257,0.042299,0.932628
12.750000,1,0,0,2.400000,9.810000,0.900000,30.000000,60.000000,6.000000,0.000000,0.000000,1.500000,0.019192,-0.004166,1.476855,0.000000,0.000000,0.000000,-0.029246,0.006858,0.009547,0.999711,-0.001448,-0.024013,-0.000035,0.015402,0.004088,0.000012,0.034519,0.014086,0.019194,23.678877,23.678877,23.679138,0.502870,1.219724,-0.034807,-0.061404,0.931703
12.800000,1,0,0,2.400000,9.810000,0.900000,30.000000,60.000000,6.000000,0.000000,0.000000,1.500000,0.017724,-0.003809,1.477339,0.000000,0.000000,0.000000,-0.029418,0.007384,0.009797,0.999713,-0.001070,-0.023932,-0.000026,0.014830,0.002368,0.000005,0.029437,0.024539,0.019084,23.679138,23.679138,23.679404,0.502876,1.203715,0.008205,-0.062158,0.930757
12.850000,1,0,0,2.400000,9.810000,0.900000,30.000000,60.000000,6.000000,0.000000,0.000000,1.500000,0.016253,-0.003431,1.477834,0.000000,0.000000,0.000000,-0.029416,0.007707,0.009972,0.999714,-0.000710,-0.023896,-0.000017,0.013971,0.000561,0.000001,0.011549,0.009760,0.042516,23.679404,23.679404,23.679703,0.502882,1.159058,-0.010189,-0.006300,0.929793
12.900000,1,0,0,2.400000,9.810000,0.900000,30.000000,60.000000,6.000000,0.000000,0.000000,1.500000,0.014786,-0.003042,1.478335,0.000000,0.000000,0.000000,-0.029240,0.007822,0.010072,0.999714,-0.000374,-0.023905,-0.000009,0.012835,-0.001315,-0.000001,0.035855,0.043891,0.036271,23.679703,23.679703,23.680058,0.502889,1.217848,0.087620,-0.021582,0.928813
12.950000,1,0,0,2.400000,9.810000,0.900000,30.000000,60.000000,6.000000,0.000000,0.000000,1.500000,0.013332,-0.002652,1.478840,0.000000,0.000000,0.000000,-0.028891,0.007726,0.010097,0.999713,-0.000070,-0.023962,-0.000002,0.011438,-0.003244,-0.000000,0.008228,0.029083,0.029035,23.680058,23.680058,23.680492,0.502899,1.154254,0.066476,-0.039182,0.927822
13.000000,1,0,0,2.400000,9.810000,0.900000,30.000000,60.000000,6.000000,0.000000,0.000000,1.500000,0.011899,-0.002273,1.479344,0.000000,0.000000,0.000000,-0.028369,0.007418,0.010048,0.999710,0.000203,-0.024067,0.000005,0.030479,-0.005205,0.000002,0.007119,-0.004257,0.059234,23.680492,23.680492,23.681075,0.502911,1.156606,-0.000614,0.033105,0.926823
13.050000,1,0,0,2.400000,9.810000,0.900000,30.000000,60.000000,6.000000,-0.000000,0.000001,1.500000,0.010498,-0.001921,1.479844,-0.000000,0.000105,0.000000,-0.027678,0.006512,0.009926,0.999706,0.001078,-0.024222,0.000026,0.019327,-0.007178,0.000015,0.046549,-0.032816,0.071674,23.681075,23.681075,23.681738,0.502925,1.258584,-0.027703,0.062786,0.925821
13.100000,1,0,0,2.400000,9.810000,0.900000,30.000000,60.000000,6.000000,-0.000000,0.000021,1.500000,0.009134,-0.001629,1.480335,-0.000000,0.000809,0.000000,-0.026822,0.005113,0.009732,0.999701,0.001194,-0.024426,0.000029,-0.009368,-0.009131,0.000022,0.011673,-0.041554,0.055096,23.681738,23.681738,23.682483,0.502941,1.184562,-0.043153,0.022819,0.924818
13.150000,1,0,0,2.400000,9.810000,0.900000,30.000000,60.000000,6.000000,-0.000000,0.000101,1.500000,0.007818,-0.001407,1.480816,-0.000000,0.002624,0.000000,-0.025807,0.003884,0.009469,0.999695,0.000640,-0.024678,0.000016,-0.034332,-0.011026,0.000014,0.053348,0.016554,0.078706,23.682483,23.682483,23.683431,0.502961,1.296548,0.070073,0.079277,0.923819
13.200000,1,0,0,2.400000,9.810000,0.900000,30.000000,60.000000,6.000000,-0.000000,0.000309,1.500000,0.006556,-0.001229,1.481281,-0.000002,0.005976,0.000000,-0.024638,0.003395,0.009140,0.999688,-0.000492,-0.024976,-0.000012,-0.055735,-0.012851,-0.000013,0.046960,0.066530,0.061830,23.683431,23.683431,23.684772,0.502990,1.295389,0.136345,0.038520,0.922827
13.250000,1,0,0,2.400000,9.810000,0.900000,30.000000,60.000000,6.000000,-0.000000,0.000730,1.500000,0.005357,-0.001047,1.481729,-0.000008,0.011207,0.000000,-0.023321,0.004129,0.008748,0.999677,-0.002117,-0.025320,-0.000054,-0.073743,-0.014629,-0.000062,0.024674,0.129513,0.029250,23.684772,23.684772,23.686721,0.503031,1.258213,0.210510,-0.039991,0.921847
13.300000,1,0,0,2.400000,9.810000,0.900000,30.000000,60.000000,6.000000,-0.000001,0.001465,1.500000,0.004227,-0.000789,1.482155,-0.000027,0.018579,0.000000,-0.021866,0.006481,0.008297,0.999661,-0.004151,-0.025708,-0.000107,-0.088521,-0.016427,-0.000136,0.021848,0.171776,0.003254,23.686721,23.686721,23.689493,0.503090,1.269858,0.215535,-0.102786,0.920881
13.350000,1,0,0,2.400000,9.810000,0.900000,30.000000,60.000000,6.000000,-0.000003,0.002626,1.500000,0.003172,-0.000366,1.482557,-0.000074,0.028281,0.000000,-0.020283,0.010769,0.007790,0.999637,-0.006516,-0.026141,-0.000170,-0.100234,-0.018342,-0.000239,0.025006,0.142055,0.009501,23.689493,23.689493,23.693279,0.503170,1.298065,0.032105,-0.088301,0.919935
13.400000,1,0,0,2.400000,9.810000,0.900000,30.000000,60.000000,6.000000,-0.000009,0.004334,1.500000,0.002200,0.000324,1.482933,-0.000175,0.040435,0.000000,-0.018591,0.017236,0.007232,0.999604,-0.009137,-0.026626,-0.000243,-0.109044,-0.020500,-0.000375,-0.029763,0.177726,-0.011737,23.693279,23.693279,23.698231,0.503275,1.189658,-0.006561,-0.139897,0.919011
13.450000,1,0,0,2.400000,9.810000,0.900000,30.000000,60.000000,6.000000,-0.000023,0.006712,1.500000,0.001315,0.001397,1.483280,-0.000370,0.055097,0.000000,-0.016817,0.026055,0.006629,0.999559,-0.011943,-0.027168,-0.000325,-0.115113,-0.023036,-0.000551,-0.009198,0.234976,-0.028805,23.698231,23.698231,23.704457,0.503408,1.264840,-0.002288,-0.181620,0.918113
13.500000,1,0,0,2.400000,9.810000,0.900000,30.000000,60.000000,6.000000,-0.000049,0.009885,1.500000,0.000519,0.002971,1.483595,-0.000714,0.072264,0.000000,-0.015003,0.037331,0.005985,0.999503,-0.014868,-0.027780,-0.000413,-0.118603,-0.026079,-0.000776,0.001214,0.281501,-0.031819,23.704457,23.704457,23.712012,0.503568,1.318968,-0.029477,-0.189757,0.917245
13.550000,1,0,0,2.400000,9.810000,0.900000,30.000000,60.000000,6.000000,-0.000098,0.013979,1.500000,-0.000186,0.005171,1.483878,-0.001284,0.091878,0.000000,-0.013206,0.051113,0.005305,0.999435,-0.017850,-0.028475,-0.000509,-0.119671,-0.029741,-0.001063,-0.017139,0.332579,-0.023751,23.712012,23.712012,23.720901,0.503757,1.308052,-0.048519,-0.171454,0.916409
13.600000,1,0,0,2.400000,9.810000,0.900000,30.000000,60.000000,6.000000,-0.000183,0.019112,1.500000,-0.000803,0.008124,1.484125,-0.002176,0.113831,0.000000,-0.011503,0.067391,0.004596,0.999354,-0.020829,-0.029270,-0.000610,-0.118468,-0.034100,-0.001422,-0.010697,0.356584,-0.031730,23.720901,23.720901,23.731081,0.503973,1.361427,-0.132559,-0.191827,0.915609
13.650000,1,0,0,2.400000,9.810000,0.900000,30.000000,60.000000,6.000000,-0.000323,0.025399,1.500000,-0.001340,0.011951,1.484337,-0.003505,0.137967,0.000000,-0.009994,0.086101,0.003864,0.999262,-0.023750,-0.030182,-0.000717,-0.115139,-0.039187,-0.001864,-0.055301,0.425886,-0.049916,23.731081,23.731081,23.742469,0.504215,1.297935,-0.105316,-0.236869,0.914849
13.700000,1,0,0,2.400000,9.810000,0.900000,30.000000,60.000000,6.000000,-0.000543,0.032942,1.500000,-0.001808,0.016772,1.484511,-0.005408,0.164090,0.000000,-0.008801,0.107135,0.003114,0.999159,-0.026563,-0.031231,-0.000830,-0.109821,-0.044983,-0.002394,-0.015212,0.422314,-0.052620,23.742469,23.742469,23.754939,0.504480,1.444221,-0.247979,-0.244934,0.914129
13.750000,1,0,0,2.400000,9.810000,0.900000,30.000000,60.000000,6.000000,-0.000876,0.041837,1.500000,-0.002227,0.022701,1.484648,-0.008038,0.191963,0.000000,-0.008068,0.130337,0.002353,0.999046,-0.029220,-0.032434,-0.000949,-0.102642,-0.051407,-0.003010,-0.011245,0.464805,-0.042863,23.754939,23.754939,23.768341,0.504764,1.511140,-0.272823,-0.223270,0.913455
13.800000,1,0,0,2.400000,9.810000,0.900000,30.000000,60.000000,6.000000,-0.001361,0.052163,1.500000,-0.002625,0.029839,1.484747,-0.011560,0.221313,0.000000,-0.007961,0.155513,0.001587,0.998926,-0.031674,-0.033803,-0.001072,-0.093721,-0.058318,-0.003702,-0.040474,0.492408,-0.027080,23.768341,23.768341,23.782495,0.505065,1.506404,-0.323990,-0.187325,0.912826
13.850000,1,0,0,2.400000,9.810000,0.900000,30.000000,60.000000,6.000000,-0.002049,0.063988,1.500000,-0.003037,0.038281,1.484807,-0.016148,0.251837,0.000000,-0.008660,0.182428,0.000822,0.998800,-0.033884,-0.035350,-0.001199,-0.083176,-0.065516,-0.004450,-0.062676,0.533999,-0.023035,23.782495,23.782495,23.797205,0.505377,1.527031,-0.330173,-0.179731,0.912247
13.900000,1,0,0,2.400000,9.810000,0.900000,30.000000,60.000000,6.000000,-0.002997,0.077361,1.500000,-0.003508,0.048106,1.484829,-0.021974,0.283200,0.000000,-0.010359,0.210814,0.000065,0.998670,-0.035811,-0.037078,-0.001330,-0.071125,-0.072748,-0.005224,-0.050483,0.556866,-0.040615,23.797205,23.797205,23.812262,0.505697,1.638920,-0.368007,-0.224215,0.911719
13.950000,1,0,0,2.400000,9.810000,0.900000,30.000000,60.000000,6.000000,-0.004270,0.092316,1.500000,-0.004093,0.059382,1.484814,-0.029208,0.315044,0.000000,-0.013258,0.240370,-0.000678,0.998538,-0.037419,-0.038985,-0.001461,-0.057695,-0.079713,-0.005983,-0.086072,0.559344,-0.007537,23.812262,23.812262,23.827446,0.506020,1.644735,-0.439751,-0.147288,0.911243
14.000000,1,0,0,2.400000,9.810000,0.900000,30.000000,60.000000,6.000000,-0.005944,0.108867,1.500000,-0.004857,0.072157,1.484762,-0.038002,0.346991,0.000000,-0.017554,0.270767,-0.001400,0.998407,-0.038676,-0.041060,-0.001591,-0.043031,-0.086079,-0.006679,-0.116688,0.543311,0.005809,23.827446,23.827446,23.842532,0.506340,1.670591,-0.539309,-0.117881,0.910822
14.050000,1,0,0,2.400000,9.810000,0.900000,30.000000,60.000000,6.000000,-0.008099,0.127010,1.500000,-0.005875,0.086466,1.484674,-0.048484,0.378645,0.000000,-0.023435,0.301649,-0.002097,0.998278,-0.039552,-0.043283,-0.001715,-0.027303,-0.091493,-0.007261,-0.125629,0.557926,0.022855,23.842532,23.842532,23.857291,0.506653,1.755670,-0.547291,-0.079750,0.910455
14.100000,1,0,0,2.400000,9.810000,0.900000,30.000000,60.000000,6.000000,-0.010822,0.146720,1.500000,-0.007229,0.102324,1.484552,-0.060754,0.409600,0.000000,-0.031068,0.332640,-0.002762,0.998155,-0.040023,-0.045628,-0.001830,-0.010716,-0.095602,-0.007679,-0.200350,0.600138,0.020730,23.857291,23.857291,23.871492,0.506955,1.688746,-0.469828,-0.087771,0.910145
14.150000,1,0,0,2.400000,9.810000,0.900000,30.000000,60.000000,6.000000,-0.014205,0.167951,1.500000,-0.009013,0.119726,1.484398,-0.074869,0.439446,0.000000,-0.040591,0.363347,-0.003389,0.998039,-0.040073,-0.048055,-0.001929,0.006485,-0.098068,-0.007888,-0.252186,0.603488,0.031236,23.871492,23.871492,23.884907,0.507240,1.680865,-0.465489,-0.065605,0.909892
14.200000,1,0,0,2.400000,9.810000,0.900000,30.000000,60.000000,6.000000,-0.018340,0.190639,1.500000,-0.011322,0.138647,1.484214,-0.090843,0.467778,0.000000,-0.052108,0.393365,-0.003973,0.997932,-0.039688,-0.050522,-0.002009,0.024008,-0.098591,-0.007854,-0.313210,0.596018,0.031444,23.884907,23.884907,23.897314,0.507503,1.652898,-0.466358,-0.068271,0.909696
14.250000,1,0,0,2.400000,9.810000,0.900000,30.000000,60.000000,6.000000,-0.023319,0.214697,1.500000,-0.014258,0.159044,1.484002,-0.108637,0.494201,0.000000,-0.065674,0.422287,-0.004510,0.997837,-0.038865,-0.052974,-0.002063,0.041515,-0.096926,-0.007562,-0.312885,0.579648,0.046946,23.897314,23.897314,23.908501,0.507741,1.771657,-0.467588,-0.034326,0.909558
14.300000,1,0,0,2.400000,9.810000,0.900000,30.000000,60.000000,6.000000,-0.029232,0.240021,1.500000,-0.017923,0.180851,1.483764,-0.128160,0.518344,0.000000,-0.081295,0.449707,-0.004994,0.997756,-0.037610,-0.055357,-0.002087,0.058626,-0.092909,-0.007014,-0.344175,0.539862,0.066650,23.908501,23.908501,23.918270,0.507948,1.811276,-0.504204,0.009624,0.909477
14.350000,1,0,0,2.400000,9.810000,0.900000,30.000000,60.000000,6.000000,-0.036162,0.266488,1.500000,-0.022421,0.203983,1.483503,-0.149265,0.539865,0.000000,-0.098917,0.475235,-0.005422,0.997690,-0.035937,-0.057608,-0.002075,0.074926,-0.086463,-0.006237,-0.392122,0.494735,0.044679,23.918270,23.918270,23.926451,0.508122,1.804758,-0.533502,-0.046504,0.909453
14.400000,1,0,0,2.400000,9.810000,0.900000,30.000000,60.000000,6.000000,-0.044182,0.293959,1.500000,-0.027847,0.228337,1.483223,-0.171754,0.558466,0.000000,-0.118429,0.498503,-0.005789,0.997641,-0.033874,-0.059669,-0.002026,0.089976,-0.077626,-0.005277,-0.407961,0.482977,0.010075,23.926451,23.926451,23.932903,0.508259,1.866203,-0.463765,-0.132989,0.909485
14.450000,1,0,0,2.400000,9.810000,0.900000,30.000000,60.000000,6.000000,-0.053356,0.322282,1.500000,-0.034292,0.253790,1.482926,-0.195382,0.573898,0.000000,-0.139662,0.519178,-0.006092,0.997611,-0.031455,-0.061480,-0.001939,0.103332,-0.066549,-0.004201,-0.441183,0.405915,0.011582,23.932903,23.932903,23.937530,0.508357,1.873996,-0.533547,-0.132823,0.909573
14.500000,1,0,0,2.400000,9.810000,0.900000,30.000000,60.000000,6.000000,-0.063734,0.351293,1.500000,-0.041838,0.280207,1.482615,-0.219862,0.585975,0.000000,-0.162389,0.536969,-0.006329,0.997599,-0.028731,-0.062989,-0.001814,0.114563,-0.053509,-0.003085,-0.435225,0.346453,-0.002284,23.937530,23.937530,23.940284,0.508416,1.961308,-0.546156,-0.169545,0.909715
14.550000,1,0,0,2.400000,9.810000,0.900000,30.000000,60.000000,6.000000,-0.075351,0.380821,1.500000,-0.050551,0.307435,1.482294,-0.244881,0.594580,0.000000,-0.186335,0.551643,-0.006497,0.997606,-0.025757,-0.064151,-0.001656,0.123272,-0.038903,-0.002010,-0.436808,0.280387,-0.031274,23.940284,23.940284,23.941179,0.508435,2.013836,-0.562470,-0.242533,0.909909
14.600000,1,0,0,2.400000,9.810000,0.900000,30.000000,60.000000,6.000000,-0.088226,0.410692,1.500000,-0.060486,0.335316,1.481966,-0.270111,0.599670,0.000000,-0.211185,0.563029,-0.006593,0.997633,-0.022602,-0.064933,-0.001471,0.129120,-0.023245,-0.001054,-0.452913,0.179886,-0.033413,23.941179,23.941179,23.940288,0.508416,2.013207,-0.652530,-0.251022,0.910154
14.650000,1,0,0,2.400000,9.810000,0.900000,30.000000,60.000000,6.000000,-0.102360,0.440730,1.500000,-0.071679,0.363682,1.481636,-0.295223,0.601284,0.000000,-0.236598,0.571032,-0.006617,0.997676,-0.019341,-0.065317,-0.001266,0.131842,-0.007150,-0.000277,-0.474392,0.084439,-0.024682,23.940288,23.940288,23.937754,0.508362,1.980445,-0.725191,-0.233340,0.910448
14.700000,1,0,0,2.400000,9.810000,0.900000,30.000000,60.000000,6.000000,-0.117741,0.470765,1.500000,-0.084149,0.392363,1.481306,-0.319910,0.599542,0.000000,-0.262219,0.575631,-0.006568,0.997736,-0.016052,-0.065301,-0.001051,0.131269,0.008682,0.000279,-0.474264,0.030222,0.011460,23.937754,23.937754,23.933782,0.508278,1.980180,-0.697520,-0.149766,0.910790
14.750000,1,0,0,2.400000,9.810000,0.900000,30.000000,60.000000,6.000000,-0.134340,0.500632,1.500000,-0.097899,0.421189,1.480980,-0.343897,0.594644,0.000000,-0.287701,0.576892,-0.006445,0.997809,-0.012820,-0.064899,-0.000834,0.127338,0.023491,0.000604,-0.429188,0.015185,0.024985,23.933782,23.933782,23.928638,0.508168,2.069200,-0.578475,-0.120337,0.911175
14.800000,1,0,0,2.400000,9.810000,0.900000,30.000000,60.000000,6.000000,-0.152115,0.530181,1.500000,-0.112912,0.449999,1.480663,-0.366968,0.586868,0.000000,-0.312720,0.574962,-0.006249,0.997893,-0.009728,-0.064149,-0.000625,0.120101,0.036481,0.000711,-0.434427,-0.072229,0.027190,23.928638,23.928638,23.922639,0.508041,2.020596,-0.639829,-0.117919,0.911603
14.850000,1,0,0,2.400000,9.810000,0.900000,30.000000,60.000000,6.000000,-0.171019,0.559276,1.500000,-0.129158,0.478636,1.480357,-0.388981,0.576563,0.000000,-0.336994,0.570069,-0.005980,0.997983,-0.006855,-0.063104,-0.000433,0.109727,0.046849,0.000644,-0.447631,-0.149965,0.039807,23.922639,23.922639,23.916148,0.507903,1.938696,-0.688542,-0.090326,0.912069
14.900000,1,0,0,2.400000,9.810000,0.900000,30.000000,60.000000,6.000000,-0.190995,0.587802,1.500000,-0.146595,0.506961,1.480066,-0.409888,0.564138,0.000000,-0.360307,0.562519,-0.005640,0.998077,-0.004277,-0.061841,-0.000265,0.096499,0.053809,0.000461,-0.427905,-0.159236,0.039384,23.916148,23.916148,23.909563,0.507763,1.925302,-0.587141,-0.093823,0.912572
14.950000,1,0,0,2.400000,9.810000,0.900000,30.000000,60.000000,6.000000,-0.211990,0.615663,1.500000,-0.165171,0.534850,1.479794,-0.429749,0.550052,0.000000,-0.382526,0.552683,-0.005230,0.998169,-0.002061,-0.060455,-0.000125,0.080803,0.056620,0.000234,-0.420781,-0.212886,0.020154,23.909563,23.909563,23.903344,0.507631,1.875709,-0.609641,-0.142221,0.913108
15.000000,1,0,0,2.400000,9.810000,0.900000,30.000000,60.000000,6.000000,-0.233956,0.642788,1.500000,-0.184829,0.562199,1.479544,-0.448750,0.534800,0.000000,-0.403618,0.540994,-0.004754,0.998254,-0.000267,-0.059061,-0.000016,0.047364,0.041371,0.000022,-0.408986,-0.227126,0.011784,23.903344,23.903344,23.900930,0.507580,1.836999,-0.557870,-0.164300,0.913673
15.050000,1,0,0,2.400000,9.810000,0.900000,30.000000,60.000000,6.000000,-0.256855,0.669131,1.500000,-0.205520,0.588932,1.479319,-0.467141,0.518813,0.000000,-0.423966,0.528241,-0.004213,0.998297,0.000534,-0.058327,0.000031,0.032550,0.030482,-0.000033,-0.390794,-0.255020,0.002851,23.900930,23.900930,23.898018,0.507518,1.845465,-0.586480,-0.187453,0.914265
15.100000,1,0,0,2.400000,9.810000,0.900000,30.000000,60.000000,6.000000,-0.280660,0.694658,1.500000,-0.227219,0.615013,1.479124,-0.484963,0.502194,0.000000,-0.443895,0.514901,-0.003611,0.998343,0.001362,-0.057536,0.000078,0.033764,0.032850,-0.000090,-0.375232,-0.296174,0.024276,23.898018,23.898018,23.894605,0.507446,1.844866,-0.645614,-0.137445,0.914879
15.150000,1,0,0,2.400000,9.810000,0.900000,30.000000,60.000000,6.000000,-0.305342,0.719340,1.500000,-0.249902,0.640412,1.478959,-0.502194,0.484963,0.000000,-0.463369,0.500969,-0.002951,0.998389,0.002218,-0.056688,0.000126,0.034769,0.035058,-0.000156,-0.377791,-0.262709,0.025163,23.894605,23.894605,23.890713,0.507363,1.797998,-0.524347,-0.136406,0.915513
15.200000,1,0,0,2.400000,9.810000,0.900000,30.000000,60.000000,6.000000,-0.330869,0.743145,1.500000,-0.273547,0.665100,1.478829,-0.518813,0.467141,0.000000,-0.482354,0.486445,-0.002239,0.998438,0.003096,-0.055787,0.000173,0.035545,0.037096,-0.000230,-0.371764,-0.236277,0.026242,23.890713,23.890713,23.886367,0.507271,1.769157,-0.418908,-0.134569,0.916162
15.250000,1,0,0,2.400000,9.810000,0.900000,30.000000,60.000000,6.000000,-0.357212,0.766044,1.500000,-0.298129,0.689047,1.478736,-0.534800,0.448750,0.000000,-0.500815,0.471324,-0.001478,0.998487,0.003991,-0.054837,0.000219,0.036077,0.038953,-0.000311,-0.368079,-0.277266,0.040295,23.886367,23.886367,23.881589,0.507169,1.732330,-0.474513,-0.101240,0.916824
15.300000,1,0,0,2.400000,9.810000,0.900000,30.000000,60.000000,6.000000,-0.384339,0.788011,1.500000,-0.323620,0.712223,1.478682,-0.550135,0.429813,0.000000,-0.518718,0.455606,-0.000674,0.998537,0.004895,-0.053843,0.000264,0.036352,0.040621,-0.000398,-0.396449,-0.281073,0.035239,23.881589,23.881589,23.876403,0.507059,1.616429,-0.440421,-0.113400,0.917493
15.350000,1,0,0,2.400000,9.810000,0.900000,30.000000,60.000000,6.000000,-0.412215,0.809017,1.500000,-0.349991,0.734598,1.478669,-0.564800,0.410352,0.000000,-0.536027,0.439290,0.000169,0.998588,0.005804,-0.052810,0.000307,0.036359,0.042092,-0.000489,-0.386875,-0.310858,0.000222,23.876403,23.876403,23.870831,0.506941,1.589689,-0.468530,-0.197082,0.918167
15.400000,1,0,0,2.400000,9.810000,0.900000,30.000000,60.000000,6.000000,-0.440807,0.829038,1.500000,-0.377212,0.756142,1.478700,-0.578777,0.390390,0.000000,-0.552710,0.422376,0.001044,0.998638,0.006709,-0.051743,0.000348,0.036092,0.043360,-0.000583,-0.381806,-0.351229,-0.013096,23.870831,23.870831,23.864892,0.506815,1.550473,-0.522226,-0.228294,0.918841
15.450000,1,0,0,2.400000,9.810000,0.900000,30.000000,60.000000,6.000000,-0.470081,0.848048,1.500000,-0.405251,0.776825,1.478774,-0.592049,0.369953,0.000000,-0.568731,0.404867,0.001946,0.998688,0.007604,-0.050646,0.000386,0.035548,0.044423,-0.000677,-0.328180,-0.358131,-0.000168,23.864892,23.864892,23.858606,0.506681,1.626381,-0.496105,-0.196107,0.919513
15.500000,1,0,0,2.400000,9.810000,0.900000,30.000000,60.000000,6.000000,-0.500000,0.866025,1.500000,-0.434073,0.796619,1.478895,-0.604600,0.349066,0.000000,-0.584059,0.386764,0.002870,0.998737,0.008483,-0.049525,0.000421,0.034726,0.045276,-0.000769,-0.304592,-0.375732,-0.014304,23.858606,23.858606,23.851989,0.506541,1.629033,-0.496504,-0.228465,0.920177
15.550000,1,0,0,2.400000,9.810000,0.900000,30.000000,60.000000,6.000000,-0.530528,0.882948,1.500000,-0.463645,0.815492,1.479061,-0.616414,0.327753,0.000000,-0.598662,0.368074,0.003807,0.998785,0.009337,-0.048386,0.000452,0.033629,0.045921,-0.000859,-0.273247,-0.378695,0.004078,23.851989,23.851989,23.845056,0.506393,1.649395,-0.462949,-0.182360,0.920831
15.600000,1,0,0,2.400000,9.810000,0.900000,30.000000,60.000000,6.000000,-0.561629,0.898794,1.500000,-0.493927,0.833416,1.479275,-0.627477,0.306041,0.000000,-0.612508,0.348804,0.004754,0.998832,0.010161,-0.047233,0.000480,0.032265,0.046357,-0.000943,-0.256051,-0.375999,0.002582,23.845056,23.845056,23.837820,0.506240,1.635145,-0.417307,-0.183543,0.921472
15.650000,1,0,0,2.400000,9.810000,0.900000,30.000000,60.000000,6.000000,-0.593263,0.913545,1.500000,-0.524882,0.850363,1.479537,-0.637775,0.283956,0.000000,-0.625567,0.328963,0.005702,0.998878,0.010947,-0.046071,0.000505,0.030643,0.046588,-0.001021,-0.267842,-0.374583,0.010341,23.837820,23.837820,23.830291,0.506080,1.550920,-0.376548,-0.162094,0.922095
15.700000,1,0,0,2.400000,9.810000,0.900000,30.000000,60.000000,6.000000,-0.625393,0.927184,1.500000,-0.556470,0.866303,1.479846,-0.647296,0.261525,0.000000,-0.637811,0.308561,0.006645,0.998923,0.011690,-0.044906,0.000526,0.028775,0.046618,-0.001091,-0.278661,-0.400995,0.023726,23.830291,23.830291,23.822479,0.505914,1.468871,-0.404689,-0.126724,0.922697
15.750000,1,0,0,2.400000,9.810000,0.900000,30.000000,60.000000,6.000000,-0.657980,0.939693,1.500000,-0.588649,0.881210,1.480201,-0.656029,0.238775,0.000000,-0.649213,0.287613,0.007578,0.998966,0.012384,-0.043743,0.000542,0.026678,0.046453,-0.001152,-0.275326,-0.390485,0.035775,23.822479,23.822479,23.814394,0.505742,1.420874,-0.346610,-0.094146,0.923275
15.800000,1,0,0,2.400000,9.810000,0.900000,30.000000,60.000000,6.000000,-0.690983,0.951057,1.500000,-0.621377,0.895056,1.480603,-0.663963,0.215735,0.000000,-0.659746,0.266135,0.008494,0.999008,0.013022,-0.042586,0.000555,0.024369,0.046100,-0.001202,-0.249526,-0.383951,0.032870,23.814394,23.814394,23.806042,0.505565,1.427105,-0.300728,-0.097050,0.923827
15.850000,1,0,0,2.400000,9.810000,0.900000,30.000000,60.000000,6.000000,-0.724363,0.961262,1.500000,-0.654609,0.907815,1.481050,-0.671087,0.192431,0.000000,-0.669387,0.244145,0.009386,0.999048,0.013601,-0.041440,0.000564,0.021871,0.045568,-0.001241,-0.237611,-0.432464,0.037289,23.806042,23.806042,23.797433,0.505382,1.400549,-0.389849,-0.081977,0.924349
15.900000,1,0,0,2.400000,9.810000,0.900000,30.000000,60.000000,6.000000,-0.758078,0.970296,1.500000,-0.688301,0.919462,1.481541,-0.677394,0.168893,0.000000,-0.678114,0.221665,0.010249,0.999087,0.014115,-0.040310,0.000569,0.019204,0.044867,-0.001268,-0.207370,-0.427585,0.010059,23.797433,23.797433,23.788574,0.505194,1.418721,-0.353931,-0.142474,0.924838
15.950000,1,0,0,2.400000,9.810000,0.900000,30.000000,60.000000,6.000000,-0.792088,0.978148,1.500000,-0.722405,0.929974,1.482075,-0.682876,0.145150,0.000000,-0.685906,0.198719,0.011077,0.999125,0.014560,-0.039199,0.000571,0.016395,0.044010,-0.001283,-0.195783,-0.446590,0.015602,23.788574,23.788574,23.779475,0.505001,1.393062,-0.378618,-0.123939,0.925293
16.000000,1,0,0,2.400000,9.810000,0.900000,30.000000,60.000000,6.000000,-0.826352,0.984808,1.500000,-0.756875,0.939327,1.482648,-0.687526,0.121229,0.000000,-0.692746,0.175333,0.011863,0.999162,0.014934,-0.038111,0.000570,0.013469,0.043008,-0.001286,-0.131329,-0.430658,0.015638,23.779475,23.779475,23.770147,0.504803,1.495409,-0.322889,-0.118260,0.925710
16.050000,1,0,0,2.400000,9.810000,0.900000,30.000000,60.000000,6.000000,-0.860827,0.990268,1.500000,-0.791663,0.947500,1.483260,-0.691338,0.097161,0.000000,-0.698616,0.151536,0.012604,0.999197,0.015234,-0.037050,0.000565,0.010455,0.041875,-0.001277,-0.124165,-0.468157,-0.003199,23.770147,23.770147,23.760601,0.504600,1.461549,-0.398948,-0.157534,0.926088
16.100000,1,0,0,2.400000,9.810000,0.900000,30.000000,60.000000,6.000000,-0.895472,0.994522,1.500000,-0.826720,0.954474,1.483908,-0.694307,0.072975,0.000000,-0.703503,0.127361,0.013292,0.999231,0.015457,-0.036019,0.000557,0.007380,0.040626,-0.001257,-0.107840,-0.472106,-0.007525,23.760601,23.760601,23.750852,0.504393,1.451110,-0.398122,-0.161654,0.926426
16.150000,1,0,0,2.400000,9.810000,0.900000,30.000000,60.000000,6.000000,-0.930244,0.997564,1.500000,-0.861997,0.960230,1.484588,-0.696431,0.048699,0.000000,-0.707395,0.102841,0.013925,0.999265,0.015603,-0.035020,0.000547,0.004274,0.039276,-0.001227,-0.050071,-0.495913,0.011223,23.750852,23.750852,23.740917,0.504182,1.541706,-0.448641,-0.110096,0.926721
16.200000,1,0,0,2.400000,9.810000,0.900000,30.000000,60.000000,6.000000,-0.965101,0.999391,1.500000,-0.897443,0.964753,1.485299,-0.697706,0.024364,0.000000,-0.710282,0.078014,0.014497,0.999297,0.015672,-0.034056,0.000534,0.001165,0.037841,-0.001187,-0.036629,-0.476566,0.015116,23.740917,23.740917,23.730814,0.503967,1.527597,-0.399295,-0.093906,0.926972
16.250000,1,0,0,2.400000,9.810000,0.900000,30.000000,60.000000,6.000000,-1.000000,1.000000,1.500000,-0.933009,0.968027,1.486037,-0.698132,0.000000,0.000000,-0.712159,0.052918,0.015005,0.999328,0.015663,-0.033129,0.000519,-0.001918,0.036336,-0.001139,-0.008925,-0.475005,0.034835,23.730814,23.730814,23.720567,0.503750,1.549487,-0.396315,-0.039478,0.927178
16.300000,1,0,0,2.400000,9.810000,0.900000,30.000000,60.000000,6.000000,-1.034899,0.999391,1.500000,-0.968642,0.970041,1.486799,-0.697706,-0.024364,0.000000,-0.713019,0.027595,0.015445,0.999359,0.015577,-0.032240,0.000503,-0.004947,0.034779,-0.001084,-0.005190,-0.456683,0.039583,23.720567,23.720567,23.710198,0.503530,1.515692,-0.356741,-0.020746,0.927339
16.350000,1,0,0,2.400000,9.810000,0.900000,30.000000,60.000000,6.000000,-1.069756,0.997564,1.500000,-1.004293,0.970784,1.487580,-0.696431,-0.048699,0.000000,-0.712862,0.002088,0.015815,0.999388,0.015417,-0.031391,0.000484,-0.007894,0.033186,-0.001024,0.026287,-0.469891,0.033505,23.710198,23.710198,23.699734,0.503307,1.550377,-0.396379,-0.027788,0.927454
16.400000,1,0,0,2.400000,9.810000,0.900000,30.000000,60.000000,6.000000,-1.104528,0.994522,1.500000,-1.039911,0.970247,1.488379,-0.694307,-0.072975,0.000000,-0.711686,-0.023558,0.016111,0.999417,0.015185,-0.030581,0.000465,-0.010734,0.031574,-0.000960,0.035828,-0.449640,0.034972,23.699734,23.699734,23.689204,0.503084,1.534342,-0.359144,-0.016544,0.927522
16.450000,1,0,0,2.400000,9.810000,0.900000,30.000000,60.000000,6.000000,-1.139173,0.990268,1.500000,-1.075445,0.968426,1.489190,-0.691338,-0.097161,0.000000,-0.709495,-0.049297,0.016332,0.999445,0.014883,-0.029812,0.000444,-0.013442,0.029959,-0.000892,0.072278,-0.440071,0.046612,23.689204,23.689204,23.678638,0.502859,1.584831,-0.350825,0.019268,0.927544
16.500000,1,0,0,2.400000,9.810000,0.900000,30.000000,60.000000,6.000000,-1.173648,0.984808,1.500000,-1.110844,0.965317,1.490011,-0.687526,-0.121229,0.000000,-0.706294,-0.075079,0.016476,0.999472,0.014515,-0.029084,0.000422,-0.015996,0.028358,-0.000824,0.095030,-0.428332,0.048964,23.678638,23.678638,23.668068,0.502635,1.604376,-0.340401,0.032910,0.927520
16.550000,1,0,0,2.400000,9.810000,0.900000,30.000000,60.000000,6.000000,-1.207912,0.978148,1.500000,-1.146058,0.960918,1.490837,-0.682876,-0.145150,0.000000,-0.702091,-0.100857,0.016542,0.999497,0.014085,-0.028395,0.000400,-0.018376,0.026785,-0.000755,0.113165,-0.458154,0.039920,23.668068,23.668068,23.657526,0.502411,1.614747,-0.432627,0.019298,0.927450
16.600000,1,0,0,2.400000,9.810000,0.900000,30.000000,60.000000,6.000000,-1.241922,0.970296,1.500000,-1.181037,0.955232,1.491664,-0.677394,-0.168893,0.000000,-0.696894,-0.126579,0.016531,0.999522,0.013599,-0.027745,0.000377,-0.020562,0.025255,-0.000687,0.134411,-0.488574,0.045458,23.657526,23.657526,23.647046,0.502188,1.634452,-0.528974,0.040744,0.927335
16.650000,1,0,0,2.400000,9.810000,0.900000,30.000000,60.000000,6.000000,-1.275637,0.961262,1.500000,-1.215731,0.948262,1.492488,-0.671087,-0.192431,0.000000,-0.690717,-0.152195,0.016441,0.999546,0.013060,-0.027132,0.000354,-0.022541,0.023784,-0.000622,0.143769,-0.478569,0.044656,23.647046,23.647046,23.636661,0.501968,1.627427,-0.530740,0.047010,0.927177
16.700000,1,0,0,2.400000,9.810000,0.900000,30.000000,60.000000,6.000000,-1.309017,0.951057,1.500000,-1.250092,0.940015,1.493307,-0.663963,-0.215735,0.000000,-0.683574,-0.177654,0.016275,0.999569,0.012474,-0.026555,0.000331,-0.024300,0.022384,-0.000559,0.180442,-0.488216,0.026503,23.636661,23.636661,23.626402,0.501750,1.687681,-0.581858,0.011639,0.926977
16.750000,1,0,0,2.400000,9.810000,0.900000,30.000000,60.000000,6.000000,-1.342020,0.939693,1.500000,-1.284073,0.930500,1.494115,-0.656029,-0.238775,0.000000,-0.675482,-0.202904,0.016033,0.999591,0.011848,-0.026013,0.000308,-0.025829,0.021066,-0.000499,0.209231,-0.456225,0.012150,23.626402,23.626402,23.616302,0.501535,1.730649,-0.534958,-0.014635,0.926736
16.800000,1,0,0,2.400000,9.810000,0.900000,30.000000,60.000000,6.000000,-1.374607,0.927184,1.500000,-1.317625,0.919729,1.494909,-0.647296,-0.261525,0.000000,-0.666458,-0.227894,0.015716,0.999612,0.011186,-0.025502,0.000285,-0.027120,0.019843,-0.000444,0.222650,-0.481552,0.023527,23.616302,23.616302,23.606391,0.501325,1.738254,-0.627261,0.020789,0.926457
16.850000,1,0,0,2.400000,9.810000,0.900000,30.000000,60.000000,6.000000,-1.406737,0.913545,1.500000,-1.350703,0.907716,1.495685,-0.637775,-0.283956,0.000000,-0.656525,-0.252573,0.015328,0.999632,0.010494,-0.025020,0.000263,-0.028172,0.018724,-0.000393,0.197258,-0.424391,0.012860,23.606391,23.606391,23.596695,0.501119,1.654123,-0.522943,0.003229,0.926140
16.900000,1,0,0,2.400000,9.810000,0.900000,30.000000,60.000000,6.000000,-1.438371,0.898794,1.500000,-1.383263,0.894478,1.496440,-0.627477,-0.306041,0.000000,-0.645703,-0.276892,0.014870,0.999650,0.009780,-0.024565,0.000240,-0.028982,0.017717,-0.000347,0.182995,-0.439081,0.003917,23.596695,23.596695,23.587242,0.500918,1.597982,-0.592134,-0.010303,0.925790
16.950000,1,0,0,2.400000,9.810000,0.900000,30.000000,60.000000,6.000000,-1.469472,0.882948,1.500000,-1.415259,0.880034,1.497171,-0.616414,-0.327753,0.000000,-0.634018,-0.300801,0.014347,0.999668,0.009048,-0.024134,0.000218,-0.029554,0.016829,-0.000305,0.233764,-0.427643,0.013101,23.587242,23.587242,23.578055,0.500723,1.699061,-0.599404,0.019539,0.925407
17.000000,1,0,0,2.400000,9.810000,0.900000,30.000000,60.000000,6.000000,-1.500000,0.866025,1.500000,-1.446651,0.864405,1.497874,-0.604600,-0.349066,0.000000,-0.621496,-0.324253,0.013761,0.999684,0.008305,-0.023723,0.000197,-0.029892,0.016066,-0.000267,0.268362,-0.380489,0.000934,23.578055,23.578055,23.569153,0.500534,1.762327,-0.521457,-0.002022,0.924995
17.050000,1,0,0,2.400000,9.810000,0.900000,30.000000,60.000000,6.000000,-1.529919,0.848048,1.500000,-1.477395,0.847617,1.498546,-0.592049,-0.369953,0.000000,-0.608164,-0.347202,0.013117,0.999699,0.007556,-0.023330,0.000176,-0.030006,0.015431,-0.000233,0.300784,-0.383562,-0.000438,23.569153,23.569153,23.560555,0.500352,1.821219,-0.564291,0.002142,0.924556
17.100000,1,0,0,2.400000,9.810000,0.900000,30.000000,60.000000,6.000000,-1.559193,0.829038,1.500000,-1.507454,0.829694,1.499185,-0.578777,-0.390390,0.000000,-0.594050,-0.369602,0.012420,0.999713,0.006807,-0.022951,0.000156,-0.029905,0.014928,-0.000203,0.315272,-0.369259,-0.010933,23.560555,23.560555,23.552275,0.500176,1.837761,-0.565399,-0.015789,0.924094
17.150000,1,0,0,2.400000,9.810000,0.900000,30.000000,60.000000,6.000000,-1.587785,0.809017,1.500000,-1.536788,0.810667,1.499787,-0.564800,-0.410352,0.000000,-0.579185,-0.391412,0.011675,0.999727,0.006063,-0.022583,0.000137,-0.029605,0.014556,-0.000177,0.342811,-0.367100,-0.026160,23.552275,23.552275,23.544326,0.500007,1.886166,-0.595387,-0.045306,0.923613
17.200000,1,0,0,2.400000,9.810000,0.900000,30.000000,60.000000,6.000000,-1.615661,0.788011,1.500000,-1.565361,0.790564,1.500351,-0.550135,-0.429813,0.000000,-0.563601,-0.412591,0.010886,0.999739,0.005329,-0.022222,0.000118,-0.029119,0.014315,-0.000153,0.369192,-0.374506,-0.031936,23.544326,23.544326,23.536717,0.499845,1.932175,-0.647837,-0.052382,0.923114
17.250000,1,0,0,2.400000,9.810000,0.900000,30.000000,60.000000,6.000000,-1.642788,0.766044,1.500000,-1.593137,0.769419,1.500875,-0.534800,-0.448750,0.000000,-0.547328,-0.433102,0.010059,0.999750,0.004609,-0.021866,0.000101,-0.028468,0.014203,-0.000131,0.385029,-0.336383,-0.014663,23.536717,23.536717,23.529454,0.499691,1.953110,-0.590322,-0.004402,0.922601
17.300000,1,0,0,2.400000,9.810000,0.900000,30.000000,60.000000,6.000000,-1.669131,0.743145,1.500000,-1.620082,0.747265,1.501357,-0.518813,-0.467141,0.000000,-0.530400,-0.452909,0.009200,0.999761,0.003907,-0.021511,0.000084,-0.027669,0.014215,-0.000111,0.407615,-0.343108,-0.018040,23.529454,23.529454,23.522542,0.499544,1.990321,-0.639563,-0.006256,0.922079
17.350000,1,0,0,2.400000,9.810000,0.900000,30.000000,60.000000,6.000000,-1.694658,0.719340,1.500000,-1.646166,0.724140,1.501795,-0.502194,-0.484963,0.000000,-0.512851,-0.471979,0.008316,0.999771,0.003227,-0.021155,0.000068,-0.026745,0.014347,-0.000093,0.430284,-0.344233,-0.028957,23.522542,23.522542,23.515981,0.499405,2.027670,-0.674325,-0.026494,0.921551
17.400000,1,0,0,2.400000,9.810000,0.900000,30.000000,60.000000,6.000000,-1.719340,0.694658,1.500000,-1.671358,0.700080,1.502188,-0.484963,-0.502194,0.000000,-0.494714,-0.490284,0.007411,0.999780,0.002571,-0.020793,0.000053,-0.025717,0.014591,-0.000075,0.465392,-0.316077,-0.007525,23.515981,23.515981,23.509773,0.499273,2.094671,-0.637646,0.030604,0.921020
17.450000,1,0,0,2.400000,9.810000,0.900000,30.000000,60.000000,6.000000,-1.743145,0.669131,1.500000,-1.695628,0.675125,1.502536,-0.467141,-0.518813,0.000000,-0.476023,-0.507796,0.006493,0.999790,0.001942,-0.020425,0.000040,-0.024610,0.014939,-0.000058,0.462094,-0.305032,-0.013773,23.509773,23.509773,23.503915,0.499149,2.069172,-0.640756,0.020964,0.920490
17.500000,1,0,0,2.400000,9.810000,0.900000,30.000000,60.000000,6.000000,-1.766044,0.642788,1.500000,-1.718951,0.649314,1.502837,-0.448750,-0.534800,0.000000,-0.456815,-0.524491,0.005568,0.999798,0.001341,-0.020046,0.000027,-0.023446,0.015382,-0.000041,0.460117,-0.252510,-0.025515,23.503915,23.503915,23.498403,0.499032,2.046399,-0.542967,-0.002176,0.919964
17.550000,1,0,0,2.400000,9.810000,0.900000,30.000000,60.000000,6.000000,-1.788011,0.615661,1.500000,-1.741302,0.622690,1.503092,-0.429813,-0.550135,0.000000,-0.437122,-0.540349,0.004641,0.999807,0.000770,-0.019655,0.000015,-0.022250,0.015910,-0.000025,0.453653,-0.237729,-0.044843,23.498403,23.498403,23.493233,0.498922,2.012307,-0.534355,-0.043843,0.919448
17.600000,1,0,0,2.400000,9.810000,0.900000,30.000000,60.000000,6.000000,-1.809017,0.587785,1.500000,-1.762656,0.595293,1.503302,-0.410352,-0.564800,0.000000,-0.416980,-0.555353,0.003721,0.999815,0.000229,-0.019250,0.000004,-0.021046,0.016510,-0.000008,0.465069,-0.224409,-0.053630,23.493233,23.493233,23.488399,0.498819,2.020482,-0.527824,-0.060530,0.918943
17.650000,1,0,0,2.400000,9.810000,0.900000,30.000000,60.000000,6.000000,-1.829038,0.559193,1.500000,-1.782993,0.567169,1.503465,-0.390390,-0.578777,0.000000,-0.396423,-0.569487,0.002812,0.999823,-0.000282,-0.018829,-0.000005,-0.019856,0.017170,0.000010,0.444555,-0.231358,-0.040123,23.488399,23.488399,23.483893,0.498724,1.951306,-0.568517,-0.024036,0.918455
17.700000,1,0,0,2.400000,9.810000,0.900000,30.000000,60.000000,6.000000,-1.848048,0.529919,1.500000,-1.802292,0.538359,1.503583,-0.369953,-0.592049,0.000000,-0.375485,-0.582742,0.001922,0.999831,-0.000764,-0.018391,-0.000014,-0.018703,0.017877,0.000027,0.423083,-0.251362,-0.057926,23.483893,23.483893,23.479708,0.498635,1.879044,-0.639159,-0.063000,0.917986
17.750000,1,0,0,2.400000,9.810000,0.900000,30.000000,60.000000,6.000000,-1.866025,0.500000,1.500000,-1.820536,0.508909,1.503657,-0.349066,-0.604600,0.000000,-0.354200,-0.595107,0.001056,0.999838,-0.001218,-0.017935,-0.000022,-0.017609,0.018617,0.000045,0.413810,-0.284619,-0.067444,23.479708,23.479708,23.475835,0.498552,1.835228,-0.740275,-0.082399,0.917540
17.800000,1,0,0,2.400000,9.810000,0.900000,30.000000,60.000000,6.000000,-1.882948,0.469472,1.500000,-1.837707,0.478863,1.503689,-0.327753,-0.616414,0.000000,-0.332600,-0.606579,0.000220,0.999846,-0.001645,-0.017460,-0.000029,-0.016593,0.019376,0.000064,0.409675,-0.295318,-0.068832,23.475835,23.475835,23.472265,0.498477,1.802878,-0.786007,-0.082590,0.917120
17.850000,1,0,0,2.400000,9.810000,0.900000,30.000000,60.000000,6.000000,-1.898794,0.438371,1.500000,-1.853791,0.448266,1.503680,-0.306041,-0.627477,0.000000,-0.310719,-0.617155,-0.000581,0.999854,-0.002048,-0.016966,-0.000035,-0.015673,0.020138,0.000082,0.407441,-0.243959,-0.034586,23.472265,23.472265,23.468987,0.498407,1.774216,-0.681658,0.002440,0.916730
17.900000,1,0,0,2.400000,9.810000,0.900000,30.000000,60.000000,6.000000,-1.913545,0.406737,1.500000,-1.868775,0.417163,1.503632,-0.283956,-0.637775,0.000000,-0.288587,-0.626835,-0.001340,0.999862,-0.002429,-0.016454,-0.000040,-0.014866,0.020890,0.000102,0.438400,-0.241753,-0.038093,23.468987,23.468987,23.465993,0.498343,1.824345,-0.694257,-0.003428,0.916373
17.950000,1,0,0,2.400000,9.810000,0.900000,30.000000,60.000000,6.000000,-1.927184,0.374607,1.500000,-1.882646,0.385598,1.503547,-0.261525,-0.647296,0.000000,-0.266236,-0.635622,-0.002053,0.999869,-0.002792,-0.015922,-0.000044,-0.014186,0.021615,0.000121,0.418765,-0.247721,-0.051084,23.465993,23.465993,23.463271,0.498286,1.752194,-0.725595,-0.032330,0.916053
18.000000,1,0,0,2.400000,9.810000,0.900000,30.000000,60.000000,6.000000,-1.939693,0.342020,1.500000,-1.895395,0.353615,1.503427,-0.238775,-0.656029,0.000000,-0.243696,-0.643521,-0.002714,0.999877,-0.003140,-0.015373,-0.000048,-0.013645,0.022299,0.000140,0.450610,-0.221665,-0.041192,23.463271,23.463271,23.460808,0.498233,1.802781,-0.679358,-0.006578,0.915771
18.050000,1,0,0,2.400000,9.810000,0.900000,30.000000,60.000000,6.000000,-1.951057,0.309017,1.500000,-1.907013,0.321260,1.503276,-0.215735,-0.663963,0.000000,-0.220995,-0.650540,-0.003321,0.999884,-0.003476,-0.014808,-0.000051,-0.013252,0.022927,0.000159,0.418387,-0.204589,-0.059698,23.460808,23.460808,23.458594,0.498186,1.698846,-0.654121,-0.049227,0.915531
18.100000,1,0,0,2.400000,9.810000,0.900000,30.000000,60.000000,6.000000,-1.961262,0.275637,1.500000,-1.917492,0.288576,1.503096,-0.192431,-0.671087,0.000000,-0.198161,-0.656689,-0.003868,0.999892,-0.003804,-0.014227,-0.000054,-0.013013,0.023487,0.000179,0.416410,-0.158905,-0.035845,23.458594,23.458594,23.456615,0.498144,1.666817,-0.559850,0.009555,0.915335
18.150000,1,0,0,2.400000,9.810000,0.900000,30.000000,60.000000,6.000000,-1.970296,0.241922,1.500000,-1.926827,0.255606,1.502890,-0.168893,-0.677394,0.000000,-0.175223,-0.661979,-0.004353,0.999899,-0.004128,-0.013634,-0.000056,-0.012933,0.023962,0.000198,0.456700,-0.134471,-0.039246,23.456615,23.456615,23.454858,0.498107,1.735630,-0.516391,0.002714,0.915185
18.200000,1,0,0,2.400000,9.810000,0.900000,30.000000,60.000000,6.000000,-1.978148,0.207912,1.500000,-1.935013,0.222392,1.502662,-0.145150,-0.682876,0.000000,-0.152205,-0.666422,-0.004772,0.999905,-0.004452,-0.013030,-0.000058,-0.013012,0.024342,0.000217,0.472354,-0.090946,-0.028413,23.454858,23.454858,23.453310,0.498074,1.744824,-0.427115,0.029845,0.915084
18.250000,1,0,0,2.400000,9.810000,0.900000,30.000000,60.000000,6.000000,-1.984808,0.173648,1.500000,-1.942047,0.188977,1.502414,-0.121229,-0.687526,0.000000,-0.129132,-0.670035,-0.005122,0.999911,-0.004780,-0.012418,-0.000059,-0.013251,0.024615,0.000235,0.464313,-0.102304,-0.037237,23.453310,23.453310,23.451955,0.498045,1.696773,-0.469744,0.009626,0.915033
18.300000,1,0,0,2.400000,9.810000,0.900000,30.000000,60.000000,6.000000,-1.990268,0.139173,1.500000,-1.947926,0.155402,1.502151,-0.097161,-0.691338,0.000000,-0.106028,-0.672832,-0.005402,0.999917,-0.005116,-0.011800,-0.000060,-0.013644,0.024768,0.000253,0.439309,-0.066321,-0.000938,23.451955,23.451955,23.450778,0.498020,1.607771,-0.399124,0.097553,0.915034
18.350000,1,0,0,2.400000,9.810000,0.900000,30.000000,60.000000,6.000000,-1.994522,0.104528,1.500000,-1.952650,0.121707,1.501875,-0.072975,-0.694307,0.000000,-0.082916,-0.674829,-0.005611,0.999923,-0.005463,-0.011181,-0.000061,-0.014186,0.024793,0.000271,0.438917,-0.028435,-0.014999,23.450778,23.450778,23.449764,0.497999,1.577737,-0.324485,0.064486,0.915089
18.400000,1,0,0,2.400000,9.810000,0.900000,30.000000,60.000000,6.000000,-1.997564,0.069756,1.500000,-1.956218,0.087932,1.501591,-0.048699,-0.696431,0.000000,-0.059817,-0.676045,-0.005746,0.999927,-0.005826,-0.010562,-0.000062,-0.014867,0.024680,0.000288,0.421474,-0.048137,0.018598,23.449764,23.449764,23.448897,0.497980,1.506836,-0.388778,0.145694,0.915197
18.450000,1,0,0,2.400000,9.810000,0.900000,30.000000,60.000000,6.000000,-1.999391,0.034899,1.500000,-1.958632,0.054116,1.501302,-0.024364,-0.697706,0.000000,-0.036752,-0.676497,-0.005809,0.999931,-0.006208,-0.009948,-0.000062,-0.015676,0.024423,0.000303,0.375590,-0.019479,0.019910,23.448897,23.448897,23.448161,0.497965,1.367900,-0.337881,0.149335,0.915361
18.500000,1,0,0,2.400000,9.810000,0.900000,30.000000,60.000000,6.000000,-2.000000,0.000000,1.500000,-1.959894,0.020295,1.501011,-0.000000,-0.698132,0.000000,-0.013741,-0.676203,-0.005798,0.999935,-0.006611,-0.009342,-0.000062,-0.016600,0.024015,0.000318,0.374441,-0.025299,0.022696,23.448161,23.448161,23.447537,0.497951,1.336719,-0.370748,0.156452,0.915581
18.550000,1,0,0,2.400000,9.810000,0.900000,30.000000,60.000000,6.000000,-1.999391,-0.034899,1.500000,-1.960007,-0.013493,1.500723,0.024364,-0.697706,0.000000,0.009198,-0.675181,-0.005715,0.999937,-0.007038,-0.008748,-0.000062,-0.017624,0.023451,0.000330,0.370398,0.004279,0.032712,23.447537,23.447537,23.447010,0.497940,1.299163,-0.319802,0.180883,0.915857
18.600000,1,0,0,2.400000,9.810000,0.900000,30.000000,60.000000,6.000000,-1.997564,-0.069756,1.500000,-1.958976,-0.047211,1.500441,0.048699,-0.696431,0.000000,0.032047,-0.673449,-0.005560,0.999939,-0.007493,-0.008171,-0.000061,-0.018730,0.022729,0.000341,0.439836,0.034716,0.025383,23.447010,23.447010,23.446563,0.497931,1.438717,-0.268048,0.163673,0.916190
18.650000,1,0,0,2.400000,9.810000,0.900000,30.000000,60.000000,6.000000,-1.994522,-0.104528,1.500000,-1.956804,-0.080826,1.500169,0.072975,-0.694307,0.000000,0.054789,-0.671024,-0.005336,0.999939,-0.007975,-0.007613,-0.000061,-0.019901,0.021848,0.000349,0.440153,0.056012,0.023632,23.446563,23.446563,23.446178,0.497923,1.413325,-0.239566,0.159855,0.916578
18.700000,1,0,0,2.400000,9.810000,0.900000,30.000000,60.000000,6.000000,-1.990268,-0.139173,1.500000,-1.953499,-0.114303,1.499909,0.097161,-0.691338,0.000000,0.077408,-0.667924,-0.005044,0.999939,-0.008488,-0.007080,-0.000060,-0.021116,0.020806,0.000353,0.441696,0.042500,0.024616,23.446178,23.446178,23.445838,0.497915,1.392002,-0.296024,0.162630,0.917021
18.750000,1,0,0,2.400000,9.810000,0.900000,30.000000,60.000000,6.000000,-1.984808,-0.173648,1.500000,-1.949066,-0.147607,1.499665,0.121229,-0.687526,0.000000,0.099889,-0.664163,-0.004688,0.999938,-0.009031,-0.006574,-0.000059,-0.022356,0.019605,0.000354,0.485713,0.051584,0.036420,23.445838,23.445838,23.445528,0.497909,1.473931,-0.299692,0.191421,0.917519
18.800000,1,0,0,2.400000,9.810000,0.900000,30.000000,60.000000,6.000000,-1.978148,-0.207912,1.500000,-1.943512,-0.180708,1.499441,0.145150,-0.682876,0.000000,0.122216,-0.659758,-0.004271,0.999935,-0.009606,-0.006100,-0.000059,-0.023599,0.018249,0.000351,0.473763,0.080935,0.003767,23.445528,23.445528,23.445231,0.497902,1.423041,-0.256176,0.113585,0.918071
18.850000,1,0,0,2.400000,9.810000,0.900000,30.000000,60.000000,6.000000,-1.970296,-0.241922,1.500000,-1.936847,-0.213573,1.499239,0.168893,-0.677394,0.000000,0.144374,-0.654722,-0.003795,0.999932,-0.010211,-0.005663,-0.000058,-0.024825,0.016741,0.000342,0.428968,0.084031,0.006786,23.445231,23.445231,23.444932,0.497896,1.294999,-0.277119,0.121449,0.918674
18.900000,1,0,0,2.400000,9.810000,0.900000,30.000000,60.000000,6.000000,-1.961262,-0.275637,1.500000,-1.929078,-0.246170,1.499062,0.192431,-0.671087,0.000000,0.166352,-0.649068,-0.003266,0.999927,-0.010847,-0.005264,-0.000057,-0.026012,0.015089,0.000327,0.440522,0.099752,0.005135,23.444932,23.444932,23.444617,0.497889,1.304051,-0.269180,0.118209,0.919329
18.950000,1,0,0,2.400000,9.810000,0.900000,30.000000,60.000000,6.000000,-1.951057,-0.309017,1.500000,-1.920215,-0.278469,1.498913,0.215735,-0.663963,0.000000,0.188133,-0.642808,-0.002688,0.999922,-0.011511,-0.004909,-0.000057,-0.027139,0.013298,0.000306,0.426863,0.118359,0.002598,23.444617,23.444617,23.444272,0.497882,1.254609,-0.255668,0.112961,0.920032
19.000000,1,0,0,2.400000,9.810000,0.900000,30.000000,60.000000,6.000000,-1.939693,-0.342020,1.500000,-1.910268,-0.310441,1.498794,0.238775,-0.656029,0.000000,0.209706,-0.635953,-0.002065,0.999915,-0.012203,-0.004600,-0.000056,-0.028187,0.011378,0.000278,0.429032,0.120518,-0.010257,23.444272,23.444272,23.443883,0.497874,1.245329,-0.282905,0.083087,0.920782
19.050000,1,0,0,2.400000,9.810000,0.900000,30.000000,60.000000,6.000000,-1.927184,-0.374607,1.500000,-1.899248,-0.342055,1.498707,0.261525,-0.647296,0.000000,0.231056,-0.628511,-0.001403,0.999907,-0.012920,-0.004341,-0.000056,-0.029135,0.009339,0.000241,0.388717,0.117465,0.021005,23.443883,23.443883,23.443439,0.497864,1.136410,-0.323818,0.159240,0.921576
19.100000,1,0,0,2.400000,9.810000,0.900000,30.000000,60.000000,6.000000,-1.913545,-0.406737,1.500000,-1.887166,-0.373282,1.498655,0.283956,-0.637775,0.000000,0.252171,-0.620490,-0.000707,0.999898,-0.013659,-0.004134,-0.000056,-0.029966,0.007191,0.000196,0.373151,0.096959,-0.007870,23.443439,23.443439,23.442930,0.497854,1.089342,-0.407659,0.091222,0.922413
19.150000,1,0,0,2.400000,9.810000,0.900000,30.000000,60.000000,6.000000,-1.898794,-0.438371,1.500000,-1.874035,-0.404094,1.498637,0.306041,-0.627477,0.000000,0.273038,-0.611896,0.000017,0.999888,-0.014417,-0.003982,-0.000057,-0.030663,0.004948,0.000143,0.381055,0.096038,0.009308,23.442930,23.442930,23.442346,0.497841,1.101177,-0.445389,0.133896,0.923288
19.200000,1,0,0,2.400000,9.810000,0.900000,30.000000,60.000000,6.000000,-1.882948,-0.469472,1.500000,-1.859867,-0.434463,1.498657,0.327753,-0.616414,0.000000,0.293643,-0.602735,0.000763,0.999877,-0.015190,-0.003887,-0.000059,-0.031210,0.002621,0.000080,0.379528,0.130765,-0.035730,23.442346,23.442346,23.441677,0.497827,1.093056,-0.398288,0.027429,0.924201
19.250000,1,0,0,2.400000,9.810000,0.900000,30.000000,60.000000,6.000000,-1.866025,-0.500000,1.500000,-1.844675,-0.464358,1.498714,0.349066,-0.604600,0.000000,0.313972,-0.593009,0.001526,0.999865,-0.015976,-0.003851,-0.000062,-0.031595,0.000226,0.000007,0.419350,0.122231,-0.010027,23.441677,23.441677,23.440918,0.497811,1.186939,-0.455554,0.090919,0.925146
19.300000,1,0,0,2.400000,9.810000,0.900000,30.000000,60.000000,6.000000,-1.848048,-0.529919,1.500000,-1.828475,-0.493754,1.498809,0.369953,-0.592049,0.000000,0.334011,-0.582722,0.002298,0.999852,-0.016769,-0.003876,-0.000065,-0.031806,-0.002223,-0.000075,0.426980,0.139258,0.016522,23.440918,23.440918,23.440062,0.497793,1.206402,-0.451818,0.156623,0.926122
19.350000,1,0,0,2.400000,9.810000,0.900000,30.000000,60.000000,6.000000,-1.829038,-0.559193,1.500000,-1.811279,-0.522621,1.498944,0.390390,-0.578777,0.000000,0.353748,-0.571874,0.003073,0.999838,-0.017564,-0.003963,-0.000070,-0.031834,-0.004710,-0.000166,0.419911,0.139086,-0.003931,23.440062,23.440062,23.439105,0.497772,1.193479,-0.489493,0.109703,0.927124
19.400000,1,0,0,2.400000,9.810000,0.900000,30.000000,60.000000,6.000000,-1.809017,-0.587785,1.500000,-1.793105,-0.550932,1.499117,0.410352,-0.564800,0.000000,0.373166,-0.560466,0.003846,0.999823,-0.018358,-0.004112,-0.000076,-0.031673,-0.007221,-0.000265,0.431395,0.157766,0.008671,23.439105,23.439105,23.438044,0.497750,1.228013,-0.481836,0.142296,0.928150
19.450000,1,0,0,2.400000,9.810000,0.900000,30.000000,60.000000,6.000000,-1.788011,-0.615661,1.500000,-1.773968,-0.578659,1.499328,0.429813,-0.550135,0.000000,0.392250,-0.548498,0.004609,0.999807,-0.019146,-0.004324,-0.000083,-0.031317,-0.009738,-0.000373,0.382234,0.169188,-0.020632,23.438044,23.438044,23.436877,0.497725,1.119941,-0.491284,0.074499,0.929195
19.500000,1,0,0,2.400000,9.810000,0.900000,30.000000,60.000000,6.000000,-1.766044,-0.642788,1.500000,-1.753886,-0.605773,1.499577,0.448750,-0.534800,0.000000,0.410986,-0.535968,0.005358,0.999791,-0.019922,-0.004599,-0.000092,-0.030764,-0.012246,-0.000488,0.381215,0.176913,-0.028767,23.436877,23.436877,23.435605,0.497698,1.130356,-0.509067,0.057678,0.930256
19.550000,1,0,0,2.400000,9.810000,0.900000,30.000000,60.000000,6.000000,-1.743145,-0.669131,1.500000,-1.732876,-0.632246,1.499864,0.467141,-0.518813,0.000000,0.429357,-0.522874,0.006084,0.999774,-0.020682,-0.004936,-0.000102,-0.030015,-0.014727,-0.000610,0.419665,0.199045,-0.033541,23.435605,23.435605,23.434229,0.497669,1.238416,-0.491498,0.049088,0.931330
19.600000,1,0,0,2.400000,9.810000,0.900000,30.000000,60.000000,6.000000,-1.719340,-0.694658,1.500000,-1.710957,-0.658051,1.500185,0.484963,-0.502194,0.000000,0.447345,-0.509214,0.006783,0.999756,-0.021421,-0.005335,-0.000114,-0.029073,-0.017167,-0.000736,0.379755,0.234993,-0.035615,23.434229,23.434229,23.432753,0.497637,1.161292,-0.439772,0.047136,0.932412
19.650000,1,0,0,2.400000,9.810000,0.900000,30.000000,60.000000,6.000000,-1.694658,-0.719340,1.500000,-1.688148,-0.683158,1.500541,0.502194,-0.484963,0.000000,0.464934,-0.494987,0.007449,0.999738,-0.022134,-0.005795,-0.000128,-0.027943,-0.019548,-0.000866,0.395615,0.246264,-0.012535,23.432753,23.432753,23.431181,0.497604,1.220837,-0.446046,0.105696,0.933498
19.700000,1,0,0,2.400000,9.810000,0.900000,30.000000,60.000000,6.000000,-1.669131,-0.743145,1.500000,-1.664470,-0.707540,1.500930,0.518813,-0.467141,0.000000,0.482105,-0.480189,0.008075,0.999720,-0.022816,-0.006313,-0.000144,-0.026631,-0.021856,-0.000998,0.376136,0.251789,-0.033164,23.431181,23.431181,23.429520,0.497569,1.198313,-0.464671,0.059487,0.934585
19.750000,1,0,0,2.400000,9.810000,0.900000,30.000000,60.000000,6.000000,-1.642788,-0.766044,1.500000,-1.639945,-0.731167,1.501348,0.534800,-0.448750,0.000000,0.498839,-0.464819,0.008658,0.999701,-0.023464,-0.006887,-0.000162,-0.025149,-0.024075,-0.001131,0.380880,0.245859,-0.015949,23.429520,23.429520,23.427779,0.497532,1.236569,-0.509140,0.104222,0.935670
19.800000,1,0,0,2.400000,9.810000,0.900000,30.000000,60.000000,6.000000,-1.615661,-0.788011,1.500000,-1.614594,-0.754012,1.501794,0.550135,-0.429813,0.000000,0.515118,-0.448876,0.009191,0.999682,-0.024072,-0.007516,-0.000181,-0.023506,-0.026190,-0.001262,0.358408,0.269634,-0.026640,23.427779,23.427779,23.425969,0.497493,1.212041,-0.480478,0.082083,0.936747
19.850000,1,0,0,2.400000,9.810000,0.900000,30.000000,60.000000,6.000000,-1.587785,-0.809017,1.500000,-1.588441,-0.776045,1.502266,0.564800,-0.410352,0.000000,0.530919,-0.432358,0.009670,0.999663,-0.024637,-0.008197,-0.000202,-0.021716,-0.028189,-0.001390,0.356347,0.294356,0.000684,23.425969,23.425969,23.424100,0.497454,1.238901,-0.447523,0.151260,0.937813
19.900000,1,0,0,2.400000,9.810000,0.900000,30.000000,60.000000,6.000000,-1.559193,-0.829038,1.500000,-1.561510,-0.797238,1.502760,0.578777,-0.390390,0.000000,0.546224,-0.415266,0.010090,0.999644,-0.025156,-0.008926,-0.000225,-0.019795,-0.030059,-0.001514,0.342013,0.312520,0.017700,23.424100,23.424100,23.422188,0.497413,1.238567,-0.428128,0.195758,0.938866
19.950000,1,0,0,2.400000,9.810000,0.900000,30.000000,60.000000,6.000000,-1.529919,-0.848048,1.500000,-1.533827,-0.817563,1.503274,0.592049,-0.369953,0.000000,0.561010,-0.397601,0.010449,0.999625,-0.025625,-0.009700,-0.000249,-0.017760,-0.031787,-0.001631,0.330422,0.314342,0.021099,23.422188,23.422188,23.420247,0.497372,1.246916,-0.445634,0.207616,0.939900
20.000000,1,0,0,2.400000,9.810000,0.900000,30.000000,60.000000,6.000000,-1.500000,-0.866025,1.500000,-1.505418,-0.836989,1.503804,0.604600,-0.349066,0.000000,0.575255,-0.379365,0.010742,0.999606,-0.026042,-0.010515,-0.000274,-0.015627,-0.033364,-0.001740,0.315640,0.287510,0.028953,23.420247,23.420247,23.418295,0.497330,1.249534,-0.529459,0.230187,0.940912
20.050000,1,0,0,2.400000,9.810000,0.900000,30.000000,60.000000,6.000000,-1.469472,-0.882948,1.500000,-1.476311,-0.855490,1.504347,0.616414,-0.327753,0.000000,0.588938,-0.360564,0.010966,0.999587,-0.026405,-0.011368,-0.000300,-0.013415,-0.034779,-0.001839,0.273403,0.315084,0.005824,23.418295,23.418295,23.416350,0.497289,1.188007,-0.480167,0.178391,0.941900
20.100000,1,0,0,2.400000,9.810000,0.900000,30.000000,60.000000,6.000000,-1.438371,-0.898794,1.500000,-1.446534,-0.873036,1.504900,0.627477,-0.306041,0.000000,0.602035,-0.341203,0.011120,0.999568,-0.026712,-0.012254,-0.000327,-0.011145,-0.036026,-0.001927,0.256505,0.341568,0.021812,23.416350,23.416350,23.414433,0.497248,1.188845,-0.430865,0.220447,0.942860
20.150000,1,0,0,2.400000,9.810000,0.900000,30.000000,60.000000,6.000000,-1.406737,-0.913545,1.500000,-1.416118,-0.889601,1.505458,0.637775,-0.283956,0.000000,0.614523,-0.321289,0.011201,0.999550,-0.026961,-0.013169,-0.000355,-0.008835,-0.037098,-0.002003,0.255612,0.339613,-0.011265,23.414433,23.414433,23.412564,0.497209,1.229448,-0.447134,0.144693,0.943788
20.200000,1,0,0,2.400000,9.810000,0.900000,30.000000,60.000000,6.000000,-1.374607,-0.927184,1.500000,-1.385092,-0.905156,1.506019,0.647296,-0.261525,0.000000,0.626379,-0.300833,0.011207,0.999532,-0.027152,-0.014109,-0.000383,-0.006506,-0.037988,-0.002065,0.280958,0.377006,-0.038018,23.412564,23.412564,23.410766,0.497171,1.334165,-0.366259,0.084037,0.944682
20.250000,1,0,0,2.400000,9.810000,0.900000,30.000000,60.000000,6.000000,-1.342020,-0.939693,1.500000,-1.353491,-0.919675,1.506577,0.656029,-0.238775,0.000000,0.637579,-0.279847,0.011138,0.999514,-0.027285,-0.015069,-0.000411,-0.004178,-0.038695,-0.002114,0.263426,0.397687,-0.013876,23.410766,23.410766,23.409062,0.497134,1.336908,-0.322770,0.145421,0.945539
20.300000,1,0,0,2.400000,9.810000,0.900000,30.000000,60.000000,6.000000,-1.309017,-0.951057,1.500000,-1.321346,-0.933132,1.507131,0.663963,-0.215735,0.000000,0.648100,-0.258344,0.010994,0.999497,-0.027361,-0.016044,-0.000439,-0.001871,-0.039214,-0.002149,0.242682,0.411368,-0.036526,23.409062,23.409062,23.407474,0.497101,1.332656,-0.293374,0.094376,0.946357
20.350000,1,0,0,2.400000,9.810000,0.900000,30.000000,60.000000,6.000000,-1.275637,-0.961262,1.500000,-1.288692,-0.945501,1.507676,0.671087,-0.192431,0.000000,0.657918,-0.236343,0.010774,0.999480,-0.027378,-0.017030,-0.000466,0.000397,-0.039546,-0.002168,0.268010,0.403946,-0.010886,23.407474,23.407474,23.406026,0.497070,1.439472,-0.311955,0.159070,0.947133
20.400000,1,0,0,2.400000,9.810000,0.900000,30.000000,60.000000,6.000000,-1.241922,-0.970296,1.500000,-1.255566,-0.956758,1.508207,0.677394,-0.168893,0.000000,0.667010,-0.213862,0.010479,0.999464,-0.027340,-0.018022,-0.000493,0.002608,-0.039692,-0.002173,0.274038,0.445302,-0.009894,23.406026,23.406026,23.404742,0.497043,1.500249,-0.210860,0.164424,0.947865
20.450000,1,0,0,2.400000,9.810000,0.900000,30.000000,60.000000,6.000000,-1.207912,-0.978148,1.500000,-1.222004,-0.966880,1.508722,0.682876,-0.145150,0.000000,0.675352,-0.190924,0.010111,0.999448,-0.027248,-0.019015,-0.000518,0.004743,-0.039654,-0.002164,0.239756,0.497711,-0.010572,23.404742,23.404742,23.403644,0.497019,1.464349,-0.080705,0.165565,0.948551
20.500000,1,0,0,2.400000,9.810000,0.900000,30.000000,60.000000,6.000000,-1.173648,-0.984808,1.500000,-1.188044,-0.975844,1.509217,0.687526,-0.121229,0.000000,0.682923,-0.167552,0.009671,0.999432,-0.027103,-0.020005,-0.000543,0.006789,-0.039435,-0.002140,0.225434,0.488178,0.004074,23.403644,23.403644,23.402756,0.497000,1.476204,-0.096777,0.203248,0.949190
20.550000,1,0,0,2.400000,9.810000,0.900000,30.000000,60.000000,6.000000,-1.139173,-0.990268,1.500000,-1.153725,-0.983628,1.509688,0.691338,-0.097161,0.000000,0.689700,-0.143775,0.009162,0.999417,-0.026908,-0.020987,-0.000565,0.008731,-0.039041,-0.002104,0.169327,0.479925,0.013422,23.402756,23.402756,23.402098,0.496986,1.387425,-0.107460,0.227963,0.949781
20.600000,1,0,0,2.400000,9.810000,0.900000,30.000000,60.000000,6.000000,-1.104528,-0.994522,1.500000,-1.119087,-0.990215,1.510132,0.694307,-0.072975,0.000000,0.695662,-0.119622,0.008586,0.999403,-0.026667,-0.021958,-0.000586,0.010556,-0.038478,-0.002055,0.166292,0.492224,-0.003802,23.402098,23.402098,23.401691,0.496978,1.425466,-0.066626,0.188627,0.950321
20.650000,1,0,0,2.400000,9.810000,0.900000,30.000000,60.000000,6.000000,-1.069756,-0.997564,1.500000,-1.084172,-0.995585,1.510546,0.696431,-0.048699,0.000000,0.700788,-0.095125,0.007947,0.999389,-0.026381,-0.022912,-0.000605,0.012254,-0.037755,-0.001995,0.150708,0.474685,-0.001308,23.401691,23.401691,23.401553,0.496975,1.432649,-0.095358,0.196311,0.950811
20.700000,1,0,0,2.400000,9.810000,0.900000,30.000000,60.000000,6.000000,-1.034899,-0.999391,1.500000,-1.049023,-0.999722,1.510926,0.697706,-0.024364,0.000000,0.705058,-0.070319,0.007248,0.999376,-0.026054,-0.023846,-0.000622,0.013817,-0.036881,-0.001924,0.152233,0.477665,-0.007071,23.401553,23.401553,23.401703,0.496978,1.479973,-0.072955,0.183860,0.951249
20.750000,1,0,0,2.400000,9.810000,0.900000,30.000000,60.000000,6.000000,-1.000000,-1.000000,1.500000,-1.013681,-1.002612,1.511270,0.698132,-0.000000,0.000000,0.708455,-0.045242,0.006494,0.999363,-0.025690,-0.024757,-0.000636,0.015239,-0.035866,-0.001845,0.184239,0.491871,-0.031178,23.401703,23.401703,23.402155,0.496988,1.599360,-0.021877,0.127045,0.951636
20.800000,1,0,0,2.400000,9.810000,0.900000,30.000000,60.000000,6.000000,-0.965101,-0.999391,1.500000,-0.978192,-1.004243,1.511574,0.697706,0.024364,0.000000,0.710960,-0.019932,0.005689,0.999351,-0.025293,-0.025640,-0.000649,0.016514,-0.034721,-0.001759,0.155476,0.542553,-0.021467,23.402155,23.402155,23.402923,0.497004,1.571654,0.118305,0.151036,0.951972
20.850000,1,0,0,2.400000,9.810000,0.900000,30.000000,60.000000,6.000000,-0.930244,-0.997564,1.500000,-0.942600,-1.004602,1.511838,0.696431,0.048699,0.000000,0.712559,0.005569,0.004839,0.999339,-0.024865,-0.026493,-0.000659,0.017642,-0.033458,-0.001666,0.093497,0.521460,-0.034201,23.402923,23.402923,23.404019,0.497027,1.462842,0.087615,0.120786,0.952255
20.900000,1,0,0,2.400000,9.810000,0.900000,30.000000,60.000000,6.000000,-0.895472,-0.994522,1.500000,-0.906951,-1.003683,1.512058,0.694307,0.072975,0.000000,0.713236,0.031216,0.003947,0.999329,-0.024411,-0.027314,-0.000667,0.018622,-0.032091,-0.001569,0.054497,0.524461,-0.018315,23.404019,23.404019,23.405451,0.497058,1.407664,0.115970,0.158838,0.952488
20.950000,1,0,0,2.400000,9.810000,0.900000,30.000000,60.000000,6.000000,-0.860827,-0.990268,1.500000,-0.871292,-1.001479,1.512232,0.691338,0.097161,0.000000,0.712978,0.056966,0.003020,0.999318,-0.023935,-0.028098,-0.000673,0.019457,-0.030633,-0.001468,0.049432,0.553270,-0.020733,23.405451,23.405451,23.407228,0.497095,1.432299,0.207310,0.152564,0.952671
21.000000,1,0,0,2.400000,9.810000,0.900000,30.000000,60.000000,6.000000,-0.826352,-0.984808,1.500000,-0.835669,-0.997986,1.512359,0.687526,0.121229,0.000000,0.711775,0.082770,0.002064,0.999309,-0.023439,-0.028846,-0.000677,0.020151,-0.029098,-0.001366,0.011083,0.562905,-0.061749,23.407228,23.407228,23.409354,0.497141,1.375326,0.253513,0.053249,0.952805
21.050000,1,0,0,2.400000,9.810000,0.900000,30.000000,60.000000,6.000000,-0.792088,-0.978148,1.500000,-0.800131,-0.993202,1.512438,0.682876,0.145150,0.000000,0.709617,0.108581,0.001085,0.999300,-0.022928,-0.029554,-0.000678,0.020710,-0.027502,-0.001263,-0.044537,0.538636,-0.075669,23.409354,23.409354,23.411831,0.497193,1.275099,0.219069,0.018546,0.952891
21.100000,1,0,0,2.400000,9.810000,0.900000,30.000000,60.000000,6.000000,-0.758078,-0.970296,1.500000,-0.764724,-0.987128,1.512467,0.677394,0.168893,0.000000,0.706497,0.134349,0.000089,0.999292,-0.022405,-0.030222,-0.000678,0.021144,-0.025858,-0.001160,-0.045380,0.536445,-0.071865,23.411831,23.411831,23.414661,0.497253,1.304468,0.238179,0.025963,0.952931
21.150000,1,0,0,2.400000,9.810000,0.900000,30.000000,60.000000,6.000000,-0.724363,-0.961262,1.500000,-0.729497,-0.979768,1.512447,0.671087,0.192431,0.000000,0.702409,0.160025,-0.000918,0.999285,-0.021872,-0.030848,-0.000675,0.021461,-0.024182,-0.001059,-0.088129,0.533204,-0.070890,23.414661,23.414661,23.417843,0.497321,1.231348,0.255200,0.026167,0.952927
21.200000,1,0,0,2.400000,9.810000,0.900000,30.000000,60.000000,6.000000,-0.690983,-0.951057,1.500000,-0.694499,-0.971128,1.512376,0.663963,0.215735,0.000000,0.697351,0.185557,-0.001930,0.999278,-0.021333,-0.031432,-0.000671,0.021673,-0.022488,-0.000961,-0.081006,0.535014,-0.048562,23.417843,23.417843,23.421372,0.497396,1.275978,0.284644,0.077194,0.952880
21.250000,1,0,0,2.400000,9.810000,0.900000,30.000000,60.000000,6.000000,-0.657980,-0.939693,1.500000,-0.659778,-0.961216,1.512254,0.656029,0.238775,0.000000,0.691320,0.210894,-0.002939,0.999272,-0.020789,-0.031973,-0.000665,0.021794,-0.020791,-0.000865,-0.148046,0.500911,-0.068261,23.421372,23.421372,23.425244,0.497478,1.140663,0.228082,0.026932,0.952793
21.300000,1,0,0,2.400000,9.810000,0.900000,30.000000,60.000000,6.000000,-0.625393,-0.927184,1.500000,-0.625383,-0.950043,1.512082,0.647296,0.261525,0.000000,0.684318,0.235985,-0.003940,0.999267,-0.020244,-0.032472,-0.000658,0.021836,-0.019106,-0.000774,-0.148957,0.533045,-0.061299,23.425244,23.425244,23.429452,0.497567,1.162106,0.330580,0.040238,0.952668
21.350000,1,0,0,2.400000,9.810000,0.900000,30.000000,60.000000,6.000000,-0.593263,-0.913545,1.500000,-0.591362,-0.937622,1.511860,0.637775,0.283956,0.000000,0.676348,0.260779,-0.004926,0.999263,-0.019698,-0.032929,-0.000649,0.021815,-0.017445,-0.000688,-0.170503,0.543754,-0.068581,23.429452,23.429452,23.433987,0.497664,1.132095,0.381665,0.018946,0.952508
21.400000,1,0,0,2.400000,9.810000,0.900000,30.000000,60.000000,6.000000,-0.561629,-0.898794,1.500000,-0.557764,-0.923971,1.511590,0.627477,0.306041,0.000000,0.667416,0.285226,-0.005890,0.999260,-0.019153,-0.033346,-0.000639,0.021746,-0.015823,-0.000607,-0.160557,0.555187,-0.054217,23.433987,23.433987,23.438839,0.497767,1.175773,0.434430,0.049200,0.952316
21.450000,1,0,0,2.400000,9.810000,0.900000,30.000000,60.000000,6.000000,-0.530528,-0.882948,1.500000,-0.524637,-0.909106,1.511272,0.616414,0.327753,0.000000,0.657531,0.309277,-0.006828,0.999258,-0.018611,-0.033722,-0.000628,0.021644,-0.014252,-0.000531,-0.192691,0.528053,-0.047816,23.438839,23.438839,23.443996,0.497876,1.116617,0.394530,0.059946,0.952095
21.500000,1,0,0,2.400000,9.810000,0.900000,30.000000,60.000000,6.000000,-0.500000,-0.866025,1.500000,-0.492027,-0.893051,1.510907,0.604600,0.349066,0.000000,0.646701,0.332882,-0.007732,0.999256,-0.018072,-0.034059,-0.000616,0.021526,-0.012742,-0.000461,-0.210051,0.484585,-0.016819,23.443996,23.443996,23.449446,0.497992,1.091142,0.315302,0.129343,0.951847
21.550000,1,0,0,2.400000,9.810000,0.900000,30.000000,60.000000,6.000000,-0.470081,-0.848048,1.500000,-0.459982,-0.875826,1.510499,0.592049,0.369953,0.000000,0.634941,0.355994,-0.008597,0.999255,-0.017535,-0.034360,-0.000603,0.021407,-0.011305,-0.000397,-0.228287,0.449589,-0.005766,23.449446,23.449446,23.455173,0.498114,1.061863,0.256267,0.150507,0.951577
21.600000,1,0,0,2.400000,9.810000,0.900000,30.000000,60.000000,6.000000,-0.440807,-0.829038,1.500000,-0.428548,-0.857460,1.510048,0.578777,0.390390,0.000000,0.622264,0.378568,-0.009418,0.999256,-0.017002,-0.034626,-0.000589,0.021302,-0.009951,-0.000339,-0.217548,0.418563,-0.029044,23.455173,23.455173,23.461162,0.498241,1.100516,0.206630,0.088924,0.951287
21.650000,1,0,0,2.400000,9.810000,0.900000,30.000000,60.000000,6.000000,-0.412215,-0.809017,1.500000,-0.397771,-0.837979,1.509558,0.564800,0.410352,0.000000,0.608688,0.400559,-0.010190,0.999256,-0.016470,-0.034859,-0.000575,0.021226,-0.008686,-0.000286,-0.201832,0.414516,-0.006547,23.461162,23.461162,23.467398,0.498373,1.149603,0.221641,0.136870,0.950981
21.700000,1,0,0,2.400000,9.810000,0.900000,30.000000,60.000000,6.000000,-0.384339,-0.788011,1.500000,-0.367694,-0.817415,1.509030,0.550135,0.429813,0.000000,0.594234,0.421927,-0.010907,0.999258,-0.015941,-0.035061,-0.000559,0.021192,-0.007520,-0.000240,-0.216314,0.385143,0.002374,23.467398,23.467398,23.473862,0.498510,1.124811,0.175809,0.151924,0.950662
21.750000,1,0,0,2.400000,9.810000,0.900000,30.000000,60.000000,6.000000,-0.357212,-0.766044,1.500000,-0.338361,-0.795798,1.508468,0.534800,0.448750,0.000000,0.578922,0.442631,-0.011565,0.999260,-0.015411,-0.035236,-0.000543,0.021213,-0.006457,-0.000199,-0.266815,0.350176,-0.023239,23.473862,23.473862,23.480536,0.498652,1.012287,0.116550,0.083806,0.950335
21.800000,1,0,0,2.400000,9.810000,0.900000,30.000000,60.000000,6.000000,-0.330869,-0.743145,1.500000,-0.309816,-0.773163,1.507875,0.518813,0.467141,0.000000,0.562777,0.462634,-0.012161,0.999263,-0.014880,-0.035386,-0.000527,0.021300,-0.005503,-0.000164,-0.307690,0.329290,-0.035233,23.480536,23.480536,23.487401,0.498798,0.921703,0.091154,0.048105,0.950003
21.850000,1,0,0,2.400000,9.810000,0.900000,30.000000,60.000000,6.000000,-0.305342,-0.719340,1.500000,-0.282097,-0.749547,1.507253,0.502194,0.484963,0.000000,0.545824,0.481902,-0.012691,0.999266,-0.014346,-0.035513,-0.000510,0.021463,-0.004659,-0.000134,-0.356616,0.312373,-0.011708,23.487401,23.487401,23.494438,0.498947,0.810758,0.075441,0.097410,0.949669
21.900000,1,0,0,2.400000,9.810000,0.900000,30.000000,60.000000,6.000000,-0.280660,-0.694658,1.500000,-0.255246,-0.724986,1.506607,0.484963,0.502194,0.000000,0.528092,0.500403,-0.013151,0.999270,-0.013807,-0.035620,-0.000492,0.021709,-0.003929,-0.000109,-0.384536,0.297392,-0.017590,23.494438,23.494438,23.501626,0.499100,0.749320,0.064623,0.075922,0.949337
21.950000,1,0,0,2.400000,9.810000,0.900000,30.000000,60.000000,6.000000,-0.256855,-0.669131,1.500000,-0.229300,-0.699520,1.505939,0.467141,0.518813,0.000000,0.509611,0.518109,-0.013540,0.999274,-0.013260,-0.035711,-0.000474,0.022046,-0.003313,-0.000088,-0.392510,0.254090,-0.029667,23.501626,23.501626,23.508946,0.499256,0.734979,-0.013810,0.039378,0.949011
22.000000,1,0,0,2.400000,9.810000,0.900000,30.000000,60.000000,6.000000,-0.233956,-0.642788,1.500000,-0.204297,-0.673189,1.505254,0.448750,0.534800,0.000000,0.490413,0.534993,-0.013855,0.999279,-0.012704,-0.035787,-0.000455,0.022476,-0.002809,-0.000071,-0.384436,0.253304,-0.039944,23.508946,23.508946,23.516376,0.499413,0.758504,0.010256,0.006995,0.948695
22.050000,1,0,0,2.400000,9.810000,0.900000,30.000000,60.000000,6.000000,-0.211989,-0.615661,1.500000,-0.180271,-0.646034,1.504555,0.429813,0.550135,0.000000,0.470530,0.551033,-0.014094,0.999283,-0.012137,-0.035852,-0.000435,0.023003,-0.002416,-0.000059,-0.366736,0.230850,-0.020334,23.516376,23.516376,23.523895,0.499573,0.804616,-0.017102,0.046205,0.948392
22.100000,1,0,0,2.400000,9.810000,0.900000,30.000000,60.000000,6.000000,-0.190983,-0.587785,1.500000,-0.157255,-0.618100,1.503846,0.410352,0.564800,0.000000,0.449998,0.566209,-0.014256,0.999288,-0.011554,-0.035909,-0.000415,0.023628,-0.002129,-0.000049,-0.374715,0.195088,-0.039129,23.523895,23.523895,23.531482,0.499734,0.788707,-0.075706,-0.006857,0.948105
22.150000,1,0,0,2.400000,9.810000,0.900000,30.000000,60.000000,6.000000,-0.170962,-0.559193,1.500000,-0.135281,-0.589428,1.503131,0.390390,0.578777,0.000000,0.428853,0.580505,-0.014342,0.999293,-0.010955,-0.035960,-0.000394,0.024348,-0.001945,-0.000043,-0.400451,0.232370,-0.010488,23.531482,23.531482,23.539118,0.499896,0.729912,0.041802,0.053853,0.947838
22.200000,1,0,0,2.400000,9.810000,0.900000,30.000000,60.000000,6.000000,-0.151952,-0.529919,1.500000,-0.114379,-0.560064,1.502413,0.369953,0.592049,0.000000,0.407133,0.593907,-0.014351,0.999298,-0.010337,-0.036008,-0.000372,0.025160,-0.001858,-0.000038,-0.409385,0.243241,-0.021128,23.539118,23.539118,23.546781,0.500059,0.711287,0.096845,0.020244,0.947595
22.250000,1,0,0,2.400000,9.810000,0.900000,30.000000,60.000000,6.000000,-0.133975,-0.500000,1.500000,-0.094577,-0.530052,1.501697,0.349066,0.604600,0.000000,0.384877,0.606405,-0.014283,0.999303,-0.009697,-0.036054,-0.000350,0.026058,-0.001859,-0.000036,-0.408404,0.244075,-0.013590,23.546781,23.546781,23.554453,0.500222,0.716411,0.128824,0.030248,0.947378
22.300000,1,0,0,2.400000,9.810000,0.900000,30.000000,60.000000,6.000000,-0.117052,-0.469472,1.500000,-0.075900,-0.499439,1.500986,0.327753,0.616414,0.000000,0.362125,0.617992,-0.014140,0.999307,-0.009034,-0.036102,-0.000326,0.027035,-0.001942,-0.000035,-0.478554,0.234222,0.012691,23.554453,23.554453,23.562113,0.500385,0.550870,0.136279,0.085251,0.947190
22.350000,1,0,0,2.400000,9.810000,0.900000,30.000000,60.000000,6.000000,-0.101206,-0.438371,1.500000,-0.058372,-0.468268,1.500284,0.306041,0.627477,0.000000,0.338916,0.628664,-0.013924,0.999311,-0.008346,-0.036152,-0.000302,0.028082,-0.002096,-0.000035,-0.500337,0.198687,0.042955,23.562113,23.562113,23.569743,0.500547,0.501549,0.083311,0.149853,0.947034
22.400000,1,0,0,2.400000,9.810000,0.900000,30.000000,60.000000,6.000000,-0.086455,-0.406737,1.500000,-0.042015,-0.436587,1.499595,0.283956,0.637775,0.000000,0.315293,0.638419,-0.013636,0.999315,-0.007631,-0.036207,-0.000276,0.029188,-0.002313,-0.000035,-0.488392,0.224188,0.031296,23.569743,23.569743,23.577326,0.500708,0.533392,0.178123,0.113912,0.946914
22.450000,1,0,0,2.400000,9.810000,0.900000,30.000000,60.000000,6.000000,-0.072816,-0.374607,1.500000,-0.026849,-0.404442,1.498922,0.261525,0.647296,0.000000,0.291297,0.647259,-0.013280,0.999318,-0.006887,-0.036269,-0.000250,0.030341,-0.002581,-0.000036,-0.518447,0.191775,0.053610,23.577326,23.577326,23.584845,0.500867,0.464719,0.135297,0.159602,0.946831
22.500000,1,0,0,2.400000,9.810000,0.900000,30.000000,60.000000,6.000000,-0.060307,-0.342020,1.500000,-0.012891,-0.371877,1.498268,0.238775,0.656029,0.000000,0.266970,0.655188,-0.012858,0.999321,-0.006114,-0.036337,-0.000222,0.031526,-0.002890,-0.000035,-0.508476,0.165980,0.061194,23.584845,23.584845,23.592283,0.501025,0.492443,0.109758,0.170067,0.946787
22.550000,1,0,0,2.400000,9.810000,0.900000,30.000000,60.000000,6.000000,-0.048943,-0.309017,1.500000,-0.000156,-0.338938,1.497637,0.215735,0.663963,0.000000,0.242355,0.662211,-0.012375,0.999323,-0.005312,-0.036414,-0.000194,0.032731,-0.003228,-0.000034,-0.517984,0.121276,0.019686,23.592283,23.592283,23.599627,0.501181,0.473792,0.040272,0.062858,0.946785
22.600000,1,0,0,2.400000,9.810000,0.900000,30.000000,60.000000,6.000000,-0.038738,-0.275637,1.500000,0.011341,-0.305670,1.497031,0.192431,0.671087,0.000000,0.217494,0.668339,-0.011833,0.999324,-0.004479,-0.036499,-0.000164,0.033938,-0.003582,-0.000032,-0.507192,0.107155,0.013062,23.599627,23.599627,23.606863,0.501335,0.504261,0.045636,0.039545,0.946827
22.650000,1,0,0,2.400000,9.810000,0.900000,30.000000,60.000000,6.000000,-0.029704,-0.241922,1.500000,0.021590,-0.272119,1.496454,0.168893,0.677394,0.000000,0.192428,0.673582,-0.011238,0.999324,-0.003616,-0.036593,-0.000132,0.035132,-0.003941,-0.000029,-0.500126,0.129062,0.008767,23.606863,23.606863,23.613976,0.501486,0.526199,0.138913,0.022016,0.946914
22.700000,1,0,0,2.400000,9.810000,0.900000,30.000000,60.000000,6.000000,-0.021852,-0.207912,1.500000,0.030581,-0.238327,1.495908,0.145150,0.682876,0.000000,0.167202,0.677952,-0.010595,0.999323,-0.002724,-0.036696,-0.000100,0.036296,-0.004292,-0.000023,-0.472481,0.062881,0.037378,23.613976,23.613976,23.620955,0.501634,0.597936,0.022197,0.083679,0.947047
22.750000,1,0,0,2.400000,9.810000,0.900000,30.000000,60.000000,6.000000,-0.015192,-0.173648,1.500000,0.038308,-0.204338,1.495396,0.121229,0.687526,0.000000,0.141854,0.681463,-0.009908,0.999321,-0.001803,-0.036808,-0.000066,0.037413,-0.004623,-0.000017,-0.519577,0.063038,0.052278,23.620955,23.620955,23.627789,0.501779,0.490687,0.066068,0.112669,0.947228
22.800000,1,0,0,2.400000,9.810000,0.900000,30.000000,60.000000,6.000000,-0.009732,-0.139173,1.500000,0.044765,-0.170195,1.494918,0.097161,0.691338,0.000000,0.116428,0.684132,-0.009183,0.999318,-0.000855,-0.036927,-0.000032,0.038468,-0.004922,-0.000008,-0.577008,0.025336,0.035561,23.627789,23.627789,23.634466,0.501921,0.358990,0.020387,0.066030,0.947457
22.850000,1,0,0,2.400000,9.810000,0.900000,30.000000,60.000000,6.000000,-0.005478,-0.104528,1.500000,0.049950,-0.135938,1.494478,0.072975,0.694307,0.000000,0.090962,0.685974,-0.008426,0.999313,0.000119,-0.037053,0.000004,0.039442,-0.005178,0.000001,-0.577339,-0.007458,0.027928,23.634466,23.634466,23.640977,0.502059,0.364646,-0.012287,0.041460,0.947734
22.900000,1,0,0,2.400000,9.810000,0.900000,30.000000,60.000000,6.000000,-0.002436,-0.069756,1.500000,0.053861,-0.101611,1.494076,0.048699,0.696431,0.000000,0.065496,0.687008,-0.007642,0.999308,0.001115,-0.037185,0.000041,0.040322,-0.005378,0.000012,-0.552491,-0.034716,0.019691,23.640977,23.640977,23.647310,0.502194,0.430987,-0.030552,0.015718,0.948061
22.950000,1,0,0,2.400000,9.810000,0.900000,30.000000,60.000000,6.000000,-0.000609,-0.034899,1.500000,0.056500,-0.067251,1.493714,0.024364,0.697706,0.000000,0.040069,0.687252,-0.006839,0.999301,0.002132,-0.037321,0.000080,0.041091,-0.005512,0.000024,-0.544947,-0.064053,-0.007215,23.647310,23.647310,23.653456,0.502324,0.455979,-0.052807,-0.054534,0.948437
23.000000,1,0,0,2.400000,9.810000,0.900000,30.000000,60.000000,6.000000,0.000000,-0.000000,1.500000,0.057869,-0.032898,1.493392,0.000000,0.698132,0.000000,0.014719,0.686725,-0.006021,0.999293,0.003167,-0.037460,0.000119,0.041736,-0.005570,0.000035,-0.541093,-0.077766,-0.007420,23.653456,23.653456,23.659405,0.502451,0.472211,-0.036700,-0.060406,0.948862
23.050000,1,0,0,2.400000,9.810000,0.900000,30.000000,60.000000,6.000000,-0.000609,0.034899,1.500000,0.057974,0.001409,1.493112,-0.024364,0.697706,0.000000,-0.010519,0.685446,-0.005196,0.999284,0.004217,-0.037599,0.000159,0.042244,-0.005542,0.000047,-0.507533,-0.103781,0.003417,23.659405,23.659405,23.665147,0.502573,0.559735,-0.049413,-0.039471,0.949335
23.100000,1,0,0,2.400000,9.810000,0.900000,30.000000,60.000000,6.000000,-0.002436,0.069756,1.500000,0.056820,0.035634,1.492873,-0.048699,0.696431,0.000000,-0.035610,0.683434,-0.004369,0.999274,0.005277,-0.037736,0.000199,0.042604,-0.005421,0.000057,-0.513716,-0.089851,0.013820,23.665147,23.665147,23.670672,0.502690,0.551768,0.034278,-0.019264,0.949856
23.150000,1,0,0,2.400000,9.810000,0.900000,30.000000,60.000000,6.000000,-0.005478,0.104528,1.500000,0.054416,0.069741,1.492675,-0.072975,0.694307,0.000000,-0.060519,0.680707,-0.003548,0.999263,0.006344,-0.037868,0.000240,0.042807,-0.005198,0.000066,-0.516121,-0.131774,0.005041,23.670672,23.670672,23.675969,0.502803,0.552645,-0.015723,-0.044782,0.950423
23.200000,1,0,0,2.400000,9.810000,0.900000,30.000000,60.000000,6.000000,-0.009732,0.139173,1.500000,0.050772,0.103693,1.492518,-0.097161,0.691338,0.000000,-0.085215,0.677285,-0.002738,0.999250,0.007414,-0.037994,0.000282,0.042845,-0.004867,0.000072,-0.514810,-0.098792,0.002300,23.675969,23.675969,23.681027,0.502910,0.562092,0.114211,-0.055493,0.951035
23.250000,1,0,0,2.400000,9.810000,0.900000,30.000000,60.000000,6.000000,-0.015192,0.173648,1.500000,0.045899,0.137458,1.492401,-0.121229,0.687526,0.000000,-0.109666,0.673184,-0.001945,0.999237,0.008483,-0.038110,0.000324,0.042711,-0.004423,0.000075,-0.507206,-0.074545,-0.007571,23.681027,23.681027,23.685836,0.503012,0.586159,0.223140,-0.083004,0.951691
23.300000,1,0,0,2.400000,9.810000,0.900000,30.000000,60.000000,6.000000,-0.021852,0.207912,1.500000,0.039810,0.171001,1.492323,-0.145150,0.682876,0.000000,-0.133844,0.668423,-0.001176,0.999224,0.009546,-0.038213,0.000365,0.042403,-0.003861,0.000074,-0.499797,-0.137177,-0.022721,23.685836,23.685836,23.690385,0.503109,0.609140,0.123314,-0.122876,0.952388
23.350000,1,0,0,2.400000,9.810000,0.900000,30.000000,60.000000,6.000000,-0.029704,0.241922,1.500000,0.032519,0.204289,1.492283,-0.168893,0.677394,0.000000,-0.157720,0.663016,-0.000437,0.999210,0.010600,-0.038301,0.000406,0.041917,-0.003179,0.000067,-0.517487,-0.131302,-0.034038,23.690385,23.690385,23.694663,0.503200,0.571124,0.187449,-0.153246,0.953125
23.400000,1,0,0,2.400000,9.810000,0.900000,30.000000,60.000000,6.000000,-0.038738,0.275637,1.500000,0.024043,0.237292,1.492279,-0.192431,0.671087,0.000000,-0.181268,0.656980,0.000267,0.999196,0.011639,-0.038370,0.000447,0.041256,-0.002374,0.000055,-0.514539,-0.117685,-0.045103,23.694663,23.694663,23.698658,0.503284,0.581733,0.269495,-0.182720,0.953900
23.450000,1,0,0,2.400000,9.810000,0.900000,30.000000,60.000000,6.000000,-0.048943,0.309017,1.500000,0.014398,0.269977,1.492309,-0.215735,0.663963,0.000000,-0.204464,0.650328,0.000931,0.999181,0.012660,-0.038418,0.000487,0.040420,-0.001448,0.000037,-0.479035,-0.105164,-0.048835,23.698658,23.698658,23.702360,0.503363,0.669428,0.348030,-0.194311,0.954709
23.500000,1,0,0,2.400000,9.810000,0.900000,30.000000,60.000000,6.000000,-0.060307,0.342020,1.500000,0.003603,0.302315,1.492371,-0.238775,0.656029,0.000000,-0.227284,0.643072,0.001550,0.999167,0.013657,-0.038441,0.000525,0.039414,-0.000399,0.000011,-0.475049,-0.119360,-0.041770,23.702360,23.702360,23.705759,0.503435,0.680286,0.361360,-0.179717,0.955550
23.550000,1,0,0,2.400000,9.810000,0.900000,30.000000,60.000000,6.000000,-0.072816,0.374607,1.500000,-0.008324,0.334275,1.492463,-0.261525,0.647296,0.000000,-0.249707,0.635225,0.002118,0.999154,0.014627,-0.038436,0.000563,0.038246,0.000769,-0.000023,-0.467302,-0.094997,-0.042624,23.705759,23.705759,23.708848,0.503501,0.698833,0.465947,-0.183872,0.956421
23.600000,1,0,0,2.400000,9.810000,0.900000,30.000000,60.000000,6.000000,-0.086455,0.406737,1.500000,-0.021361,0.365827,1.492582,-0.283956,0.637775,0.000000,-0.271712,0.626795,0.002631,0.999141,0.015566,-0.038400,0.000598,0.036923,0.002053,-0.000064,-0.449628,-0.121009,-0.068829,23.708848,23.708848,23.711617,0.503560,0.739729,0.448156,-0.248628,0.957318
23.650000,1,0,0,2.400000,9.810000,0.900000,30.000000,60.000000,6.000000,-0.101206,0.438371,1.500000,-0.035488,0.396944,1.492725,-0.306041,0.627477,0.000000,-0.293282,0.617791,0.003086,0.999129,0.016471,-0.038331,0.000632,0.035456,0.003448,-0.000114,-0.453257,-0.124716,-0.051444,23.711617,23.711617,23.714062,0.503612,0.727885,0.482243,-0.208541,0.958238
23.700000,1,0,0,2.400000,9.810000,0.900000,30.000000,60.000000,6.000000,-0.117052,0.469472,1.500000,-0.050682,0.427597,1.492889,-0.327753,0.616414,0.000000,-0.314398,0.608221,0.003478,0.999119,0.017337,-0.038226,0.000663,0.033856,0.004949,-0.000172,-0.456651,-0.170800,-0.024729,23.714062,23.714062,23.716179,0.503657,0.714866,0.412802,-0.145854,0.959177
23.750000,1,0,0,2.400000,9.810000,0.900000,30.000000,60.000000,6.000000,-0.133975,0.500000,1.500000,-0.066920,0.457757,1.493072,-0.349066,0.604600,0.000000,-0.335045,0.598091,0.003806,0.999109,0.018161,-0.038082,0.000692,0.032139,0.006548,-0.000238,-0.436052,-0.157866,-0.007744,23.716179,23.716179,23.717966,0.503694,0.757573,0.483032,-0.106332,0.960132
23.800000,1,0,0,2.400000,9.810000,0.900000,30.000000,60.000000,6.000000,-0.151952,0.529919,1.500000,-0.084178,0.487397,1.493269,-0.369953,0.592049,0.000000,-0.355209,0.587404,0.004066,0.999102,0.018942,-0.037896,0.000718,0.030317,0.008237,-0.000312,-0.423913,-0.197695,0.025511,23.717966,23.717966,23.719425,0.503725,0.778004,0.424526,-0.027595,0.961101
23.850000,1,0,0,2.400000,9.810000,0.900000,30.000000,60.000000,6.000000,-0.170962,0.559193,1.500000,-0.102432,0.516489,1.493477,-0.390390,0.578777,0.000000,-0.374877,0.576165,0.004257,0.999096,0.019675,-0.037668,0.000742,0.028409,0.010006,-0.000394,-0.433375,-0.229769,0.021147,23.719425,23.719425,23.720560,0.503750,0.744524,0.382409,-0.038997,0.962077
23.900000,1,0,0,2.400000,9.810000,0.900000,30.000000,60.000000,6.000000,-0.190983,0.587785,1.500000,-0.121657,0.545004,1.493693,-0.410352,0.564800,0.000000,-0.394036,0.564375,0.004376,0.999093,0.020360,-0.037395,0.000762,0.026430,0.011846,-0.000483,-0.436188,-0.269511,0.006655,23.720560,23.720560,23.721379,0.503767,0.724845,0.319572,-0.074581,0.963060
23.950000,1,0,0,2.400000,9.810000,0.900000,30.000000,60.000000,6.000000,-0.211989,0.615661,1.500000,-0.141827,0.572917,1.493914,-0.429813,0.550135,0.000000,-0.412676,0.552036,0.004423,0.999092,0.020996,-0.037074,0.000779,0.024400,0.013745,-0.000578,-0.431399,-0.297706,0.014832,23.721379,23.721379,23.721892,0.503778,0.721178,0.282061,-0.055658,0.964043
24.000000,1,0,0,2.400000,9.810000,0.900000,30.000000,60.000000,6.000000,-0.233956,0.642788,1.500000,-0.162916,0.600199,1.494134,-0.448750,0.534800,0.000000,-0.430786,0.539148,0.004397,0.999093,0.021580,-0.036706,0.000793,0.022335,0.015691,-0.000678,-0.402395,-0.264112,0.005443,23.721892,23.721892,23.722115,0.503783,0.773335,0.390401,-0.078814,0.965024
24.050000,1,0,0,2.400000,9.810000,0.900000,30.000000,60.000000,6.000000,-0.256855,0.669131,1.500000,-0.184897,0.626823,1.494352,-0.467141,0.518813,0.000000,-0.448358,0.525710,0.004299,0.999096,0.022112,-0.036289,0.000803,0.020255,0.017673,-0.000783,-0.425748,-0.263400,0.004080,23.722115,23.722115,23.722065,0.503782,0.697492,0.417354,-0.082648,0.965999
24.100000,1,0,0,2.400000,9.810000,0.900000,30.000000,60.000000,6.000000,-0.280660,0.694658,1.500000,-0.207743,0.652761,1.494563,-0.484963,0.502194,0.000000,-0.465384,0.511722,0.004129,0.999102,0.022592,-0.035821,0.000810,0.018177,0.019676,-0.000890,-0.400185,-0.284883,-0.019721,23.722065,23.722065,23.721764,0.503775,0.736675,0.388559,-0.140301,0.966963
24.150000,1,0,0,2.400000,9.810000,0.900000,30.000000,60.000000,6.000000,-0.305342,0.719340,1.500000,-0.231426,0.677986,1.494764,-0.502194,0.484963,0.000000,-0.481855,0.497183,0.003888,0.999111,0.023021,-0.035304,0.000813,0.016121,0.021687,-0.001000,-0.354398,-0.307811,-0.042418,23.721764,23.721764,23.721237,0.503764,0.822008,0.353834,-0.195293,0.967914
24.200000,1,0,0,2.400000,9.810000,0.900000,30.000000,60.000000,6.000000,-0.330869,0.743145,1.500000,-0.255919,0.702470,1.494951,-0.518813,0.467141,0.000000,-0.497766,0.482090,0.003578,0.999122,0.023399,-0.034736,0.000813,0.014105,0.023692,-0.001110,-0.344814,-0.364099,-0.010863,23.721237,23.721237,23.720510,0.503749,0.818069,0.236621,-0.120089,0.968847
24.250000,1,0,0,2.400000,9.810000,0.900000,30.000000,60.000000,6.000000,-0.357212,0.766044,1.500000,-0.281193,0.726185,1.495121,-0.534800,0.448750,0.000000,-0.513110,0.466444,0.003202,0.999136,0.023727,-0.034119,0.000810,0.012144,0.025677,-0.001220,-0.304552,-0.370871,-0.031909,23.720510,23.720510,23.719616,0.503730,0.885387,0.235877,-0.171158,0.969758
24.300000,1,0,0,2.400000,9.810000,0.900000,30.000000,60.000000,6.000000,-0.384339,0.788011,1.500000,-0.307220,0.749105,1.495270,-0.550135,0.429813,0.000000,-0.527881,0.450242,0.002761,0.999152,0.024007,-0.033452,0.000804,0.010255,0.027628,-0.001328,-0.262560,-0.387560,-0.026429,23.719616,23.719616,23.718587,0.503708,0.954522,0.209040,-0.158619,0.970645
24.350000,1,0,0,2.400000,9.810000,0.900000,30.000000,60.000000,6.000000,-0.412215,0.809017,1.500000,-0.333972,0.771200,1.495396,-0.564800,0.410352,0.000000,-0.542074,0.433484,0.002259,0.999170,0.024241,-0.032737,0.000794,0.008452,0.029531,-0.001434,-0.209075,-0.366149,-0.029030,23.718587,23.718587,23.717458,0.503684,1.048958,0.271447,-0.165546,0.971504
24.400000,1,0,0,2.400000,9.810000,0.900000,30.000000,60.000000,6.000000,-0.440807,0.829038,1.500000,-0.361418,0.792444,1.495495,-0.578777,0.390390,0.000000,-0.555683,0.416171,0.001700,0.999190,0.024431,-0.031975,0.000782,0.006750,0.031371,-0.001535,-0.216621,-0.357528,-0.019260,23.717458,23.717458,23.716266,0.503658,0.994704,0.301075,-0.142872,0.972330
24.450000,1,0,0,2.400000,9.810000,0.900000,30.000000,60.000000,6.000000,-0.470081,0.848048,1.500000,-0.389530,0.812808,1.495565,-0.592049,0.369953,0.000000,-0.568702,0.398302,0.001088,0.999212,0.024580,-0.031168,0.000767,0.005158,0.033136,-0.001631,-0.251342,-0.357668,-0.018285,23.716266,23.716266,23.715048,0.503633,0.873097,0.307720,-0.141414,0.973122
24.500000,1,0,0,2.400000,9.810000,0.900000,30.000000,60.000000,6.000000,-0.500000,0.866025,1.500000,-0.418278,0.832265,1.495603,-0.604600,0.349066,0.000000,-0.581128,0.379881,0.000426,0.999235,0.024691,-0.030318,0.000749,0.003688,0.034812,-0.001721,-0.227697,-0.362820,-0.026455,23.715048,23.715048,23.713841,0.503607,0.889534,0.300522,-0.162027,0.973876
24.550000,1,0,0,2.400000,9.810000,0.900000,30.000000,60.000000,6.000000,-0.530528,0.882948,1.500000,-0.447633,0.850787,1.495607,-0.616414,0.327753,0.000000,-0.592954,0.360911,-0.000279,0.999260,0.024767,-0.029427,0.000729,0.002346,0.036387,-0.001805,-0.246651,-0.395328,-0.022067,23.713841,23.713841,23.712684,0.503582,0.801817,0.226003,-0.152640,0.974589
24.600000,1,0,0,2.400000,9.810000,0.900000,30.000000,60.000000,6.000000,-0.561629,0.898794,1.500000,-0.477564,0.868347,1.495574,-0.627477,0.306041,0.000000,-0.604175,0.341397,-0.001023,0.999286,0.024811,-0.028499,0.000708,0.001139,0.037848,-0.001881,-0.214214,-0.409501,0.011385,23.712684,23.712684,23.711612,0.503560,0.835645,0.193980,-0.073648,0.975259
24.650000,1,0,0,2.400000,9.810000,0.900000,30.000000,60.000000,6.000000,-0.593263,0.913545,1.500000,-0.508040,0.884918,1.495504,-0.637775,0.283956,0.000000,-0.614786,0.321346,-0.001800,0.999312,0.024826,-0.027535,0.000684,0.000070,0.039185,-0.001948,-0.187473,-0.391531,-0.002927,23.711612,23.711612,23.710660,0.503539,0.854154,0.237757,-0.109452,0.975882
24.700000,1,0,0,2.400000,9.810000,0.900000,30.000000,60.000000,6.000000,-0.625393,0.927184,1.500000,-0.539032,0.900473,1.495394,-0.647296,0.261525,0.000000,-0.624781,0.300766,-0.002605,0.999339,0.024817,-0.026539,0.000659,-0.000859,0.040388,-0.002007,-0.180880,-0.390579,0.004428,23.710660,23.710660,23.709862,0.503522,0.822814,0.239515,-0.093427,0.976457
24.750000,1,0,0,2.400000,9.810000,0.900000,30.000000,60.000000,6.000000,-0.657980,0.939693,1.500000,-0.570508,0.914986,1.495243,-0.656029,0.238775,0.000000,-0.634154,0.279668,-0.003431,0.999367,0.024786,-0.025516,0.000633,-0.001650,0.041448,-0.002057,-0.172334,-0.404896,-0.018176,23.709862,23.709862,23.709248,0.503509,0.794829,0.203614,-0.149481,0.976982
24.800000,1,0,0,2.400000,9.810000,0.900000,30.000000,60.000000,6.000000,-0.690983,0.951057,1.500000,-0.602437,0.928431,1.495051,-0.663963,0.215735,0.000000,-0.642898,0.258065,-0.004273,0.999394,0.024737,-0.024467,0.000606,-0.002306,0.042356,-0.002098,-0.181378,-0.413348,-0.051110,23.709248,23.709248,23.708843,0.503501,0.723472,0.180945,-0.230510,0.977455
24.850000,1,0,0,2.400000,9.810000,0.900000,30.000000,60.000000,6.000000,-0.724363,0.961262,1.500000,-0.634787,0.940784,1.494816,-0.671087,0.192431,0.000000,-0.651007,0.235972,-0.005124,0.999422,0.024673,-0.023398,0.000578,-0.002831,0.043106,-0.002130,-0.194879,-0.434068,-0.031138,23.708843,23.708843,23.708673,0.503497,0.640444,0.128143,-0.184748,0.977873
24.900000,1,0,0,2.400000,9.810000,0.900000,30.000000,60.000000,6.000000,-0.758078,0.970296,1.500000,-0.667527,0.952021,1.494538,-0.677394,0.168893,0.000000,-0.658474,0.213406,-0.005978,0.999448,0.024598,-0.022312,0.000549,-0.003235,0.043692,-0.002152,-0.166382,-0.418513,-0.024674,23.708673,23.708673,23.708757,0.503499,0.657428,0.161865,-0.171596,0.978237
24.950000,1,0,0,2.400000,9.810000,0.900000,30.000000,60.000000,6.000000,-0.792088,0.978148,1.500000,-0.700624,0.962117,1.494218,-0.682876,0.145150,0.000000,-0.665291,0.190389,-0.006829,0.999474,0.024514,-0.021213,0.000520,-0.003525,0.044111,-0.002165,-0.153198,-0.390514,-0.018757,23.708757,23.708757,23.709109,0.503506,0.637073,0.225053,-0.159943,0.978545
25.000000,1,0,0,2.400000,9.810000,0.900000,30.000000,60.000000,6.000000,-0.826352,0.984808,1.500000,-0.734045,0.971052,1.493855,-0.687526,0.121229,0.000000,-0.671450,0.166942,-0.007670,0.999499,0.024424,-0.020106,0.000491,-0.003713,0.044359,-0.002169,-0.155844,-0.385815,-0.046249,23.709109,23.709109,23.709741,0.503520,0.578335,0.232054,-0.228651,0.978796
25.050000,1,0,0,2.400000,9.810000,0.900000,30.000000,60.000000,6.000000,-0.860827,0.990268,1.500000,-0.767758,0.978805,1.493451,-0.691338,0.097161,0.000000,-0.676942,0.143092,-0.008495,0.999523,0.024330,-0.018995,0.000462,-0.003814,0.044435,-0.002165,-0.164857,-0.372202,-0.015988,23.709741,23.709741,23.710658,0.503539,0.504128,0.260291,-0.158932,0.978990
25.100000,1,0,0,2.400000,9.810000,0.900000,30.000000,60.000000,6.000000,-0.895472,0.994522,1.500000,-0.801728,0.985355,1.493006,-0.694307,0.072975,0.000000,-0.681760,0.118864,-0.009297,0.999546,0.024235,-0.017885,0.000434,-0.003841,0.044340,-0.002151,-0.122878,-0.359296,0.013807,23.710658,23.710658,23.711861,0.503565,0.552317,0.286772,-0.090502,0.979125
25.150000,1,0,0,2.400000,9.810000,0.900000,30.000000,60.000000,6.000000,-0.930244,0.997564,1.500000,-0.835922,0.990685,1.492522,-0.696431,0.048699,0.000000,-0.685894,0.094291,-0.010071,0.999568,0.024139,-0.016778,0.000405,-0.003810,0.044073,-0.002130,-0.106967,-0.390973,-0.004141,23.711861,23.711861,23.713347,0.503596,0.538157,0.206271,-0.136814,0.979204
25.200000,1,0,0,2.400000,9.810000,0.900000,30.000000,60.000000,6.000000,-0.965101,0.999391,1.500000,-0.870306,0.994779,1.492000,-0.697706,0.024364,0.000000,-0.689334,0.069405,-0.010811,0.999588,0.024045,-0.015681,0.000377,-0.003738,0.043639,-0.002101,-0.076220,-0.396172,-0.032924,23.713347,23.713347,23.715107,0.503634,0.560020,0.189392,-0.209283,0.979225
25.250000,1,0,0,2.400000,9.810000,0.900000,30.000000,60.000000,6.000000,-1.000000,1.000000,1.500000,-0.904844,0.997621,1.491442,-0.698132,0.000000,0.000000,-0.692071,0.044241,-0.011511,0.999606,0.023954,-0.014596,0.000350,-0.003644,0.043042,-0.002064,-0.030598,-0.437647,-0.002556,23.715107,23.715107,23.717128,0.503677,0.618190,0.085564,-0.139922,0.979189
25.300000,1,0,0,2.400000,9.810000,0.900000,30.000000,60.000000,6.000000,-1.034899,0.999391,1.500000,-0.939501,0.999199,1.490849,-0.697706,-0.024364,0.000000,-0.694094,0.018836,-0.012165,0.999624,0.023864,-0.013528,0.000323,-0.003546,0.042286,-0.002020,0.022249,-0.468897,0.017177,23.717128,23.717128,23.719392,0.503725,0.694498,0.006402,-0.096208,0.979098
25.350000,1,0,0,2.400000,9.810000,0.900000,30.000000,60.000000,6.000000,-1.069756,0.997564,1.500000,-0.974242,0.999502,1.490226,-0.696431,-0.048699,0.000000,-0.695395,-0.006768,-0.012770,0.999639,0.023777,-0.012481,0.000297,-0.003463,0.041378,-0.001970,0.044211,-0.458194,0.027918,23.719392,23.719392,23.721877,0.503778,0.697664,0.028049,-0.074178,0.978951
25.400000,1,0,0,2.400000,9.810000,0.900000,30.000000,60.000000,6.000000,-1.104528,0.994522,1.500000,-1.009029,0.998520,1.489573,-0.694307,-0.072975,0.000000,-0.695962,-0.032531,-0.013319,0.999654,0.023691,-0.011459,0.000272,-0.003413,0.040327,-0.001913,0.021361,-0.486332,0.020863,23.721877,23.721877,23.724557,0.503834,0.594435,-0.043434,-0.094947,0.978751
25.450000,1,0,0,2.400000,9.810000,0.900000,30.000000,60.000000,6.000000,-1.139173,0.990268,1.500000,-1.043825,0.996247,1.488895,-0.691338,-0.097161,0.000000,-0.695786,-0.058408,-0.013808,0.999667,0.023606,-0.010465,0.000247,-0.003414,0.039141,-0.001850,0.049687,-0.481818,0.015013,23.724557,23.724557,23.727402,0.503895,0.615348,-0.036511,-0.112887,0.978500
25.500000,1,0,0,2.400000,9.810000,0.900000,30.000000,60.000000,6.000000,-1.173648,0.984808,1.500000,-1.078595,0.992678,1.488194,-0.687526,-0.121229,0.000000,-0.694856,-0.084354,-0.014235,0.999678,0.023521,-0.009502,0.000224,-0.003485,0.037831,-0.001781,0.046756,-0.473555,0.000101,23.727402,23.727402,23.730381,0.503958,0.562717,-0.020625,-0.152622,0.978199
25.550000,1,0,0,2.400000,9.810000,0.900000,30.000000,60.000000,6.000000,-1.207912,0.978148,1.500000,-1.113298,0.987811,1.487473,-0.682876,-0.145150,0.000000,-0.693163,-0.110321,-0.014594,0.999689,0.023432,-0.008573,0.000201,-0.003643,0.036406,-0.001708,0.080884,-0.468629,0.026084,23.730381,23.730381,23.733456,0.504023,0.600638,-0.012879,-0.094232,0.977849
25.600000,1,0,0,2.400000,9.810000,0.900000,30.000000,60.000000,6.000000,-1.241922,0.970296,1.500000,-1.147898,0.981646,1.486735,-0.677394,-0.168893,0.000000,-0.690697,-0.136262,-0.014884,0.999698,0.023338,-0.007681,0.000179,-0.003903,0.034879,-0.001629,0.107253,-0.460999,0.032379,23.733456,23.733456,23.736590,0.504090,0.621679,0.001115,-0.083092,0.977455
25.650000,1,0,0,2.400000,9.810000,0.900000,30.000000,60.000000,6.000000,-1.275637,0.961262,1.500000,-1.182355,0.974186,1.485985,-0.671087,-0.192431,0.000000,-0.687450,-0.162127,-0.015101,0.999707,0.023236,-0.006828,0.000159,-0.004280,0.033262,-0.001547,0.127547,-0.457518,0.020230,23.736590,23.736590,23.739743,0.504157,0.629997,0.004778,-0.116194,0.977017
25.700000,1,0,0,2.400000,9.810000,0.900000,30.000000,60.000000,6.000000,-1.309017,0.951057,1.500000,-1.216630,0.965435,1.485227,-0.663963,-0.215735,0.000000,-0.683411,-0.187865,-0.015243,0.999715,0.023123,-0.006017,0.000139,-0.004786,0.031567,-0.001461,0.129373,-0.469164,-0.012565,23.739743,23.739743,23.742874,0.504223,0.595945,-0.028387,-0.198793,0.976539
25.750000,1,0,0,2.400000,9.810000,0.900000,30.000000,60.000000,6.000000,-1.342020,0.939693,1.500000,-1.250683,0.955402,1.484462,-0.656029,-0.238775,0.000000,-0.678575,-0.213426,-0.015310,0.999722,0.022996,-0.005249,0.000121,-0.005433,0.029809,-0.001372,0.135123,-0.496814,0.022833,23.742874,23.742874,23.745941,0.504289,0.573351,-0.100648,-0.117657,0.976023
25.800000,1,0,0,2.400000,9.810000,0.900000,30.000000,60.000000,6.000000,-1.374607,0.927184,1.500000,-1.284474,0.944097,1.483697,-0.647296,-0.261525,0.000000,-0.672932,-0.238758,-0.015300,0.999729,0.022851,-0.004526,0.000103,-0.006230,0.028000,-0.001281,0.157527,-0.526942,0.040503,23.745941,23.745941,23.748901,0.504351,0.592836,-0.179714,-0.078962,0.975474
25.850000,1,0,0,2.400000,9.810000,0.900000,30.000000,60.000000,6.000000,-1.406737,0.913545,1.500000,-1.317963,0.931531,1.482934,-0.637775,-0.283956,0.000000,-0.666478,-0.263812,-0.015212,0.999735,0.022683,-0.003848,0.000087,-0.007183,0.026153,-0.001187,0.165316,-0.491397,0.045052,23.748901,23.748901,23.751713,0.504411,0.579405,-0.102211,-0.071634,0.974893
25.900000,1,0,0,2.400000,9.810000,0.900000,30.000000,60.000000,6.000000,-1.438371,0.898794,1.500000,-1.351108,0.917721,1.482177,-0.627477,-0.306041,0.000000,-0.659206,-0.288535,-0.015047,0.999742,0.022490,-0.003217,0.000072,-0.008296,0.024284,-0.001093,0.169052,-0.500665,0.032784,23.751713,23.751713,23.754335,0.504467,0.558446,-0.133491,-0.104511,0.974284
25.950000,1,0,0,2.400000,9.810000,0.900000,30.000000,60.000000,6.000000,-1.469472,0.882948,1.500000,-1.383870,0.902684,1.481430,-0.616414,-0.327753,0.000000,-0.651113,-0.312878,-0.014805,0.999749,0.022267,-0.002633,0.000059,-0.009572,0.022404,-0.000999,0.197690,-0.488412,0.056536,23.754335,23.754335,23.756727,0.504518,0.599472,-0.114552,-0.050762,0.973651
26.000000,1,0,0,2.400000,9.810000,0.900000,30.000000,60.000000,6.000000,-1.500000,0.866025,1.500000,-1.416206,0.886440,1.480698,-0.604600,-0.349066,0.000000,-0.642195,-0.336792,-0.014487,0.999756,0.022011,-0.002096,0.000046,-0.011011,0.020528,-0.000904,0.234116,-0.517640,0.042350,23.756727,23.756727,23.758852,0.504563,0.661411,-0.196788,-0.087860,0.972998
26.050000,1,0,0,2.400000,9.810000,0.900000,30.000000,60.000000,6.000000,-1.529919,0.848048,1.500000,-1.448075,0.869013,1.479983,-0.592049,-0.369953,0.000000,-0.632451,-0.360228,-0.014096,0.999763,0.021716,-0.001606,0.000035,-0.012609,0.018668,-0.000811,0.290570,-0.453176,0.067087,23.758852,23.758852,23.760675,0.504601,0.773633,-0.055981,-0.031312,0.972327
26.100000,1,0,0,2.400000,9.810000,0.900000,30.000000,60.000000,6.000000,-1.559193,0.829038,1.500000,-1.479437,0.850426,1.479289,-0.578777,-0.390390,0.000000,-0.621881,-0.383139,-0.013633,0.999771,0.021379,-0.001162,0.000025,-0.014360,0.016837,-0.000720,0.308718,-0.453140,0.083304,23.760675,23.760675,23.762162,0.504633,0.796110,-0.071805,0.005040,0.971643
26.150000,1,0,0,2.400000,9.810000,0.900000,30.000000,60.000000,6.000000,-1.587785,0.809017,1.500000,-1.510250,0.830708,1.478621,-0.564800,-0.410352,0.000000,-0.610485,-0.405480,-0.013102,0.999779,0.020997,-0.000763,0.000016,-0.016258,0.015046,-0.000632,0.326991,-0.452168,0.054495,23.762162,23.762162,23.763286,0.504657,0.821034,-0.087568,-0.066395,0.970949
26.200000,1,0,0,2.400000,9.810000,0.900000,30.000000,60.000000,6.000000,-1.615661,0.788011,1.500000,-1.540472,0.809888,1.477980,-0.550135,-0.429813,0.000000,-0.598266,-0.427209,-0.012504,0.999788,0.020565,-0.000409,0.000008,-0.018291,0.013307,-0.000548,0.381500,-0.422246,0.042592,23.763286,23.763286,23.764020,0.504673,0.935020,-0.036202,-0.096958,0.970249
26.250000,1,0,0,2.400000,9.810000,0.900000,30.000000,60.000000,6.000000,-1.642788,0.766044,1.500000,-1.570063,0.787998,1.477371,-0.534800,-0.448750,0.000000,-0.585230,-0.448282,-0.011845,0.999798,0.020081,-0.000097,0.000002,-0.020447,0.011630,-0.000467,0.392448,-0.393926,0.027051,23.764020,23.764020,23.764344,0.504679,0.946487,0.008813,-0.135931,0.969547
26.300000,1,0,0,2.400000,9.810000,0.900000,30.000000,60.000000,6.000000,-1.669131,0.743145,1.500000,-1.598981,0.765072,1.476797,-0.518813,-0.467141,0.000000,-0.571383,-0.468663,-0.011128,0.999809,0.019542,0.000174,-0.000003,-0.022711,0.010024,-0.000392,0.376347,-0.377354,0.038935,23.764344,23.764344,23.764241,0.504677,0.894987,0.022987,-0.108746,0.968847
26.350000,1,0,0,2.400000,9.810000,0.900000,30.000000,60.000000,6.000000,-1.694658,0.719340,1.500000,-1.627188,0.741144,1.476259,-0.502194,-0.484963,0.000000,-0.556732,-0.488314,-0.010357,0.999820,0.018945,0.000405,-0.000008,-0.025066,0.008497,-0.000322,0.407329,-0.375977,0.040204,23.764241,23.764241,23.763698,0.504666,0.958350,-0.002066,-0.106684,0.968152
26.400000,1,0,0,2.400000,9.810000,0.900000,30.000000,60.000000,6.000000,-1.719340,0.694658,1.500000,-1.654641,0.716253,1.475762,-0.484963,-0.502194,0.000000,-0.541289,-0.507201,-0.009538,0.999833,0.018289,0.000599,-0.000011,-0.027493,0.007057,-0.000258,0.423228,-0.355295,0.052798,23.763698,23.763698,23.762710,0.504645,0.987274,0.016353,-0.077069,0.967467
26.450000,1,0,0,2.400000,9.810000,0.900000,30.000000,60.000000,6.000000,-1.743145,0.669131,1.500000,-1.681303,0.690437,1.475306,-0.467141,-0.518813,0.000000,-0.525065,-0.525293,-0.008675,0.999845,0.017570,0.000759,-0.000013,-0.029973,0.005710,-0.000201,0.426719,-0.358648,0.010989,23.762710,23.762710,23.761272,0.504614,0.988077,-0.025844,-0.177638,0.966793
26.500000,1,0,0,2.400000,9.810000,0.900000,30.000000,60.000000,6.000000,-1.766044,0.642788,1.500000,-1.707135,0.663737,1.474895,-0.448750,-0.534800,0.000000,-0.508074,-0.542563,-0.007775,0.999859,0.016790,0.000886,-0.000015,-0.032484,0.004461,-0.000150,0.439454,-0.319907,0.040815,23.761272,23.761272,23.759388,0.504574,1.012611,0.030007,-0.105884,0.966136
26.550000,1,0,0,2.400000,9.810000,0.900000,30.000000,60.000000,6.000000,-1.788011,0.615661,1.500000,-1.732098,0.636195,1.474529,-0.429813,-0.550135,0.000000,-0.490333,-0.558986,-0.006843,0.999872,0.015946,0.000983,-0.000016,-0.035003,0.003314,-0.000106,0.452771,-0.359465,0.053850,23.759388,23.759388,23.757064,0.504525,1.039963,-0.105061,-0.074019,0.965498
26.600000,1,0,0,2.400000,9.810000,0.900000,30.000000,60.000000,6.000000,-1.809017,0.587785,1.500000,-1.756156,0.607853,1.474211,-0.410352,-0.564800,0.000000,-0.471859,-0.574539,-0.005884,0.999886,0.015040,0.001052,-0.000016,-0.037506,0.002271,-0.000068,0.484149,-0.332064,0.046756,23.757064,23.757064,23.754311,0.504466,1.111967,-0.082419,-0.090050,0.964883
26.650000,1,0,0,2.400000,9.810000,0.900000,30.000000,60.000000,6.000000,-1.829038,0.559193,1.500000,-1.779272,0.578756,1.473941,-0.390390,-0.578777,0.000000,-0.452675,-0.589204,-0.004906,0.999900,0.014072,0.001097,-0.000015,-0.039970,0.001335,-0.000038,0.510268,-0.370395,0.044655,23.754311,23.754311,23.751145,0.504399,1.172524,-0.220493,-0.093676,0.964293
26.700000,1,0,0,2.400000,9.810000,0.900000,30.000000,60.000000,6.000000,-1.848048,0.529919,1.500000,-1.801412,0.548948,1.473721,-0.369953,-0.592049,0.000000,-0.432800,-0.602965,-0.003914,0.999914,0.013042,0.001120,-0.000015,-0.042370,0.000504,-0.000013,0.531443,-0.324083,0.054081,23.751145,23.751145,23.747583,0.504323,1.222267,-0.158313,-0.069210,0.963732
26.750000,1,0,0,2.400000,9.810000,0.900000,30.000000,60.000000,6.000000,-1.866025,0.500000,1.500000,-1.822541,0.518475,1.473550,-0.349066,-0.604600,0.000000,-0.412261,-0.615810,-0.002916,0.999928,0.011954,0.001123,-0.000013,-0.044682,-0.000222,0.000005,0.523300,-0.319334,0.047692,23.747583,23.747583,23.743650,0.504240,1.202572,-0.198685,-0.082275,0.963203
26.800000,1,0,0,2.400000,9.810000,0.900000,30.000000,60.000000,6.000000,-1.882948,0.469472,1.500000,-1.842628,0.487382,1.473429,-0.327753,-0.616414,0.000000,-0.391084,-0.627729,-0.001916,0.999941,0.010809,0.001110,-0.000012,-0.046883,-0.000846,0.000018,0.483166,-0.302049,0.024294,23.743650,23.743650,23.739369,0.504149,1.106900,-0.211644,-0.135738,0.962707
26.850000,1,0,0,2.400000,9.810000,0.900000,30.000000,60.000000,6.000000,-1.898794,0.438371,1.500000,-1.861640,0.455717,1.473358,-0.306041,-0.627477,0.000000,-0.369296,-0.638717,-0.000922,0.999953,0.009611,0.001082,-0.000010,-0.048949,-0.001371,0.000026,0.487320,-0.269050,0.005246,23.739369,23.739369,23.734767,0.504051,1.118201,-0.189417,-0.178336,0.962248
26.900000,1,0,0,2.400000,9.810000,0.900000,30.000000,60.000000,6.000000,-1.913545,0.406737,1.500000,-1.879548,0.423526,1.473337,-0.283956,-0.637775,0.000000,-0.346929,-0.648770,0.000060,0.999964,0.008363,0.001042,-0.000009,-0.050858,-0.001801,0.000030,0.469487,-0.268310,-0.008090,23.734767,23.734767,23.729873,0.503947,1.077300,-0.246959,-0.206812,0.961827
26.950000,1,0,0,2.400000,9.810000,0.900000,30.000000,60.000000,6.000000,-1.927184,0.374607,1.500000,-1.896323,0.390856,1.473364,-0.261525,-0.647296,0.000000,-0.324014,-0.657887,0.001023,0.999975,0.007070,0.000993,-0.000007,-0.052591,-0.002143,0.000030,0.432229,-0.213829,0.020414,23.729873,23.729873,23.724718,0.503838,0.990237,-0.177668,-0.134461,0.961446
27.000000,1,0,0,2.400000,9.810000,0.900000,30.000000,60.000000,6.000000,-1.939693,0.342020,1.500000,-1.911941,0.357753,1.473439,-0.238775,-0.656029,0.000000,-0.300586,-0.666072,0.001962,0.999983,0.005735,0.000936,-0.000005,-0.054127,-0.002404,0.000028,0.431816,-0.158094,0.042781,23.724718,23.724718,23.719330,0.503723,0.991959,-0.107288,-0.076440,0.961107
27.050000,1,0,0,2.400000,9.810000,0.900000,30.000000,60.000000,6.000000,-1.951057,0.309017,1.500000,-1.926374,0.324264,1.473560,-0.215735,-0.663963,0.000000,-0.276680,-0.673329,0.002871,0.999990,0.004365,0.000873,-0.000004,-0.055451,-0.002590,0.000023,0.397412,-0.124449,0.045964,23.719330,23.719330,23.713739,0.503605,0.912368,-0.091599,-0.064077,0.960812
27.100000,1,0,0,2.400000,9.810000,0.900000,30.000000,60.000000,6.000000,-1.961262,0.275637,1.500000,-1.939601,0.290436,1.473725,-0.192431,-0.671087,0.000000,-0.252332,-0.679665,0.003743,0.999995,0.002965,0.000807,-0.000002,-0.056547,-0.002712,0.000016,0.424090,-0.143035,0.022632,23.713739,23.713739,23.707976,0.503482,0.979554,-0.202673,-0.114974,0.960561
27.150000,1,0,0,2.400000,9.810000,0.900000,30.000000,60.000000,6.000000,-1.970296,0.241922,1.500000,-1.951601,0.256313,1.473933,-0.168893,-0.677394,0.000000,-0.227582,-0.685091,0.004574,0.999999,0.001540,0.000738,-0.000001,-0.057402,-0.002777,0.000009,0.476487,-0.163017,0.023210,23.707976,23.707976,23.702069,0.503357,1.108573,-0.318223,-0.108134,0.960356
27.200000,1,0,0,2.400000,9.810000,0.900000,30.000000,60.000000,6.000000,-1.978148,0.207912,1.500000,-1.962353,0.221941,1.474182,-0.145150,-0.682876,0.000000,-0.202470,-0.689617,0.005357,1.000000,0.000097,0.000668,-0.000000,-0.058006,-0.002797,0.000001,0.486632,-0.142602,0.039173,23.702069,23.702069,23.696043,0.503229,1.136238,-0.337657,-0.064032,0.960197
27.250000,1,0,0,2.400000,9.810000,0.900000,30.000000,60.000000,6.000000,-1.984808,0.173648,1.500000,-1.971842,0.187366,1.474468,-0.121229,-0.687526,0.000000,-0.177037,-0.693258,0.006090,0.999999,-0.001358,0.000598,0.000001,-0.058353,-0.002782,-0.000008,0.519807,-0.132447,0.023620,23.696043,23.696043,23.689924,0.503099,1.219173,-0.382242,-0.095250,0.960084
27.300000,1,0,0,2.400000,9.810000,0.900000,30.000000,60.000000,6.000000,-1.990268,0.139173,1.500000,-1.980052,0.152630,1.474790,-0.097161,-0.691338,0.000000,-0.151324,-0.696030,0.006766,0.999996,-0.002819,0.000529,0.000001,-0.058438,-0.002743,-0.000015,0.527609,-0.105336,-0.002064,23.689924,23.689924,23.683734,0.502967,1.241180,-0.386354,-0.150487,0.960017
27.350000,1,0,0,2.400000,9.810000,0.900000,30.000000,60.000000,6.000000,-1.994522,0.104528,1.500000,-1.986971,0.117777,1.475144,-0.072975,-0.694307,0.000000,-0.125375,-0.697947,0.007382,0.999991,-0.004278,0.000461,0.000002,-0.058259,-0.002691,-0.000023,0.542452,-0.110006,-0.002427,23.683734,23.683734,23.677493,0.502835,1.280029,-0.466647,-0.144681,0.959997
27.400000,1,0,0,2.400000,9.810000,0.900000,30.000000,60.000000,6.000000,-1.997564,0.069756,1.500000,-1.992587,0.082849,1.475527,-0.048699,-0.696431,0.000000,-0.099233,-0.699029,0.007934,0.999984,-0.005729,0.000395,0.000002,-0.057819,-0.002638,-0.000030,0.546221,-0.120567,-0.026663,23.677493,23.677493,23.671220,0.502702,1.292235,-0.560673,-0.195922,0.960023
27.450000,1,0,0,2.400000,9.810000,0.900000,30.000000,60.000000,6.000000,-1.999391,0.034899,1.500000,-1.996892,0.047888,1.475936,-0.024364,-0.697706,0.000000,-0.072944,-0.699293,0.008419,0.999974,-0.007167,0.000329,0.000002,-0.057121,-0.002596,-0.000037,0.550091,-0.055998,-0.026492,23.671220,23.671220,23.664929,0.502568,1.304624,-0.473676,-0.188363,0.960094
27.500000,1,0,0,2.400000,9.810000,0.900000,30.000000,60.000000,6.000000,-2.000000,0.000000,1.500000,-1.999879,0.012933,1.476368,-0.000000,-0.698132,0.000000,-0.046551,-0.698760,0.008835,0.999963,-0.008583,0.000265,0.000002,-0.056173,-0.002576,-0.000044,0.569118,-0.041430,-0.048409,23.664929,23.664929,23.658636,0.502434,1.353351,-0.505665,-0.233622,0.960209
27.550000,1,0,0,2.400000,9.810000,0.900000,30.000000,60.000000,6.000000,-1.999391,-0.034899,1.500000,-2.001546,-0.021975,1.476818,0.024364,-0.697706,0.000000,-0.020101,-0.697448,0.009179,0.999950,-0.009973,0.000200,0.000002,-0.054985,-0.002590,-0.000052,0.556503,-0.049876,-0.051648,23.658636,23.658636,23.652350,0.502301,1.326131,-0.591586,-0.233883,0.960367
27.600000,1,0,0,2.400000,9.810000,0.900000,30.000000,60.000000,6.000000,-1.997564,-0.069756,1.500000,-2.001889,-0.056799,1.477284,0.048699,-0.696431,0.000000,0.006362,-0.695378,0.009450,0.999936,-0.011331,0.000135,0.000002,-0.053571,-0.002649,-0.000060,0.524173,0.019498,-0.049914,23.652350,23.652350,23.646081,0.502168,1.251633,-0.489158,-0.222070,0.960566
27.650000,1,0,0,2.400000,9.810000,0.900000,30.000000,60.000000,6.000000,-1.994522,-0.104528,1.500000,-2.000910,-0.091501,1.477762,0.072975,-0.694307,0.000000,0.032793,-0.692570,0.009646,0.999920,-0.012650,0.000067,0.000001,-0.051947,-0.002763,-0.000070,0.474240,0.029918,-0.056219,23.646081,23.646081,23.639838,0.502035,1.134989,-0.526390,-0.229440,0.960805
27.700000,1,0,0,2.400000,9.810000,0.900000,30.000000,60.000000,6.000000,-1.990268,-0.139173,1.500000,-1.998611,-0.126044,1.478248,0.097161,-0.691338,0.000000,0.059145,-0.689044,0.009768,0.999903,-0.013926,-0.000004,-0.000000,-0.050130,-0.002943,-0.000082,0.505135,0.052354,-0.052464,23.639838,23.639838,23.633629,0.501903,1.212505,-0.532708,-0.212582,0.961082
27.750000,1,0,0,2.400000,9.810000,0.900000,30.000000,60.000000,6.000000,-1.984808,-0.173648,1.500000,-1.994998,-0.160393,1.478738,0.121229,-0.687526,0.000000,0.085376,-0.684818,0.009815,0.999885,-0.015155,-0.000080,-0.000001,-0.048141,-0.003198,-0.000097,0.513938,0.069698,-0.079167,23.633629,23.633629,23.627458,0.501772,1.237251,-0.548964,-0.268772,0.961394
27.800000,1,0,0,2.400000,9.810000,0.900000,30.000000,60.000000,6.000000,-1.978148,-0.207912,1.500000,-1.990076,-0.194514,1.479228,0.145150,-0.682876,0.000000,0.111440,-0.679912,0.009787,0.999867,-0.016332,-0.000164,-0.000003,-0.046003,-0.003537,-0.000116,0.501554,0.074925,-0.042931,23.627458,23.627458,23.621334,0.501642,1.211499,-0.591828,-0.173888,0.961739
27.850000,1,0,0,2.400000,9.810000,0.900000,30.000000,60.000000,6.000000,-1.970296,-0.241922,1.500000,-1.983857,-0.228374,1.479715,0.168893,-0.677394,0.000000,0.137295,-0.674342,0.009686,0.999848,-0.017453,-0.000258,-0.000005,-0.043739,-0.003968,-0.000139,0.514284,0.110672,-0.018883,23.621334,23.621334,23.615262,0.501513,1.246470,-0.558812,-0.108260,0.962115
27.900000,1,0,0,2.400000,9.810000,0.900000,30.000000,60.000000,6.000000,-1.961262,-0.275637,1.500000,-1.976351,-0.261938,1.480195,0.192431,-0.671087,0.000000,0.162897,-0.668128,0.009513,0.999828,-0.018517,-0.000364,-0.000007,-0.041375,-0.004498,-0.000167,0.523544,0.108280,-0.007151,23.615262,23.615262,23.609249,0.501386,1.273678,-0.614565,-0.072222,0.962519
27.950000,1,0,0,2.400000,9.810000,0.900000,30.000000,60.000000,6.000000,-1.951057,-0.309017,1.500000,-1.967572,-0.295176,1.480665,0.215735,-0.663963,0.000000,0.188205,-0.661283,0.009270,0.999809,-0.019521,-0.000484,-0.000009,-0.038937,-0.005132,-0.000200,0.490401,0.123613,-0.051217,23.609249,23.609249,23.603303,0.501259,1.199801,-0.624920,-0.170164,0.962947
28.000000,1,0,0,2.400000,9.810000,0.900000,30.000000,60.000000,6.000000,-1.939693,-0.342020,1.500000,-1.957536,-0.328056,1.481121,0.238775,-0.656029,0.000000,0.213178,-0.653823,0.008961,0.999790,-0.020464,-0.000621,-0.000013,-0.036453,-0.005875,-0.000241,0.494463,0.122345,-0.047249,23.603303,23.603303,23.597434,0.501135,1.216027,-0.672183,-0.152916,0.963397
28.050000,1,0,0,2.400000,9.810000,0.900000,30.000000,60.000000,6.000000,-1.927184,-0.374607,1.500000,-1.946261,-0.360548,1.481560,0.261525,-0.647296,0.000000,0.237778,-0.645761,0.008587,0.999772,-0.021343,-0.000779,-0.000017,-0.033950,-0.006730,-0.000287,0.454704,0.175937,-0.009648,23.597434,23.597434,23.591651,0.501012,1.128022,-0.584821,-0.055062,0.963865
28.100000,1,0,0,2.400000,9.810000,0.900000,30.000000,60.000000,6.000000,-1.913545,-0.406737,1.500000,-1.933765,-0.392622,1.481979,0.283956,-0.637775,0.000000,0.261966,-0.637109,0.008153,0.999754,-0.022161,-0.000959,-0.000021,-0.031455,-0.007701,-0.000342,0.446002,0.146916,-0.031472,23.591651,23.591651,23.585967,0.500891,1.115624,-0.692760,-0.099969,0.964348
28.150000,1,0,0,2.400000,9.810000,0.900000,30.000000,60.000000,6.000000,-1.898794,-0.438371,1.500000,-1.920072,-0.424249,1.482375,0.306041,-0.627477,0.000000,0.285706,-0.627879,0.007663,0.999737,-0.022916,-0.001165,-0.000027,-0.028996,-0.008787,-0.000403,0.457633,0.161276,-0.019043,23.585967,23.585967,23.580396,0.500773,1.153234,-0.693649,-0.062835,0.964843
28.200000,1,0,0,2.400000,9.810000,0.900000,30.000000,60.000000,6.000000,-1.882948,-0.469472,1.500000,-1.905203,-0.455401,1.482744,0.327753,-0.616414,0.000000,0.308963,-0.618079,0.007121,0.999720,-0.023611,-0.001400,-0.000033,-0.026598,-0.009988,-0.000472,0.445403,0.192112,-0.036373,23.580396,23.580396,23.574952,0.500657,1.134923,-0.652116,-0.097308,0.965345
28.250000,1,0,0,2.400000,9.810000,0.900000,30.000000,60.000000,6.000000,-1.866025,-0.500000,1.500000,-1.889184,-0.486048,1.483086,0.349066,-0.604600,0.000000,0.331705,-0.607716,0.006531,0.999705,-0.024246,-0.001666,-0.000040,-0.024287,-0.011303,-0.000549,0.430817,0.176858,-0.059619,23.574952,23.574952,23.569654,0.500545,1.112433,-0.718415,-0.146188,0.965852
28.300000,1,0,0,2.400000,9.810000,0.900000,30.000000,60.000000,6.000000,-1.848048,-0.529919,1.500000,-1.872041,-0.516163,1.483397,0.369953,-0.592049,0.000000,0.353899,-0.596799,0.005899,0.999690,-0.024826,-0.001966,-0.000049,-0.022088,-0.012728,-0.000633,0.390987,0.181902,-0.054781,23.569654,23.569654,23.564520,0.500436,1.030968,-0.733334,-0.127895,0.966359
28.350000,1,0,0,2.400000,9.810000,0.900000,30.000000,60.000000,6.000000,-1.829038,-0.559193,1.500000,-1.853804,-0.545719,1.483675,0.390390,-0.578777,0.000000,0.375516,-0.585332,0.005231,0.999676,-0.025351,-0.002304,-0.000058,-0.020021,-0.014259,-0.000724,0.417490,0.216918,-0.044369,23.564520,23.564520,23.559571,0.500331,1.110436,-0.673803,-0.096466,0.966864
28.400000,1,0,0,2.400000,9.810000,0.900000,30.000000,60.000000,6.000000,-1.809017,-0.587785,1.500000,-1.834500,-0.574687,1.483919,0.410352,-0.564800,0.000000,0.396529,-0.573319,0.004531,0.999663,-0.025827,-0.002681,-0.000069,-0.018107,-0.015891,-0.000822,0.395453,0.268662,-0.030205,23.559571,23.559571,23.554828,0.500230,1.075269,-0.571778,-0.056292,0.967361
28.450000,1,0,0,2.400000,9.810000,0.900000,30.000000,60.000000,6.000000,-1.788011,-0.615661,1.500000,-1.814161,-0.603042,1.484128,0.429813,-0.550135,0.000000,0.416912,-0.560763,0.003807,0.999650,-0.026258,-0.003100,-0.000081,-0.016363,-0.017617,-0.000926,0.383182,0.299135,-0.002469,23.554828,23.554828,23.550314,0.500134,1.065509,-0.518650,0.016181,0.967848
28.500000,1,0,0,2.400000,9.810000,0.900000,30.000000,60.000000,6.000000,-1.766044,-0.642788,1.500000,-1.792819,-0.630755,1.484300,0.448750,-0.534800,0.000000,0.436642,-0.547666,0.003063,0.999639,-0.026647,-0.003563,-0.000095,-0.014805,-0.019427,-0.001036,0.371316,0.284874,-0.011837,23.550314,23.550314,23.546053,0.500044,1.058797,-0.570945,-0.000680,0.968321
28.550000,1,0,0,2.400000,9.810000,0.900000,30.000000,60.000000,6.000000,-1.743145,-0.669131,1.500000,-1.770508,-0.657799,1.484434,0.467141,-0.518813,0.000000,0.455695,-0.534030,0.002306,0.999627,-0.026999,-0.004073,-0.000110,-0.013445,-0.021315,-0.001152,0.354348,0.279616,-0.042125,23.546053,23.546053,23.542068,0.499959,1.042013,-0.599923,-0.068043,0.968775
28.600000,1,0,0,2.400000,9.810000,0.900000,30.000000,60.000000,6.000000,-1.719340,-0.694658,1.500000,-1.747261,-0.684149,1.484530,0.484963,-0.502194,0.000000,0.474054,-0.519854,0.001542,0.999616,-0.027320,-0.004630,-0.000127,-0.012292,-0.023268,-0.001273,0.331664,0.287598,-0.058749,23.542068,23.542068,23.538384,0.499881,1.013764,-0.595657,-0.102912,0.969209
28.650000,1,0,0,2.400000,9.810000,0.900000,30.000000,60.000000,6.000000,-1.694658,-0.719340,1.500000,-1.723115,-0.709776,1.484588,0.502194,-0.484963,0.000000,0.491699,-0.505138,0.000778,0.999605,-0.027615,-0.005238,-0.000145,-0.011353,-0.025276,-0.001398,0.336753,0.278079,-0.064223,23.538384,23.538384,23.535024,0.499809,1.054494,-0.632173,-0.111326,0.969617
28.700000,1,0,0,2.400000,9.810000,0.900000,30.000000,60.000000,6.000000,-1.669131,-0.743145,1.500000,-1.698104,-0.734653,1.484608,0.518813,-0.467141,0.000000,0.508616,-0.489882,0.000020,0.999594,-0.027889,-0.005896,-0.000164,-0.010630,-0.027326,-0.001526,0.314577,0.284096,-0.069019,23.535024,23.535024,23.532012,0.499745,1.032173,-0.630439,-0.118421,0.969997
28.750000,1,0,0,2.400000,9.810000,0.900000,30.000000,60.000000,6.000000,-1.642788,-0.766044,1.500000,-1.672265,-0.758755,1.484590,0.534800,-0.448750,0.000000,0.524790,-0.474086,-0.000726,0.999582,-0.028148,-0.006606,-0.000186,-0.010123,-0.029407,-0.001657,0.294502,0.319139,-0.080585,23.532012,23.532012,23.529370,0.499689,1.017321,-0.558338,-0.142073,0.970346
28.800000,1,0,0,2.400000,9.810000,0.900000,30.000000,60.000000,6.000000,-1.615661,-0.788011,1.500000,-1.645637,-0.782053,1.484536,0.550135,-0.429813,0.000000,0.540210,-0.457748,-0.001453,0.999570,-0.028397,-0.007368,-0.000209,-0.009829,-0.031503,-0.001791,0.272998,0.329898,-0.065452,23.529370,23.529370,23.527118,0.499641,1.001492,-0.544065,-0.101952,0.970660
28.850000,1,0,0,2.400000,9.810000,0.900000,30.000000,60.000000,6.000000,-1.587785,-0.809017,1.500000,-1.618257,-0.804521,1.484446,0.564800,-0.410352,0.000000,0.554866,-0.440869,-0.002156,0.999556,-0.028641,-0.008183,-0.000234,-0.009740,-0.033602,-0.001927,0.255183,0.351144,-0.060508,23.527118,23.527118,23.525276,0.499602,0.996982,-0.504417,-0.086589,0.970936
28.900000,1,0,0,2.400000,9.810000,0.900000,30.000000,60.000000,6.000000,-1.559193,-0.829038,1.500000,-1.590163,-0.826131,1.484321,0.578777,-0.390390,0.000000,0.568749,-0.423448,-0.002828,0.999542,-0.028885,-0.009050,-0.000262,-0.009847,-0.035689,-0.002064,0.246616,0.381992,-0.053196,23.525276,23.525276,23.523862,0.499572,1.017128,-0.441758,-0.065837,0.971172
28.950000,1,0,0,2.400000,9.810000,0.900000,30.000000,60.000000,6.000000,-1.529919,-0.848048,1.500000,-1.561395,-0.846856,1.484163,0.592049,-0.369953,0.000000,0.581853,-0.405487,-0.003464,0.999526,-0.029134,-0.009969,-0.000291,-0.010137,-0.037750,-0.002203,0.266656,0.402764,-0.077249,23.523862,23.523862,23.522890,0.499552,1.108370,-0.403539,-0.120651,0.971365
29.000000,1,0,0,2.400000,9.810000,0.900000,30.000000,60.000000,6.000000,-1.500000,-0.866025,1.500000,-1.531991,-0.866671,1.483975,0.604600,-0.349066,0.000000,0.594173,-0.386987,-0.004059,0.999508,-0.029392,-0.010939,-0.000322,-0.010593,-0.039769,-0.002341,0.215008,0.393731,-0.082949,23.522890,23.522890,23.522374,0.499541,1.029963,-0.437317,-0.131695,0.971513
29.050000,1,0,0,2.400000,9.810000,0.900000,30.000000,60.000000,6.000000,-1.469472,-0.882948,1.500000,-1.501991,-0.885546,1.483758,0.616414,-0.327753,0.000000,0.605706,-0.367951,-0.004608,0.999488,-0.029664,-0.011959,-0.000355,-0.011198,-0.041732,-0.002479,0.203988,0.413225,-0.073540,23.522374,23.522374,23.522322,0.499540,1.051407,-0.403279,-0.106745,0.971614
29.100000,1,0,0,2.400000,9.810000,0.900000,30.000000,60.000000,6.000000,-1.438371,-0.898794,1.500000,-1.471434,-0.903457,1.483515,0.627477,-0.306041,0.000000,0.616450,-0.348384,-0.005105,0.999466,-0.029952,-0.013028,-0.000390,-0.011930,-0.043624,-0.002617,0.172533,0.404801,-0.071600,23.522322,23.522322,23.522742,0.499549,1.026079,-0.437059,-0.099971,0.971665
29.150000,1,0,0,2.400000,9.810000,0.900000,30.000000,60.000000,6.000000,-1.406737,-0.913545,1.500000,-1.440359,-0.920376,1.483249,0.637775,-0.283956,0.000000,0.626404,-0.328290,-0.005547,0.999442,-0.030260,-0.014142,-0.000428,-0.012766,-0.045432,-0.002754,0.166231,0.430079,-0.083927,23.522742,23.522742,23.523636,0.499568,1.063302,-0.390903,-0.127678,0.971665
29.200000,1,0,0,2.400000,9.810000,0.900000,30.000000,60.000000,6.000000,-1.374607,-0.927184,1.500000,-1.408806,-0.936277,1.482961,0.647296,-0.261525,0.000000,0.635571,-0.307678,-0.005930,0.999415,-0.030590,-0.015301,-0.000468,-0.013681,-0.047142,-0.002889,0.100291,0.442568,-0.067673,23.523636,23.523636,23.525004,0.499597,0.959474,-0.376502,-0.087013,0.971613
29.250000,1,0,0,2.400000,9.810000,0.900000,30.000000,60.000000,6.000000,-1.342020,-0.939693,1.500000,-1.376815,-0.951135,1.482657,0.656029,-0.238775,0.000000,0.643951,-0.286558,-0.006249,0.999385,-0.030943,-0.016501,-0.000511,-0.014649,-0.048741,-0.003021,0.109940,0.497297,-0.065740,23.525004,23.525004,23.526841,0.499636,1.039014,-0.261862,-0.080920,0.971506
29.300000,1,0,0,2.400000,9.810000,0.900000,30.000000,60.000000,6.000000,-1.309017,-0.951057,1.500000,-1.344424,-0.964925,1.482338,0.663963,-0.215735,0.000000,0.651548,-0.264939,-0.006503,0.999352,-0.031321,-0.017740,-0.000556,-0.015641,-0.050216,-0.003151,0.145536,0.515930,-0.048104,23.526841,23.526841,23.529138,0.499684,1.182649,-0.235036,-0.037324,0.971345
29.350000,1,0,0,2.400000,9.810000,0.900000,30.000000,60.000000,6.000000,-1.275637,-0.961262,1.500000,-1.311673,-0.977621,1.482007,0.671087,-0.192431,0.000000,0.658367,-0.242837,-0.006688,0.999316,-0.031723,-0.019014,-0.000604,-0.016631,-0.051556,-0.003277,0.128579,0.541399,-0.070913,23.529138,23.529138,23.531882,0.499743,1.201828,-0.193001,-0.090959,0.971129
29.400000,1,0,0,2.400000,9.810000,0.900000,30.000000,60.000000,6.000000,-1.241922,-0.970296,1.500000,-1.278601,-0.989201,1.481670,0.677394,-0.168893,0.000000,0.664411,-0.220266,-0.006802,0.999276,-0.032150,-0.020319,-0.000654,-0.017588,-0.052750,-0.003398,0.130512,0.510947,-0.064969,23.531882,23.531882,23.535055,0.499810,1.267852,-0.286356,-0.075730,0.970857
29.450000,1,0,0,2.400000,9.810000,0.900000,30.000000,60.000000,6.000000,-1.207912,-0.978148,1.500000,-1.245245,-0.999640,1.481328,0.682876,-0.145150,0.000000,0.669687,-0.197246,-0.006844,0.999234,-0.032600,-0.021653,-0.000706,-0.018485,-0.053789,-0.003513,0.150438,0.494977,-0.044207,23.535055,23.535055,23.538633,0.499886,1.378389,-0.346075,-0.025060,0.970530
29.500000,1,0,0,2.400000,9.810000,0.900000,30.000000,60.000000,6.000000,-1.173648,-0.984808,1.500000,-1.211645,-1.008918,1.480987,0.687526,-0.121229,0.000000,0.674200,-0.173796,-0.006813,0.999188,-0.033071,-0.023010,-0.000762,-0.019293,-0.054665,-0.003623,0.074370,0.509179,-0.010606,23.538633,23.538633,23.542590,0.499970,1.259689,-0.334416,0.056326,0.970146
29.550000,1,0,0,2.400000,9.810000,0.900000,30.000000,60.000000,6.000000,-1.139173,-0.990268,1.500000,-1.177838,-1.017013,1.480648,0.691338,-0.097161,0.000000,0.677958,-0.149941,-0.006708,0.999139,-0.033561,-0.024388,-0.000819,-0.019985,-0.055371,-0.003724,0.071861,0.461340,-0.007712,23.542590,23.542590,23.546891,0.500061,1.318484,-0.472571,0.063940,0.969707
29.600000,1,0,0,2.400000,9.810000,0.900000,30.000000,60.000000,6.000000,-1.104528,-0.994522,1.500000,-1.143861,-1.023906,1.480317,0.694307,-0.072975,0.000000,0.680969,-0.125706,-0.006530,0.999087,-0.034066,-0.025781,-0.000879,-0.020535,-0.055901,-0.003817,0.085113,0.492832,-0.002471,23.546891,23.546891,23.551499,0.500159,1.415855,-0.421091,0.077130,0.969214
29.650000,1,0,0,2.400000,9.810000,0.900000,30.000000,60.000000,6.000000,-1.069756,-0.997564,1.500000,-1.109753,-1.029578,1.479997,0.696431,-0.048699,0.000000,0.683238,-0.101119,-0.006279,0.999032,-0.034583,-0.027184,-0.000941,-0.020918,-0.056250,-0.003899,0.077943,0.506860,0.005243,23.551499,23.551499,23.556370,0.500263,1.464753,-0.412105,0.096226,0.968667
29.700000,1,0,0,2.400000,9.810000,0.900000,30.000000,60.000000,6.000000,-1.034899,-0.999391,1.500000,-1.075550,-1.034012,1.479690,0.697706,-0.024364,0.000000,0.684774,-0.076211,-0.005956,0.998974,-0.035106,-0.028595,-0.001005,-0.021112,-0.056417,-0.003970,0.018829,0.512330,0.004218,23.556370,23.556370,23.561456,0.500371,1.389313,-0.424025,0.094339,0.968068
29.750000,1,0,0,2.400000,9.810000,0.900000,30.000000,60.000000,6.000000,-1.000000,-1.000000,1.500000,-1.041288,-1.037194,1.479402,0.698132,-0.000000,0.000000,0.685584,-0.051016,-0.005562,0.998914,-0.035632,-0.030007,-0.001070,-0.021096,-0.056399,-0.004029,0.007522,0.536214,-0.003198,23.561456,23.561456,23.566706,0.500482,1.428720,-0.391881,0.077127,0.967417
29.800000,1,0,0,2.400000,9.810000,0.900000,30.000000,60.000000,6.000000,-0.965101,-0.999391,1.500000,-1.007003,-1.039110,1.479135,0.697706,0.024364,0.000000,0.685677,-0.025570,-0.005101,0.998852,-0.036155,-0.031416,-0.001137,-0.020854,-0.056196,-0.004074,0.015701,0.521071,-0.012804,23.566706,23.566706,23.572062,0.500596,1.514785,-0.453275,0.054695,0.966717
29.850000,1,0,0,2.400000,9.810000,0.900000,30.000000,60.000000,6.000000,-0.930244,-0.997564,1.500000,-0.972732,-1.039748,1.478893,0.696431,0.048699,0.000000,0.685060,0.000090,-0.004574,0.998788,-0.036669,-0.032818,-0.001205,-0.020370,-0.055811,-0.004104,0.008187,0.519648,0.003521,23.572062,23.572062,23.577463,0.500711,1.562859,-0.481331,0.094554,0.965971
29.900000,1,0,0,2.400000,9.810000,0.900000,30.000000,60.000000,6.000000,-0.895472,-0.994522,1.500000,-0.938509,-1.039098,1.478679,0.694307,0.072975,0.000000,0.683739,0.025924,-0.003986,0.998723,-0.037167,-0.034208,-0.001273,-0.019632,-0.055245,-0.004118,0.013972,0.533004,0.009694,23.577463,23.577463,23.582847,0.500825,1.642311,-0.473213,0.110120,0.965179
29.950000,1,0,0,2.400000,9.810000,0.900000,30.000000,60.000000,6.000000,-0.860827,-0.990268,1.500000,-0.904369,-1.037153,1.478496,0.691338,0.097161,0.000000,0.681724,0.051888,-0.003338,0.998657,-0.037643,-0.035582,-0.001341,-0.018633,-0.054503,-0.004115,0.003436,0.530581,0.029535,23.582847,23.582847,23.588147,0.500938,1.681837,-0.501949,0.158585,0.964344
30.000000,1,0,0,2.400000,9.810000,0.900000,30.000000,60.000000,6.000000,-0.826352,-0.984808,1.500000,-0.870348,-1.033908,1.478346,0.687526,0.121229,0.000000,0.679019,0.077939,-0.002637,0.998590,-0.038091,-0.036934,-0.001409,-0.017366,-0.053591,-0.004094,-0.016161,0.516274,0.031161,23.588147,23.588147,23.593296,0.501047,1.698655,-0.557879,0.163446,0.963469
30.050000,1,0,0,2.400000,9.810000,0.900000,30.000000,60.000000,6.000000,-0.792088,-0.978148,1.500000,-0.836479,-1.029359,1.478233,0.682876,0.145150,0.000000,0.675633,0.104031,-0.001885,0.998525,-0.038504,-0.038262,-0.001475,-0.015830,-0.052515,-0.004056,-0.052749,0.503043,0.039363,23.593296,23.593296,23.598226,0.501152,1.673533,-0.609575,0.184216,0.962557
30.100000,1,0,0,2.400000,9.810000,0.900000,30.000000,60.000000,6.000000,-0.758078,-0.970296,1.500000,-0.802796,-1.023505,1.478158,0.677394,0.168893,0.000000,0.671572,0.130117,-0.001088,0.998459,-0.038876,-0.039562,-0.001540,-0.014026,-0.051284,-0.004000,-0.082850,0.488048,0.026103,23.598226,23.598226,23.602870,0.501250,1.662628,-0.663529,0.153619,0.961611
30.150000,1,0,0,2.400000,9.810000,0.900000,30.000000,60.000000,6.000000,-0.724363,-0.961262,1.500000,-0.769333,-1.016348,1.478125,0.671087,0.192431,0.000000,0.666841,0.156148,-0.000252,0.998396,-0.039199,-0.040828,-0.001603,-0.011961,-0.049907,-0.003925,-0.118854,0.492046,0.020601,23.602870,23.602870,23.607162,0.501341,1.636018,-0.669608,0.141794,0.960634
30.200000,1,0,0,2.400000,9.810000,0.900000,30.000000,60.000000,6.000000,-0.690983,-0.951057,1.500000,-0.736123,-1.007892,1.478134,0.663963,0.215735,0.000000,0.661445,0.182074,0.000619,0.998334,-0.039467,-0.042059,-0.001663,-0.009642,-0.048394,-0.003832,-0.170574,0.509500,0.012839,23.607162,23.607162,23.611039,0.501424,1.569986,-0.640788,0.124713,0.959629
30.250000,1,0,0,2.400000,9.810000,0.900000,30.000000,60.000000,6.000000,-0.657980,-0.939693,1.500000,-0.703199,-0.998143,1.478187,0.656029,0.238775,0.000000,0.655391,0.207846,0.001519,0.998275,-0.039674,-0.043250,-0.001719,-0.007082,-0.046757,-0.003722,-0.195080,0.495653,0.032204,23.611039,23.611039,23.614442,0.501496,1.567402,-0.684191,0.172909,0.958600
30.300000,1,0,0,2.400000,9.810000,0.900000,30.000000,60.000000,6.000000,-0.625393,-0.927184,1.500000,-0.670595,-0.987110,1.478286,0.647296,0.261525,0.000000,0.648683,0.233413,0.002442,0.998219,-0.039814,-0.044398,-0.001771,-0.004295,-0.045007,-0.003596,-0.179995,0.494283,0.043075,23.614442,23.614442,23.617315,0.501557,1.657829,-0.694467,0.200903,0.957550
30.350000,1,0,0,2.400000,9.810000,0.900000,30.000000,60.000000,6.000000,-0.593263,-0.913545,1.500000,-0.638342,-0.974806,1.478431,0.637775,0.283956,0.000000,0.641325,0.258723,0.003381,0.998166,-0.039882,-0.045502,-0.001818,-0.001300,-0.043157,-0.003454,-0.194211,0.483116,0.040339,23.617315,23.617315,23.619612,0.501606,1.675794,-0.724807,0.196425,0.956483
30.400000,1,0,0,2.400000,9.810000,0.900000,30.000000,60.000000,6.000000,-0.561629,-0.898794,1.500000,-0.606473,-0.961243,1.478624,0.627477,0.306041,0.000000,0.633322,0.283727,0.004330,0.998118,-0.039874,-0.046558,-0.001860,0.001881,-0.041221,-0.003299,-0.218272,0.475540,0.076494,23.619612,23.619612,23.621290,0.501641,1.667880,-0.742849,0.285478,0.955403
30.450000,1,0,0,2.400000,9.810000,0.900000,30.000000,60.000000,6.000000,-0.530528,-0.882948,1.500000,-0.575020,-0.946439,1.478865,0.616414,0.327753,0.000000,0.624677,0.308372,0.005284,0.998074,-0.039783,-0.047565,-0.001896,0.005226,-0.039213,-0.003131,-0.224218,0.515630,0.025737,23.621290,23.621290,23.622317,0.501663,1.701093,-0.642599,0.166134,0.954313
30.500000,1,0,0,2.400000,9.810000,0.900000,30.000000,60.000000,6.000000,-0.500000,-0.866025,1.500000,-0.544016,-0.930413,1.479153,0.604600,0.349066,0.000000,0.615394,0.332610,0.006235,0.998035,-0.039608,-0.048521,-0.001926,0.008707,-0.037146,-0.002953,-0.203744,0.504848,-0.001028,23.622317,23.622317,23.622668,0.501671,1.795279,-0.660366,0.104561,0.953218
30.550000,1,0,0,2.400000,9.810000,0.900000,30.000000,60.000000,6.000000,-0.470081,-0.848048,1.500000,-0.513491,-0.913186,1.479488,0.592049,0.369953,0.000000,0.605475,0.356391,0.007177,0.998001,-0.039344,-0.049425,-0.001949,0.012298,-0.035035,-0.002767,-0.218149,0.507071,-0.004683,23.622668,23.622668,23.622328,0.501663,1.803264,-0.642702,0.098642,0.952120
30.600000,1,0,0,2.400000,9.810000,0.900000,30.000000,60.000000,6.000000,-0.440807,-0.829038,1.500000,-0.483479,-0.894782,1.479870,0.578777,0.390390,0.000000,0.594925,0.379668,0.008104,0.997972,-0.038990,-0.050276,-0.001964,0.015968,-0.032894,-0.002574,-0.242059,0.518715,0.001226,23.622328,23.622328,23.621293,0.501641,1.785896,-0.598094,0.115858,0.951025
30.650000,1,0,0,2.400000,9.810000,0.900000,30.000000,60.000000,6.000000,-0.412215,-0.809017,1.500000,-0.454009,-0.875228,1.480298,0.564800,0.410352,0.000000,0.583746,0.402394,0.009009,0.997949,-0.038544,-0.051073,-0.001973,0.019686,-0.030739,-0.002378,-0.239932,0.491340,-0.020773,23.621293,23.621293,23.619567,0.501605,1.828448,-0.642725,0.066268,0.949935
30.700000,1,0,0,2.400000,9.810000,0.900000,30.000000,60.000000,6.000000,-0.384339,-0.788011,1.500000,-0.425115,-0.854553,1.480770,0.550135,0.429813,0.000000,0.571942,0.424524,0.009887,0.997931,-0.038005,-0.051816,-0.001973,0.023420,-0.028583,-0.002180,-0.263660,0.498844,-0.010466,23.619567,23.619567,23.617165,0.501554,1.806368,-0.599204,0.094380,0.948855
30.750000,1,0,0,2.400000,9.810000,0.900000,30.000000,60.000000,6.000000,-0.357212,-0.766044,1.500000,-0.396826,-0.832786,1.481286,0.534800,0.448750,0.000000,0.559515,0.446015,0.010731,0.997919,-0.037373,-0.052506,-0.001966,0.027136,-0.026440,-0.001983,-0.301810,0.471498,-0.022901,23.617165,23.617165,23.614112,0.501489,1.747102,-0.634884,0.068065,0.947788
30.800000,1,0,0,2.400000,9.810000,0.900000,30.000000,60.000000,6.000000,-0.330869,-0.743145,1.500000,-0.369173,-0.809962,1.481843,0.518813,0.467141,0.000000,0.546469,0.466828,0.011536,0.997912,-0.036649,-0.053142,-0.001952,0.030801,-0.024324,-0.001789,-0.309534,0.472678,-0.037246,23.614112,23.614112,23.610443,0.501411,1.758310,-0.597707,0.037308,0.946739
30.850000,1,0,0,2.400000,9.810000,0.900000,30.000000,60.000000,6.000000,-0.305342,-0.719340,1.500000,-0.342189,-0.786115,1.482439,0.502194,0.484963,0.000000,0.532807,0.486923,0.012296,0.997911,-0.035834,-0.053726,-0.001929,0.034383,-0.022249,-0.001600,-0.298901,0.420434,-0.022839,23.610443,23.610443,23.606202,0.501321,1.811068,-0.684440,0.075681,0.945710
30.900000,1,0,0,2.400000,9.810000,0.900000,30.000000,60.000000,6.000000,-0.280660,-0.694658,1.500000,-0.315903,-0.761283,1.483072,0.484963,0.502194,0.000000,0.518535,0.506264,0.013006,0.997914,-0.034932,-0.054259,-0.001899,0.037848,-0.020225,-0.001418,-0.351557,0.422818,-0.008003,23.606202,23.606202,23.601440,0.501220,1.709480,-0.635881,0.115195,0.944704
30.950000,1,0,0,2.400000,9.810000,0.900000,30.000000,60.000000,6.000000,-0.256855,-0.669131,1.500000,-0.290346,-0.735502,1.483739,0.467141,0.518813,0.000000,0.503656,0.524820,0.013662,0.997922,-0.033945,-0.054742,-0.001862,0.041164,-0.018267,-0.001244,-0.323246,0.400896,-0.008650,23.601440,23.601440,23.596211,0.501109,1.799831,-0.641635,0.117641,0.943726
31.000000,1,0,0,2.400000,9.810000,0.900000,30.000000,60.000000,6.000000,-0.233956,-0.642788,1.500000,-0.265547,-0.708814,1.484437,0.448750,0.534800,0.000000,0.488175,0.542558,0.014258,0.997934,-0.032883,-0.055172,-0.001818,0.028287,-0.003189,-0.000210,-0.292084,0.397560,-0.014245,23.596211,23.596211,23.590322,0.500984,1.894516,-0.599217,0.108285,0.942779
31.050000,1,0,0,2.400000,9.810000,0.900000,30.000000,60.000000,6.000000,-0.211990,-0.615663,1.500000,-0.241534,-0.681255,1.485163,0.429749,0.550052,0.000000,0.472329,0.559766,0.014791,0.997952,-0.032285,-0.055195,-0.001786,0.035771,-0.010910,-0.000707,-0.301485,0.395980,0.017283,23.590322,23.590322,23.585061,0.500872,1.872527,-0.574418,0.188072,0.941865
31.100000,1,0,0,2.400000,9.810000,0.900000,30.000000,60.000000,6.000000,-0.190995,-0.587802,1.500000,-0.218323,-0.652847,1.485915,0.409888,0.564138,0.000000,0.455997,0.576386,0.015257,0.997963,-0.031092,-0.055673,-0.001735,0.059776,-0.026127,-0.001630,-0.289878,0.379718,0.005333,23.585061,23.585061,23.579930,0.500763,1.922504,-0.556847,0.163541,0.940987
31.150000,1,0,0,2.400000,9.810000,0.900000,30.000000,60.000000,6.000000,-0.171019,-0.559276,1.500000,-0.195949,-0.623635,1.486688,0.388981,0.576563,0.000000,0.438769,0.591878,0.015654,0.997973,-0.029307,-0.056458,-0.001658,0.083027,-0.035467,-0.002085,-0.306437,0.360784,-0.017874,23.579930,23.579930,23.574626,0.500650,1.919395,-0.517833,0.111996,0.940148
31.200000,1,0,0,2.400000,9.810000,0.900000,30.000000,60.000000,6.000000,-0.152115,-0.530181,1.500000,-0.174465,-0.593687,1.487479,0.366968,0.586868,0.000000,0.420381,0.605714,0.015978,0.997986,-0.026958,-0.057408,-0.001551,0.104818,-0.039450,-0.002133,-0.340505,0.323106,0.006248,23.574626,23.574626,23.568993,0.500531,1.882109,-0.497237,0.174024,0.939351
31.250000,1,0,0,2.400000,9.810000,0.900000,30.000000,60.000000,6.000000,-0.134340,-0.500632,1.500000,-0.153932,-0.563099,1.488284,0.343897,0.594644,0.000000,0.400705,0.617400,0.016227,0.998002,-0.024091,-0.058397,-0.001410,0.124515,-0.038673,-0.001868,-0.398019,0.281142,0.016360,23.568993,23.568993,23.562983,0.500403,1.790389,-0.462461,0.202381,0.938597
31.300000,1,0,0,2.400000,9.810000,0.900000,30.000000,60.000000,6.000000,-0.117741,-0.470765,1.500000,-0.134416,-0.531990,1.489100,0.319910,0.599542,0.000000,0.379737,0.626487,0.016400,0.998023,-0.020764,-0.059315,-0.001234,0.141570,-0.033810,-0.001407,-0.400325,0.218452,0.038363,23.562983,23.562983,23.556624,0.500268,1.827749,-0.455758,0.259206,0.937888
31.350000,1,0,0,2.400000,9.810000,0.900000,30.000000,60.000000,6.000000,-0.102360,-0.440730,1.500000,-0.115979,-0.500500,1.489923,0.295223,0.601284,0.000000,0.357576,0.632586,0.016495,0.998048,-0.017050,-0.060067,-0.001026,0.155529,-0.025599,-0.000875,-0.441329,0.158534,0.019144,23.556624,23.556624,23.549991,0.500127,1.764407,-0.424133,0.217002,0.937226
31.400000,1,0,0,2.400000,9.810000,0.900000,30.000000,60.000000,6.000000,-0.088226,-0.410692,1.500000,-0.098675,-0.468787,1.490749,0.270111,0.599670,0.000000,0.334409,0.635381,0.016513,0.998078,-0.013030,-0.060579,-0.000791,0.166048,-0.014818,-0.000387,-0.442873,0.098515,-0.004470,23.549991,23.549991,23.543185,0.499983,1.784428,-0.378357,0.164128,0.936614
31.450000,1,0,0,2.400000,9.810000,0.900000,30.000000,60.000000,6.000000,-0.075351,-0.380821,1.500000,-0.082550,-0.437021,1.491573,0.244881,0.594580,0.000000,0.310489,0.634634,0.016452,0.998111,-0.008793,-0.060798,-0.000536,0.172905,-0.002272,-0.000040,-0.454513,-0.011530,-0.023177,23.543185,23.543185,23.536319,0.499837,1.766318,-0.442468,0.122884,0.936050
31.500000,1,0,0,2.400000,9.810000,0.900000,30.000000,60.000000,6.000000,-0.063734,-0.351293,1.500000,-0.067634,-0.405385,1.492393,0.219862,0.585975,0.000000,0.286120,0.630191,0.016315,0.998147,-0.004432,-0.060689,-0.000269,0.176002,0.011247,0.000100,-0.445310,-0.088176,-0.026076,23.536319,23.536319,23.529497,0.499692,1.782717,-0.420646,0.119402,0.935538
31.550000,1,0,0,2.400000,9.810000,0.900000,30.000000,60.000000,6.000000,-0.053356,-0.322282,1.500000,-0.053940,-0.374065,1.493203,0.195382,0.573898,0.000000,0.261633,0.621985,0.016101,0.998184,-0.000041,-0.060238,-0.000002,0.175363,0.024977,0.000002,-0.435475,-0.200376,-0.021057,23.529497,23.529497,23.522810,0.499550,1.784440,-0.482820,0.134724,0.935077
31.600000,1,0,0,2.400000,9.810000,0.900000,30.000000,60.000000,6.000000,-0.044182,-0.293959,1.500000,-0.041467,-0.343249,1.494001,0.171754,0.558466,0.000000,0.237367,0.610035,0.015812,0.998222,0.004290,-0.059447,0.000255,0.171133,0.038220,-0.000329,-0.419726,-0.255461,-0.009276,23.522810,23.522810,23.516324,0.499412,1.784351,-0.410919,0.166050,0.934669
31.650000,1,0,0,2.400000,9.810000,0.900000,30.000000,60.000000,6.000000,-0.036162,-0.266488,1.500000,-0.030194,-0.313122,1.494783,0.149265,0.539865,0.000000,0.213655,0.594443,0.015450,0.998261,0.008473,-0.058337,0.000495,0.163557,0.050364,-0.000855,-0.409349,-0.333460,-0.005632,23.516324,23.516324,23.510079,0.499280,1.756339,-0.401108,0.177598,0.934312
31.700000,1,0,0,2.400000,9.810000,0.900000,30.000000,60.000000,6.000000,-0.029232,-0.240021,1.500000,-0.020087,-0.283862,1.495545,0.128160,0.518344,0.000000,0.190807,0.575388,0.015019,0.998300,0.012430,-0.056942,0.000709,0.152966,0.060900,-0.001517,-0.429241,-0.416334,0.005090,23.510079,23.510079,23.504083,0.499152,1.642283,-0.413839,0.205862,0.934007
31.750000,1,0,0,2.400000,9.810000,0.900000,30.000000,60.000000,6.000000,-0.023319,-0.214697,1.500000,-0.011095,-0.255637,1.496284,0.108637,0.494201,0.000000,0.169096,0.553114,0.014520,0.998339,0.016089,-0.055308,0.000891,0.139757,0.069439,-0.002239,-0.417378,-0.445406,-0.009706,23.504083,23.504083,23.498322,0.499030,1.593207,-0.311590,0.172584,0.933753
31.800000,1,0,0,2.400000,9.810000,0.900000,30.000000,60.000000,6.000000,-0.018340,-0.190639,1.500000,-0.003155,-0.228599,1.496996,0.090843,0.467778,0.000000,0.148752,0.527927,0.013959,0.998380,0.019391,-0.053487,0.001039,0.124368,0.075718,-0.002942,-0.429445,-0.494004,0.003362,23.498322,23.498322,23.492758,0.498912,1.478012,-0.273156,0.205869,0.933551
31.850000,1,0,0,2.400000,9.810000,0.900000,30.000000,60.000000,6.000000,-0.014205,-0.167951,1.500000,0.003806,-0.202887,1.497679,0.074869,0.439446,0.000000,0.129952,0.500179,0.013338,0.998422,0.022287,-0.051538,0.001150,0.107256,0.079600,-0.003555,-0.393640,-0.528277,-0.013554,23.492758,23.492758,23.487341,0.498797,1.471798,-0.219561,0.166855,0.933398
31.900000,1,0,0,2.400000,9.810000,0.900000,30.000000,60.000000,6.000000,-0.010822,-0.146720,1.500000,0.009868,-0.178618,1.498329,0.060754,0.409600,0.000000,0.112816,0.470260,0.012662,0.998466,0.024739,-0.049523,0.001227,0.088876,0.081071,-0.004020,-0.379199,-0.597867,0.016251,23.487341,23.487341,23.482020,0.498684,1.411258,-0.271679,0.239620,0.933294
31.950000,1,0,0,2.400000,9.810000,0.900000,30.000000,60.000000,6.000000,-0.008099,-0.127010,1.500000,0.015117,-0.155890,1.498944,0.048484,0.378645,0.000000,0.097409,0.438588,0.011936,0.998513,0.026722,-0.047500,0.001271,0.069667,0.080227,-0.004297,-0.312295,-0.627368,0.001749,23.482020,23.482020,23.476746,0.498572,1.476376,-0.249736,0.205677,0.933237
32.000000,1,0,0,2.400000,9.810000,0.900000,30.000000,60.000000,6.000000,-0.005944,-0.108867,1.500000,0.019638,-0.134781,1.499522,0.038002,0.346991,0.000000,0.083745,0.405593,0.011166,0.998564,0.028219,-0.045525,0.001287,0.050035,0.077260,-0.004370,-0.286843,-0.666782,-0.015561,23.476746,23.476746,23.471489,0.498460,1.444374,-0.274440,0.164611,0.933226
32.050000,1,0,0,2.400000,9.810000,0.900000,30.000000,60.000000,6.000000,-0.004270,-0.092316,1.500000,0.023520,-0.115345,1.500060,0.029208,0.315044,0.000000,0.071785,0.371718,0.010356,0.998619,0.029225,-0.043649,0.001277,0.030346,0.072441,-0.004244,-0.232069,-0.695699,-0.008645,23.471489,23.471489,23.466243,0.498349,1.487452,-0.297062,0.181292,0.933258
32.100000,1,0,0,2.400000,9.810000,0.900000,30.000000,60.000000,6.000000,-0.002997,-0.077361,1.500000,0.026844,-0.097616,1.500557,0.021974,0.283200,0.000000,0.061448,0.337399,0.009512,0.998678,0.029741,-0.041913,0.001248,0.010925,0.066097,-0.003940,-0.197426,-0.683844,-0.013698,23.466243,23.466243,23.461032,0.498238,1.488907,-0.244786,0.168842,0.933332
32.150000,1,0,0,2.400000,9.810000,0.900000,30.000000,60.000000,6.000000,-0.002049,-0.063988,1.500000,0.029689,-0.081606,1.501011,0.016148,0.251837,0.000000,0.052619,0.303066,0.008640,0.998741,0.029779,-0.040351,0.001203,-0.007947,0.058592,-0.003497,-0.183488,-0.697931,-0.052999,23.461032,23.461032,23.455917,0.498129,1.448935,-0.277228,0.073780,0.933445
32.200000,1,0,0,2.400000,9.810000,0.900000,30.000000,60.000000,6.000000,-0.001361,-0.052163,1.500000,0.032128,-0.067303,1.501421,0.011560,0.221313,0.000000,0.045155,0.269134,0.007746,0.998808,0.029354,-0.038989,0.001146,-0.026027,0.050306,-0.002959,-0.187779,-0.681296,-0.058508,23.455917,23.455917,23.450994,0.498025,1.374604,-0.257584,0.059397,0.933594
32.250000,1,0,0,2.400000,9.810000,0.900000,30.000000,60.000000,6.000000,-0.000876,-0.041837,1.500000,0.034225,-0.054679,1.501785,0.008038,0.191963,0.000000,0.038895,0.235998,0.006837,0.998877,0.028490,-0.037840,0.001079,-0.043103,0.041616,-0.002376,-0.157879,-0.675918,-0.053146,23.450994,23.450994,23.446391,0.497927,1.392408,-0.285537,0.070682,0.933778
32.300000,1,0,0,2.400000,9.810000,0.900000,30.000000,60.000000,6.000000,-0.000543,-0.032942,1.500000,0.036035,-0.043684,1.502104,0.005408,0.164090,0.000000,0.033669,0.204027,0.005919,0.998947,0.027214,-0.036910,0.001006,-0.058984,0.032878,-0.001793,-0.131828,-0.660812,-0.060277,23.446391,23.446391,23.442267,0.497840,1.411301,-0.309416,0.051555,0.933992
32.350000,1,0,0,2.400000,9.810000,0.900000,30.000000,60.000000,6.000000,-0.000323,-0.025399,1.500000,0.037606,-0.034251,1.502377,0.003505,0.137967,0.000000,0.029305,0.173563,0.004998,0.999017,0.025557,-0.036196,0.000926,-0.073497,0.024413,-0.001250,-0.099092,-0.649557,-0.057130,23.442267,23.442267,23.438796,0.497766,1.456418,-0.360304,0.056671,0.934234
32.400000,1,0,0,2.400000,9.810000,0.900000,30.000000,60.000000,6.000000,-0.000183,-0.019112,1.500000,0.038977,-0.026297,1.502604,0.002176,0.113831,0.000000,0.025640,0.144916,0.004081,0.999085,0.023557,-0.035687,0.000841,-0.086473,0.016493,-0.000778,-0.118396,-0.583282,-0.063825,23.438796,23.438796,23.436163,0.497710,1.386324,-0.295205,0.037740,0.934500
32.450000,1,0,0,2.400000,9.810000,0.900000,30.000000,60.000000,6.000000,-0.000098,-0.013979,1.500000,0.040179,-0.019725,1.502785,0.001284,0.091878,0.000000,0.022521,0.118359,0.003174,0.999148,0.021252,-0.035368,0.000752,-0.097743,0.009331,-0.000397,-0.067196,-0.517013,-0.035597,23.436163,23.436163,23.434550,0.497676,1.494353,-0.244284,0.102208,0.934788
32.500000,1,0,0,2.400000,9.810000,0.900000,30.000000,60.000000,6.000000,-0.000049,-0.009885,1.500000,0.041236,-0.014423,1.502922,0.000714,0.072264,0.000000,0.019812,0.094128,0.002283,0.999205,0.018690,-0.035217,0.000659,-0.107137,0.003081,-0.000115,-0.024014,-0.490924,-0.016838,23.434550,23.434550,23.434118,0.497666,1.591054,-0.301865,0.143537,0.935094
32.550000,1,0,0,2.400000,9.810000,0.900000,30.000000,60.000000,6.000000,-0.000023,-0.006712,1.500000,0.042165,-0.010270,1.503014,0.000370,0.055097,0.000000,0.017400,0.072415,0.001414,0.999253,0.015917,-0.035209,0.000561,-0.114474,-0.002169,0.000069,-0.013919,-0.417574,-0.005536,23.434118,23.434118,23.435000,0.497685,1.615137,-0.255806,0.166572,0.935413
32.600000,1,0,0,2.400000,9.810000,0.900000,30.000000,60.000000,6.000000,-0.000009,-0.004334,1.500000,0.042980,-0.007137,1.503064,0.000175,0.040435,0.000000,0.015192,0.053366,0.000574,0.999292,0.012989,-0.035320,0.000459,-0.119568,-0.006396,0.000166,-0.002217,-0.348815,-0.013575,23.435000,23.435000,23.437283,0.497734,1.648667,-0.228047,0.142796,0.935744
32.650000,1,0,0,2.400000,9.810000,0.900000,30.000000,60.000000,6.000000,-0.000003,-0.002626,1.500000,0.043687,-0.004888,1.503072,0.000074,0.028281,0.000000,0.013118,0.037077,-0.000232,0.999319,0.009963,-0.035523,0.000354,-0.122229,-0.009631,0.000192,-0.012505,-0.272111,-0.021270,23.437283,23.437283,23.441000,0.497813,1.633829,-0.185785,0.119473,0.936081
32.700000,1,0,0,2.400000,9.810000,0.900000,30.000000,60.000000,6.000000,-0.000001,-0.001465,1.500000,0.044293,-0.003383,1.503041,0.000027,0.018579,0.000000,0.011130,0.023591,-0.000998,0.999335,0.006903,-0.035796,0.000247,-0.122258,-0.011957,0.000165,-0.008836,-0.244580,-0.053058,23.441000,23.441000,23.446120,0.497921,1.655772,-0.263159,0.037967,0.936422
32.750000,1,0,0,2.400000,9.810000,0.900000,30.000000,60.000000,6.000000,-0.000000,-0.000730,1.500000,0.044801,-0.002482,1.502973,0.000008,0.011207,0.000000,0.009197,0.012890,-0.001720,0.999340,0.003878,-0.036116,0.000140,-0.119460,-0.013491,0.000105,0.008401,-0.159946,-0.059423,23.446120,23.446120,23.452544,0.498058,1.712566,-0.201928,0.017133,0.936762
32.800000,1,0,0,2.400000,9.810000,0.900000,30.000000,60.000000,6.000000,-0.000000,-0.000309,1.500000,0.045213,-0.002049,1.502870,0.000002,0.005976,0.000000,0.007305,0.004893,-0.002392,0.999334,0.000959,-0.036465,0.000035,-0.113638,-0.014375,0.000028,-0.026021,-0.128135,-0.060316,23.452544,23.452544,23.460102,0.498218,1.646816,-0.262505,0.009111,0.937099
32.850000,1,0,0,2.400000,9.810000,0.900000,30.000000,60.000000,6.000000,-0.000000,-0.000101,1.500000,0.045532,-0.001950,1.502735,0.000000,0.002624,0.000000,0.005453,-0.000548,-0.003010,0.999320,-0.001774,-0.036830,-0.000065,-0.104598,-0.014754,-0.000052,-0.032931,-0.034057,-0.024754,23.460102,23.460102,23.468559,0.498398,1.647856,-0.165023,0.088282,0.937427
32.900000,1,0,0,2.400000,9.810000,0.900000,30.000000,60.000000,6.000000,-0.000000,-0.000021,1.500000,0.045759,-0.002064,1.502570,0.000000,0.000809,0.000000,0.003646,-0.003655,-0.003570,0.999299,-0.004239,-0.037199,-0.000158,-0.092152,-0.014765,-0.000125,-0.040345,0.006397,-0.036072,23.468559,23.468559,23.477628,0.498590,1.647934,-0.183742,0.054661,0.937744
32.950000,1,0,0,2.400000,9.810000,0.900000,30.000000,60.000000,6.000000,-0.000000,-0.000001,1.500000,0.045898,-0.002282,1.502379,0.000000,0.000105,0.000000,0.001897,-0.004728,-0.004068,0.999274,-0.006348,-0.037565,-0.000239,-0.076116,-0.014519,-0.000184,-0.031265,0.052578,-0.019520,23.477628,23.477628,23.486975,0.498789,1.687482,-0.172101,0.087675,0.938047
33.000000,1,0,0,2.400000,9.810000,0.900000,30.000000,60.000000,6.000000,0.000000,-0.000000,1.500000,0.045950,-0.002510,1.502164,0.000000,0.000000,0.000000,0.000219,-0.004149,-0.004502,0.999249,-0.008003,-0.037922,-0.000304,-0.035316,-0.014087,-0.000226,-0.034067,0.107502,-0.037438,23.486975,23.486975,23.495632,0.498973,1.698142,-0.118200,0.037736,0.938331
33.050000,1,0,0,2.400000,9.810000,0.900000,30.000000,60.000000,6.000000,0.000000,-0.000000,1.500000,0.045921,-0.002684,1.501930,0.000000,0.000000,0.000000,-0.001376,-0.002821,-0.004868,0.999233,-0.008338,-0.038267,-0.000319,-0.012371,-0.013500,-0.000225,-0.053486,0.129158,-0.022290,23.495632,23.495632,23.504387,0.499159,1.668344,-0.082124,0.066952,0.938594
33.100000,1,0,0,2.400000,9.810000,0.900000,30.000000,60.000000,6.000000,0.000000,-0.000000,1.500000,0.045814,-0.002789,1.501679,0.000000,0.000000,0.000000,-0.002874,-0.001358,-0.005164,0.999218,-0.008626,-0.038595,-0.000333,-0.010634,-0.012762,-0.000220,-0.019251,0.105649,-0.014637,23.504387,23.504387,23.513195,0.499346,1.766562,-0.152233,0.078005,0.938832
33.150000,1,0,0,2.400000,9.810000,0.900000,30.000000,60.000000,6.000000,0.000000,-0.000000,1.500000,0.045635,-0.002818,1.501415,0.000000,0.000000,0.000000,-0.004264,0.000222,-0.005389,0.999204,-0.008867,-0.038903,-0.000345,-0.008657,-0.011879,-0.000211,-0.008055,0.098191,0.017645,23.513195,23.513195,23.522002,0.499533,1.808550,-0.181643,0.148024,0.939042
33.200000,1,0,0,2.400000,9.810000,0.900000,30.000000,60.000000,6.000000,0.000000,-0.000000,1.500000,0.045390,-0.002766,1.501141,0.000000,0.000000,0.000000,-0.005534,0.001898,-0.005541,0.999191,-0.009057,-0.039188,-0.000355,-0.006465,-0.010856,-0.000197,-0.011442,0.077418,0.028106,23.522002,23.522002,23.530758,0.499719,1.814436,-0.240567,0.165555,0.939221
33.250000,1,0,0,2.400000,9.810000,0.900000,30.000000,60.000000,6.000000,0.000000,-0.000000,1.500000,0.045084,-0.002627,1.500862,0.000000,0.000000,0.000000,-0.006675,0.003651,-0.005621,0.999179,-0.009189,-0.039445,-0.000363,-0.004083,-0.009702,-0.000178,-0.014159,0.061533,0.007041,23.530758,23.530758,23.539414,0.499903,1.820661,-0.285071,0.107336,0.939366
33.300000,1,0,0,2.400000,9.810000,0.900000,30.000000,60.000000,6.000000,0.000000,-0.000000,1.500000,0.044725,-0.002400,1.500580,0.000000,0.000000,0.000000,-0.007677,0.005458,-0.005627,0.999170,-0.009259,-0.039671,-0.000368,-0.001544,-0.008427,-0.000156,-0.003228,0.045429,0.028090,23.539414,23.539414,23.547923,0.500083,1.858218,-0.327205,0.150132,0.939476
33.350000,1,0,0,2.400000,9.810000,0.900000,30.000000,60.000000,6.000000,0.000000,-0.000000,1.500000,0.044319,-0.002081,1.500300,0.000000,0.000000,0.000000,-0.008533,0.007299,-0.005560,0.999162,-0.009265,-0.039865,-0.000370,0.001123,-0.007039,-0.000131,0.001733,0.041620,0.035070,23.547923,23.547923,23.556241,0.500260,1.879885,-0.336762,0.159131,0.939547
33.400000,1,0,0,2.400000,9.810000,0.900000,30.000000,60.000000,6.000000,0.000000,-0.000000,1.500000,0.043874,-0.001670,1.500025,0.000000,0.000000,0.000000,-0.009236,0.009150,-0.005422,0.999156,-0.009202,-0.040022,-0.000369,0.003883,-0.005551,-0.000102,-0.048792,0.048680,0.045408,23.556241,23.556241,23.564329,0.500432,1.766693,-0.317031,0.176191,0.939578
33.450000,1,0,0,2.400000,9.810000,0.900000,30.000000,60.000000,6.000000,0.000000,-0.000000,1.500000,0.043398,-0.001166,1.499759,0.000000,0.000000,0.000000,-0.009782,0.010989,-0.005214,0.999153,-0.009070,-0.040141,-0.000364,0.006702,-0.003976,-0.000072,-0.025127,0.051726,0.041174,23.564329,23.564329,23.572151,0.500598,1.829749,-0.303639,0.158307,0.939566
33.500000,1,0,0,2.400000,9.810000,0.900000,30.000000,60.000000,6.000000,0.000000,-0.000000,1.500000,0.042898,-0.000571,1.499505,0.000000,0.000000,0.000000,-0.010166,0.012794,-0.004938,0.999151,-0.008867,-0.040220,-0.000357,0.009544,-0.002326,-0.000041,-0.000079,0.052971,0.059758,23.572151,23.572151,23.579676,0.500758,1.894211,-0.291220,0.195239,0.939510
33.550000,1,0,0,2.400000,9.810000,0.900000,30.000000,60.000000,6.000000,0.000000,-0.000000,1.500000,0.042384,0.000112,1.499266,0.000000,0.000000,0.000000,-0.010387,0.014542,-0.004597,0.999152,-0.008593,-0.040257,-0.000346,0.012374,-0.000615,-0.000011,-0.002746,0.077004,0.057224,23.579676,23.579676,23.586878,0.500911,1.890167,-0.220755,0.181572,0.939408
33.600000,1,0,0,2.400000,9.810000,0.900000,30.000000,60.000000,6.000000,0.000000,-0.000000,1.500000,0.041862,0.000882,1.499046,0.000000,0.000000,0.000000,-0.010443,0.016211,-0.004193,0.999155,-0.008249,-0.040251,-0.000332,0.015155,0.001141,0.000019,-0.002449,0.085012,0.070428,23.586878,23.586878,23.593737,0.501056,1.891177,-0.185422,0.205788,0.939260
33.650000,1,0,0,2.400000,9.810000,0.900000,30.000000,60.000000,6.000000,0.000000,-0.000000,1.500000,0.041342,0.001732,1.498848,0.000000,0.000000,0.000000,-0.010335,0.017781,-0.003730,0.999161,-0.007837,-0.040200,-0.000315,0.017852,0.002928,0.000046,-0.019295,0.077394,0.093384,23.593737,23.593737,23.600236,0.501194,1.848934,-0.184342,0.253540,0.939064
33.700000,1,0,0,2.400000,9.810000,0.900000,30.000000,60.000000,6.000000,0.000000,-0.000000,1.500000,0.040832,0.002658,1.498674,0.000000,0.000000,0.000000,-0.010064,0.019232,-0.003212,0.999168,-0.007358,-0.040105,-0.000295,0.020431,0.004730,0.000070,-0.014162,0.083484,0.085698,23.600236,23.600236,23.606365,0.501324,1.857299,-0.147229,0.227912,0.938819
33.750000,1,0,0,2.400000,9.810000,0.900000,30.000000,60.000000,6.000000,0.000000,-0.000000,1.500000,0.040338,0.003653,1.498528,0.000000,0.000000,0.000000,-0.009634,0.020545,-0.002644,0.999178,-0.006817,-0.039964,-0.000273,0.022860,0.006531,0.000089,-0.017457,0.091856,0.066466,23.606365,23.606365,23.612117,0.501447,1.843287,-0.101663,0.174753,0.938526
33.800000,1,0,0,2.400000,9.810000,0.900000,30.000000,60.000000,6.000000,0.000000,-0.000000,1.500000,0.039871,0.004710,1.498411,0.000000,0.000000,0.000000,-0.009049,0.021702,-0.002030,0.999189,-0.006218,-0.039779,-0.000248,0.025107,0.008316,0.000104,-0.020426,0.056665,0.080853,23.612117,23.612117,23.617490,0.501561,1.827910,-0.157870,0.202482,0.938185
33.850000,1,0,0,2.400000,9.810000,0.900000,30.000000,60.000000,6.000000,0.000000,-0.000000,1.500000,0.039436,0.005820,1.498325,0.000000,0.000000,0.000000,-0.008315,0.022689,-0.001376,0.999202,-0.005565,-0.039549,-0.000220,0.027144,0.010070,0.000112,0.001672,0.005555,0.079790,23.617490,23.617490,23.622485,0.501667,1.870576,-0.249730,0.193352,0.937794
33.900000,1,0,0,2.400000,9.810000,0.900000,30.000000,60.000000,6.000000,0.000000,-0.000000,1.500000,0.039042,0.006976,1.498274,0.000000,0.000000,0.000000,-0.007439,0.023492,-0.000686,0.999217,-0.004864,-0.039276,-0.000191,0.028943,0.011775,0.000115,0.006907,0.008052,0.070354,23.622485,23.622485,23.627108,0.501765,1.870695,-0.210646,0.164364,0.937355
33.950000,1,0,0,2.400000,9.810000,0.900000,30.000000,60.000000,6.000000,0.000000,-0.000000,1.500000,0.038694,0.008166,1.498257,0.000000,0.000000,0.000000,-0.006431,0.024098,0.000034,0.999232,-0.004121,-0.038962,-0.000161,0.030483,0.013418,0.000111,0.010354,0.002954,0.033832,23.627108,23.627108,23.631365,0.501855,1.864514,-0.187801,0.070625,0.936869
34.000000,1,0,0,2.400000,9.810000,0.900000,30.000000,60.000000,6.000000,0.000000,-0.000000,1.500000,0.038401,0.009382,1.498277,0.000000,0.000000,0.000000,-0.005298,0.024499,0.000778,0.999249,-0.003343,-0.038607,-0.000129,0.031742,0.014984,0.000100,-0.020834,0.038571,0.045334,23.631365,23.631365,23.635267,0.501938,1.773276,-0.065565,0.092408,0.936337
34.050000,1,0,0,2.400000,9.810000,0.900000,30.000000,60.000000,6.000000,0.000000,-0.000000,1.500000,0.038166,0.010612,1.498335,0.000000,0.000000,0.000000,-0.004052,0.024685,0.001539,0.999266,-0.002538,-0.038214,-0.000097,0.032703,0.016459,0.000084,0.024781,0.034843,0.070886,23.635267,23.635267,23.638825,0.502014,1.864537,-0.036432,0.148193,0.935758
34.100000,1,0,0,2.400000,9.810000,0.900000,30.000000,60.000000,6.000000,0.000000,-0.000000,1.500000,0.037997,0.011847,1.498431,0.000000,0.000000,0.000000,-0.002705,0.024653,0.002312,0.999284,-0.001712,-0.037786,-0.000065,0.033355,0.017830,0.000061,0.042190,0.026197,0.039782,23.638825,23.638825,23.642051,0.502082,1.886387,-0.018129,0.068292,0.935136
34.150000,1,0,0,2.400000,9.810000,0.900000,30.000000,60.000000,6.000000,0.000000,-0.000000,1.500000,0.037897,0.013074,1.498566,0.000000,0.000000,0.000000,-0.001268,0.024398,0.003090,0.999303,-0.000874,-0.037324,-0.000033,0.033687,0.019084,0.000033,0.068748,0.018816,0.029784,23.642051,23.642051,23.644958,0.502144,1.928608,0.003802,0.039339,0.934472
34.200000,1,0,0,2.400000,9.810000,0.900000,30.000000,60.000000,6.000000,0.000000,-0.000000,1.500000,0.037872,0.014283,1.498740,0.000000,0.000000,0.000000,0.000245,0.023921,0.003867,0.999321,-0.000032,-0.036833,-0.000001,0.033694,0.020211,0.000001,0.058572,0.029437,-0.007740,23.644958,23.644958,23.647559,0.502199,1.881228,0.069151,-0.055377,0.933768
34.250000,1,0,0,2.400000,9.810000,0.900000,30.000000,60.000000,6.000000,0.000000,-0.000000,1.500000,0.037923,0.015462,1.498953,0.000000,0.000000,0.000000,0.001820,0.023223,0.004637,0.999340,0.000807,-0.036316,0.000029,0.033375,0.021200,-0.000034,0.035108,0.008972,-0.017749,23.647559,23.647559,23.649867,0.502248,1.800674,0.059717,-0.083751,0.933026
34.300000,1,0,0,2.400000,9.810000,0.900000,30.000000,60.000000,6.000000,0.000000,-0.000000,1.500000,0.038054,0.016602,1.499204,0.000000,0.000000,0.000000,0.003443,0.022308,0.005393,0.999359,0.001633,-0.035775,0.000058,0.032733,0.022043,-0.000072,0.059792,-0.022236,-0.005831,23.649867,23.649867,23.651897,0.502291,1.834559,0.023939,-0.059199,0.932248
34.350000,1,0,0,2.400000,9.810000,0.900000,30.000000,60.000000,6.000000,0.000000,-0.000000,1.500000,0.038268,0.017690,1.499492,0.000000,0.000000,0.000000,0.005099,0.021182,0.006129,0.999377,0.002440,-0.035215,0.000086,0.031774,0.022732,-0.000111,0.052052,-0.011950,-0.019975,23.651897,23.651897,23.653659,0.502329,1.789694,0.086805,-0.096894,0.931438
34.400000,1,0,0,2.400000,9.810000,0.900000,30.000000,60.000000,6.000000,0.000000,-0.000000,1.500000,0.038565,0.018716,1.499816,0.000000,0.000000,0.000000,0.006773,0.019854,0.006839,0.999395,0.003219,-0.034640,0.000112,0.030509,0.023261,-0.000150,0.036787,-0.015593,0.005833,23.653659,23.653659,23.655168,0.502361,1.726020,0.114928,-0.038403,0.930597
34.450000,1,0,0,2.400000,9.810000,0.900000,30.000000,60.000000,6.000000,0.000000,-0.000000,1.500000,0.038945,0.019672,1.500175,0.000000,0.000000,0.000000,0.008449,0.018335,0.007518,0.999412,0.003962,-0.034054,0.000135,0.028953,0.023625,-0.000187,0.051224,-0.013485,-0.003668,23.655168,23.655168,23.656435,0.502388,1.733078,0.155187,-0.064365,0.929729
34.500000,1,0,0,2.400000,9.810000,0.900000,30.000000,60.000000,6.000000,0.000000,-0.000000,1.500000,0.039409,0.020547,1.500567,0.000000,0.000000,0.000000,0.010112,0.016637,0.008159,0.999429,0.004663,-0.033461,0.000156,0.027123,0.023821,-0.000222,0.055153,0.001117,0.007718,23.656435,23.656435,23.657473,0.502410,1.714562,0.223432,-0.039909,0.928837
34.550000,1,0,0,2.400000,9.810000,0.900000,30.000000,60.000000,6.000000,0.000000,-0.000000,1.500000,0.039956,0.021333,1.500991,0.000000,0.000000,0.000000,0.011747,0.014776,0.008757,0.999446,0.005316,-0.032865,0.000175,0.025042,0.023848,-0.000254,0.095704,-0.017402,0.009390,23.657473,23.657473,23.658294,0.502427,1.783784,0.209872,-0.038496,0.927925
34.600000,1,0,0,2.400000,9.810000,0.900000,30.000000,60.000000,6.000000,0.000000,-0.000000,1.500000,0.040583,0.022022,1.501442,0.000000,0.000000,0.000000,0.013339,0.012767,0.009307,0.999462,0.005913,-0.032270,0.000191,0.022735,0.023705,-0.000280,0.076161,-0.013951,0.019037,23.658294,23.658294,23.658912,0.502440,1.708832,0.246441,-0.017677,0.926995
34.650000,1,0,0,2.400000,9.810000,0.900000,30.000000,60.000000,6.000000,0.000000,-0.000000,1.500000,0.041289,0.022607,1.501920,0.000000,0.000000,0.000000,0.014873,0.010629,0.009804,0.999477,0.006450,-0.031681,0.000204,0.020228,0.023395,-0.000302,0.054220,-0.028388,0.014284,23.658912,23.658912,23.659342,0.502449,1.628374,0.237226,-0.031169,0.926052
34.700000,1,0,0,2.400000,9.810000,0.900000,30.000000,60.000000,6.000000,0.000000,-0.000000,1.500000,0.042069,0.023083,1.502422,0.000000,0.000000,0.000000,0.016335,0.008381,0.010244,0.999492,0.006923,-0.031102,0.000215,0.017552,0.022920,-0.000318,0.037033,-0.013140,0.028961,23.659342,23.659342,23.659597,0.502455,1.559778,0.296185,0.002207,0.925098
34.750000,1,0,0,2.400000,9.810000,0.900000,30.000000,60.000000,6.000000,0.000000,-0.000000,1.500000,0.042921,0.023444,1.502944,0.000000,0.000000,0.000000,0.017710,0.006044,0.010623,0.999507,0.007326,-0.030537,0.000224,0.014739,0.022285,-0.000327,0.029227,-0.049423,0.062062,23.659597,23.659597,23.659696,0.502457,1.514340,0.228220,0.080016,0.924138
34.800000,1,0,0,2.400000,9.810000,0.900000,30.000000,60.000000,6.000000,0.000000,-0.000000,1.500000,0.043839,0.023686,1.503483,0.000000,0.000000,0.000000,0.018987,0.003639,0.010937,0.999521,0.007659,-0.029989,0.000230,0.011822,0.021497,-0.000329,0.046051,-0.070325,0.044371,23.659696,23.659696,23.659656,0.502456,1.528845,0.193774,0.036127,0.923176
34.850000,1,0,0,2.400000,9.810000,0.900000,30.000000,60.000000,6.000000,0.000000,-0.000000,1.500000,0.044818,0.023807,1.504036,0.000000,0.000000,0.000000,0.020152,0.001188,0.011184,0.999534,0.007917,-0.029464,0.000233,0.008838,0.020563,-0.000326,0.034174,-0.028987,0.044532,23.659656,23.659656,23.659498,0.502453,1.475477,0.305210,0.035264,0.922215
34.900000,1,0,0,2.400000,9.810000,0.900000,30.000000,60.000000,6.000000,0.000000,-0.000000,1.500000,0.045852,0.023805,1.504600,0.000000,0.000000,0.000000,0.021195,-0.001286,0.011360,0.999548,0.008100,-0.028963,0.000235,0.005822,0.019492,-0.000316,0.066458,-0.050496,0.044683,23.659498,23.659498,23.659244,0.502447,1.529277,0.262256,0.034538,0.921259
34.950000,1,0,0,2.400000,9.810000,0.900000,30.000000,60.000000,6.000000,0.000000,-0.000000,1.500000,0.046935,0.023679,1.505171,0.000000,0.000000,0.000000,0.022104,-0.003759,0.011463,0.999560,0.008208,-0.028490,0.000234,0.002810,0.018295,-0.000300,0.062340,-0.068975,0.041408,23.659244,23.659244,23.658918,0.502440,1.497049,0.223005,0.025730,0.920311
35.000000,1,0,0,2.400000,9.810000,0.900000,30.000000,60.000000,6.000000,0.000000,-0.000000,1.500000,0.048060,0.023429,1.505745,0.000000,0.000000,0.000000,0.022872,-0.006209,0.011493,0.999573,0.008241,-0.028049,0.000231,-0.000162,0.016983,-0.000280,0.025859,0.003597,0.032969,23.658918,23.658918,23.658546,0.502433,1.388632,0.398731,0.004648,0.919377
35.050000,1,0,0,2.400000,9.810000,0.900000,30.000000,60.000000,6.000000,0.000000,-0.000000,1.500000,0.049220,0.023058,1.506319,0.000000,0.000000,0.000000,0.023489,-0.008613,0.011447,0.999584,0.008201,-0.027642,0.000227,-0.003057,0.015570,-0.000255,0.038714,-0.006751,0.056463,23.658546,23.658546,23.658155,0.502424,1.400232,0.371977,0.060302,0.918459
35.100000,1,0,0,2.400000,9.810000,0.900000,30.000000,60.000000,6.000000,0.000000,-0.000000,1.500000,0.050406,0.022569,1.506889,0.000000,0.000000,0.000000,0.023949,-0.010949,0.011326,0.999595,0.008090,-0.027272,0.000221,-0.005842,0.014069,-0.000228,0.008591,0.006904,0.058075,23.658155,23.658155,23.657773,0.502416,1.310406,0.399468,0.063514,0.917561
35.150000,1,0,0,2.400000,9.810000,0.900000,30.000000,60.000000,6.000000,0.000000,-0.000000,1.500000,0.051612,0.021965,1.507450,0.000000,0.000000,0.000000,0.024246,-0.013195,0.011129,0.999606,0.007910,-0.026940,0.000213,-0.008482,0.012494,-0.000198,0.013254,-0.031946,0.036500,23.657773,23.657773,23.657431,0.502409,1.305892,0.297735,0.011126,0.916686
35.200000,1,0,0,2.400000,9.810000,0.900000,30.000000,60.000000,6.000000,0.000000,-0.000000,1.500000,0.052828,0.021251,1.508000,0.000000,0.000000,0.000000,0.024376,-0.015330,0.010857,0.999615,0.007667,-0.026648,0.000204,-0.010946,0.010862,-0.000167,0.003658,-0.045145,0.009493,23.657431,23.657431,23.657158,0.502403,1.269053,0.254546,-0.054269,0.915839
35.250000,1,0,0,2.400000,9.810000,0.900000,30.000000,60.000000,6.000000,0.000000,-0.000000,1.500000,0.054047,0.020434,1.508535,0.000000,0.000000,0.000000,0.024336,-0.017335,0.010511,0.999624,0.007365,-0.026397,0.000194,-0.013205,0.009189,-0.000135,-0.001471,-0.065519,-0.003035,23.657158,23.657158,23.656985,0.502399,1.244896,0.191340,-0.084907,0.915023
35.300000,1,0,0,2.400000,9.810000,0.900000,30.000000,60.000000,6.000000,0.000000,-0.000000,1.500000,0.055259,0.019520,1.509050,0.000000,0.000000,0.000000,0.024125,-0.019192,0.010092,0.999632,0.007009,-0.026189,0.000184,-0.015232,0.007490,-0.000105,-0.038829,-0.048710,-0.016817,23.656985,23.656985,23.656939,0.502398,1.145389,0.214839,-0.118570,0.914240
35.350000,1,0,0,2.400000,9.810000,0.900000,30.000000,60.000000,6.000000,0.000000,-0.000000,1.500000,0.056456,0.018518,1.509543,0.000000,0.000000,0.000000,0.023742,-0.020885,0.009603,0.999640,0.006606,-0.026023,0.000172,-0.017004,0.005783,-0.000076,-0.023102,-0.050101,0.007372,23.656939,23.656939,23.657050,0.502401,1.175305,0.192409,-0.061140,0.913495
35.400000,1,0,0,2.400000,9.810000,0.900000,30.000000,60.000000,6.000000,0.000000,-0.000000,1.500000,0.057630,0.017435,1.510009,0.000000,0.000000,0.000000,0.023189,-0.022398,0.009047,0.999646,0.006162,-0.025900,0.000160,-0.018501,0.004086,-0.000050,-0.030403,-0.048042,0.003231,23.657050,23.657050,23.657343,0.502407,1.151974,0.176328,-0.071760,0.912789
35.450000,1,0,0,2.400000,9.810000,0.900000,30.000000,60.000000,6.000000,0.000000,-0.000000,1.500000,0.058772,0.016281,1.510447,0.000000,0.000000,0.000000,0.022468,-0.023719,0.008426,0.999650,0.005684,-0.025819,0.000147,-0.019705,0.002414,-0.000027,-0.040933,-0.024564,0.016457,23.657343,23.657343,23.657843,0.502418,1.122896,0.210054,-0.040779,0.912126
35.500000,1,0,0,2.400000,9.810000,0.900000,30.000000,60.000000,6.000000,0.000000,-0.000000,1.500000,0.059874,0.015066,1.510851,0.000000,0.000000,0.000000,0.021584,-0.024836,0.007745,0.999654,0.005179,-0.025779,0.000134,-0.020603,0.000785,-0.000008,-0.024984,-0.019733,0.012946,23.657843,23.657843,23.658571,0.502433,1.159328,0.197785,-0.050060,0.911508
35.550000,1,0,0,2.400000,9.810000,0.900000,30.000000,60.000000,6.000000,0.000000,-0.000000,1.500000,0.060928,0.013801,1.511220,0.000000,0.000000,0.000000,0.020542,-0.025742,0.007006,0.999657,0.004657,-0.025779,0.000120,-0.021188,-0.000786,0.000007,-0.013344,-0.009737,0.047069,23.658571,23.658571,23.659543,0.502454,1.187321,0.197034,0.030866,0.910938
35.600000,1,0,0,2.400000,9.810000,0.900000,30.000000,60.000000,6.000000,0.000000,-0.000000,1.500000,0.061926,0.012496,1.511551,0.000000,0.000000,0.000000,0.019349,-0.026429,0.006215,0.999658,0.004123,-0.025818,0.000106,-0.021452,-0.002281,0.000019,-0.029645,-0.019853,0.042676,23.659543,23.659543,23.660776,0.502480,1.150081,0.147513,0.019224,0.910418
35.650000,1,0,0,2.400000,9.810000,0.900000,30.000000,60.000000,6.000000,0.000000,-0.000000,1.500000,0.062861,0.011162,1.511841,0.000000,0.000000,0.000000,0.018013,-0.026894,0.005377,0.999658,0.003587,-0.025892,0.000093,-0.021397,-0.003686,0.000026,-0.046207,-0.001155,0.055042,23.660776,23.660776,23.662279,0.502512,1.113939,0.167022,0.047658,0.909949
35.700000,1,0,0,2.400000,9.810000,0.900000,30.000000,60.000000,6.000000,0.000000,-0.000000,1.500000,0.063725,0.009810,1.512088,0.000000,0.000000,0.000000,0.016542,-0.027134,0.004496,0.999657,0.003056,-0.026001,0.000079,-0.021024,-0.004986,0.000030,-0.083445,-0.014187,0.037604,23.662279,23.662279,23.664058,0.502550,1.029789,0.110631,0.004406,0.909534
35.750000,1,0,0,2.400000,9.810000,0.900000,30.000000,60.000000,6.000000,0.000000,-0.000000,1.500000,0.064513,0.008452,1.512290,0.000000,0.000000,0.000000,0.014948,-0.027150,0.003578,0.999655,0.002539,-0.026141,0.000066,-0.020341,-0.006168,0.000031,-0.051469,0.054078,0.045131,23.664058,23.664058,23.666116,0.502593,1.113232,0.249977,0.020903,0.909174
35.800000,1,0,0,2.400000,9.810000,0.900000,30.000000,60.000000,6.000000,0.000000,-0.000000,1.500000,0.065218,0.007099,1.512445,0.000000,0.000000,0.000000,0.013242,-0.026946,0.002630,0.999652,0.002042,-0.026308,0.000054,-0.019359,-0.007220,0.000029,-0.085384,0.055442,0.054301,23.666116,23.666116,23.668452,0.502643,1.039874,0.229744,0.041164,0.908869
35.850000,1,0,0,2.400000,9.810000,0.900000,30.000000,60.000000,6.000000,0.000000,-0.000000,1.500000,0.065835,0.005761,1.512552,0.000000,0.000000,0.000000,0.011435,-0.026526,0.001656,0.999648,0.001573,-0.026501,0.000042,-0.018094,-0.008131,0.000026,-0.076010,0.092108,0.065907,23.668452,23.668452,23.671060,0.502698,1.071584,0.295562,0.067086,0.908621
35.900000,1,0,0,2.400000,9.810000,0.900000,30.000000,60.000000,6.000000,0.000000,-0.000000,1.500000,0.066360,0.004450,1.512610,0.000000,0.000000,0.000000,0.009540,-0.025897,0.000662,0.999642,0.001140,-0.026714,0.000030,-0.016565,-0.008890,0.000020,-0.055186,0.078490,0.050074,23.671060,23.671060,23.673931,0.502759,1.131778,0.242352,0.026963,0.908430
35.950000,1,0,0,2.400000,9.810000,0.900000,30.000000,60.000000,6.000000,0.000000,-0.000000,1.500000,0.066788,0.003175,1.512618,0.000000,0.000000,0.000000,0.007573,-0.025070,-0.000343,0.999637,0.000747,-0.026944,0.000020,-0.014792,-0.009490,0.000014,-0.069063,0.093822,0.025026,23.673931,23.673931,23.677052,0.502826,1.109507,0.260575,-0.035469,0.908297
36.000000,1,0,0,2.400000,9.810000,0.900000,30.000000,60.000000,6.000000,0.000000,-0.000000,1.500000,0.067116,0.001946,1.512576,0.000000,0.000000,0.000000,0.005546,-0.024056,-0.001356,0.999630,0.000402,-0.027187,0.000011,-0.012802,-0.009924,0.000008,-0.045801,0.087767,0.029919,23.677052,23.677052,23.680409,0.502897,1.176996,0.229692,-0.026240,0.908222
36.050000,1,0,0,2.400000,9.810000,0.900000,30.000000,60.000000,6.000000,0.000000,-0.000000,1.500000,0.067342,0.000772,1.512483,0.000000,0.000000,0.000000,0.003475,-0.022869,-0.002368,0.999623,0.000109,-0.027438,0.000003,-0.010623,-0.010187,0.000002,-0.055073,0.049815,0.046464,23.680409,23.680409,23.683982,0.502973,1.166831,0.124726,0.010762,0.908205
36.100000,1,0,0,2.400000,9.810000,0.900000,30.000000,60.000000,6.000000,0.000000,-0.000000,1.500000,0.067463,-0.000338,1.512339,0.000000,0.000000,0.000000,0.001375,-0.021525,-0.003374,0.999616,-0.000127,-0.027694,-0.000004,-0.008285,-0.010274,-0.000003,-0.071404,0.070469,0.058817,23.683982,23.683982,23.687753,0.503053,1.139947,0.163086,0.037510,0.908244
36.150000,1,0,0,2.400000,9.810000,0.900000,30.000000,60.000000,6.000000,0.000000,-0.000000,1.500000,0.067479,-0.001378,1.512146,0.000000,0.000000,0.000000,-0.000739,-0.020040,-0.004367,0.999609,-0.000304,-0.027950,-0.000008,-0.005819,-0.010186,-0.000006,-0.041842,0.082962,0.040572,23.687753,23.687753,23.691698,0.503137,1.223218,0.184705,-0.009364,0.908340
36.200000,1,0,0,2.400000,9.810000,0.900000,30.000000,60.000000,6.000000,0.000000,-0.000000,1.500000,0.067389,-0.002340,1.511903,0.000000,0.000000,0.000000,-0.002850,-0.018433,-0.005340,0.999602,-0.000418,-0.028202,-0.000012,-0.003261,-0.009920,-0.000008,-0.030673,0.123627,0.019284,23.691698,23.691698,23.695794,0.503224,1.262151,0.276914,-0.063723,0.908491
36.250000,1,0,0,2.400000,9.810000,0.900000,30.000000,60.000000,6.000000,0.000000,-0.000000,1.500000,0.067194,-0.003220,1.511612,0.000000,0.000000,0.000000,-0.004944,-0.016724,-0.006288,0.999595,-0.000466,-0.028445,-0.000013,-0.000644,-0.009480,-0.000009,0.011474,0.103169,0.003977,23.695794,23.695794,23.700018,0.503313,1.375027,0.225493,-0.103894,0.908697
36.300000,1,0,0,2.400000,9.810000,0.900000,30.000000,60.000000,6.000000,0.000000,-0.000000,1.500000,0.066896,-0.004011,1.511275,0.000000,0.000000,0.000000,-0.007005,-0.014933,-0.007205,0.999589,-0.000450,-0.028674,-0.000013,0.001995,-0.008868,-0.000008,0.013728,0.098481,-0.015604,23.700018,23.700018,23.704343,0.503405,1.391546,0.215039,-0.154485,0.908954
36.350000,1,0,0,2.400000,9.810000,0.900000,30.000000,60.000000,6.000000,0.000000,-0.000000,1.500000,0.066495,-0.004712,1.510892,0.000000,0.000000,0.000000,-0.009018,-0.013084,-0.008085,0.999583,-0.000367,-0.028886,-0.000011,0.004620,-0.008089,-0.000006,0.014147,0.088738,-0.024146,23.704343,23.704343,23.708744,0.503499,1.402849,0.195573,-0.178727,0.909263
36.400000,1,0,0,2.400000,9.810000,0.900000,30.000000,60.000000,6.000000,0.000000,-0.000000,1.500000,0.065995,-0.005319,1.510467,0.000000,0.000000,0.000000,-0.010968,-0.011196,-0.008922,0.999577,-0.000219,-0.029077,-0.000006,0.007197,-0.007150,-0.000003,-0.026763,0.086135,-0.025820,23.708744,23.708744,23.713195,0.503593,1.313951,0.196334,-0.186620,0.909620
36.450000,1,0,0,2.400000,9.810000,0.900000,30.000000,60.000000,6.000000,0.000000,-0.000000,1.500000,0.065399,-0.005831,1.510001,0.000000,0.000000,0.000000,-0.012841,-0.009295,-0.009711,0.999572,-0.000008,-0.029243,-0.000000,0.009690,-0.006060,-0.000000,-0.021490,0.070522,-0.014630,23.713195,23.713195,23.717669,0.503688,1.334698,0.168882,-0.163751,0.910024
36.500000,1,0,0,2.400000,9.810000,0.900000,30.000000,60.000000,6.000000,0.000000,-0.000000,1.500000,0.064712,-0.006249,1.509497,0.000000,0.000000,0.000000,-0.014623,-0.007401,-0.010448,0.999568,0.000264,-0.029379,0.000008,0.012066,-0.004828,0.000003,-0.011992,0.083377,-0.012373,23.717669,23.717669,23.722142,0.503783,1.364215,0.212647,-0.162418,0.910472
36.550000,1,0,0,2.400000,9.810000,0.900000,30.000000,60.000000,6.000000,0.000000,-0.000000,1.500000,0.063939,-0.006572,1.508957,0.000000,0.000000,0.000000,-0.016301,-0.005537,-0.011127,0.999565,0.000594,-0.029483,0.000018,0.014293,-0.003465,0.000004,-0.002585,0.078792,-0.022868,23.722142,23.722142,23.726587,0.503878,1.391975,0.217294,-0.191769,0.910962
36.600000,1,0,0,2.400000,9.810000,0.900000,30.000000,60.000000,6.000000,0.000000,-0.000000,1.500000,0.063084,-0.006803,1.508385,0.000000,0.000000,0.000000,-0.017864,-0.003726,-0.011744,0.999563,0.000977,-0.029551,0.000029,0.016340,-0.001983,0.000004,-0.026921,0.067948,-0.001123,23.726587,23.726587,23.730978,0.503971,1.337065,0.209462,-0.143798,0.911490
36.650000,1,0,0,2.400000,9.810000,0.900000,30.000000,60.000000,6.000000,0.000000,-0.000000,1.500000,0.062154,-0.006946,1.507784,0.000000,0.000000,0.000000,-0.019300,-0.001989,-0.012297,0.999561,0.001409,-0.029581,0.000042,0.018180,-0.000397,0.000001,-0.035434,0.077068,-0.011680,23.730978,23.730978,23.735289,0.504062,1.318311,0.251862,-0.173385,0.912053
36.700000,1,0,0,2.400000,9.810000,0.900000,30.000000,60.000000,6.000000,0.000000,-0.000000,1.500000,0.061156,-0.007004,1.507156,0.000000,0.000000,0.000000,-0.020599,-0.000347,-0.012781,0.999561,0.001884,-0.029570,0.000056,0.019789,0.001280,-0.000005,-0.007072,0.042651,-0.011196,23.735289,23.735289,23.739495,0.504152,1.386115,0.191828,-0.176484,0.912649
36.750000,1,0,0,2.400000,9.810000,0.900000,30.000000,60.000000,6.000000,0.000000,-0.000000,1.500000,0.060097,-0.006982,1.506507,0.000000,0.000000,0.000000,-0.021753,0.001182,-0.013195,0.999561,0.002396,-0.029516,0.000071,0.021144,0.003031,-0.000015,-0.003469,0.044121,-0.012584,23.739495,23.739495,23.743570,0.504238,1.392457,0.219692,-0.184061,0.913275
36.800000,1,0,0,2.400000,9.810000,0.900000,30.000000,60.000000,6.000000,0.000000,-0.000000,1.500000,0.058984,-0.006888,1.505838,0.000000,0.000000,0.000000,-0.022753,0.002578,-0.013535,0.999563,0.002938,-0.029418,0.000086,0.022227,0.004841,-0.000028,-0.005657,0.031459,0.025521,23.743570,23.743570,23.747489,0.504321,1.382776,0.215095,-0.096815,0.913925
36.850000,1,0,0,2.400000,9.810000,0.900000,30.000000,60.000000,6.000000,0.000000,-0.000000,1.500000,0.057824,-0.006727,1.505154,0.000000,0.000000,0.000000,-0.023594,0.003826,-0.013800,0.999565,0.003504,-0.029274,0.000103,0.023022,0.006693,-0.000047,-0.015787,0.031823,0.006472,23.747489,23.747489,23.751226,0.504401,1.351854,0.242884,-0.146672,0.914599
36.900000,1,0,0,2.400000,9.810000,0.900000,30.000000,60.000000,6.000000,0.000000,-0.000000,1.500000,0.056627,-0.006508,1.504459,0.000000,0.000000,0.000000,-0.024270,0.004909,-0.013989,0.999569,0.004086,-0.029083,0.000119,0.023519,0.008568,-0.000070,-0.019053,0.068241,-0.010548,23.751226,23.751226,23.754756,0.504476,1.335176,0.357978,-0.191569,0.915290
36.950000,1,0,0,2.400000,9.810000,0.900000,30.000000,60.000000,6.000000,0.000000,-0.000000,1.500000,0.055400,-0.006239,1.503757,0.000000,0.000000,0.000000,-0.024777,0.005816,-0.014101,0.999573,0.004677,-0.028845,0.000135,0.023709,0.010450,-0.000098,0.001573,0.076797,0.011309,23.754756,23.754756,23.758053,0.504546,1.373594,0.406616,-0.143045,0.915997
37.000000,1,0,0,2.400000,9.810000,0.900000,30.000000,60.000000,6.000000,0.000000,-0.000000,1.500000,0.054152,-0.005929,1.503051,0.000000,0.000000,0.000000,-0.025113,0.006534,-0.014136,0.999578,0.005269,-0.028561,0.000151,0.023590,0.012320,-0.000130,-0.038392,0.078530,-0.006844,23.758053,23.758053,23.761092,0.504610,1.264348,0.438929,-0.190399,0.916714
37.050000,1,0,0,2.400000,9.810000,0.900000,30.000000,60.000000,6.000000,0.000000,-0.000000,1.500000,0.052892,-0.005589,1.502344,0.000000,0.000000,0.000000,-0.025277,0.007055,-0.014095,0.999584,0.005854,-0.028230,0.000165,0.023160,0.014161,-0.000166,-0.002737,0.101271,-0.037558,23.761092,23.761092,23.763848,0.504669,1.334367,0.521341,-0.267732,0.917439
37.100000,1,0,0,2.400000,9.810000,0.900000,30.000000,60.000000,6.000000,0.000000,-0.000000,1.500000,0.051627,-0.005227,1.501642,0.000000,0.000000,0.000000,-0.025269,0.007372,-0.013978,0.999591,0.006424,-0.027853,0.000179,0.022426,0.015956,-0.000205,-0.013652,0.098485,-0.031482,23.763848,23.763848,23.766298,0.504721,1.290439,0.541797,-0.256571,0.918168
37.150000,1,0,0,2.400000,9.810000,0.900000,30.000000,60.000000,6.000000,0.000000,-0.000000,1.500000,0.050368,-0.004855,1.500948,0.000000,0.000000,0.000000,-0.025091,0.007480,-0.013787,0.999599,0.006972,-0.027433,0.000191,0.021393,0.017686,-0.000247,-0.005354,0.109670,-0.014821,23.766298,23.766298,23.768418,0.504766,1.290506,0.594735,-0.219786,0.918896
37.200000,1,0,0,2.400000,9.810000,0.900000,30.000000,60.000000,6.000000,0.000000,-0.000000,1.500000,0.049121,-0.004483,1.500265,0.000000,0.000000,0.000000,-0.024747,0.007377,-0.013525,0.999608,0.007491,-0.026970,0.000202,0.020075,0.019336,-0.000290,0.028457,0.058483,0.003653,23.768418,23.768418,23.770186,0.504803,1.349774,0.496581,-0.178405,0.919621
37.250000,1,0,0,2.400000,9.810000,0.900000,30.000000,60.000000,6.000000,0.000000,-0.000000,1.500000,0.047896,-0.004121,1.499597,0.000000,0.000000,0.000000,-0.024240,0.007064,-0.013193,0.999618,0.007974,-0.026467,0.000211,0.018487,0.020888,-0.000333,0.024693,0.076138,-0.016609,23.770186,23.770186,23.771582,0.504833,1.316939,0.561918,-0.229724,0.920338
37.300000,1,0,0,2.400000,9.810000,0.900000,30.000000,60.000000,6.000000,0.000000,-0.000000,1.500000,0.046700,-0.003780,1.498947,0.000000,0.000000,0.000000,-0.023578,0.006542,-0.012794,0.999628,0.008413,-0.025926,0.000218,0.016647,0.022329,-0.000376,-0.002078,0.047820,-0.034861,23.771582,23.771582,23.772587,0.504854,1.227082,0.514878,-0.275925,0.921044
37.350000,1,0,0,2.400000,9.810000,0.900000,30.000000,60.000000,6.000000,0.000000,-0.000000,1.500000,0.045540,-0.003470,1.498318,0.000000,0.000000,0.000000,-0.022766,0.005816,-0.012333,0.999640,0.008804,-0.025351,0.000223,0.014577,0.023644,-0.000416,0.006934,0.030908,-0.032682,23.772587,23.772587,23.773185,0.504867,1.221448,0.492884,-0.272783,0.921735
37.400000,1,0,0,2.400000,9.810000,0.900000,30.000000,60.000000,6.000000,0.000000,-0.000000,1.500000,0.044425,-0.003202,1.497714,0.000000,0.000000,0.000000,-0.021814,0.004894,-0.011812,0.999652,0.009140,-0.024745,0.000226,0.012301,0.024819,-0.000454,-0.032792,0.011894,-0.020028,23.773185,23.773185,23.773361,0.504871,1.097340,0.463250,-0.244165,0.922408
37.450000,1,0,0,2.400000,9.810000,0.900000,30.000000,60.000000,6.000000,0.000000,-0.000000,1.500000,0.043361,-0.002984,1.497138,0.000000,0.000000,0.000000,-0.020731,0.003784,-0.011237,0.999665,0.009418,-0.024112,0.000227,0.009848,0.025843,-0.000487,0.000662,0.028128,-0.010303,23.773361,23.773361,23.773105,0.504865,1.147537,0.515394,-0.222228,0.923060
37.500000,1,0,0,2.400000,9.810000,0.900000,30.000000,60.000000,6.000000,0.000000,-0.000000,1.500000,0.042354,-0.002826,1.496592,0.000000,0.000000,0.000000,-0.019527,0.002498,-0.010612,0.999678,0.009632,-0.023455,0.000226,0.007245,0.026705,-0.000515,0.045852,0.013347,0.018455,23.773105,23.773105,23.772408,0.504851,1.224759,0.490084,-0.154245,0.923687
37.550000,1,0,0,2.400000,9.810000,0.900000,30.000000,60.000000,6.000000,0.000000,-0.000000,1.500000,0.041410,-0.002737,1.496077,0.000000,0.000000,0.000000,-0.018214,0.001050,-0.009942,0.999693,0.009779,-0.022778,0.000223,0.004524,0.027396,-0.000536,0.036352,-0.033653,0.009450,23.772408,23.772408,23.771266,0.504826,1.169785,0.384275,-0.176514,0.924286
37.600000,1,0,0,2.400000,9.810000,0.900000,30.000000,60.000000,6.000000,0.000000,-0.000000,1.500000,0.040534,-0.002724,1.495598,0.000000,0.000000,0.000000,-0.016804,-0.000545,-0.009233,0.999707,0.009857,-0.022086,0.000218,0.001718,0.027908,-0.000550,0.077436,-0.066260,0.014282,23.771266,23.771266,23.769675,0.504793,1.235482,0.309711,-0.165177,0.924855
37.650000,1,0,0,2.400000,9.810000,0.900000,30.000000,60.000000,6.000000,0.000000,-0.000000,1.500000,0.039731,-0.002794,1.495155,0.000000,0.000000,0.000000,-0.015311,-0.002271,-0.008489,0.999723,0.009865,-0.021384,0.000211,-0.001141,0.028235,-0.000557,0.092251,-0.060568,0.056589,23.769675,23.769675,23.767640,0.504749,1.237616,0.323686,-0.063497,0.925391
37.700000,1,0,0,2.400000,9.810000,0.900000,30.000000,60.000000,6.000000,0.000000,-0.000000,1.500000,0.039004,-0.002953,1.494749,0.000000,0.000000,0.000000,-0.013749,-0.004109,-0.007718,0.999738,0.009800,-0.020676,0.000203,-0.004018,0.028373,-0.000556,0.058674,-0.035253,0.080533,23.767640,23.767640,23.765163,0.504697,1.123323,0.381338,-0.005474,0.925892
37.750000,1,0,0,2.400000,9.810000,0.900000,30.000000,60.000000,6.000000,0.000000,-0.000000,1.500000,0.038357,-0.003206,1.494383,0.000000,0.000000,0.000000,-0.012131,-0.006040,-0.006925,0.999754,0.009664,-0.019967,0.000193,-0.006879,0.028320,-0.000548,0.018530,-0.071485,0.039442,23.765163,23.765163,23.762254,0.504635,0.993206,0.287856,-0.103113,0.926355
37.800000,1,0,0,2.400000,9.810000,0.900000,30.000000,60.000000,6.000000,0.000000,-0.000000,1.500000,0.037792,-0.003558,1.494057,0.000000,0.000000,0.000000,-0.010474,-0.008043,-0.006116,0.999770,0.009457,-0.019262,0.000182,-0.009691,0.028073,-0.000531,0.010094,-0.075744,0.055962,23.762254,23.762254,23.758924,0.504564,0.939356,0.267729,-0.062061,0.926778
37.850000,1,0,0,2.400000,9.810000,0.900000,30.000000,60.000000,6.000000,0.000000,-0.000000,1.500000,0.037310,-0.004011,1.493772,0.000000,0.000000,0.000000,-0.008791,-0.010095,-0.005297,0.999785,0.009181,-0.018565,0.000170,-0.012420,0.027635,-0.000508,0.021923,-0.072914,0.047432,23.758924,23.758924,23.755187,0.504485,0.934543,0.261318,-0.080704,0.927160
37.900000,1,0,0,2.400000,9.810000,0.900000,30.000000,60.000000,6.000000,0.000000,-0.000000,1.500000,0.036913,-0.004568,1.493528,0.000000,0.000000,0.000000,-0.007098,-0.012176,-0.004476,0.999801,0.008838,-0.017882,0.000158,-0.015034,0.027007,-0.000477,0.011091,-0.080573,0.079783,23.755187,23.755187,23.751060,0.504397,0.875971,0.226553,-0.000805,0.927499
37.950000,1,0,0,2.400000,9.810000,0.900000,30.000000,60.000000,6.000000,0.000000,-0.000000,1.500000,0.036600,-0.005229,1.493324,0.000000,0.000000,0.000000,-0.005412,-0.014262,-0.003657,0.999816,0.008431,-0.017217,0.000145,-0.017504,0.026194,-0.000442,0.012281,-0.100475,0.098945,23.751060,23.751060,23.746562,0.504302,0.847104,0.159381,0.047864,0.927794
38.000000,1,0,0,2.400000,9.810000,0.900000,30.000000,60.000000,6.000000,0.000000,-0.000000,1.500000,0.036372,-0.005994,1.493162,0.000000,0.000000,0.000000,-0.003746,-0.016330,-0.002848,0.999831,0.007964,-0.016574,0.000132,-0.019799,0.025202,-0.000402,0.011998,-0.109113,0.096784,23.746562,23.746562,23.741714,0.504199,0.815769,0.116415,0.045777,0.928044
