t,flight_active,online_update_configured,online_update_enabled,mass_kg,gravity_m_s2,anomaly_similarity_threshold,force_clip_norm_n,force_reject_norm_n,residual_consistency_threshold_n,pd_x,pd_y,pd_z,p_x,p_y,p_z,vd_x,vd_y,vd_z,v_x,v_y,v_z,q_w,q_x,q_y,q_z,omega_x,omega_y,omega_z,accel_world_x,accel_world_y,accel_world_z,previous_commanded_thrust_n,residual_model_thrust_n,thrust_n,thrust_norm,residual_x,residual_y,residual_z,max_similarity
0.000000,1,0,0,2.400000,9.810000,0.900000,30.000000,60.000000,6.000000,0.000000,0.000000,0.000000,0.000000,0.000000,0.000000,0.000000,0.000000,0.000000,0.000000,-0.000000,-0.000005,1.000000,0.000000,0.000000,-0.000000,0.000079,0.000194,-0.000000,-0.005068,0.075860,0.009701,23.533064,23.533064,23.543224,0.499984,-0.012166,0.182064,0.034218,0.925909
0.050000,1,0,0,2.400000,9.810000,0.900000,30.000000,60.000000,6.000000,0.000000,0.000000,0.000004,0.000000,-0.000000,-0.000008,0.000000,0.000000,0.000217,0.000005,-0.000002,-0.000237,1.000000,0.000004,0.000009,-0.000000,0.000127,0.000354,-0.000000,-0.012920,0.052605,0.028844,23.543224,23.543224,23.563821,0.500421,-0.031448,0.126422,0.070002,0.926211
0.100000,1,0,0,2.400000,9.810000,0.900000,30.000000,60.000000,6.000000,0.000000,0.000000,0.000029,0.000001,-0.000000,-0.000016,0.000000,0.000000,0.000857,0.000018,-0.000007,-0.000038,1.000000,0.000006,0.000018,-0.000000,0.000076,0.000297,-0.000000,-0.039882,0.034529,0.011040,23.563821,23.563821,23.583644,0.500842,-0.096543,0.083160,0.006675,0.926474
0.150000,1,0,0,2.400000,9.810000,0.900000,30.000000,60.000000,6.000000,0.000000,0.000000,0.000096,0.000002,-0.000001,-0.000005,0.000000,0.000000,0.001904,0.000040,-0.000014,0.000583,1.000000,0.000007,0.000024,-0.000000,0.000009,0.000217,-0.000000,-0.030474,0.023645,0.009442,23.583644,23.583644,23.602706,0.501247,-0.074269,0.057091,-0.016983,0.926695
0.200000,1,0,0,2.400000,9.810000,0.900000,30.000000,60.000000,6.000000,0.000000,0.000000,0.000226,0.000005,-0.000002,0.000049,0.000000,0.000000,0.003342,0.000068,-0.000022,0.001609,1.000000,0.000007,0.000028,-0.000000,-0.000071,0.000116,-0.000000,-0.043361,0.023488,0.011827,23.602706,23.602706,23.621019,0.501636,-0.105397,0.056680,-0.030321,0.926874
0.250000,1,0,0,2.400000,9.810000,0.900000,30.000000,60.000000,6.000000,0.000000,0.000000,0.000437,0.000009,-0.000003,0.000163,0.000000,0.000000,0.005155,0.000101,-0.000030,0.003024,1.000000,0.000004,0.000030,-0.000000,-0.000161,-0.000002,0.000000,-0.036489,0.066202,0.034539,23.621019,23.621019,23.638597,0.502009,-0.088974,0.159058,0.005875,0.927009
0.300000,1,0,0,2.400000,9.810000,0.900000,30.000000,60.000000,6.000000,0.000000,0.000000,0.000747,0.000015,-0.000005,0.000357,0.000000,0.000000,0.007328,0.000139,-0.000036,0.004814,1.000000,-0.000002,0.000028,0.000000,-0.000257,-0.000137,-0.000000,-0.060894,0.024800,0.024202,23.638597,23.638597,23.655450,0.502367,-0.147468,0.059448,-0.036513,0.927099
0.350000,1,0,0,2.400000,9.810000,0.900000,30.000000,60.000000,6.000000,0.000000,0.000000,0.001175,0.000023,-0.000007,0.000650,0.000000,0.000000,0.009845,0.000178,-0.000038,0.006962,1.000000,-0.000009,0.000023,0.000000,-0.000354,-0.000284,-0.000000,-0.051118,0.059016,0.033429,23.655450,23.655450,23.671590,0.502710,-0.123757,0.141205,-0.031220,0.927144
0.400000,1,0,0,2.400000,9.810000,0.900000,30.000000,60.000000,6.000000,0.000000,0.000000,0.001737,0.000033,-0.000008,0.001059,0.000000,0.000000,0.012691,0.000217,-0.000035,0.009454,1.000000,-0.000019,0.000014,0.000000,-0.000450,-0.000442,-0.000000,-0.029790,0.066643,0.044301,23.671590,23.671590,23.687026,0.503037,-0.072142,0.159032,-0.021268,0.927143
0.450000,1,0,0,2.400000,9.810000,0.900000,30.000000,60.000000,6.000000,0.000000,0.000000,0.002449,0.000045,-0.000010,0.001601,0.000000,0.000000,0.015852,0.000255,-0.000024,0.012275,1.000000,-0.000032,0.000001,0.000000,-0.000538,-0.000606,-0.000000,-0.005149,0.060406,0.066129,23.687026,23.687026,23.701768,0.503350,-0.012384,0.143476,0.015684,0.927095
0.500000,1,0,0,2.400000,9.810000,0.900000,30.000000,60.000000,6.000000,0.000000,0.000000,0.003327,0.000058,-0.000011,0.002292,0.000000,0.000000,0.019312,0.000289,-0.000004,0.015411,1.000000,-0.000046,-0.000017,-0.000000,-0.000615,-0.000774,-0.000000,-0.001820,0.029755,0.066630,23.701768,23.701768,23.715824,0.503649,-0.003577,0.069229,0.002145,0.927001
0.550000,1,0,0,2.400000,9.810000,0.900000,30.000000,60.000000,6.000000,0.000000,0.000000,0.004385,0.000073,-0.000010,0.003147,0.000000,0.000000,0.023057,0.000316,0.000027,0.018847,1.000000,-0.000062,-0.000038,-0.000000,-0.000677,-0.000944,-0.000000,0.011853,0.006622,0.094177,23.715824,23.715824,23.729203,0.503933,0.030256,0.012940,0.054200,0.926861
0.600000,1,0,0,2.400000,9.810000,0.900000,30.000000,60.000000,6.000000,0.000000,0.000000,0.005638,0.000090,-0.000008,0.004181,0.000000,0.000000,0.027073,0.000336,0.000069,0.022568,1.000000,-0.000080,-0.000064,-0.000000,-0.000721,-0.001111,-0.000000,0.039921,-0.035093,0.105164,23.729203,23.729203,23.741912,0.504203,0.098840,-0.088008,0.067191,0.926675
0.650000,1,0,0,2.400000,9.810000,0.900000,30.000000,60.000000,6.000000,0.000000,0.000000,0.007097,0.000107,-0.000003,0.005408,0.000000,0.000000,0.031345,0.000346,0.000125,0.026562,1.000000,-0.000098,-0.000094,-0.000000,-0.000744,-0.001275,-0.000000,0.049138,0.003339,0.115320,23.741912,23.741912,23.753959,0.504459,0.122378,0.003353,0.078857,0.926446
0.700000,1,0,0,2.400000,9.810000,0.900000,30.000000,60.000000,6.000000,0.000000,0.000000,0.008776,0.000124,0.000005,0.006842,0.000000,0.000000,0.035860,0.000345,0.000195,0.030814,1.000000,-0.000117,-0.000128,-0.000000,-0.000744,-0.001434,-0.000000,0.079283,-0.010024,0.111599,23.753959,23.753959,23.765348,0.504701,0.196340,-0.029607,0.057880,0.926172
0.750000,1,0,0,2.400000,9.810000,0.900000,30.000000,60.000000,6.000000,0.000000,0.000000,0.010687,0.000141,0.000017,0.008494,0.000000,0.000000,0.040603,0.000332,0.000280,0.035309,1.000000,-0.000135,-0.000165,-0.000000,-0.000718,-0.001584,-0.000000,0.077578,0.018342,0.104886,23.765348,23.765348,23.776088,0.504929,0.194045,0.037599,0.030379,0.925857
0.800000,1,0,0,2.400000,9.810000,0.900000,30.000000,60.000000,6.000000,0.000000,0.000000,0.012840,0.000157,0.000033,0.010377,0.000000,0.000000,0.045563,0.000305,0.000378,0.040035,1.000000,-0.000152,-0.000207,-0.000000,-0.000668,-0.001726,-0.000001,0.063371,0.046575,0.145739,23.776088,23.776088,23.786185,0.505143,0.161920,0.104529,0.117689,0.925502
0.850000,1,0,0,2.400000,9.810000,0.900000,30.000000,60.000000,6.000000,0.000000,0.000000,0.015246,0.000171,0.000055,0.012501,0.000000,0.000000,0.050724,0.000263,0.000491,0.044977,1.000000,-0.000168,-0.000252,-0.000000,-0.000592,-0.001859,-0.000001,0.025890,0.017707,0.139633,23.786185,23.786185,23.795643,0.505344,0.074102,0.034491,0.092939,0.925108
0.900000,1,0,0,2.400000,9.810000,0.900000,30.000000,60.000000,6.000000,0.000000,0.000000,0.017916,0.000183,0.000083,0.014878,0.000000,0.000000,0.056074,0.000206,0.000617,0.050123,1.000000,-0.000182,-0.000300,-0.000000,-0.000492,-0.001982,-0.000001,0.040532,0.020584,0.112906,23.795643,23.795643,23.804470,0.505532,0.111534,0.040746,0.019338,0.924678
0.950000,1,0,0,2.400000,9.810000,0.900000,30.000000,60.000000,6.000000,0.000000,0.000000,0.020857,0.000192,0.000117,0.017516,0.000000,0.000000,0.061601,0.000135,0.000755,0.055458,1.000000,-0.000193,-0.000351,-0.000000,-0.000370,-0.002097,-0.000001,0.063963,0.056044,0.138567,23.804470,23.804470,23.812671,0.505706,0.170202,0.125331,0.072098,0.924213
1.000000,1,0,0,2.400000,9.810000,0.900000,30.000000,60.000000,6.000000,0.000000,0.000000,0.024078,0.000196,0.000158,0.020426,0.000000,0.000000,0.067291,0.000049,0.000902,0.060968,1.000000,-0.000200,-0.000404,-0.000000,-0.000228,-0.002203,-0.000001,0.055971,0.039408,0.116248,23.812671,23.812671,23.820254,0.505867,0.153587,0.085044,0.010334,0.923717
1.050000,1,0,0,2.400000,9.810000,0.900000,30.000000,60.000000,6.000000,0.000000,0.000000,0.027588,0.000196,0.000207,0.023616,0.000000,0.000000,0.073133,-0.000051,0.001056,0.066642,1.000000,-0.000204,-0.000461,-0.000000,-0.000071,-0.002303,-0.000001,0.070642,-0.001852,0.149328,23.820254,23.820254,23.827225,0.506015,0.191488,-0.014163,0.082145,0.923193
1.100000,1,0,0,2.400000,9.810000,0.900000,30.000000,60.000000,6.000000,0.000000,0.000000,0.031394,0.000191,0.000264,0.027093,0.000000,0.000000,0.079113,-0.000163,0.001215,0.072465,1.000000,-0.000204,-0.000519,-0.000000,0.000097,-0.002399,-0.000001,0.037734,0.027035,0.154344,23.827225,23.827225,23.833592,0.506150,0.115317,0.055177,0.087214,0.922642
1.150000,1,0,0,2.400000,9.810000,0.900000,30.000000,60.000000,6.000000,0.000000,0.000000,0.035502,0.000180,0.000329,0.030865,0.000000,0.000000,0.085220,-0.000286,0.001375,0.078424,1.000000,-0.000199,-0.000581,-0.000000,0.000272,-0.002494,-0.000001,0.017197,0.033274,0.164914,23.833592,23.833592,23.839364,0.506273,0.068950,0.070368,0.106219,0.922069
1.200000,1,0,0,2.400000,9.810000,0.900000,30.000000,60.000000,6.000000,0.000000,0.000000,0.039918,0.000162,0.000401,0.034938,0.000000,0.000000,0.091441,-0.000418,0.001532,0.084507,1.000000,-0.000190,-0.000644,-0.000000,0.000449,-0.002589,-0.000001,-0.012954,0.027639,0.170834,23.839364,23.839364,23.844549,0.506383,-0.000378,0.057273,0.114659,0.921475
1.250000,1,0,0,2.400000,9.810000,0.900000,30.000000,60.000000,6.000000,0.000000,0.000000,0.044648,0.000138,0.000482,0.039317,0.000000,0.000000,0.097767,-0.000556,0.001683,0.090700,1.000000,-0.000177,-0.000710,-0.000000,0.000621,-0.002689,-0.000001,-0.003331,0.081090,0.189800,23.844549,23.844549,23.849157,0.506481,0.025870,0.186192,0.154997,0.920866
1.300000,1,0,0,2.400000,9.810000,0.900000,30.000000,60.000000,6.000000,0.000000,0.000000,0.049696,0.000106,0.000569,0.044009,0.000000,0.000000,0.104183,-0.000698,0.001824,0.096991,1.000000,-0.000159,-0.000779,-0.000000,0.000784,-0.002797,-0.000001,-0.063909,0.082204,0.164508,23.849157,23.849157,23.853199,0.506566,-0.116241,0.189702,0.089693,0.920244
1.350000,1,0,0,2.400000,9.810000,0.900000,30.000000,60.000000,6.000000,0.000000,0.000000,0.055067,0.000068,0.000664,0.049018,0.000000,0.000000,0.110681,-0.000839,0.001951,0.103367,1.000000,-0.000138,-0.000850,-0.000000,0.000932,-0.002917,-0.000001,-0.062868,0.077901,0.159340,23.853199,23.853199,23.856688,0.506640,-0.110328,0.180398,0.073251,0.919612
1.400000,1,0,0,2.400000,9.810000,0.900000,30.000000,60.000000,6.000000,0.000000,0.000000,0.060765,0.000023,0.000764,0.054347,0.000000,0.000000,0.117248,-0.000977,0.002058,0.109816,1.000000,-0.000113,-0.000925,-0.000000,0.001058,-0.003054,-0.000001,-0.032999,0.074472,0.124097,23.856688,23.856688,23.859635,0.506703,-0.035079,0.173358,-0.014813,0.918975
1.450000,1,0,0,2.400000,9.810000,0.900000,30.000000,60.000000,6.000000,0.000000,0.000000,0.066793,-0.000030,0.000869,0.060000,0.000000,0.000000,0.123874,-0.001109,0.002143,0.116325,0.999999,-0.000085,-0.001003,-0.000000,0.001159,-0.003210,-0.000001,-0.056021,0.068893,0.120030,23.859635,23.859635,23.862055,0.506754,-0.086591,0.161293,-0.027515,0.918336
1.500000,1,0,0,2.400000,9.810000,0.900000,30.000000,60.000000,6.000000,0.000000,0.000000,0.073153,-0.000088,0.000978,0.065980,0.000000,0.000000,0.130548,-0.001229,0.002201,0.122883,0.999999,-0.000055,-0.001085,-0.000000,0.001229,-0.003391,-0.000000,-0.044592,0.057892,0.139809,23.862055,23.862055,23.863963,0.506795,-0.055222,0.136317,0.017544,0.917699
1.550000,1,0,0,2.400000,9.810000,0.900000,30.000000,60.000000,6.000000,0.000000,0.000000,0.079849,-0.000152,0.001089,0.072289,0.000000,0.000000,0.137260,-0.001335,0.002228,0.129479,0.999999,-0.000024,-0.001173,-0.000000,0.001264,-0.003599,-0.000000,-0.026357,0.034183,0.129795,23.863963,23.863963,23.865376,0.506825,-0.007287,0.080907,-0.008390,0.917067
1.600000,1,0,0,2.400000,9.810000,0.900000,30.000000,60.000000,6.000000,0.000000,0.000000,0.086880,-0.000221,0.001200,0.078929,0.000000,0.000000,0.144000,-0.001422,0.002221,0.136100,0.999999,0.000008,-0.001266,0.000000,0.001262,-0.003839,0.000000,-0.019590,0.014099,0.144729,23.865376,23.865376,23.866309,0.506845,0.013393,0.034215,0.026049,0.916445
1.650000,1,0,0,2.400000,9.810000,0.900000,30.000000,60.000000,6.000000,0.000000,0.000000,0.094249,-0.000294,0.001310,0.085899,0.000000,0.000000,0.150757,-0.001487,0.002178,0.142736,0.999999,0.000039,-0.001365,0.000000,0.001221,-0.004113,0.000000,-0.010158,0.017642,0.155508,23.866309,23.866309,23.866783,0.506855,0.040772,0.044206,0.050999,0.915835
1.700000,1,0,0,2.400000,9.810000,0.900000,30.000000,60.000000,6.000000,0.000000,0.000000,0.101956,-0.000370,0.001417,0.093202,0.000000,0.000000,0.157522,-0.001525,0.002095,0.149375,0.999999,0.000069,-0.001472,0.000000,0.001138,-0.004425,0.000001,-0.019842,0.013712,0.151607,23.866783,23.866783,23.866815,0.506856,0.022622,0.036186,0.041179,0.915243
1.750000,1,0,0,2.400000,9.810000,0.900000,30.000000,60.000000,6.000000,0.000000,0.000000,0.110001,-0.000446,0.001519,0.100837,0.000000,0.000000,0.164285,-0.001533,0.001972,0.156008,0.999999,0.000096,-0.001587,0.000000,0.001015,-0.004777,0.000001,-0.015276,-0.006611,0.151063,23.866815,23.866815,23.866425,0.506847,0.039068,-0.011301,0.039856,0.914670
1.800000,1,0,0,2.400000,9.810000,0.900000,30.000000,60.000000,6.000000,0.000000,0.000000,0.118384,-0.000522,0.001614,0.108803,0.000000,0.000000,0.171037,-0.001508,0.001808,0.162625,0.999999,0.000119,-0.001711,0.000000,0.000852,-0.005170,0.000001,0.014716,0.021393,0.145703,23.866425,23.866425,23.865636,0.506831,0.116979,0.057026,0.027403,0.914121
1.850000,1,0,0,2.400000,9.810000,0.900000,30.000000,60.000000,6.000000,0.000000,0.000000,0.127104,-0.000596,0.001699,0.117099,0.000000,0.000000,0.177769,-0.001447,0.001602,0.169215,0.999998,0.000138,-0.001845,0.000000,0.000653,-0.005606,0.000002,-0.000824,0.022427,0.125284,23.865636,23.865636,23.864467,0.506806,0.086106,0.060408,-0.020791,0.913600
1.900000,1,0,0,2.400000,9.810000,0.900000,30.000000,60.000000,6.000000,0.000000,0.000000,0.136161,-0.000666,0.001773,0.125724,0.000000,0.000000,0.184472,-0.001346,0.001355,0.175771,0.999998,0.000151,-0.001991,0.000000,0.000419,-0.006084,0.000002,-0.017077,0.056733,0.113547,23.864467,23.864467,23.862942,0.506773,0.054064,0.143387,-0.047764,0.913110
1.950000,1,0,0,2.400000,9.810000,0.900000,30.000000,60.000000,6.000000,0.000000,0.000000,0.145551,-0.000730,0.001834,0.134675,0.000000,0.000000,0.191136,-0.001205,0.001069,0.182282,0.999998,0.000159,-0.002150,0.000000,0.000157,-0.006605,0.000002,-0.002153,0.051869,0.125233,23.862942,23.862942,23.861082,0.506734,0.097441,0.132057,-0.018160,0.912653
2.000000,1,0,0,2.400000,9.810000,0.900000,30.000000,60.000000,6.000000,0.000000,0.000000,0.155273,-0.000786,0.001880,0.143951,0.000000,0.000000,0.197754,-0.001022,0.000746,0.188740,0.999997,0.000159,-0.002322,0.000000,-0.000128,-0.007167,0.000002,-0.026690,0.003609,0.135388,23.861082,23.861082,23.858911,0.506688,0.046757,0.016254,0.008106,0.912233
2.050000,1,0,0,2.400000,9.810000,0.900000,30.000000,60.000000,6.000000,0.000000,0.000000,0.165325,-0.000832,0.001908,0.153548,0.000000,0.000000,0.204317,-0.000796,0.000390,0.195138,0.999997,0.000152,-0.002509,0.000000,-0.000429,-0.007768,0.000002,-0.021167,-0.020832,0.161672,23.858911,23.858911,23.856452,0.506635,0.068906,-0.042737,0.073403,0.911853
2.100000,1,0,0,2.400000,9.810000,0.900000,30.000000,60.000000,6.000000,0.000000,0.000000,0.175704,-0.000865,0.001918,0.163464,0.000000,0.000000,0.210817,-0.000526,0.000004,0.201468,0.999996,0.000138,-0.002711,0.000000,-0.000738,-0.008405,0.000002,-0.017490,-0.044230,0.136858,23.856452,23.856452,23.853726,0.506578,0.087360,-0.099588,0.016360,0.911516
2.150000,1,0,0,2.400000,9.810000,0.900000,30.000000,60.000000,6.000000,0.000000,0.000000,0.186406,-0.000884,0.001908,0.173694,0.000000,0.000000,0.217246,-0.000213,-0.000406,0.207723,0.999996,0.000115,-0.002929,0.000000,-0.001046,-0.009074,0.000002,0.022321,-0.011540,0.153601,23.853726,23.853726,23.850758,0.506515,0.193312,-0.022197,0.059325,0.911224
2.200000,1,0,0,2.400000,9.810000,0.900000,30.000000,60.000000,6.000000,0.000000,0.000000,0.197427,-0.000886,0.001877,0.184235,0.000000,0.000000,0.223596,0.000142,-0.000835,0.213897,0.999995,0.000085,-0.003165,0.000000,-0.001346,-0.009771,0.000002,-0.000448,-0.023952,0.133929,23.850758,23.850758,23.847569,0.506447,0.149881,-0.053414,0.015150,0.910979
2.250000,1,0,0,2.400000,9.810000,0.900000,30.000000,60.000000,6.000000,0.000000,0.000000,0.208764,-0.000869,0.001824,0.195082,0.000000,0.000000,0.229860,0.000537,-0.001276,0.219983,0.999994,0.000048,-0.003418,0.000000,-0.001626,-0.010490,0.000001,0.003486,-0.015287,0.134535,23.847569,23.847569,23.844181,0.506375,0.171381,-0.034393,0.019872,0.910783
2.300000,1,0,0,2.400000,9.810000,0.900000,30.000000,60.000000,6.000000,0.000000,0.000000,0.220412,-0.000831,0.001750,0.206231,0.000000,0.000000,0.236030,0.000968,-0.001723,0.225976,0.999993,0.000004,-0.003689,0.000000,-0.001878,-0.011227,0.000000,-0.009136,-0.015439,0.113247,23.844181,23.844181,23.840615,0.506299,0.154008,-0.036849,-0.027740,0.910639
2.350000,1,0,0,2.400000,9.810000,0.900000,30.000000,60.000000,6.000000,0.000000,0.000000,0.232365,-0.000771,0.001652,0.217678,0.000000,0.000000,0.242100,0.001434,-0.002167,0.231869,0.999992,-0.000045,-0.003979,-0.000000,-0.002092,-0.011973,-0.000001,-0.002410,-0.026050,0.096350,23.840615,23.840615,23.836891,0.506220,0.183952,-0.064687,-0.064619,0.910548
2.400000,1,0,0,2.400000,9.810000,0.900000,30.000000,60.000000,6.000000,0.000000,0.000000,0.244620,-0.000687,0.001533,0.229417,0.000000,0.000000,0.248062,0.001929,-0.002601,0.237660,0.999991,-0.000100,-0.004288,-0.000000,-0.002258,-0.012722,-0.000003,0.026521,-0.055141,0.094655,23.836891,23.836891,23.833026,0.506138,0.268071,-0.137101,-0.064841,0.910511
2.450000,1,0,0,2.400000,9.810000,0.900000,30.000000,60.000000,6.000000,0.000000,0.000000,0.257170,-0.000578,0.001392,0.241442,0.000000,0.000000,0.253911,0.002449,-0.003017,0.243342,0.999989,-0.000158,-0.004615,-0.000001,-0.002368,-0.013467,-0.000004,0.016536,-0.041120,0.062902,23.833026,23.833026,23.829040,0.506053,0.259680,-0.106212,-0.137045,0.910530
2.500000,1,0,0,2.400000,9.810000,0.900000,30.000000,60.000000,6.000000,0.000000,0.000000,0.270009,-0.000442,0.001232,0.253749,0.000000,0.000000,0.259638,0.002989,-0.003408,0.248913,0.999988,-0.000218,-0.004961,-0.000001,-0.002414,-0.014200,-0.000006,-0.004298,-0.053378,0.084818,23.829040,23.829040,23.824947,0.505966,0.226124,-0.138487,-0.080303,0.910605
2.550000,1,0,0,2.400000,9.810000,0.900000,30.000000,60.000000,6.000000,0.000000,0.000000,0.283131,-0.000279,0.001052,0.266332,0.000000,0.000000,0.265238,0.003542,-0.003764,0.254367,0.999986,-0.000278,-0.005325,-0.000001,-0.002389,-0.014913,-0.000008,-0.018347,-0.032027,0.104657,23.824947,23.824947,23.820761,0.505878,0.209707,-0.090111,-0.028416,0.910736
2.600000,1,0,0,2.400000,9.810000,0.900000,30.000000,60.000000,6.000000,0.000000,0.000000,0.296531,-0.000088,0.000856,0.279184,0.000000,0.000000,0.270705,0.004102,-0.004078,0.259702,0.999984,-0.000337,-0.005707,-0.000002,-0.002286,-0.015597,-0.000010,0.005823,-0.054671,0.139428,23.820761,23.820761,23.816494,0.505787,0.285842,-0.147246,0.059422,0.910925
2.650000,1,0,0,2.400000,9.810000,0.900000,30.000000,60.000000,6.000000,0.000000,0.000000,0.310200,0.000131,0.000645,0.292300,0.000000,0.000000,0.276034,0.004663,-0.004344,0.264915,0.999981,-0.000392,-0.006105,-0.000002,-0.002102,-0.016245,-0.000013,-0.032110,-0.029319,0.115220,23.816494,23.816494,23.812157,0.505695,0.213716,-0.089019,0.005815,0.911172
2.700000,1,0,0,2.400000,9.810000,0.900000,30.000000,60.000000,6.000000,0.000000,0.000000,0.324132,0.000378,0.000423,0.305673,0.000000,0.000000,0.281217,0.005216,-0.004554,0.270002,0.999979,-0.000441,-0.006518,-0.000003,-0.001833,-0.016849,-0.000015,-0.035704,-0.029389,0.153042,23.812157,23.812157,23.807757,0.505601,0.224742,-0.091535,0.101177,0.911475
2.750000,1,0,0,2.400000,9.810000,0.900000,30.000000,60.000000,6.000000,0.000000,0.000000,0.338319,0.000653,0.000191,0.319298,0.000000,0.000000,0.286251,0.005755,-0.004701,0.274961,0.999976,-0.000483,-0.006947,-0.000003,-0.001478,-0.017401,-0.000017,-0.000630,0.007220,0.153575,23.807757,23.807757,23.803300,0.505507,0.329251,-0.005650,0.107131,0.911834
2.800000,1,0,0,2.400000,9.810000,0.900000,30.000000,60.000000,6.000000,0.000000,0.000000,0.352754,0.000953,-0.000046,0.333167,0.000000,0.000000,0.291129,0.006272,-0.004782,0.279789,0.999973,-0.000514,-0.007388,-0.000004,-0.001038,-0.017894,-0.000018,-0.018455,-0.030682,0.177141,23.803300,23.803300,23.798788,0.505411,0.307416,-0.098115,0.168450,0.912250
2.850000,1,0,0,2.400000,9.810000,0.900000,30.000000,60.000000,6.000000,0.000000,0.000000,0.367429,0.001279,-0.000286,0.347274,0.000000,0.000000,0.295847,0.006758,-0.004792,0.284484,0.999969,-0.000534,-0.007841,-0.000004,-0.000513,-0.018322,-0.000020,0.032020,-0.015084,0.134393,23.798788,23.798788,23.794224,0.505314,0.450042,-0.061607,0.070695,0.912719
2.900000,1,0,0,2.400000,9.810000,0.900000,30.000000,60.000000,6.000000,0.000000,0.000000,0.382336,0.001629,-0.000524,0.361613,0.000000,0.000000,0.300399,0.007207,-0.004727,0.289043,0.999965,-0.000539,-0.008303,-0.000004,0.000090,-0.018678,-0.000020,0.034729,0.023329,0.118806,23.794224,23.794224,23.789605,0.505216,0.478487,0.030330,0.038207,0.913243
2.950000,1,0,0,2.400000,9.810000,0.900000,30.000000,60.000000,6.000000,0.000000,0.000000,0.397466,0.001999,-0.000758,0.376176,0.000000,0.000000,0.304782,0.007611,-0.004586,0.293465,0.999961,-0.000529,-0.008774,-0.000005,0.000767,-0.018959,-0.000020,0.050922,0.025691,0.101800,23.789605,23.789605,23.784928,0.505117,0.539661,0.036508,0.002391,0.913818
3.000000,1,0,0,2.400000,9.810000,0.900000,30.000000,60.000000,6.000000,0.000000,0.000000,0.412811,0.002389,-0.000982,0.390957,0.000000,0.000000,0.308990,0.007963,-0.004369,0.297746,0.999957,-0.000500,-0.009251,-0.000005,0.001510,-0.019159,-0.000019,0.049268,0.058503,0.106265,23.784928,23.784928,23.780189,0.505016,0.558280,0.116608,0.018190,0.914443
3.050000,1,0,0,2.400000,9.810000,0.900000,30.000000,60.000000,6.000000,0.000000,0.000000,0.428362,0.002795,-0.001193,0.405949,0.000000,0.000000,0.313020,0.008256,-0.004075,0.301885,0.999953,-0.000453,-0.009731,-0.000004,0.002309,-0.019276,-0.000017,0.027430,0.035189,0.101483,23.780189,23.780189,23.775377,0.504914,0.528634,0.062925,0.011883,0.915116
3.100000,1,0,0,2.400000,9.810000,0.900000,30.000000,60.000000,6.000000,0.000000,0.000000,0.444110,0.003213,-0.001388,0.421143,0.000000,0.000000,0.316868,0.008483,-0.003709,0.305880,0.999948,-0.000384,-0.010214,-0.000004,0.003153,-0.019308,-0.000015,0.013620,0.069069,0.088291,23.775377,23.775377,23.770486,0.504810,0.518336,0.147485,-0.014512,0.915834
3.150000,1,0,0,2.400000,9.810000,0.900000,30.000000,60.000000,6.000000,0.000000,0.000000,0.460046,0.003642,-0.001563,0.436534,0.000000,0.000000,0.320529,0.008641,-0.003273,0.309728,0.999943,-0.000295,-0.010696,-0.000003,0.004029,-0.019254,-0.000011,-0.005073,0.064938,0.072613,23.770486,23.770486,23.765502,0.504704,0.496292,0.141839,-0.046770,0.916596
3.200000,1,0,0,2.400000,9.810000,0.900000,30.000000,60.000000,6.000000,0.000000,0.000000,0.476160,0.004076,-0.001714,0.452114,0.000000,0.000000,0.324000,0.008722,-0.002772,0.313427,0.999938,-0.000183,-0.011176,-0.000002,0.004923,-0.019115,-0.000007,0.010376,0.018188,0.061406,23.765502,23.765502,23.760413,0.504596,0.556063,0.034958,-0.068189,0.917398
3.250000,1,0,0,2.400000,9.810000,0.900000,30.000000,60.000000,6.000000,0.000000,0.000000,0.492443,0.004513,-0.001839,0.467874,0.000000,0.000000,0.327278,0.008725,-0.002215,0.316973,0.999932,-0.000049,-0.011651,-0.000001,0.005821,-0.018892,-0.000002,-0.019418,0.016157,0.028234,23.760413,23.760413,23.755205,0.504485,0.507022,0.036469,-0.142200,0.918238
3.300000,1,0,0,2.400000,9.810000,0.900000,30.000000,60.000000,6.000000,0.000000,0.000000,0.508885,0.004947,-0.001935,0.483809,0.000000,0.000000,0.330359,0.008644,-0.001607,0.320365,0.999927,0.000108,-0.012120,0.000001,0.006707,-0.018588,0.000004,0.018817,0.035612,0.044257,23.755205,23.755205,23.749863,0.504372,0.620925,0.090603,-0.098008,0.919112
3.350000,1,0,0,2.400000,9.810000,0.900000,30.000000,60.000000,6.000000,0.000000,0.000000,0.525475,0.005376,-0.001999,0.499908,0.000000,0.000000,0.333241,0.008480,-0.000960,0.323600,0.999921,0.000287,-0.012580,0.000004,0.007564,-0.018208,0.000010,-0.003803,0.014025,0.020518,23.749863,23.749863,23.744371,0.504255,0.588356,0.047269,-0.149099,0.920018
3.400000,1,0,0,2.400000,9.810000,0.900000,30.000000,60.000000,6.000000,0.000000,0.000000,0.542205,0.005794,-0.002030,0.516166,0.000000,0.000000,0.335920,0.008230,-0.000284,0.326674,0.999915,0.000486,-0.013029,0.000006,0.008376,-0.017756,0.000017,0.009399,0.038967,0.010180,23.744371,23.744371,23.738713,0.504135,0.641251,0.116594,-0.167866,0.920952
3.450000,1,0,0,2.400000,9.810000,0.900000,30.000000,60.000000,6.000000,0.000000,0.000000,0.559064,0.006197,-0.002027,0.532573,0.000000,0.000000,0.338395,0.007895,0.000409,0.329584,0.999909,0.000705,-0.013467,0.000009,0.009126,-0.017239,0.000024,-0.021748,0.010915,0.021653,23.738713,23.738713,23.732870,0.504011,0.587117,0.059658,-0.134112,0.921910
3.500000,1,0,0,2.400000,9.810000,0.900000,30.000000,60.000000,6.000000,0.000000,0.000000,0.576041,0.006582,-0.001989,0.549121,0.000000,0.000000,0.340662,0.007477,0.001107,0.332326,0.999903,0.000941,-0.013891,0.000013,0.009799,-0.016665,0.000031,-0.032735,0.040128,0.023204,23.732870,23.732870,23.726827,0.503883,0.580704,0.140998,-0.123980,0.922889
3.550000,1,0,0,2.400000,9.810000,0.900000,30.000000,60.000000,6.000000,0.000000,0.000000,0.593127,0.006944,-0.001917,0.565803,0.000000,0.000000,0.342720,0.006977,0.001796,0.334897,0.999897,0.001194,-0.014300,0.000017,0.010379,-0.016043,0.000038,-0.055041,0.015117,0.044203,23.726827,23.726827,23.720566,0.503750,0.546400,0.092939,-0.066969,0.923885
3.600000,1,0,0,2.400000,9.810000,0.900000,30.000000,60.000000,6.000000,0.000000,0.000000,0.610310,0.007278,-0.001810,0.582608,0.000000,0.000000,0.344566,0.006399,0.002463,0.337293,0.999891,0.001459,-0.014692,0.000021,0.010851,-0.015382,0.000045,-0.065905,0.021449,0.034686,23.720566,23.720566,23.714072,0.503612,0.538777,0.120722,-0.082978,0.924895
3.650000,1,0,0,2.400000,9.810000,0.900000,30.000000,60.000000,6.000000,0.000000,0.000000,0.627580,0.007582,-0.001671,0.599529,0.000000,0.000000,0.346200,0.005750,0.003092,0.339510,0.999885,0.001735,-0.015068,0.000026,0.011203,-0.014692,0.000051,-0.072199,-0.022828,0.023563,23.714072,23.714072,23.707328,0.503469,0.541304,0.027524,-0.102608,0.925915
3.700000,1,0,0,2.400000,9.810000,0.900000,30.000000,60.000000,6.000000,0.000000,0.000000,0.644926,0.007852,-0.001502,0.616556,0.000000,0.000000,0.347619,0.005034,0.003669,0.341544,0.999879,0.002018,-0.015427,0.000031,0.011423,-0.013985,0.000056,-0.042023,-0.020433,0.014711,23.707328,23.707328,23.700321,0.503320,0.630510,0.046673,-0.116544,0.926940
3.750000,1,0,0,2.400000,9.810000,0.900000,30.000000,60.000000,6.000000,0.000000,0.000000,0.662338,0.008085,-0.001305,0.633680,0.000000,0.000000,0.348821,0.004258,0.004179,0.343390,0.999873,0.002305,-0.015767,0.000036,0.011502,-0.013272,0.000061,-0.062798,-0.011987,-0.003331,23.700321,23.700321,23.693037,0.503165,0.596574,0.080513,-0.152280,0.927968
3.800000,1,0,0,2.400000,9.810000,0.900000,30.000000,60.000000,6.000000,0.000000,0.000000,0.679805,0.008277,-0.001085,0.650892,0.000000,0.000000,0.349807,0.003432,0.004609,0.345043,0.999867,0.002592,-0.016090,0.000042,0.011431,-0.012565,0.000065,-0.061037,-0.024969,0.025907,23.693037,23.693037,23.685464,0.503004,0.615865,0.062919,-0.074274,0.928993
3.850000,1,0,0,2.400000,9.810000,0.900000,30.000000,60.000000,6.000000,0.000000,0.000000,0.697315,0.008427,-0.000846,0.668181,0.000000,0.000000,0.350574,0.002565,0.004944,0.346499,0.999861,0.002875,-0.016396,0.000047,0.011206,-0.011876,0.000068,-0.026596,0.003449,-0.015871,23.685464,23.685464,23.677592,0.502837,0.712739,0.144503,-0.166429,0.930013
3.900000,1,0,0,2.400000,9.810000,0.900000,30.000000,60.000000,6.000000,0.000000,0.000000,0.714858,0.008533,-0.000593,0.685538,0.000000,0.000000,0.351123,0.001666,0.005172,0.347753,0.999856,0.003151,-0.016684,0.000053,0.010823,-0.011217,0.000071,0.009894,-0.014780,-0.025636,23.677592,23.677592,23.669414,0.502663,0.813713,0.113763,-0.181466,0.931024
3.950000,1,0,0,2.400000,9.810000,0.900000,30.000000,60.000000,6.000000,0.000000,0.000000,0.732424,0.008594,-0.000331,0.702953,0.000000,0.000000,0.351453,0.000747,0.005281,0.348800,0.999850,0.003415,-0.016957,0.000058,0.010283,-0.010600,0.000072,-0.001453,-0.041233,-0.018693,23.669414,23.669414,23.660925,0.502483,0.799102,0.062731,-0.156114,0.932022
4.000000,1,0,0,2.400000,9.810000,0.900000,30.000000,60.000000,6.000000,0.000000,0.000000,0.750000,0.008608,-0.000067,0.720415,0.000000,0.000000,0.351563,-0.000181,0.005259,0.349635,0.999845,0.003664,-0.017215,0.000063,0.009587,-0.010037,0.000074,-0.006510,-0.053564,-0.005424,23.660925,23.660925,23.652121,0.502296,0.798869,0.044846,-0.115285,0.933003
4.050000,1,0,0,2.400000,9.810000,0.900000,30.000000,60.000000,6.000000,0.000000,0.000000,0.767576,0.008576,0.000193,0.737913,0.000000,0.000000,0.351453,-0.001104,0.005099,0.350254,0.999840,0.003893,-0.017459,0.000068,0.008740,-0.009540,0.000074,0.000710,-0.018095,-0.016084,23.652121,23.652121,23.643002,0.502102,0.827452,0.140757,-0.131586,0.933964
4.100000,1,0,0,2.400000,9.810000,0.900000,30.000000,60.000000,6.000000,0.000000,0.000000,0.785142,0.008498,0.000441,0.755437,0.000000,0.000000,0.351123,-0.002011,0.004792,0.350651,0.999835,0.004099,-0.017692,0.000073,0.007750,-0.009117,0.000075,0.003300,-0.029105,-0.019338,23.643002,23.643002,23.633571,0.501902,0.844360,0.124022,-0.129817,0.934901
4.150000,1,0,0,2.400000,9.810000,0.900000,30.000000,60.000000,6.000000,0.000000,0.000000,0.802685,0.008375,0.000669,0.772974,0.000000,0.000000,0.350574,-0.002889,0.004333,0.350823,0.999830,0.004279,-0.017916,0.000077,0.006627,-0.008781,0.000075,-0.058480,-0.038656,-0.009902,23.633571,23.633571,23.623835,0.501695,0.706311,0.109530,-0.097300,0.935812
4.200000,1,0,0,2.400000,9.810000,0.900000,30.000000,60.000000,6.000000,0.000000,0.000000,0.820195,0.008209,0.000871,0.790515,0.000000,0.000000,0.349807,-0.003724,0.003718,0.350764,0.999826,0.004430,-0.018132,0.000080,0.005383,-0.008538,0.000076,-0.069918,-0.060543,0.034216,23.623835,23.623835,23.613803,0.501482,0.688722,0.064023,0.018744,0.936693
4.250000,1,0,0,2.400000,9.810000,0.900000,30.000000,60.000000,6.000000,0.000000,0.000000,0.837662,0.008004,0.001039,0.808047,0.000000,0.000000,0.348821,-0.004503,0.002945,0.350471,0.999821,0.004548,-0.018343,0.000083,0.004033,-0.008396,0.000076,-0.081676,-0.050661,0.038405,23.613803,23.613803,23.603487,0.501263,0.670117,0.093217,0.039237,0.937541
4.300000,1,0,0,2.400000,9.810000,0.900000,30.000000,60.000000,6.000000,0.000000,0.000000,0.855074,0.007760,0.001163,0.825558,0.000000,0.000000,0.347619,-0.005213,0.002015,0.349940,0.999817,0.004631,-0.018553,0.000086,0.002594,-0.008363,0.000077,-0.074076,-0.044586,0.018118,23.603487,23.603487,23.592904,0.501039,0.697848,0.111623,0.001257,0.938354
4.350000,1,0,0,2.400000,9.810000,0.900000,30.000000,60.000000,6.000000,0.000000,0.000000,0.872420,0.007484,0.001238,0.843037,0.000000,0.000000,0.346200,-0.005842,0.000931,0.349166,0.999813,0.004677,-0.018762,0.000088,0.001084,-0.008442,0.000079,-0.065201,-0.032892,-0.018834,23.592904,23.592904,23.582075,0.500809,0.728649,0.141765,-0.076463,0.939129
4.400000,1,0,0,2.400000,9.810000,0.900000,30.000000,60.000000,6.000000,0.000000,0.000000,0.889690,0.007178,0.001254,0.860471,0.000000,0.000000,0.344566,-0.006378,-0.000303,0.348147,0.999809,0.004684,-0.018976,0.000089,-0.000476,-0.008637,0.000081,-0.053720,-0.040577,-0.024644,23.582075,23.582075,23.571023,0.500574,0.765848,0.123583,-0.079203,0.939864
4.450000,1,0,0,2.400000,9.810000,0.900000,30.000000,60.000000,6.000000,0.000000,0.000000,0.906873,0.006847,0.001205,0.877848,0.000000,0.000000,0.342720,-0.006810,-0.001678,0.346881,0.999805,0.004653,-0.019195,0.000089,-0.002065,-0.008950,0.000083,-0.082749,-0.042901,-0.036206,23.571023,23.571023,23.559775,0.500335,0.706103,0.116406,-0.095528,0.940556
4.500000,1,0,0,2.400000,9.810000,0.900000,30.000000,60.000000,6.000000,0.000000,0.000000,0.923959,0.006499,0.001084,0.895155,0.000000,0.000000,0.340662,-0.007127,-0.003185,0.345363,0.999801,0.004581,-0.019424,0.000089,-0.003660,-0.009381,0.000086,-0.100797,-0.051428,-0.074748,23.559775,23.559775,23.548361,0.500093,0.673135,0.092464,-0.176403,0.941204
4.550000,1,0,0,2.400000,9.810000,0.900000,30.000000,60.000000,6.000000,0.000000,0.000000,0.940936,0.006137,0.000884,0.912380,0.000000,0.000000,0.338395,-0.007319,-0.004813,0.343594,0.999797,0.004470,-0.019665,0.000088,-0.005239,-0.009928,0.000089,-0.101114,-0.038562,-0.077214,23.548361,23.548361,23.536815,0.499847,0.683280,0.117997,-0.170521,0.941806
4.600000,1,0,0,2.400000,9.810000,0.900000,30.000000,60.000000,6.000000,0.000000,0.000000,0.957795,0.005769,0.000601,0.929510,0.000000,0.000000,0.335920,-0.007379,-0.006548,0.341572,0.999792,0.004319,-0.019921,0.000086,-0.006778,-0.010588,0.000091,-0.073458,0.003339,-0.065737,23.536815,23.536815,23.525172,0.499600,0.761256,0.211381,-0.131023,0.942361
4.650000,1,0,0,2.400000,9.810000,0.900000,30.000000,60.000000,6.000000,0.000000,0.000000,0.974525,0.005401,0.000228,0.946533,0.000000,0.000000,0.333241,-0.007299,-0.008372,0.339296,0.999788,0.004131,-0.020195,0.000083,-0.008255,-0.011357,0.000094,-0.068986,-0.037038,-0.094205,23.525172,23.525172,23.513472,0.499352,0.784413,0.105528,-0.187271,0.942868
4.700000,1,0,0,2.400000,9.810000,0.900000,30.000000,60.000000,6.000000,0.000000,0.000000,0.991115,0.005041,-0.000238,0.963435,0.000000,0.000000,0.330359,-0.007074,-0.010270,0.336766,0.999782,0.003907,-0.020490,0.000080,-0.009648,-0.012226,0.000096,-0.049150,-0.048897,-0.108029,23.513472,23.513472,23.501756,0.499103,0.845392,0.066436,-0.208279,0.943326
4.750000,1,0,0,2.400000,9.810000,0.900000,30.000000,60.000000,6.000000,0.000000,0.000000,1.007557,0.004696,-0.000800,0.980205,0.000000,0.000000,0.327278,-0.006699,-0.012221,0.333983,0.999777,0.003650,-0.020807,0.000076,-0.010934,-0.013189,0.000096,-0.041767,-0.016545,-0.106458,23.501756,23.501756,23.490065,0.498855,0.877546,0.131884,-0.192279,0.943734
4.800000,1,0,0,2.400000,9.810000,0.900000,30.000000,60.000000,6.000000,0.000000,0.000000,1.023840,0.004374,-0.001460,0.996829,0.000000,0.000000,0.324000,-0.006172,-0.014206,0.330949,0.999771,0.003362,-0.021150,0.000071,-0.012096,-0.014234,0.000096,-0.068270,-0.035403,-0.098851,23.490065,23.490065,23.478444,0.498608,0.829538,0.073004,-0.161762,0.944092
4.850000,1,0,0,2.400000,9.810000,0.900000,30.000000,60.000000,6.000000,0.000000,0.000000,1.039954,0.004082,-0.002221,1.013296,0.000000,0.000000,0.320529,-0.005493,-0.016202,0.327666,0.999764,0.003046,-0.021520,0.000066,-0.013114,-0.015351,0.000094,-0.063282,-0.038972,-0.115280,23.478444,23.478444,23.466936,0.498363,0.858366,0.049547,-0.188935,0.944400
4.900000,1,0,0,2.400000,9.810000,0.900000,30.000000,60.000000,6.000000,0.000000,0.000000,1.055890,0.003827,-0.003080,1.029592,0.000000,0.000000,0.316868,-0.004661,-0.018188,0.324136,0.999756,0.002708,-0.021918,0.000059,-0.013972,-0.016526,0.000090,-0.045194,-0.046137,-0.123937,23.466936,23.466936,23.455587,0.498122,0.919965,0.016376,-0.197495,0.944658
4.950000,1,0,0,2.400000,9.810000,0.900000,30.000000,60.000000,6.000000,0.000000,0.000000,1.071638,0.003618,-0.004039,1.045705,0.000000,0.000000,0.313020,-0.003679,-0.020139,0.320364,0.999748,0.002349,-0.022346,0.000053,-0.014657,-0.017746,0.000083,-0.037763,-0.017740,-0.107784,23.455587,23.455587,23.444439,0.497886,0.957379,0.067662,-0.146583,0.944868
5.000000,1,0,0,2.400000,9.810000,0.900000,30.000000,60.000000,6.000000,0.000000,0.000000,1.087189,0.003462,-0.005093,1.061624,0.000000,0.000000,0.308990,-0.002552,-0.022033,0.316353,0.999738,0.001976,-0.022805,0.000045,-0.015159,-0.018995,0.000075,-0.002165,-0.021426,-0.109962,23.444439,23.444439,23.433538,0.497654,1.063830,0.041269,-0.139779,0.945029
5.050000,1,0,0,2.400000,9.810000,0.900000,30.000000,60.000000,6.000000,0.000000,0.000000,1.102534,0.003365,-0.006241,1.077337,0.000000,0.000000,0.304782,-0.001285,-0.023847,0.312110,0.999727,0.001593,-0.023296,0.000037,-0.015468,-0.020258,0.000065,-0.015705,-0.054906,-0.088809,23.433538,23.433538,23.422924,0.497429,1.053812,-0.057088,-0.077127,0.945142
5.100000,1,0,0,2.400000,9.810000,0.900000,30.000000,60.000000,6.000000,0.000000,0.000000,1.117664,0.003336,-0.007476,1.092832,0.000000,0.000000,0.300399,0.000114,-0.025559,0.307640,0.999716,0.001205,-0.023818,0.000029,-0.015581,-0.021517,0.000052,-0.013134,-0.042147,-0.085255,23.422924,23.422924,23.412637,0.497210,1.083928,-0.044700,-0.056893,0.945210
5.150000,1,0,0,2.400000,9.810000,0.900000,30.000000,60.000000,6.000000,0.000000,0.000000,1.132571,0.003379,-0.008794,1.108097,0.000000,0.000000,0.295847,0.001636,-0.027145,0.302950,0.999703,0.000816,-0.024371,0.000020,-0.015496,-0.022755,0.000037,-0.006031,-0.039307,-0.096022,23.412637,23.412637,23.402716,0.497000,1.126371,-0.056118,-0.071246,0.945233
5.200000,1,0,0,2.400000,9.810000,0.900000,30.000000,60.000000,6.000000,0.000000,0.000000,1.147246,0.003501,-0.010188,1.123123,0.000000,0.000000,0.291129,0.003269,-0.028586,0.298047,0.999688,0.000432,-0.024955,0.000011,-0.015213,-0.023955,0.000021,-0.006588,-0.011674,-0.112680,23.402716,23.402716,23.393194,0.496797,1.151853,-0.007802,-0.099990,0.945213
5.250000,1,0,0,2.400000,9.810000,0.900000,30.000000,60.000000,6.000000,0.000000,0.000000,1.161681,0.003707,-0.011650,1.137898,0.000000,0.000000,0.286251,0.005002,-0.029861,0.292940,0.999673,0.000057,-0.025568,0.000001,-0.014739,-0.025099,0.000003,-0.009466,-0.026719,-0.131631,23.393194,23.393194,23.384105,0.496604,1.173129,-0.061454,-0.134523,0.945153
5.300000,1,0,0,2.400000,9.810000,0.900000,30.000000,60.000000,6.000000,0.000000,0.000000,1.175868,0.004003,-0.013171,1.152414,0.000000,0.000000,0.281217,0.006821,-0.030954,0.287637,0.999656,-0.000303,-0.026209,-0.000008,-0.014080,-0.026170,-0.000016,0.032260,-0.011858,-0.118053,23.384105,23.384105,23.375477,0.496421,1.302748,-0.042653,-0.091302,0.945054
5.350000,1,0,0,2.400000,9.810000,0.900000,30.000000,60.000000,6.000000,0.000000,0.000000,1.189800,0.004391,-0.014742,1.166659,0.000000,0.000000,0.276034,0.008711,-0.031847,0.282148,0.999639,-0.000645,-0.026875,-0.000017,-0.013248,-0.027151,-0.000035,0.059847,-0.019263,-0.140289,23.375477,23.375477,23.367334,0.496248,1.399629,-0.076406,-0.134384,0.944919
5.400000,1,0,0,2.400000,9.810000,0.900000,30.000000,60.000000,6.000000,0.000000,0.000000,1.203469,0.004875,-0.016353,1.180626,0.000000,0.000000,0.270705,0.010656,-0.032527,0.276484,0.999620,-0.000964,-0.027565,-0.000027,-0.012258,-0.028025,-0.000054,0.043353,-0.039916,-0.109462,23.367334,23.367334,23.359699,0.496086,1.391802,-0.140877,-0.050490,0.944751
5.450000,1,0,0,2.400000,9.810000,0.900000,30.000000,60.000000,6.000000,0.000000,0.000000,1.216869,0.005457,-0.017991,1.194305,0.000000,0.000000,0.265238,0.012639,-0.032982,0.270654,0.999599,-0.001257,-0.028275,-0.000036,-0.011126,-0.028778,-0.000072,0.055641,-0.033400,-0.118067,23.359699,23.359699,23.352587,0.495935,1.454004,-0.138892,-0.061634,0.944553
5.500000,1,0,0,2.400000,9.810000,0.900000,30.000000,60.000000,6.000000,0.000000,0.000000,1.229991,0.006139,-0.019647,1.207688,0.000000,0.000000,0.259638,0.014643,-0.033205,0.264670,0.999578,-0.001519,-0.029002,-0.000044,-0.009871,-0.029393,-0.000089,0.066380,-0.019187,-0.156444,23.352587,23.352587,23.346012,0.495795,1.513292,-0.117033,-0.144659,0.944327
5.550000,1,0,0,2.400000,9.810000,0.900000,30.000000,60.000000,6.000000,0.000000,0.000000,1.242830,0.006921,-0.021308,1.220769,0.000000,0.000000,0.253911,0.016648,-0.033187,0.258543,0.999556,-0.001749,-0.029743,-0.000052,-0.008516,-0.029860,-0.000105,0.072506,-0.011662,-0.183994,23.346012,23.346012,23.339983,0.495667,1.562149,-0.109694,-0.202148,0.944076
5.600000,1,0,0,2.400000,9.810000,0.900000,30.000000,60.000000,6.000000,0.000000,0.000000,1.255380,0.007804,-0.022962,1.233541,0.000000,0.000000,0.248063,0.018637,-0.032927,0.252285,0.999533,-0.001944,-0.030493,-0.000059,-0.007083,-0.030165,-0.000117,0.041942,0.025501,-0.187917,23.339983,23.339983,23.334505,0.495551,1.523414,-0.029591,-0.203404,0.943805
5.650000,1,0,0,2.400000,9.810000,0.900000,30.000000,60.000000,6.000000,0.000000,0.000000,1.267635,0.008784,-0.024596,1.245996,0.000000,0.000000,0.242100,0.020591,-0.032424,0.245910,0.999509,-0.002103,-0.031249,-0.000066,-0.005598,-0.030300,-0.000127,0.015294,0.037298,-0.183668,23.334505,23.334505,23.329577,0.495446,1.494346,-0.008657,-0.185528,0.943516
5.700000,1,0,0,2.400000,9.810000,0.900000,30.000000,60.000000,6.000000,0.000000,0.000000,1.279588,0.009862,-0.026200,1.258130,0.000000,0.000000,0.236030,0.022490,-0.031680,0.239428,0.999485,-0.002224,-0.032006,-0.000071,-0.004086,-0.030256,-0.000135,0.025517,0.055658,-0.194160,23.329577,23.329577,23.325198,0.495353,1.553837,0.029778,-0.203533,0.943212
5.750000,1,0,0,2.400000,9.810000,0.900000,30.000000,60.000000,6.000000,0.000000,0.000000,1.291236,0.011032,-0.027761,1.269937,0.000000,0.000000,0.229860,0.024317,-0.030701,0.232853,0.999461,-0.002307,-0.032760,-0.000076,-0.002574,-0.030026,-0.000139,0.012425,0.042969,-0.209897,23.325198,23.325198,23.321358,0.495272,1.557232,-0.004540,-0.234637,0.942898
5.800000,1,0,0,2.400000,9.810000,0.900000,30.000000,60.000000,6.000000,0.000000,0.000000,1.302573,0.012292,-0.029266,1.281414,0.000000,0.000000,0.223596,0.026052,-0.029495,0.226199,0.999436,-0.002352,-0.033505,-0.000079,-0.001088,-0.029607,-0.000139,0.029870,0.025935,-0.190516,23.321358,23.321358,23.318048,0.495201,1.633557,-0.047535,-0.181978,0.942578
5.850000,1,0,0,2.400000,9.810000,0.900000,30.000000,60.000000,6.000000,0.000000,0.000000,1.313594,0.013636,-0.030706,1.292556,0.000000,0.000000,0.217246,0.027680,-0.028074,0.219477,0.999411,-0.002361,-0.034237,-0.000081,0.000345,-0.028997,-0.000137,0.025525,0.039501,-0.182446,23.318048,23.318048,23.315252,0.495142,1.657013,-0.015387,-0.156990,0.942253
5.900000,1,0,0,2.400000,9.810000,0.900000,30.000000,60.000000,6.000000,0.000000,0.000000,1.324296,0.015058,-0.032070,1.303361,0.000000,0.000000,0.210817,0.029182,-0.026452,0.212702,0.999386,-0.002336,-0.034952,-0.000082,0.001699,-0.028196,-0.000132,-0.012712,0.042482,-0.204337,23.315252,23.315252,23.312953,0.495093,1.598327,-0.007021,-0.204440,0.941929
5.950000,1,0,0,2.400000,9.810000,0.900000,30.000000,60.000000,6.000000,0.000000,0.000000,1.334675,0.016551,-0.033349,1.313825,0.000000,0.000000,0.204317,0.030543,-0.024645,0.205885,0.999362,-0.002277,-0.035645,-0.000081,0.002952,-0.027206,-0.000124,0.001174,0.051668,-0.196424,23.312953,23.312953,23.311129,0.495055,1.663722,0.017759,-0.180889,0.941609
6.000000,1,0,0,2.400000,9.810000,0.900000,30.000000,60.000000,6.000000,0.000000,0.000000,1.344727,0.018109,-0.034532,1.323949,0.000000,0.000000,0.197754,0.031749,-0.022673,0.199040,0.999338,-0.002189,-0.036310,-0.000080,0.004078,-0.026032,-0.000114,0.017742,0.024753,-0.203076,23.311129,23.311129,23.309758,0.495025,1.734319,-0.042720,-0.192819,0.941297
6.050000,1,0,0,2.400000,9.810000,0.900000,30.000000,60.000000,6.000000,0.000000,0.000000,1.354449,0.019724,-0.035614,1.333729,0.000000,0.000000,0.191136,0.032787,-0.020557,0.192180,0.999315,-0.002075,-0.036944,-0.000077,0.005059,-0.024680,-0.000102,0.036397,0.046621,-0.184214,23.309758,23.309758,23.308813,0.495005,1.808481,0.015111,-0.144041,0.940996
6.100000,1,0,0,2.400000,9.810000,0.900000,30.000000,60.000000,6.000000,0.000000,0.000000,1.363839,0.021385,-0.036586,1.343166,0.000000,0.000000,0.184472,0.033645,-0.018319,0.185316,0.999293,-0.001938,-0.037542,-0.000073,0.005876,-0.023159,-0.000090,0.040229,0.083342,-0.155179,23.308813,23.308813,23.308267,0.494994,1.845426,0.109634,-0.071365,0.940710
6.150000,1,0,0,2.400000,9.810000,0.900000,30.000000,60.000000,6.000000,0.000000,0.000000,1.372896,0.023085,-0.037444,1.352261,0.000000,0.000000,0.177769,0.034312,-0.015985,0.178463,0.999272,-0.001782,-0.038100,-0.000068,0.006512,-0.021481,-0.000077,0.024157,0.093649,-0.145315,23.308267,23.308267,23.308092,0.494990,1.832768,0.141610,-0.045205,0.940442
6.200000,1,0,0,2.400000,9.810000,0.900000,30.000000,60.000000,6.000000,0.000000,0.000000,1.381616,0.024813,-0.038183,1.361013,0.000000,0.000000,0.171037,0.034782,-0.013580,0.171630,0.999253,-0.001614,-0.038614,-0.000062,0.006956,-0.019657,-0.000063,0.016392,0.091942,-0.117432,23.308092,23.308092,23.308257,0.494994,1.838034,0.145381,0.023700,0.940196
6.250000,1,0,0,2.400000,9.810000,0.900000,30.000000,60.000000,6.000000,0.000000,0.000000,1.389999,0.026560,-0.038801,1.369424,0.000000,0.000000,0.164285,0.035048,-0.011132,0.164831,0.999235,-0.001436,-0.039081,-0.000056,0.007196,-0.017701,-0.000051,-0.000949,0.100313,-0.123201,23.308257,23.308257,23.308733,0.495004,1.818146,0.173736,0.011356,0.939975
6.300000,1,0,0,2.400000,9.810000,0.900000,30.000000,60.000000,6.000000,0.000000,0.000000,1.398044,0.028314,-0.039296,1.377497,0.000000,0.000000,0.157522,0.035105,-0.008667,0.158076,0.999219,-0.001256,-0.039498,-0.000050,0.007228,-0.015631,-0.000039,-0.028140,0.072213,-0.148689,23.308733,23.308733,23.309491,0.495020,1.772299,0.114722,-0.048787,0.939782
6.350000,1,0,0,2.400000,9.810000,0.900000,30.000000,60.000000,6.000000,0.000000,0.000000,1.405751,0.030067,-0.039668,1.385233,0.000000,0.000000,0.150757,0.034951,-0.006214,0.151376,0.999205,-0.001077,-0.039861,-0.000043,0.007048,-0.013462,-0.000029,-0.004552,0.058171,-0.106685,23.309491,23.309491,23.310501,0.495041,1.845879,0.089358,0.052594,0.939620
6.400000,1,0,0,2.400000,9.810000,0.900000,30.000000,60.000000,6.000000,0.000000,0.000000,1.413120,0.031806,-0.039918,1.392636,0.000000,0.000000,0.144000,0.034586,-0.003799,0.144742,0.999192,-0.000905,-0.040169,-0.000036,0.006656,-0.011213,-0.000020,0.000599,0.056035,-0.123628,23.310501,23.310501,23.311738,0.495067,1.872666,0.092237,0.012056,0.939493
6.450000,1,0,0,2.400000,9.810000,0.900000,30.000000,60.000000,6.000000,0.000000,0.000000,1.420151,0.033522,-0.040049,1.399708,0.000000,0.000000,0.137260,0.034011,-0.001451,0.138183,0.999182,-0.000746,-0.040421,-0.000030,0.006057,-0.008904,-0.000013,-0.025930,0.057573,-0.103015,23.311738,23.311738,23.313176,0.495098,1.820787,0.103356,0.061227,0.939402
6.500000,1,0,0,2.400000,9.810000,0.900000,30.000000,60.000000,6.000000,0.000000,0.000000,1.426847,0.035204,-0.040065,1.406455,0.000000,0.000000,0.130548,0.033231,0.000805,0.131711,0.999175,-0.000605,-0.040614,-0.000025,0.005257,-0.006555,-0.000008,-0.004221,0.076018,-0.081004,23.313176,23.313176,23.314793,0.495132,1.881990,0.154233,0.113341,0.939350
6.550000,1,0,0,2.400000,9.810000,0.900000,30.000000,60.000000,6.000000,0.000000,0.000000,1.433207,0.036842,-0.039970,1.412881,0.000000,0.000000,0.123874,0.032251,0.002943,0.125332,0.999169,-0.000485,-0.040748,-0.000020,0.004267,-0.004186,-0.000004,0.037306,0.079430,-0.118742,23.314793,23.314793,23.316571,0.495170,1.988025,0.167990,0.021662,0.939339
6.600000,1,0,0,2.400000,9.810000,0.900000,30.000000,60.000000,6.000000,0.000000,0.000000,1.439235,0.038426,-0.039773,1.418990,0.000000,0.000000,0.117248,0.031079,0.004940,0.119057,0.999166,-0.000393,-0.040823,-0.000016,0.003101,-0.001818,-0.000001,0.018943,0.111330,-0.150491,23.316571,23.316571,23.318494,0.495211,1.947587,0.248860,-0.056026,0.939372
6.650000,1,0,0,2.400000,9.810000,0.900000,30.000000,60.000000,6.000000,0.000000,0.000000,1.444933,0.039946,-0.039479,1.424789,0.000000,0.000000,0.110681,0.029725,0.006775,0.112894,0.999166,-0.000332,-0.040839,-0.000014,0.001774,0.000527,0.000000,-0.020698,0.113278,-0.125247,23.318494,23.318494,23.320552,0.495255,1.853352,0.256389,0.002701,0.939449
6.700000,1,0,0,2.400000,9.810000,0.900000,30.000000,60.000000,6.000000,0.000000,0.000000,1.450304,0.041395,-0.039098,1.430282,0.000000,0.000000,0.104183,0.028200,0.008426,0.106850,0.999167,-0.000305,-0.040797,-0.000012,0.000306,0.002830,0.000002,-0.048465,0.104002,-0.132854,23.320552,23.320552,23.322737,0.495301,1.784924,0.235350,-0.017767,0.939574
6.750000,1,0,0,2.400000,9.810000,0.900000,30.000000,60.000000,6.000000,0.000000,0.000000,1.455352,0.042764,-0.038640,1.435476,0.000000,0.000000,0.097767,0.026516,0.009877,0.100934,0.999171,-0.000317,-0.040698,-0.000013,-0.001282,0.005070,0.000003,-0.029045,0.059240,-0.150932,23.322737,23.322737,23.325049,0.495350,1.827112,0.127364,-0.063709,0.939747
6.800000,1,0,0,2.400000,9.810000,0.900000,30.000000,60.000000,6.000000,0.000000,0.000000,1.460082,0.044044,-0.038114,1.440377,0.000000,0.000000,0.091441,0.024690,0.011113,0.095152,0.999178,-0.000370,-0.040545,-0.000015,-0.002967,0.007227,0.000005,-0.065399,0.088616,-0.168335,23.325049,23.325049,23.327490,0.495402,1.732895,0.195395,-0.108361,0.939969
6.850000,1,0,0,2.400000,9.810000,0.900000,30.000000,60.000000,6.000000,0.000000,0.000000,1.464498,0.045231,-0.037532,1.444993,0.000000,0.000000,0.085220,0.022737,0.012122,0.089511,0.999186,-0.000466,-0.040338,-0.000019,-0.004725,0.009282,0.000009,-0.062302,0.081601,-0.154287,23.327490,23.327490,23.330068,0.495457,1.730920,0.174076,-0.077854,0.940240
6.900000,1,0,0,2.400000,9.810000,0.900000,30.000000,60.000000,6.000000,0.000000,0.000000,1.468606,0.046316,-0.036906,1.449331,0.000000,0.000000,0.079113,0.020674,0.012895,0.084018,0.999196,-0.000607,-0.040082,-0.000024,-0.006530,0.011219,0.000014,-0.024179,0.086203,-0.155042,23.330068,23.330068,23.332796,0.495515,1.810691,0.178557,-0.083190,0.940562
6.950000,1,0,0,2.400000,9.810000,0.900000,30.000000,60.000000,6.000000,0.000000,0.000000,1.472412,0.047296,-0.036247,1.453398,0.000000,0.000000,0.073133,0.018519,0.013425,0.078679,0.999208,-0.000793,-0.039779,-0.000032,-0.008355,0.013020,0.000021,-0.068967,0.083071,-0.111693,23.332796,23.332796,23.335691,0.495576,1.689309,0.162355,0.017013,0.940935
7.000000,1,0,0,2.400000,9.810000,0.900000,30.000000,60.000000,6.000000,0.000000,0.000000,1.475922,0.048167,-0.035568,1.457201,0.000000,0.000000,0.067291,0.016291,0.013709,0.073501,0.999222,-0.001024,-0.039433,-0.000040,-0.010174,0.014670,0.000030,-0.062050,0.087364,-0.131232,23.335691,23.335691,23.338777,0.495642,1.690020,0.161842,-0.034029,0.941359
7.050000,1,0,0,2.400000,9.810000,0.900000,30.000000,60.000000,6.000000,0.000000,0.000000,1.479143,0.048925,-0.034880,1.460750,0.000000,0.000000,0.061601,0.014010,0.013748,0.068490,0.999237,-0.001301,-0.039047,-0.000051,-0.011961,0.016158,0.000042,-0.043822,0.050454,-0.101867,23.338777,23.338777,23.342078,0.495712,1.716058,0.060333,0.031989,0.941832
7.100000,1,0,0,2.400000,9.810000,0.900000,30.000000,60.000000,6.000000,0.000000,0.000000,1.482084,0.049567,-0.034197,1.464053,0.000000,0.000000,0.056074,0.011697,0.013544,0.063651,0.999252,-0.001621,-0.038627,-0.000063,-0.013689,0.017470,0.000057,-0.028635,0.052002,-0.079790,23.342078,23.342078,23.345625,0.495787,1.733180,0.049065,0.080203,0.942356
7.150000,1,0,0,2.400000,9.810000,0.900000,30.000000,60.000000,6.000000,0.000000,0.000000,1.484754,0.050094,-0.033530,1.467119,0.000000,0.000000,0.050724,0.009371,0.013102,0.058991,0.999269,-0.001984,-0.038176,-0.000076,-0.015333,0.018598,0.000074,-0.018747,0.027890,-0.101229,23.345625,23.345625,23.349451,0.495868,1.736174,-0.025763,0.023657,0.942929
7.200000,1,0,0,2.400000,9.810000,0.900000,30.000000,60.000000,6.000000,0.000000,0.000000,1.487160,0.050505,-0.032890,1.469955,0.000000,0.000000,0.045562,0.007054,0.012433,0.054516,0.999286,-0.002386,-0.037699,-0.000090,-0.016869,0.019533,0.000093,0.001692,0.020743,-0.083239,23.349451,23.349451,23.353591,0.495956,1.763300,-0.061740,0.061411,0.943549
7.250000,1,0,0,2.400000,9.810000,0.900000,30.000000,60.000000,6.000000,0.000000,0.000000,1.489313,0.050800,-0.032290,1.472573,0.000000,0.000000,0.040603,0.004764,0.011548,0.050233,0.999304,-0.002826,-0.037201,-0.000105,-0.018277,0.020271,0.000115,-0.014060,0.021565,-0.050119,23.353591,23.353591,23.358085,0.496052,1.702605,-0.080322,0.135137,0.944217
7.300000,1,0,0,2.400000,9.810000,0.900000,30.000000,60.000000,6.000000,0.000000,0.000000,1.491224,0.050982,-0.031739,1.474982,0.000000,0.000000,0.035860,0.002523,0.010460,0.046147,0.999321,-0.003299,-0.036688,-0.000121,-0.019535,0.020807,0.000137,-0.013046,0.016096,-0.058123,23.358085,23.358085,23.362970,0.496155,1.681422,-0.115568,0.109809,0.944929
7.350000,1,0,0,2.400000,9.810000,0.900000,30.000000,60.000000,6.000000,0.000000,0.000000,1.492903,0.051053,-0.031247,1.477191,0.000000,0.000000,0.031345,0.000350,0.009187,0.042265,0.999339,-0.003801,-0.036163,-0.000138,-0.020626,0.021141,0.000161,0.006471,0.007591,-0.063997,23.362970,23.362970,23.368289,0.496268,1.704153,-0.159484,0.089218,0.945684
7.400000,1,0,0,2.400000,9.810000,0.900000,30.000000,60.000000,6.000000,0.000000,0.000000,1.494362,0.051018,-0.030823,1.479212,0.000000,0.000000,0.027073,-0.001738,0.007747,0.038594,0.999356,-0.004328,-0.035633,-0.000154,-0.021535,0.021272,0.000184,-0.011167,0.001684,-0.039473,23.368289,23.368289,23.374082,0.496391,1.637460,-0.198350,0.141194,0.946480
7.450000,1,0,0,2.400000,9.810000,0.900000,30.000000,60.000000,6.000000,0.000000,0.000000,1.495615,0.050881,-0.030475,1.481054,0.000000,0.000000,0.023057,-0.003722,0.006162,0.035142,0.999372,-0.004875,-0.035102,-0.000171,-0.022250,0.021205,0.000207,-0.042492,-0.007331,-0.020325,23.374082,23.374082,23.380392,0.496525,1.537896,-0.245640,0.179848,0.947315
7.500000,1,0,0,2.400000,9.810000,0.900000,30.000000,60.000000,6.000000,0.000000,0.000000,1.496673,0.050648,-0.030209,1.482730,0.000000,0.000000,0.019312,-0.005586,0.004453,0.031917,0.999387,-0.005438,-0.034575,-0.000188,-0.022763,0.020944,0.000228,-0.021284,-0.015615,0.012548,23.380392,23.380392,23.387260,0.496671,1.564622,-0.291914,0.251004,0.948186
7.550000,1,0,0,2.400000,9.810000,0.900000,30.000000,60.000000,6.000000,0.000000,0.000000,1.497551,0.050325,-0.030031,1.484250,0.000000,0.000000,0.015852,-0.007314,0.002644,0.028925,0.999402,-0.006011,-0.034057,-0.000205,-0.023066,0.020496,0.000247,-0.036970,-0.025517,0.013556,23.387260,23.387260,23.394727,0.496830,1.503240,-0.342567,0.245215,0.949091
7.600000,1,0,0,2.400000,9.810000,0.900000,30.000000,60.000000,6.000000,0.000000,0.000000,1.498263,0.049919,-0.029946,1.485627,0.000000,0.000000,0.012691,-0.008893,0.000760,0.026177,0.999415,-0.006589,-0.033552,-0.000221,-0.023157,0.019870,0.000262,-0.046313,-0.047645,-0.023590,23.394727,23.394727,23.402832,0.497002,1.457730,-0.422816,0.147361,0.950026
7.650000,1,0,0,2.400000,9.810000,0.900000,30.000000,60.000000,6.000000,0.000000,0.000000,1.498825,0.049439,-0.029956,1.486872,0.000000,0.000000,0.009845,-0.010310,-0.001175,0.023682,0.999427,-0.007167,-0.033065,-0.000237,-0.023037,0.019076,0.000274,-0.072212,-0.061387,-0.027603,23.402832,23.402832,23.411615,0.497189,1.373339,-0.482949,0.128497,0.950988
7.700000,1,0,0,2.400000,9.810000,0.900000,30.000000,60.000000,6.000000,0.000000,0.000000,1.499253,0.048891,-0.030064,1.487999,0.000000,0.000000,0.007328,-0.011554,-0.003134,0.021450,0.999439,-0.007739,-0.032599,-0.000252,-0.022710,0.018126,0.000281,-0.079206,-0.061157,-0.028399,23.411615,23.411615,23.421114,0.497390,1.335368,-0.509317,0.116792,0.951975
7.750000,1,0,0,2.400000,9.810000,0.900000,30.000000,60.000000,6.000000,0.000000,0.000000,1.499563,0.048286,-0.030269,1.489021,0.000000,0.000000,0.005155,-0.012616,-0.005091,0.019490,0.999448,-0.008300,-0.032160,-0.000267,-0.022182,0.017035,0.000283,-0.070374,-0.065296,-0.050672,23.421114,23.421114,23.431366,0.497608,1.336597,-0.545698,0.052946,0.952983
7.800000,1,0,0,2.400000,9.810000,0.900000,30.000000,60.000000,6.000000,0.000000,0.000000,1.499774,0.047633,-0.030572,1.489953,0.000000,0.000000,0.003342,-0.013489,-0.007023,0.017815,0.999457,-0.008846,-0.031749,-0.000281,-0.021463,0.015817,0.000280,-0.050028,-0.084556,-0.024578,23.431366,23.431366,23.442405,0.497842,1.366842,-0.617674,0.104552,0.954008
7.850000,1,0,0,2.400000,9.810000,0.900000,30.000000,60.000000,6.000000,0.000000,0.000000,1.499904,0.046940,-0.030971,1.490808,0.000000,0.000000,0.001904,-0.014167,-0.008902,0.016436,0.999464,-0.009371,-0.031370,-0.000294,-0.020565,0.014487,0.000272,-0.044374,-0.058605,-0.053609,23.442405,23.442405,23.454267,0.498094,1.363351,-0.580230,0.023188,0.955047
7.900000,1,0,0,2.400000,9.810000,0.900000,30.000000,60.000000,6.000000,0.000000,0.000000,1.499971,0.046219,-0.031461,1.491602,0.000000,0.000000,0.000857,-0.014645,-0.010707,0.015367,0.999470,-0.009873,-0.031025,-0.000306,-0.019504,0.013063,0.000258,-0.031539,-0.072960,-0.039514,23.454267,23.454267,23.466983,0.498364,1.378739,-0.638410,0.044624,0.956096
7.950000,1,0,0,2.400000,9.810000,0.900000,30.000000,60.000000,6.000000,0.000000,0.000000,1.499996,0.045479,-0.032040,1.492350,0.000000,0.000000,0.000217,-0.014922,-0.012414,0.014620,0.999475,-0.010345,-0.030717,-0.000318,-0.018296,0.011562,0.000239,0.017606,-0.069011,-0.029583,23.466983,23.466983,23.491511,0.498885,1.483020,-0.651368,0.055325,0.957151
8.000000,1,0,0,2.400000,9.810000,0.900000,30.000000,60.000000,6.000000,0.000000,0.000000,1.500000,0.044731,-0.032701,1.493069,0.000000,0.000000,0.000000,-0.014996,-0.014001,0.014215,0.999479,-0.010781,-0.030433,-0.000328,-0.012258,0.023558,0.000508,0.033627,-0.049228,-0.010162,23.491511,23.491511,23.496739,0.498996,1.509644,-0.624877,0.077077,0.958209
8.050000,1,0,0,2.400000,9.810000,0.900000,30.000000,60.000000,6.000000,0.000000,0.000000,1.500000,0.043983,-0.033438,1.493785,0.000000,0.000000,0.000000,-0.014876,-0.015445,0.014400,0.999480,-0.011202,-0.030228,-0.000339,-0.016362,0.006813,0.000153,0.018412,-0.036753,0.000453,23.496739,23.496739,23.490896,0.498872,1.463805,-0.614823,0.097185,0.959266
8.100000,1,0,0,2.400000,9.810000,0.900000,30.000000,60.000000,6.000000,0.000000,0.000000,1.500000,0.043246,-0.034242,1.494508,0.000000,0.000000,0.000000,-0.014571,-0.016722,0.014521,0.999480,-0.011593,-0.030078,-0.000349,-0.014935,0.005202,0.000121,0.015969,0.009133,0.016266,23.490896,23.490896,23.485191,0.498751,1.450520,-0.522949,0.140961,0.960317
8.150000,1,0,0,2.400000,9.810000,0.900000,30.000000,60.000000,6.000000,0.000000,0.000000,1.500000,0.042529,-0.035107,1.495236,0.000000,0.000000,0.000000,-0.014084,-0.017814,0.014571,0.999479,-0.011948,-0.029968,-0.000358,-0.013444,0.003598,0.000086,0.029816,-0.005636,0.023725,23.485191,23.485191,23.479642,0.498633,1.478229,-0.574925,0.164636,0.961359
8.200000,1,0,0,2.400000,9.810000,0.900000,30.000000,60.000000,6.000000,0.000000,0.000000,1.500000,0.041841,-0.036021,1.495964,0.000000,0.000000,0.000000,-0.013420,-0.018706,0.014550,0.999478,-0.012264,-0.029898,-0.000367,-0.011911,0.002018,0.000050,0.019496,0.001360,-0.019770,23.479642,23.479642,23.474268,0.498519,1.449821,-0.572882,0.065950,0.962389
8.250000,1,0,0,2.400000,9.810000,0.900000,30.000000,60.000000,6.000000,0.000000,0.000000,1.500000,0.041190,-0.036974,1.496690,0.000000,0.000000,0.000000,-0.012588,-0.019386,0.014458,0.999475,-0.012543,-0.029867,-0.000375,-0.010358,0.000477,0.000012,-0.001067,0.013581,0.007773,23.474268,23.474268,23.469087,0.498409,1.398671,-0.556484,0.137652,0.963402
8.300000,1,0,0,2.400000,9.810000,0.900000,30.000000,60.000000,6.000000,0.000000,0.000000,1.500000,0.040584,-0.037955,1.497409,0.000000,0.000000,0.000000,-0.011595,-0.019841,0.014295,0.999472,-0.012782,-0.029873,-0.000382,-0.008805,-0.001010,-0.000026,-0.019692,0.030313,0.000618,23.469087,23.469087,23.464118,0.498304,1.353963,-0.527438,0.125953,0.964395
8.350000,1,0,0,2.400000,9.810000,0.900000,30.000000,60.000000,6.000000,0.000000,0.000000,1.500000,0.040033,-0.038954,1.498118,0.000000,0.000000,0.000000,-0.010450,-0.020064,0.014062,0.999468,-0.012983,-0.029916,-0.000389,-0.007275,-0.002428,-0.000063,-0.020545,0.041599,-0.021374,23.464118,23.464118,23.459379,0.498203,1.353626,-0.509651,0.078495,0.965364
8.400000,1,0,0,2.400000,9.810000,0.900000,30.000000,60.000000,6.000000,0.000000,0.000000,1.500000,0.039542,-0.039958,1.498814,0.000000,0.000000,0.000000,-0.009165,-0.020049,0.013761,0.999464,-0.013146,-0.029994,-0.000395,-0.005787,-0.003762,-0.000099,-0.045139,0.043858,-0.014050,23.459379,23.459379,23.454889,0.498108,1.297939,-0.511757,0.101219,0.966305
8.450000,1,0,0,2.400000,9.810000,0.900000,30.000000,60.000000,6.000000,0.000000,0.000000,1.500000,0.039118,-0.040955,1.499493,0.000000,0.000000,0.000000,-0.007753,-0.019793,0.013395,0.999459,-0.013273,-0.030103,-0.000400,-0.004360,-0.004999,-0.000133,-0.024477,0.031697,-0.024597,23.454889,23.454889,23.450665,0.498018,1.352386,-0.546766,0.080854,0.967216
8.500000,1,0,0,2.400000,9.810000,0.900000,30.000000,60.000000,6.000000,0.000000,0.000000,1.500000,0.038768,-0.041933,1.500152,0.000000,0.000000,0.000000,-0.006226,-0.019295,0.012964,0.999453,-0.013364,-0.030243,-0.000404,-0.003014,-0.006128,-0.000164,-0.015544,0.039457,-0.006309,23.450665,23.450665,23.446724,0.497934,1.380087,-0.532342,0.129468,0.968093
8.550000,1,0,0,2.400000,9.810000,0.900000,30.000000,60.000000,6.000000,0.000000,0.000000,1.500000,0.038497,-0.042880,1.500788,0.000000,0.000000,0.000000,-0.004599,-0.018556,0.012473,0.999447,-0.013424,-0.030409,-0.000408,-0.001764,-0.007137,-0.000192,0.001595,0.037165,-0.000857,23.446724,23.446724,23.443083,0.497857,1.428752,-0.540528,0.147032,0.968933
8.600000,1,0,0,2.400000,9.810000,0.900000,30.000000,60.000000,6.000000,0.000000,0.000000,1.500000,0.038310,-0.043785,1.501399,0.000000,0.000000,0.000000,-0.002886,-0.017582,0.011925,0.999441,-0.013453,-0.030598,-0.000412,-0.000626,-0.008015,-0.000216,-0.003717,0.073138,0.005543,23.443083,23.443083,23.439757,0.497786,1.424655,-0.455484,0.166602,0.969734
8.650000,1,0,0,2.400000,9.810000,0.900000,30.000000,60.000000,6.000000,0.000000,0.000000,1.500000,0.038210,-0.044635,1.501980,0.000000,0.000000,0.000000,-0.001104,-0.016379,0.011323,0.999435,-0.013456,-0.030808,-0.000415,0.000386,-0.008755,-0.000236,-0.001131,0.076321,-0.012925,23.439757,23.439757,23.436758,0.497723,1.440481,-0.447882,0.126207,0.970491
8.700000,1,0,0,2.400000,9.810000,0.900000,30.000000,60.000000,6.000000,0.000000,0.000000,1.500000,0.038200,-0.045419,1.502530,0.000000,0.000000,0.000000,0.000730,-0.014957,0.010671,0.999428,-0.013435,-0.031035,-0.000417,0.001261,-0.009350,-0.000251,-0.007676,0.111402,-0.032388,23.436758,23.436758,23.434098,0.497666,1.435192,-0.362629,0.083118,0.971204
8.750000,1,0,0,2.400000,9.810000,0.900000,30.000000,60.000000,6.000000,0.000000,0.000000,1.500000,0.038284,-0.046127,1.503046,0.000000,0.000000,0.000000,0.002601,-0.013328,0.009974,0.999421,-0.013394,-0.031274,-0.000419,0.001991,-0.009792,-0.000263,0.010390,0.096634,-0.019093,23.434098,23.434098,23.431787,0.497617,1.489597,-0.396081,0.118329,0.971869
8.800000,1,0,0,2.400000,9.810000,0.900000,30.000000,60.000000,6.000000,0.000000,0.000000,1.500000,0.038461,-0.046749,1.503527,0.000000,0.000000,0.000000,0.004490,-0.011506,0.009237,0.999414,-0.013337,-0.031523,-0.000421,0.002567,-0.010079,-0.000269,0.019419,0.113826,-0.054823,23.431787,23.431787,23.429832,0.497575,1.522759,-0.352076,0.035542,0.972485
8.850000,1,0,0,2.400000,9.810000,0.900000,30.000000,60.000000,6.000000,0.000000,0.000000,1.500000,0.038733,-0.047275,1.503970,0.000000,0.000000,0.000000,0.006381,-0.009507,0.008465,0.999407,-0.013267,-0.031777,-0.000422,0.002987,-0.010206,-0.000271,0.006811,0.085094,-0.053995,23.429832,23.429832,23.428238,0.497542,1.504256,-0.417713,0.040145,0.973050
8.900000,1,0,0,2.400000,9.810000,0.900000,30.000000,60.000000,6.000000,0.000000,0.000000,1.500000,0.039099,-0.047697,1.504373,0.000000,0.000000,0.000000,0.008255,-0.007350,0.007662,0.999400,-0.013188,-0.032032,-0.000423,0.003248,-0.010174,-0.000269,-0.010536,0.091342,-0.044087,23.428238,23.428238,23.427007,0.497515,1.474456,-0.399009,0.066180,0.973561
8.950000,1,0,0,2.400000,9.810000,0.900000,30.000000,60.000000,6.000000,0.000000,0.000000,1.500000,0.039558,-0.048007,1.504735,0.000000,0.000000,0.000000,0.010096,-0.005054,0.006834,0.999393,-0.013106,-0.032284,-0.000423,0.003349,-0.009981,-0.000262,0.004653,0.080010,-0.020366,23.427007,23.427007,23.426141,0.497497,1.522634,-0.422295,0.124996,0.974019
9.000000,1,0,0,2.400000,9.810000,0.900000,30.000000,60.000000,6.000000,0.000000,0.000000,1.500000,0.040107,-0.048200,1.505056,0.000000,0.000000,0.000000,0.011886,-0.002641,0.005988,0.999386,-0.013022,-0.032530,-0.000424,0.003295,-0.009631,-0.000251,-0.007030,0.063872,-0.026093,23.426141,23.426141,23.425636,0.497486,1.506024,-0.457097,0.112760,0.974421
9.050000,1,0,0,2.400000,9.810000,0.900000,30.000000,60.000000,6.000000,0.000000,0.000000,1.500000,0.040745,-0.048270,1.505334,0.000000,0.000000,0.000000,0.013609,-0.000134,0.005128,0.999379,-0.012942,-0.032764,-0.000424,0.003090,-0.009126,-0.000236,-0.016352,0.070106,-0.024653,23.425636,23.425636,23.425488,0.497483,1.494599,-0.438370,0.117340,0.974768
9.100000,1,0,0,2.400000,9.810000,0.900000,30.000000,60.000000,6.000000,0.000000,0.000000,1.500000,0.041467,-0.048212,1.505569,0.000000,0.000000,0.000000,0.015249,0.002443,0.004261,0.999373,-0.012869,-0.032985,-0.000425,0.002742,-0.008472,-0.000218,0.004888,0.033097,0.004177,23.425488,23.425488,23.425690,0.497487,1.555870,-0.523761,0.187268,0.975058
9.150000,1,0,0,2.400000,9.810000,0.900000,30.000000,60.000000,6.000000,0.000000,0.000000,1.500000,0.042268,-0.048025,1.505760,0.000000,0.000000,0.000000,0.016790,0.005066,0.003392,0.999367,-0.012806,-0.033187,-0.000425,0.002259,-0.007673,-0.000197,-0.011240,0.050350,0.000483,23.425690,23.425690,23.426233,0.497499,1.526630,-0.479418,0.178752,0.975291
9.200000,1,0,0,2.400000,9.810000,0.900000,30.000000,60.000000,6.000000,0.000000,0.000000,1.500000,0.043144,-0.047706,1.505908,0.000000,0.000000,0.000000,0.018218,0.007710,0.002528,0.999362,-0.012757,-0.033367,-0.000426,0.001654,-0.006740,-0.000172,-0.010515,0.069286,-0.014103,23.426233,23.426233,23.427106,0.497518,1.536844,-0.431684,0.143707,0.975468
9.250000,1,0,0,2.400000,9.810000,0.900000,30.000000,60.000000,6.000000,0.000000,0.000000,1.500000,0.044088,-0.047254,1.506013,0.000000,0.000000,0.000000,0.019518,0.010348,0.001673,0.999357,-0.012724,-0.033523,-0.000427,0.000939,-0.005679,-0.000145,-0.029070,0.081101,-0.027641,23.427106,23.427106,23.428297,0.497543,1.499642,-0.401821,0.110795,0.975588
9.300000,1,0,0,2.400000,9.810000,0.900000,30.000000,60.000000,6.000000,0.000000,0.000000,1.500000,0.045093,-0.046671,1.506075,0.000000,0.000000,0.000000,0.020679,0.012957,0.000834,0.999353,-0.012711,-0.033650,-0.000428,0.000129,-0.004501,-0.000115,-0.002591,0.048798,-0.053471,23.428297,23.428297,23.429790,0.497575,1.569232,-0.478744,0.048000,0.975652
9.350000,1,0,0,2.400000,9.810000,0.900000,30.000000,60.000000,6.000000,0.000000,0.000000,1.500000,0.046153,-0.045959,1.506097,0.000000,0.000000,0.000000,0.021688,0.015509,0.000017,0.999349,-0.012718,-0.033747,-0.000429,-0.000759,-0.003218,-0.000082,-0.034519,0.044737,-0.045881,23.429790,23.429790,23.431571,0.497612,1.497226,-0.488890,0.065041,0.975661
9.400000,1,0,0,2.400000,9.810000,0.900000,30.000000,60.000000,6.000000,0.000000,0.000000,1.500000,0.047260,-0.045122,1.506078,0.000000,0.000000,0.000000,0.022536,0.017982,-0.000773,0.999347,-0.012749,-0.033810,-0.000431,-0.001710,-0.001842,-0.000047,-0.052418,0.010833,-0.006362,23.431571,23.431571,23.433622,0.497656,1.457350,-0.571746,0.158348,0.975616
9.450000,1,0,0,2.400000,9.810000,0.900000,30.000000,60.000000,6.000000,0.000000,0.000000,1.500000,0.048404,-0.044163,1.506020,0.000000,0.000000,0.000000,0.023213,0.020350,-0.001531,0.999345,-0.012804,-0.033838,-0.000434,-0.002704,-0.000385,-0.000010,-0.035127,0.019768,-0.031353,23.433622,23.433622,23.435927,0.497705,1.500293,-0.552937,0.096478,0.975518
9.500000,1,0,0,2.400000,9.810000,0.900000,30.000000,60.000000,6.000000,0.000000,0.000000,1.500000,0.049578,-0.043089,1.505925,0.000000,0.000000,0.000000,0.023712,0.022591,-0.002252,0.999344,-0.012884,-0.033829,-0.000436,-0.003724,0.001138,0.000029,-0.005675,0.007376,-0.034083,23.435927,23.435927,23.438467,0.497759,1.570693,-0.586500,0.087694,0.975370
9.550000,1,0,0,2.400000,9.810000,0.900000,30.000000,60.000000,6.000000,0.000000,0.000000,1.500000,0.050772,-0.041906,1.505795,0.000000,0.000000,0.000000,0.024027,0.024685,-0.002931,0.999345,-0.012990,-0.033781,-0.000439,-0.004752,0.002714,0.000071,-0.011590,0.017531,-0.039129,23.438467,23.438467,23.441224,0.497817,1.554412,-0.567159,0.073027,0.975172
9.600000,1,0,0,2.400000,9.810000,0.900000,30.000000,60.000000,6.000000,0.000000,0.000000,1.500000,0.051977,-0.040623,1.505633,0.000000,0.000000,0.000000,0.024153,0.026609,-0.003563,0.999346,-0.013122,-0.033693,-0.000442,-0.005768,0.004327,0.000114,-0.019586,0.009855,0.008308,23.441224,23.441224,23.444179,0.497880,1.531284,-0.591816,0.184008,0.974927
9.650000,1,0,0,2.400000,9.810000,0.900000,30.000000,60.000000,6.000000,0.000000,0.000000,1.500000,0.053184,-0.039248,1.505440,0.000000,0.000000,0.000000,0.024088,0.028348,-0.004146,0.999348,-0.013278,-0.033564,-0.000446,-0.006754,0.005962,0.000158,-0.014981,0.017291,0.019234,23.444179,23.444179,23.447312,0.497947,1.536507,-0.581388,0.207071,0.974637
9.700000,1,0,0,2.400000,9.810000,0.900000,30.000000,60.000000,6.000000,0.000000,0.000000,1.500000,0.054383,-0.037792,1.505219,0.000000,0.000000,0.000000,0.023829,0.029883,-0.004674,0.999352,-0.013459,-0.033394,-0.000450,-0.007694,0.007605,0.000205,-0.061206,0.000185,0.027710,23.447312,23.447312,23.450606,0.498017,1.417826,-0.630997,0.223983,0.974305
9.750000,1,0,0,2.400000,9.810000,0.900000,30.000000,60.000000,6.000000,0.000000,0.000000,1.500000,0.055564,-0.036264,1.504973,0.000000,0.000000,0.000000,0.023378,0.031201,-0.005145,0.999356,-0.013662,-0.033184,-0.000454,-0.008570,0.009240,0.000253,-0.011558,0.001805,0.019874,23.450606,23.450606,23.454041,0.498090,1.527329,-0.636737,0.201492,0.973934
9.800000,1,0,0,2.400000,9.810000,0.900000,30.000000,60.000000,6.000000,0.000000,0.000000,1.500000,0.056718,-0.034675,1.504706,0.000000,0.000000,0.000000,0.022735,0.032291,-0.005555,0.999361,-0.013887,-0.032933,-0.000458,-0.009366,0.010852,0.000302,-0.004473,0.029403,0.011337,23.454041,23.454041,23.457597,0.498165,1.532785,-0.581117,0.177088,0.973525
9.850000,1,0,0,2.400000,9.810000,0.900000,30.000000,60.000000,6.000000,0.000000,0.000000,1.500000,0.057834,-0.033039,1.504419,0.000000,0.000000,0.000000,0.021905,0.033142,-0.005903,0.999367,-0.014130,-0.032641,-0.000462,-0.010069,0.012425,0.000351,-0.043717,0.027088,0.036095,23.457597,23.457597,23.461257,0.498243,1.425185,-0.598173,0.232383,0.973084
9.900000,1,0,0,2.400000,9.810000,0.900000,30.000000,60.000000,6.000000,0.000000,0.000000,1.500000,0.058905,-0.031365,1.504116,0.000000,0.000000,0.000000,0.020892,0.033748,-0.006187,0.999374,-0.014389,-0.032312,-0.000465,-0.010665,0.013947,0.000402,-0.034927,-0.009329,0.033874,23.461257,23.461257,23.465002,0.498322,1.431057,-0.697846,0.222746,0.972611
9.950000,1,0,0,2.400000,9.810000,0.900000,30.000000,60.000000,6.000000,0.000000,0.000000,1.500000,0.059921,-0.029668,1.503801,0.000000,0.000000,0.000000,0.019703,0.034103,-0.006404,0.999382,-0.014662,-0.031945,-0.000469,-0.011144,0.015403,0.000452,-0.029757,-0.001112,0.047094,23.465002,23.465002,23.468812,0.498403,1.426493,-0.691033,0.250001,0.972112
10.000000,1,0,0,2.400000,9.810000,0.900000,30.000000,60.000000,6.000000,0.000000,0.000000,1.500000,0.060873,-0.027959,1.503477,0.000000,0.000000,0.000000,0.018345,0.034207,-0.006554,0.999391,-0.014945,-0.031542,-0.000472,-0.011495,0.016779,0.000502,-0.049454,-0.006355,0.026649,23.468812,23.468812,23.472670,0.498485,1.360586,-0.717017,0.196329,0.971588
10.050000,1,0,0,2.400000,9.810000,0.900000,30.000000,60.000000,6.000000,0.000000,0.000000,1.500000,0.061753,-0.026251,1.503147,0.000000,0.000000,0.000000,0.016829,0.034060,-0.006637,0.999400,-0.015236,-0.031106,-0.000474,-0.011713,0.018064,0.000551,-0.070030,0.030585,0.022374,23.472670,23.472670,23.476557,0.498568,1.291005,-0.642102,0.181350,0.971045
10.100000,1,0,0,2.400000,9.810000,0.900000,30.000000,60.000000,6.000000,0.000000,0.000000,1.500000,0.062553,-0.024557,1.502815,0.000000,0.000000,0.000000,0.015163,0.033665,-0.006652,0.999410,-0.015530,-0.030640,-0.000476,-0.011792,0.019246,0.000598,-0.076501,0.004817,0.044453,23.476557,23.476557,23.480455,0.498650,1.253822,-0.717867,0.229534,0.970485
10.150000,1,0,0,2.400000,9.810000,0.900000,30.000000,60.000000,6.000000,0.000000,0.000000,1.500000,0.063267,-0.022889,1.502483,0.000000,0.000000,0.000000,0.013362,0.033028,-0.006599,0.999420,-0.015824,-0.030145,-0.000477,-0.011729,0.020315,0.000643,-0.053975,-0.000842,0.047670,23.480455,23.480455,23.484345,0.498733,1.284905,-0.745385,0.232385,0.969912
10.200000,1,0,0,2.400000,9.810000,0.900000,30.000000,60.000000,6.000000,0.000000,0.000000,1.500000,0.063887,-0.021258,1.502156,0.000000,0.000000,0.000000,0.011436,0.032158,-0.006481,0.999431,-0.016115,-0.029625,-0.000478,-0.011524,0.021261,0.000686,-0.056253,-0.004053,0.045335,23.484345,23.484345,23.488211,0.498815,1.255269,-0.766873,0.221877,0.969330
10.250000,1,0,0,2.400000,9.810000,0.900000,30.000000,60.000000,6.000000,0.000000,0.000000,1.500000,0.064408,-0.019677,1.501836,0.000000,0.000000,0.000000,0.009401,0.031065,-0.006298,0.999442,-0.016399,-0.029082,-0.000477,-0.011177,0.022077,0.000725,-0.069798,-0.028975,0.057366,23.488211,23.488211,23.492034,0.498896,1.197546,-0.840148,0.245834,0.968742
10.300000,1,0,0,2.400000,9.810000,0.900000,30.000000,60.000000,6.000000,0.000000,0.000000,1.500000,0.064826,-0.018155,1.501527,0.000000,0.000000,0.000000,0.007272,0.029764,-0.006052,0.999454,-0.016673,-0.028522,-0.000476,-0.010692,0.022754,0.000759,-0.066247,-0.033754,0.059199,23.492034,23.492034,23.495798,0.498976,1.179966,-0.864593,0.245325,0.968153
10.350000,1,0,0,2.400000,9.810000,0.900000,30.000000,60.000000,6.000000,0.000000,0.000000,1.500000,0.065134,-0.016704,1.501232,0.000000,0.000000,0.000000,0.005064,0.028268,-0.005745,0.999466,-0.016933,-0.027946,-0.000473,-0.010075,0.023289,0.000789,-0.073843,-0.026265,0.022549,23.495798,23.495798,23.499485,0.499055,1.134911,-0.858949,0.152492,0.967566
10.400000,1,0,0,2.400000,9.810000,0.900000,30.000000,60.000000,6.000000,0.000000,0.000000,1.500000,0.065331,-0.015331,1.500953,0.000000,0.000000,0.000000,0.002793,0.026596,-0.005381,0.999478,-0.017176,-0.027358,-0.000470,-0.009334,0.023676,0.000814,-0.068525,-0.013400,0.051019,23.499485,23.499485,23.503079,0.499131,1.120296,-0.839605,0.216004,0.966985
10.450000,1,0,0,2.400000,9.810000,0.900000,30.000000,60.000000,6.000000,0.000000,0.000000,1.500000,0.065413,-0.014047,1.500695,0.000000,0.000000,0.000000,0.000477,0.024767,-0.004962,0.999490,-0.017399,-0.026763,-0.000466,-0.008477,0.023913,0.000833,-0.063791,-0.045486,0.053920,23.503079,23.503079,23.506565,0.499205,1.103897,-0.927206,0.218227,0.966413
10.500000,1,0,0,2.400000,9.810000,0.900000,30.000000,60.000000,6.000000,0.000000,0.000000,1.500000,0.065378,-0.012857,1.500458,0.000000,0.000000,0.000000,-0.001867,0.022801,-0.004493,0.999503,-0.017600,-0.026163,-0.000461,-0.007517,0.023998,0.000845,-0.054717,-0.038362,0.027251,23.506565,23.506565,23.509928,0.499276,1.097715,-0.919632,0.149582,0.965854
10.550000,1,0,0,2.400000,9.810000,0.900000,30.000000,60.000000,6.000000,0.000000,0.000000,1.500000,0.065226,-0.011769,1.500246,0.000000,0.000000,0.000000,-0.004222,0.020720,-0.003977,0.999515,-0.017775,-0.025564,-0.000455,-0.006465,0.023932,0.000851,-0.084571,-0.001377,0.023954,23.509928,23.509928,23.513155,0.499345,0.998077,-0.839208,0.137146,0.965311
10.600000,1,0,0,2.400000,9.810000,0.900000,30.000000,60.000000,6.000000,0.000000,0.000000,1.500000,0.064956,-0.010786,1.500061,0.000000,0.000000,0.000000,-0.006570,0.018549,-0.003419,0.999527,-0.017923,-0.024968,-0.000448,-0.005337,0.023716,0.000851,-0.081990,-0.011827,0.031093,23.513155,23.513155,23.516234,0.499410,0.976436,-0.871342,0.149889,0.964788
10.650000,1,0,0,2.400000,9.810000,0.900000,30.000000,60.000000,6.000000,0.000000,0.000000,1.500000,0.064569,-0.009915,1.499905,0.000000,0.000000,0.000000,-0.008892,0.016310,-0.002823,0.999540,-0.018041,-0.024379,-0.000440,-0.004147,0.023352,0.000843,-0.076615,-0.036308,0.044671,23.516234,23.516234,23.519153,0.499472,0.961828,-0.935785,0.178239,0.964287
10.700000,1,0,0,2.400000,9.810000,0.900000,30.000000,60.000000,6.000000,0.000000,0.000000,1.500000,0.064068,-0.009156,1.499779,0.000000,0.000000,0.000000,-0.011173,0.014029,-0.002194,0.999552,-0.018130,-0.023801,-0.000432,-0.002910,0.022845,0.000829,-0.085896,-0.051524,0.031071,23.519153,23.519153,23.521905,0.499531,0.912544,-0.976558,0.141526,0.963813
10.750000,1,0,0,2.400000,9.810000,0.900000,30.000000,60.000000,6.000000,0.000000,0.000000,1.500000,0.063453,-0.008512,1.499686,0.000000,0.000000,0.000000,-0.013394,0.011732,-0.001538,0.999564,-0.018187,-0.023238,-0.000423,-0.001645,0.022200,0.000808,-0.088933,-0.046380,0.034321,23.521905,23.521905,23.524481,0.499585,0.878909,-0.966992,0.145429,0.963368
10.800000,1,0,0,2.400000,9.810000,0.900000,30.000000,60.000000,6.000000,0.000000,0.000000,1.500000,0.062729,-0.007983,1.499626,0.000000,0.000000,0.000000,-0.015540,0.009442,-0.000859,0.999577,-0.018212,-0.022692,-0.000413,-0.000368,0.021425,0.000781,-0.109628,-0.069358,0.060456,23.524481,23.524481,23.526875,0.499636,0.803716,-1.023415,0.204446,0.962954
10.850000,1,0,0,2.400000,9.810000,0.900000,30.000000,60.000000,6.000000,0.000000,0.000000,1.500000,0.061901,-0.007567,1.499600,0.000000,0.000000,0.000000,-0.017593,0.007186,-0.000164,0.999588,-0.018206,-0.022167,-0.000404,0.000904,0.020526,0.000748,-0.094119,-0.074012,0.056784,23.526875,23.526875,23.529085,0.499683,0.816387,-1.034355,0.192125,0.962574
10.900000,1,0,0,2.400000,9.810000,0.900000,30.000000,60.000000,6.000000,0.000000,0.000000,1.500000,0.060972,-0.007263,1.499610,0.000000,0.000000,0.000000,-0.019540,0.004987,0.000542,0.999600,-0.018168,-0.021666,-0.000394,0.002154,0.019512,0.000710,-0.067206,-0.015856,0.048654,23.529085,23.529085,23.531108,0.499726,0.857538,-0.893061,0.169307,0.962230
10.950000,1,0,0,2.400000,9.810000,0.900000,30.000000,60.000000,6.000000,0.000000,0.000000,1.500000,0.059949,-0.007067,1.499655,0.000000,0.000000,0.000000,-0.021364,0.002871,0.001253,0.999612,-0.018099,-0.021192,-0.000384,0.003365,0.018394,0.000666,-0.039210,0.000866,0.049791,23.531108,23.531108,23.532946,0.499765,0.902532,-0.849754,0.168941,0.961925
11.000000,1,0,0,2.400000,9.810000,0.900000,30.000000,60.000000,6.000000,0.000000,0.000000,1.500000,0.058838,-0.006974,1.499735,0.000000,0.000000,0.000000,-0.023054,0.000859,0.001963,0.999623,-0.018001,-0.020747,-0.000374,0.004521,0.017183,0.000619,-0.028943,0.005526,0.048381,23.532946,23.532946,23.534601,0.499800,0.906338,-0.833993,0.162679,0.961661
11.050000,1,0,0,2.400000,9.810000,0.900000,30.000000,60.000000,6.000000,0.000000,0.000000,1.500000,0.057646,-0.006979,1.499851,0.000000,0.000000,0.000000,-0.024596,-0.001026,0.002667,0.999633,-0.017874,-0.020334,-0.000364,0.005606,0.015890,0.000568,-0.021569,-0.028184,0.026895,23.534601,23.534601,23.536077,0.499832,0.904662,-0.908995,0.108446,0.961438
11.100000,1,0,0,2.400000,9.810000,0.900000,30.000000,60.000000,6.000000,0.000000,0.000000,1.500000,0.056381,-0.007075,1.500002,0.000000,0.000000,0.000000,-0.025980,-0.002764,0.003359,0.999644,-0.017721,-0.019953,-0.000354,0.006608,0.014527,0.000515,-0.037244,-0.053361,0.006152,23.536077,23.536077,23.537382,0.499859,0.849223,-0.962280,0.056212,0.961258
11.150000,1,0,0,2.400000,9.810000,0.900000,30.000000,60.000000,6.000000,0.000000,0.000000,1.500000,0.055051,-0.007253,1.500187,0.000000,0.000000,0.000000,-0.027195,-0.004337,0.004033,0.999654,-0.017545,-0.019608,-0.000344,0.007512,0.013108,0.000460,0.010422,-0.047209,0.031585,23.537382,23.537382,23.538524,0.499884,0.947430,-0.939249,0.115010,0.961124
11.200000,1,0,0,2.400000,9.810000,0.900000,30.000000,60.000000,6.000000,0.000000,0.000000,1.500000,0.053664,-0.007505,1.500405,0.000000,0.000000,0.000000,-0.028234,-0.005728,0.004684,0.999663,-0.017347,-0.019298,-0.000335,0.008308,0.011645,0.000404,0.005791,-0.055230,0.036529,23.538524,23.538524,23.539515,0.499905,0.921815,-0.949225,0.124843,0.961034
11.250000,1,0,0,2.400000,9.810000,0.900000,30.000000,60.000000,6.000000,0.000000,0.000000,1.500000,0.052230,-0.007822,1.500654,0.000000,0.000000,0.000000,-0.029089,-0.006922,0.005305,0.999672,-0.017131,-0.019026,-0.000326,0.008986,0.010153,0.000348,-0.007705,-0.060179,0.003393,23.539515,23.539515,23.540366,0.499923,0.876656,-0.950954,0.043487,0.960990
11.300000,1,0,0,2.400000,9.810000,0.900000,30.000000,60.000000,6.000000,0.000000,0.000000,1.500000,0.050758,-0.008194,1.500934,0.000000,0.000000,0.000000,-0.029754,-0.007907,0.005893,0.999681,-0.016899,-0.018791,-0.000318,0.009538,0.008644,0.000292,-0.039655,-0.036405,-0.013928,23.540366,23.540366,23.541091,0.499938,0.788968,-0.883017,0.000277,0.960993
11.350000,1,0,0,2.400000,9.810000,0.900000,30.000000,60.000000,6.000000,0.000000,0.000000,1.500000,0.049258,-0.008609,1.501243,0.000000,0.000000,0.000000,-0.030227,-0.008672,0.006442,0.999688,-0.016655,-0.018593,-0.000310,0.009959,0.007134,0.000238,-0.056574,-0.019728,-0.020150,23.541091,23.541091,23.541705,0.499951,0.739125,-0.831535,-0.016113,0.961042
11.400000,1,0,0,2.400000,9.810000,0.900000,30.000000,60.000000,6.000000,0.000000,0.000000,1.500000,0.047739,-0.009058,1.501578,0.000000,0.000000,0.000000,-0.030503,-0.009211,0.006947,0.999695,-0.016402,-0.018434,-0.000302,0.010245,0.005635,0.000185,-0.020289,-0.001389,-0.008176,23.541705,23.541705,23.542225,0.499962,0.818738,-0.775645,0.011338,0.961136
11.450000,1,0,0,2.400000,9.810000,0.900000,30.000000,60.000000,6.000000,0.000000,0.000000,1.500000,0.046211,-0.009527,1.501937,0.000000,0.000000,0.000000,-0.030584,-0.009517,0.007404,0.999702,-0.016144,-0.018312,-0.000296,0.010394,0.004162,0.000134,0.006106,0.026495,0.030028,23.542225,23.542225,23.542668,0.499972,0.876361,-0.696584,0.101902,0.961277
11.500000,1,0,0,2.400000,9.810000,0.900000,30.000000,60.000000,6.000000,0.000000,0.000000,1.500000,0.044684,-0.010005,1.502317,0.000000,0.000000,0.000000,-0.030469,-0.009588,0.007809,0.999708,-0.015884,-0.018226,-0.000290,0.010406,0.002727,0.000087,0.036867,-0.005121,0.011056,23.542668,23.542668,23.543053,0.499980,0.946170,-0.760227,0.055386,0.961462
11.550000,1,0,0,2.400000,9.810000,0.900000,30.000000,60.000000,6.000000,0.000000,0.000000,1.500000,0.043167,-0.010482,1.502717,0.000000,0.000000,0.000000,-0.030160,-0.009424,0.008159,0.999713,-0.015625,-0.018175,-0.000284,0.010284,0.001343,0.000042,0.035871,0.041428,-0.003428,23.543053,23.543053,23.543398,0.499987,0.941420,-0.636338,0.019770,0.961691
11.600000,1,0,0,2.400000,9.810000,0.900000,30.000000,60.000000,6.000000,0.000000,0.000000,1.500000,0.041671,-0.010944,1.503132,0.000000,0.000000,0.000000,-0.029662,-0.009028,0.008450,0.999717,-0.015371,-0.018158,-0.000279,0.010033,0.000023,0.000001,-0.000638,0.020688,0.006930,23.543398,23.543398,23.543721,0.499994,0.853027,-0.674159,0.043886,0.961963
11.650000,1,0,0,2.400000,9.810000,0.900000,30.000000,60.000000,6.000000,0.000000,0.000000,1.500000,0.040204,-0.011381,1.503561,0.000000,0.000000,0.000000,-0.028981,-0.008405,0.008679,0.999720,-0.015125,-0.018173,-0.000275,0.009659,-0.001221,-0.000037,0.000681,-0.019800,-0.011043,23.543721,23.543721,23.544043,0.500001,0.856929,-0.759745,0.000100,0.962276
11.700000,1,0,0,2.400000,9.810000,0.900000,30.000000,60.000000,6.000000,0.000000,0.000000,1.500000,0.038776,-0.011781,1.503999,0.000000,0.000000,0.000000,-0.028123,-0.007562,0.008845,0.999723,-0.014889,-0.018218,-0.000271,0.009171,-0.002380,-0.000071,0.003467,0.005503,-0.001342,23.544043,23.544043,23.544381,0.500008,0.865768,-0.687938,0.022804,0.962628
11.750000,1,0,0,2.400000,9.810000,0.900000,30.000000,60.000000,6.000000,0.000000,0.000000,1.500000,0.037395,-0.012133,1.504444,0.000000,0.000000,0.000000,-0.027096,-0.006511,0.008944,0.999725,-0.014667,-0.018292,-0.000268,0.008579,-0.003443,-0.000101,0.037452,-0.012263,-0.007568,23.544381,23.544381,23.544756,0.500016,0.950789,-0.720132,0.007340,0.963017
11.800000,1,0,0,2.400000,9.810000,0.900000,30.000000,60.000000,6.000000,0.000000,0.000000,1.500000,0.036069,-0.012428,1.504893,0.000000,0.000000,0.000000,-0.025911,-0.005263,0.008976,0.999726,-0.014461,-0.018390,-0.000266,0.007895,-0.004401,-0.000127,0.053495,0.009285,0.012865,23.544756,23.544756,23.545186,0.500025,0.993941,-0.658728,0.055892,0.963441
11.850000,1,0,0,2.400000,9.810000,0.900000,30.000000,60.000000,6.000000,0.000000,0.000000,1.500000,0.034806,-0.012657,1.505341,0.000000,0.000000,0.000000,-0.024579,-0.003834,0.008940,0.999727,-0.014273,-0.018511,-0.000264,0.007133,-0.005248,-0.000150,0.015207,0.004705,0.007551,23.545186,23.545186,23.545688,0.500036,0.907764,-0.660883,0.042666,0.963898
11.900000,1,0,0,2.400000,9.810000,0.900000,30.000000,60.000000,6.000000,0.000000,0.000000,1.500000,0.033613,-0.012809,1.505785,0.000000,0.000000,0.000000,-0.023112,-0.002239,0.008836,0.999727,-0.014105,-0.018651,-0.000263,0.006307,-0.005975,-0.000169,-0.006243,0.008042,0.006393,23.545688,23.545688,23.546280,0.500048,0.862923,-0.644975,0.039405,0.964384
11.950000,1,0,0,2.400000,9.810000,0.900000,30.000000,60.000000,6.000000,0.000000,0.000000,1.500000,0.032497,-0.012878,1.506223,0.000000,0.000000,0.000000,-0.021522,-0.000498,0.008662,0.999726,-0.013958,-0.018809,-0.000263,0.005433,-0.006577,-0.000184,0.035061,-0.010119,0.027383,23.546280,23.546280,23.546978,0.500063,0.969478,-0.681665,0.089274,0.964898
12.000000,1,0,0,2.400000,9.810000,0.900000,30.000000,60.000000,6.000000,0.000000,0.000000,1.500000,0.031463,-0.012857,1.506650,0.000000,0.000000,0.000000,-0.019826,0.001369,0.008421,0.999724,-0.013834,-0.018979,-0.000263,0.004528,-0.007051,-0.000195,0.020033,0.021288,-0.001691,23.546978,23.546978,23.547797,0.500081,0.941473,-0.600443,0.018939,0.965436
12.050000,1,0,0,2.400000,9.810000,0.900000,30.000000,60.000000,6.000000,0.000000,0.000000,1.500000,0.030516,-0.012739,1.507064,0.000000,0.000000,0.000000,-0.018037,0.003341,0.008112,0.999722,-0.013732,-0.019160,-0.000263,0.003609,-0.007394,-0.000203,-0.001506,0.078325,-0.000066,23.547797,23.547797,23.548751,0.500101,0.898328,-0.458790,0.022215,0.965995
12.100000,1,0,0,2.400000,9.810000,0.900000,30.000000,60.000000,6.000000,0.000000,0.000000,1.500000,0.029660,-0.012521,1.507461,0.000000,0.000000,0.000000,-0.016172,0.005394,0.007738,0.999720,-0.013653,-0.019348,-0.000264,0.002693,-0.007603,-0.000208,-0.026678,0.027385,-0.000781,23.548751,23.548751,23.549854,0.500124,0.846792,-0.577364,0.019785,0.966572
12.150000,1,0,0,2.400000,9.810000,0.900000,30.000000,60.000000,6.000000,0.000000,0.000000,1.500000,0.028900,-0.012199,1.507837,0.000000,0.000000,0.000000,-0.014247,0.007505,0.007301,0.999717,-0.013597,-0.019539,-0.000266,0.001798,-0.007679,-0.000209,-0.046732,0.040562,0.001434,23.549854,23.549854,23.551116,0.500151,0.807710,-0.543129,0.024276,0.967162
12.200000,1,0,0,2.400000,9.810000,0.900000,30.000000,60.000000,6.000000,0.000000,0.000000,1.500000,0.028236,-0.011770,1.508190,0.000000,0.000000,0.000000,-0.012279,0.009649,0.006802,0.999713,-0.013563,-0.019731,-0.000268,0.000941,-0.007623,-0.000207,-0.016600,0.046803,0.010114,23.551116,23.551116,23.552548,0.500182,0.889094,-0.526578,0.044160,0.967764
12.250000,1,0,0,2.400000,9.810000,0.900000,30.000000,60.000000,6.000000,0.000000,0.000000,1.500000,0.027672,-0.011234,1.508516,0.000000,0.000000,0.000000,-0.010286,0.011801,0.006245,0.999710,-0.013549,-0.019919,-0.000270,0.000139,-0.007437,-0.000202,-0.027820,0.048280,0.043326,23.552548,23.552548,23.554158,0.500216,0.871097,-0.522445,0.122773,0.968373
12.300000,1,0,0,2.400000,9.810000,0.900000,30.000000,60.000000,6.000000,0.000000,0.000000,1.500000,0.027208,-0.010590,1.508813,0.000000,0.000000,0.000000,-0.008284,0.013936,0.005633,0.999706,-0.013555,-0.020102,-0.000273,-0.000593,-0.007124,-0.000193,-0.032859,0.058687,0.067367,23.554158,23.554158,23.555953,0.500254,0.867646,-0.497785,0.179215,0.968985
12.350000,1,0,0,2.400000,9.810000,0.900000,30.000000,60.000000,6.000000,0.000000,0.000000,1.500000,0.026844,-0.009841,1.509079,0.000000,0.000000,0.000000,-0.006292,0.016029,0.004970,0.999702,-0.013578,-0.020275,-0.000275,-0.001238,-0.006689,-0.000182,-0.051196,0.087914,0.046640,23.555953,23.555953,23.557939,0.500296,0.831848,-0.428777,0.128034,0.969597
12.400000,1,0,0,2.400000,9.810000,0.900000,30.000000,60.000000,6.000000,0.000000,0.000000,1.500000,0.026578,-0.008989,1.509310,0.000000,0.000000,0.000000,-0.004327,0.018055,0.004260,0.999698,-0.013616,-0.020435,-0.000278,-0.001784,-0.006139,-0.000167,-0.035220,0.078891,0.040337,23.557939,23.557939,23.560118,0.500342,0.877827,-0.452275,0.111280,0.970205
12.450000,1,0,0,2.400000,9.810000,0.900000,30.000000,60.000000,6.000000,0.000000,0.000000,1.500000,0.026410,-0.008037,1.509504,0.000000,0.000000,0.000000,-0.002406,0.019990,0.003508,0.999695,-0.013666,-0.020581,-0.000281,-0.002219,-0.005480,-0.000150,0.009623,0.082859,0.043201,23.560118,23.560118,23.562493,0.500393,0.992385,-0.445181,0.116323,0.970805
12.500000,1,0,0,2.400000,9.810000,0.900000,30.000000,60.000000,6.000000,0.000000,0.000000,1.500000,0.026337,-0.006992,1.509660,0.000000,0.000000,0.000000,-0.000545,0.021811,0.002717,0.999691,-0.013726,-0.020708,-0.000284,-0.002531,-0.004721,-0.000130,0.007754,0.040529,0.042287,23.562493,23.562493,23.565063,0.500447,0.994009,-0.549645,0.112083,0.971394
12.550000,1,0,0,2.400000,9.810000,0.900000,30.000000,60.000000,6.000000,0.000000,0.000000,1.500000,0.026354,-0.005858,1.509775,0.000000,0.000000,0.000000,0.001238,0.023497,0.001894,0.999688,-0.013792,-0.020816,-0.000287,-0.002711,-0.003871,-0.000107,0.000109,0.019427,0.032412,23.565063,23.565063,23.567828,0.500506,0.980828,-0.603462,0.086111,0.971968
12.600000,1,0,0,2.400000,9.810000,0.900000,30.000000,60.000000,6.000000,0.000000,0.000000,1.500000,0.026459,-0.004645,1.509849,0.000000,0.000000,0.000000,0.002930,0.025026,0.001043,0.999685,-0.013860,-0.020901,-0.000290,-0.002754,-0.002939,-0.000082,0.047702,0.013717,0.016926,23.567828,23.567828,23.570785,0.500569,1.099180,-0.620474,0.046442,0.972523
12.650000,1,0,0,2.400000,9.810000,0.900000,30.000000,60.000000,6.000000,0.000000,0.000000,1.500000,0.026646,-0.003359,1.509879,0.000000,0.000000,0.000000,0.004514,0.026379,0.000170,0.999683,-0.013928,-0.020962,-0.000292,-0.002654,-0.001937,-0.000054,0.072299,0.011809,-0.013885,23.570785,23.570785,23.573930,0.500636,1.161211,-0.628334,-0.030249,0.973056
12.700000,1,0,0,2.400000,9.810000,0.900000,30.000000,60.000000,6.000000,0.000000,0.000000,1.500000,0.026908,-0.002010,1.509865,0.000000,0.000000,0.000000,0.005978,0.027541,-0.000720,0.999682,-0.013992,-0.020998,-0.000294,-0.002408,-0.000875,-0.000025,0.047546,0.019973,-0.006264,23.573930,23.573930,23.577256,0.500706,1.103592,-0.611825,-0.014946,0.973562
12.750000,1,0,0,2.400000,9.810000,0.900000,30.000000,60.000000,6.000000,0.000000,0.000000,1.500000,0.027241,-0.000608,1.509807,0.000000,0.000000,0.000000,0.007308,0.028494,-0.001620,0.999681,-0.014047,-0.021006,-0.000295,-0.002018,0.000233,0.000007,0.071601,0.009468,0.014684,23.577256,23.577256,23.580757,0.500781,1.161843,-0.639752,0.032098,0.974040
12.800000,1,0,0,2.400000,9.810000,0.900000,30.000000,60.000000,6.000000,0.000000,0.000000,1.500000,0.027637,0.000836,1.509703,0.000000,0.000000,0.000000,0.008493,0.029227,-0.002525,0.999680,-0.014091,-0.020986,-0.000296,-0.001483,0.001377,0.000039,0.022827,-0.047294,0.000850,23.580757,23.580757,23.584425,0.500859,1.043983,-0.778157,-0.004582,0.974485
12.850000,1,0,0,2.400000,9.810000,0.900000,30.000000,60.000000,6.000000,0.000000,0.000000,1.500000,0.028088,0.002311,1.509554,0.000000,0.000000,0.000000,0.009523,0.029728,-0.003429,0.999681,-0.014120,-0.020937,-0.000296,-0.000810,0.002544,0.000072,0.026418,-0.057734,0.001989,23.584425,23.584425,23.588252,0.500940,1.050446,-0.804681,-0.005572,0.974894
12.900000,1,0,0,2.400000,9.810000,0.900000,30.000000,60.000000,6.000000,0.000000,0.000000,1.500000,0.028586,0.003805,1.509360,0.000000,0.000000,0.000000,0.010389,0.029990,-0.004327,0.999683,-0.014131,-0.020858,-0.000295,-0.000004,0.003720,0.000105,-0.002257,-0.056772,0.033473,23.588252,23.588252,23.592227,0.501024,0.978094,-0.802974,0.066029,0.975265
12.950000,1,0,0,2.400000,9.810000,0.900000,30.000000,60.000000,6.000000,0.000000,0.000000,1.500000,0.029124,0.005306,1.509122,0.000000,0.000000,0.000000,0.011082,0.030006,-0.005211,0.999685,-0.014120,-0.020751,-0.000293,0.000926,0.004893,0.000138,-0.007343,-0.063797,0.058161,23.592227,23.592227,23.596331,0.501111,0.960978,-0.819414,0.121084,0.975594
13.000000,1,0,0,2.400000,9.810000,0.900000,30.000000,60.000000,6.000000,0.000000,0.000000,1.500000,0.029692,0.006801,1.508840,0.000000,0.000000,0.000000,0.011598,0.029775,-0.006077,0.999688,-0.014076,-0.020614,-0.000290,0.023366,0.006051,0.000170,-0.018766,-0.054371,0.073920,23.596331,23.596331,23.599687,0.501183,0.927283,-0.794871,0.154481,0.975880
13.050000,1,0,0,2.400000,9.810000,0.900000,30.000000,60.000000,6.000000,-0.000000,0.000001,1.500000,0.030281,0.008272,1.508515,-0.000000,0.000105,0.000000,0.011931,0.028890,-0.006919,0.999702,-0.013328,-0.020448,-0.000273,0.015649,0.007182,0.000192,-0.030926,-0.099471,0.022836,23.599687,23.599687,23.604088,0.501276,0.890474,-0.867891,0.027241,0.976119
13.100000,1,0,0,2.400000,9.810000,0.900000,30.000000,60.000000,6.000000,-0.000000,0.000021,1.500000,0.030882,0.009681,1.508148,-0.000000,0.000809,0.000000,0.012078,0.027442,-0.007731,0.999707,-0.013267,-0.020255,-0.000269,-0.010020,0.008289,0.000220,-0.040954,-0.083397,0.037090,23.604088,23.604088,23.609388,0.501389,0.857467,-0.826518,0.056603,0.976310
13.150000,1,0,0,2.400000,9.810000,0.900000,30.000000,60.000000,6.000000,-0.000000,0.000101,1.500000,0.031485,0.011018,1.507742,-0.000000,0.002624,0.000000,0.012039,0.026097,-0.008509,0.999704,-0.013796,-0.020034,-0.000276,-0.031683,0.009379,0.000259,-0.039010,-0.058152,0.034588,23.609388,23.609388,23.615527,0.501519,0.851897,-0.791060,0.045562,0.976450
13.200000,1,0,0,2.400000,9.810000,0.900000,30.000000,60.000000,6.000000,-0.000000,0.000309,1.500000,0.032083,0.012302,1.507298,-0.000002,0.005976,0.000000,0.011815,0.025428,-0.009246,0.999694,-0.014819,-0.019786,-0.000293,-0.049556,0.010436,0.000309,-0.054439,-0.073277,0.039602,23.615527,23.615527,23.622493,0.501667,0.803365,-0.875835,0.052381,0.976538
13.250000,1,0,0,2.400000,9.810000,0.900000,30.000000,60.000000,6.000000,-0.000000,0.000730,1.500000,0.032664,0.013580,1.506818,-0.000008,0.011207,0.000000,0.011409,0.025919,-0.009939,0.999678,-0.016243,-0.019512,-0.000317,-0.063856,0.011409,0.000371,-0.039974,0.007229,0.005291,23.622493,23.622493,23.630293,0.501833,0.825369,-0.750115,-0.035342,0.976573
13.300000,1,0,0,2.400000,9.810000,0.900000,30.000000,60.000000,6.000000,-0.000001,0.001465,1.500000,0.033221,0.014920,1.506305,-0.000027,0.018579,0.000000,0.010827,0.027970,-0.010583,0.999654,-0.017983,-0.019216,-0.000346,-0.074804,0.012206,0.000439,-0.055634,0.045548,0.019758,23.630293,23.630293,23.638922,0.502016,0.774017,-0.740588,-0.006138,0.976552
13.350000,1,0,0,2.400000,9.810000,0.900000,30.000000,60.000000,6.000000,-0.000003,0.002626,1.500000,0.033744,0.016408,1.505761,-0.000074,0.028281,0.000000,0.010072,0.031901,-0.011173,0.999622,-0.019956,-0.018903,-0.000377,-0.082623,0.012701,0.000507,-0.085868,0.101650,0.036585,23.638922,23.638922,23.648351,0.502216,0.686907,-0.699520,0.028606,0.976476
13.400000,1,0,0,2.400000,9.810000,0.900000,30.000000,60.000000,6.000000,-0.000009,0.004334,1.500000,0.034225,0.018145,1.505189,-0.000175,0.040435,0.000000,0.009146,0.037958,-0.011706,0.999583,-0.022089,-0.018583,-0.000411,-0.087536,0.012746,0.000564,-0.057337,0.135653,0.000170,23.648351,23.648351,23.658519,0.502432,0.740492,-0.719077,-0.064535,0.976343
13.450000,1,0,0,2.400000,9.810000,0.900000,30.000000,60.000000,6.000000,-0.000023,0.006712,1.500000,0.034655,0.020242,1.504591,-0.000370,0.055097,0.000000,0.008041,0.046316,-0.012180,0.999537,-0.024309,-0.018268,-0.000444,-0.089766,0.012182,0.000593,-0.057762,0.153163,-0.016526,23.658519,23.658519,23.669325,0.502662,0.724869,-0.782510,-0.110429,0.976154
13.500000,1,0,0,2.400000,9.810000,0.900000,30.000000,60.000000,6.000000,-0.000049,0.009885,1.500000,0.035026,0.022817,1.503972,-0.000714,0.072264,0.000000,0.006740,0.057086,-0.012590,0.999486,-0.026555,-0.017977,-0.000478,-0.089532,0.010858,0.000577,-0.039762,0.208868,-0.018503,23.669325,23.669325,23.680636,0.502902,0.754560,-0.755536,-0.121053,0.975907
13.550000,1,0,0,2.400000,9.810000,0.900000,30.000000,60.000000,6.000000,-0.000098,0.013979,1.500000,0.035326,0.025992,1.503333,-0.001284,0.091878,0.000000,0.005211,0.070319,-0.012934,0.999429,-0.028765,-0.017730,-0.000510,-0.087049,0.008642,0.000498,-0.042558,0.248791,-0.018664,23.680636,23.680636,23.692283,0.503149,0.736418,-0.764913,-0.127352,0.975604
13.600000,1,0,0,2.400000,9.810000,0.900000,30.000000,60.000000,6.000000,-0.000183,0.019112,1.500000,0.035542,0.029890,1.502679,-0.002176,0.113831,0.000000,0.003402,0.086008,-0.013211,0.999369,-0.030888,-0.017551,-0.000542,-0.082521,0.005441,0.000337,-0.044295,0.303063,-0.006287,23.692283,23.692283,23.704076,0.503400,0.724013,-0.735780,-0.103568,0.975244
13.650000,1,0,0,2.400000,9.810000,0.900000,30.000000,60.000000,6.000000,-0.000323,0.025399,1.500000,0.035660,0.034633,1.502013,-0.003505,0.137967,0.000000,0.001245,0.104095,-0.013419,0.999307,-0.032874,-0.017464,-0.000575,-0.076144,0.001207,0.000079,-0.025930,0.327259,0.014227,23.704076,23.704076,23.715808,0.503649,0.764252,-0.772445,-0.060239,0.974828
13.700000,1,0,0,2.400000,9.810000,0.900000,30.000000,60.000000,6.000000,-0.000543,0.032942,1.500000,0.035659,0.040338,1.501339,-0.005408,0.164090,0.000000,-0.001354,0.124474,-0.013556,0.999245,-0.034678,-0.017497,-0.000607,-0.068095,-0.004052,-0.000282,-0.037111,0.374233,-0.014589,23.715808,23.715808,23.727265,0.503892,0.739210,-0.745958,-0.135259,0.974358
13.750000,1,0,0,2.400000,9.810000,0.900000,30.000000,60.000000,6.000000,-0.000876,0.041837,1.500000,0.035515,0.047116,1.500659,-0.008038,0.191963,0.000000,-0.004506,0.146996,-0.013623,0.999186,-0.036263,-0.017673,-0.000641,-0.058541,-0.010265,-0.000746,-0.024780,0.423967,-0.025220,23.727265,23.727265,23.738240,0.504125,0.777416,-0.702463,-0.166568,0.973834
13.800000,1,0,0,2.400000,9.810000,0.900000,30.000000,60.000000,6.000000,-0.001361,0.052163,1.500000,0.035197,0.055070,1.499977,-0.011560,0.221313,0.000000,-0.008346,0.171469,-0.013619,0.999131,-0.037592,-0.018016,-0.000678,-0.047632,-0.017298,-0.001303,-0.050365,0.470514,-0.039364,23.738240,23.738240,23.748540,0.504344,0.732506,-0.654508,-0.206215,0.973257
13.850000,1,0,0,2.400000,9.810000,0.900000,30.000000,60.000000,6.000000,-0.002049,0.063988,1.500000,0.034667,0.064291,1.499298,-0.016148,0.251837,0.000000,-0.013023,0.197664,-0.013545,0.999081,-0.038632,-0.018543,-0.000717,-0.035508,-0.024954,-0.001933,-0.057831,0.502198,-0.029165,23.748540,23.748540,23.757994,0.504545,0.739840,-0.628572,-0.187317,0.972631
13.900000,1,0,0,2.400000,9.810000,0.900000,30.000000,60.000000,6.000000,-0.002997,0.077361,1.500000,0.033878,0.074860,1.498624,-0.021974,0.283200,0.000000,-0.018699,0.225317,-0.013401,0.999039,-0.039355,-0.019268,-0.000759,-0.022304,-0.032978,-0.002602,-0.118692,0.560505,-0.023610,23.757994,23.757994,23.766468,0.504725,0.628384,-0.523699,-0.179423,0.971955
13.950000,1,0,0,2.400000,9.810000,0.900000,30.000000,60.000000,6.000000,-0.004270,0.092316,1.500000,0.032778,0.086842,1.497959,-0.029208,0.315044,0.000000,-0.025541,0.254132,-0.013190,0.999006,-0.039737,-0.020196,-0.000803,-0.008155,-0.041066,-0.003272,-0.149217,0.558267,-0.029437,23.766468,23.766468,23.773863,0.504882,0.599362,-0.547864,-0.198675,0.971234
14.000000,1,0,0,2.400000,9.810000,0.900000,30.000000,60.000000,6.000000,-0.005944,0.108867,1.500000,0.031302,0.100287,1.497306,-0.038002,0.346991,0.000000,-0.033716,0.283784,-0.012912,0.998982,-0.039755,-0.021323,-0.000849,0.006791,-0.048876,-0.003896,-0.235480,0.601082,-0.042928,23.773863,23.773863,23.780127,0.505015,0.446081,-0.446574,-0.236125,0.970468
14.050000,1,0,0,2.400000,9.810000,0.900000,30.000000,60.000000,6.000000,-0.008099,0.127010,1.500000,0.029381,0.115229,1.496669,-0.048484,0.378645,0.000000,-0.043380,0.313922,-0.012571,0.998967,-0.039390,-0.022640,-0.000893,0.022370,-0.056042,-0.004426,-0.231304,0.612807,-0.013735,23.780127,23.780127,23.785249,0.505123,0.518829,-0.401703,-0.170920,0.969662
14.100000,1,0,0,2.400000,9.810000,0.900000,30.000000,60.000000,6.000000,-0.010822,0.146720,1.500000,0.026937,0.131682,1.496050,-0.060754,0.409600,0.000000,-0.054673,0.344175,-0.012169,0.998962,-0.038631,-0.024124,-0.000933,0.038386,-0.062189,-0.004817,-0.267572,0.606744,-0.017142,23.785249,23.785249,23.789261,0.505209,0.502494,-0.380675,-0.183714,0.968816
14.150000,1,0,0,2.400000,9.810000,0.900000,30.000000,60.000000,6.000000,-0.014205,0.167951,1.500000,0.023885,0.149642,1.495453,-0.074869,0.439446,0.000000,-0.067704,0.374152,-0.011709,0.998966,-0.037468,-0.025745,-0.000966,0.054610,-0.066957,-0.005030,-0.289708,0.611573,-0.030667,23.789261,23.789261,23.792232,0.505272,0.526637,-0.314253,-0.220531,0.967936
14.200000,1,0,0,2.400000,9.810000,0.900000,30.000000,60.000000,6.000000,-0.018340,0.190639,1.500000,0.020136,0.169086,1.494880,-0.090843,0.467778,0.000000,-0.082551,0.403454,-0.011195,0.998977,-0.035901,-0.027466,-0.000987,0.070767,-0.070014,-0.005039,-0.363825,0.621385,0.007596,23.792232,23.792232,23.794264,0.505315,0.430741,-0.216533,-0.132776,0.967023
14.250000,1,0,0,2.400000,9.810000,0.900000,30.000000,60.000000,6.000000,-0.023319,0.214697,1.500000,0.015599,0.189969,1.494334,-0.108637,0.494201,0.000000,-0.099245,0.431676,-0.010632,0.998996,-0.033933,-0.029238,-0.000993,0.086540,-0.071084,-0.004835,-0.391981,0.614135,0.024366,23.794264,23.794264,23.795476,0.505341,0.447655,-0.140675,-0.096305,0.966081
14.300000,1,0,0,2.400000,9.810000,0.900000,30.000000,60.000000,6.000000,-0.029232,0.240021,1.500000,0.010181,0.212228,1.493818,-0.128160,0.518344,0.000000,-0.117767,0.458415,-0.010022,0.999020,-0.031581,-0.031011,-0.000980,0.101571,-0.069963,-0.004428,-0.423278,0.599784,0.015155,23.795476,23.795476,23.796002,0.505352,0.457035,-0.063445,-0.121874,0.965113
14.350000,1,0,0,2.400000,9.810000,0.900000,30.000000,60.000000,6.000000,-0.036162,0.266488,1.500000,0.003793,0.235779,1.493333,-0.149265,0.539865,0.000000,-0.138044,0.483283,-0.009372,0.999047,-0.028866,-0.032726,-0.000946,0.115466,-0.066541,-0.003848,-0.471982,0.519105,0.039088,23.796002,23.796002,23.795973,0.505351,0.421949,-0.128095,-0.067566,0.964123
14.400000,1,0,0,2.400000,9.810000,0.900000,30.000000,60.000000,6.000000,-0.044182,0.293959,1.500000,-0.003650,0.260519,1.492881,-0.171754,0.558466,0.000000,-0.159946,0.505914,-0.008686,0.999077,-0.025823,-0.034326,-0.000887,0.127809,-0.060813,-0.003146,-0.483281,0.464723,0.026857,23.795973,23.795973,23.795514,0.505341,0.471177,-0.113927,-0.099704,0.963115
14.450000,1,0,0,2.400000,9.810000,0.900000,30.000000,60.000000,6.000000,-0.053356,0.322282,1.500000,-0.012225,0.286328,1.492465,-0.195382,0.573898,0.000000,-0.183285,0.525974,-0.007969,0.999107,-0.022495,-0.035755,-0.000805,0.138181,-0.052898,-0.002383,-0.546749,0.422963,0.034789,23.795514,23.795514,23.794731,0.505325,0.387045,-0.055864,-0.083097,0.962093
14.500000,1,0,0,2.400000,9.810000,0.900000,30.000000,60.000000,6.000000,-0.063734,0.351293,1.500000,-0.021999,0.313069,1.492085,-0.219862,0.585975,0.000000,-0.207821,0.543175,-0.007226,0.999137,-0.018937,-0.036961,-0.000701,0.146176,-0.043038,-0.001632,-0.544786,0.364941,0.019413,23.794731,23.794731,23.793705,0.505303,0.449305,-0.025816,-0.122060,0.961059
14.550000,1,0,0,2.400000,9.810000,0.900000,30.000000,60.000000,6.000000,-0.075351,0.380821,1.500000,-0.033023,0.340594,1.491742,-0.244881,0.594580,0.000000,-0.233265,0.557282,-0.006464,0.999166,-0.015214,-0.037899,-0.000577,0.151425,-0.031602,-0.000963,-0.548055,0.284833,0.027447,23.793705,23.793705,23.792491,0.505277,0.486245,-0.040825,-0.104466,0.960018
14.600000,1,0,0,2.400000,9.810000,0.900000,30.000000,60.000000,6.000000,-0.088226,0.410692,1.500000,-0.045335,0.368743,1.491438,-0.270111,0.599670,0.000000,-0.259290,0.568123,-0.005688,0.999192,-0.011397,-0.038536,-0.000440,0.153621,-0.019081,-0.000435,-0.568868,0.254817,0.011283,23.792491,23.792491,23.791116,0.505248,0.466714,0.068871,-0.144567,0.958975
14.650000,1,0,0,2.400000,9.810000,0.900000,30.000000,60.000000,6.000000,-0.102360,0.440730,1.500000,-0.058955,0.397350,1.491174,-0.295223,0.601284,0.000000,-0.285546,0.575601,-0.004903,0.999216,-0.007566,-0.038852,-0.000294,0.152535,-0.006070,-0.000092,-0.570361,0.161535,0.026339,23.791116,23.791116,23.789581,0.505215,0.478222,0.027420,-0.109356,0.957931
14.700000,1,0,0,2.400000,9.810000,0.900000,30.000000,60.000000,6.000000,-0.117741,0.470765,1.500000,-0.073887,0.426247,1.490948,-0.319910,0.599542,0.000000,-0.311672,0.579695,-0.004116,0.999238,-0.003804,-0.038843,-0.000148,0.148041,0.006749,0.000051,-0.589318,0.057341,0.015214,23.789581,23.789581,23.787864,0.505179,0.432307,-0.043526,-0.136593,0.956892
14.750000,1,0,0,2.400000,9.810000,0.900000,30.000000,60.000000,6.000000,-0.134340,0.500632,1.500000,-0.090115,0.455264,1.490762,-0.343897,0.594644,0.000000,-0.337314,0.580468,-0.003332,0.999258,-0.000198,-0.038523,-0.000008,0.140124,0.018629,0.000007,-0.571364,0.000234,0.000216,23.787864,23.787864,23.785932,0.505138,0.460136,-0.008865,-0.172740,0.955862
14.800000,1,0,0,2.400000,9.810000,0.900000,30.000000,60.000000,6.000000,-0.152115,0.530181,1.500000,-0.107605,0.484241,1.490615,-0.366968,0.586868,0.000000,-0.362144,0.578065,-0.002557,0.999276,0.003169,-0.037926,0.000120,0.128886,0.028789,-0.000183,-0.512251,-0.061215,0.001490,23.785932,23.785932,23.783745,0.505091,0.573498,0.003945,-0.169450,0.954843
14.850000,1,0,0,2.400000,9.810000,0.900000,30.000000,60.000000,6.000000,-0.171019,0.559276,1.500000,-0.126311,0.513022,1.490506,-0.388981,0.576563,0.000000,-0.385880,0.572712,-0.001798,0.999292,0.006216,-0.037105,0.000231,0.114554,0.036440,-0.000453,-0.474458,-0.103916,-0.036810,23.783745,23.783745,23.781270,0.505039,0.624970,0.046484,-0.260760,0.953840
14.900000,1,0,0,2.400000,9.810000,0.900000,30.000000,60.000000,6.000000,-0.190995,0.587802,1.500000,-0.146171,0.541468,1.490435,-0.409888,0.564138,0.000000,-0.408307,0.564713,-0.001058,0.999308,0.008870,-0.036131,0.000321,0.097464,0.040812,-0.000725,-0.439815,-0.185678,-0.028000,23.781270,23.781270,23.778498,0.504980,0.661624,-0.023485,-0.238636,0.952856
14.950000,1,0,0,2.400000,9.810000,0.900000,30.000000,60.000000,6.000000,-0.211990,0.615663,1.500000,-0.167117,0.569455,1.490400,-0.429749,0.550052,0.000000,-0.429294,0.554438,-0.000345,0.999323,0.011067,-0.035097,0.000389,0.078057,0.041180,-0.000912,-0.398072,-0.255298,-0.023100,23.778498,23.778498,23.775467,0.504916,0.712410,-0.086097,-0.225532,0.951894
15.000000,1,0,0,2.400000,9.810000,0.900000,30.000000,60.000000,6.000000,-0.233956,0.642788,1.500000,-0.189076,0.596881,1.490400,-0.448750,0.534800,0.000000,-0.448813,0.542318,0.000337,0.999336,0.012751,-0.034115,0.000435,0.040508,0.023099,-0.000590,-0.361508,-0.277442,-0.030797,23.775467,23.775467,23.773375,0.504871,0.753254,-0.059250,-0.242308,0.950958
15.050000,1,0,0,2.400000,9.810000,0.900000,30.000000,60.000000,6.000000,-0.256855,0.669131,1.500000,-0.211981,0.623670,1.490433,-0.467141,0.518813,0.000000,-0.467265,0.529153,0.000984,0.999337,0.013326,-0.033879,0.000452,0.021972,0.009363,-0.000250,-0.332462,-0.292141,-0.034539,23.773375,23.773375,23.770926,0.504819,0.811585,-0.067202,-0.249250,0.950052
15.100000,1,0,0,2.400000,9.810000,0.900000,30.000000,60.000000,6.000000,-0.280660,0.694658,1.500000,-0.235791,0.649787,1.490497,-0.484963,0.502194,0.000000,-0.485001,0.515432,0.001589,0.999338,0.013855,-0.033641,0.000466,0.020391,0.009656,-0.000268,-0.351072,-0.289120,-0.044490,23.770926,23.770926,23.768120,0.504760,0.755441,-0.034865,-0.270770,0.949177
15.150000,1,0,0,2.400000,9.810000,0.900000,30.000000,60.000000,6.000000,-0.305342,0.719340,1.500000,-0.260469,0.675204,1.490591,-0.502194,0.484963,0.000000,-0.502004,0.501149,0.002149,0.999339,0.014347,-0.033395,0.000479,0.018957,0.010029,-0.000288,-0.335807,-0.294412,-0.071366,23.768120,23.768120,23.764968,0.504693,0.780180,-0.024289,-0.332600,0.948337
15.200000,1,0,0,2.400000,9.810000,0.900000,30.000000,60.000000,6.000000,-0.330869,0.743145,1.500000,-0.285979,0.699892,1.490712,-0.518813,0.467141,0.000000,-0.518262,0.486302,0.002660,0.999341,0.014804,-0.033139,0.000491,0.017682,0.010486,-0.000311,-0.329903,-0.276426,-0.050089,23.764968,23.764968,23.761486,0.504619,0.781945,0.040530,-0.278569,0.947534
15.250000,1,0,0,2.400000,9.810000,0.900000,30.000000,60.000000,6.000000,-0.357212,0.766044,1.500000,-0.312282,0.723825,1.490856,-0.534800,0.448750,0.000000,-0.533762,0.470886,0.003117,0.999343,0.015232,-0.032870,0.000501,0.016574,0.011027,-0.000336,-0.322875,-0.326954,-0.048367,23.761486,23.761486,23.757690,0.504538,0.785796,-0.060517,-0.271194,0.946771
15.300000,1,0,0,2.400000,9.810000,0.900000,30.000000,60.000000,6.000000,-0.384339,0.788011,1.500000,-0.339342,0.746972,1.491022,-0.550135,0.429813,0.000000,-0.548495,0.454896,0.003519,0.999347,0.015634,-0.032587,0.000510,0.015640,0.011652,-0.000365,-0.303317,-0.341787,-0.032763,23.757690,23.757690,23.753601,0.504451,0.819016,-0.077126,-0.230252,0.946050
15.350000,1,0,0,2.400000,9.810000,0.900000,30.000000,60.000000,6.000000,-0.412215,0.809017,1.500000,-0.367119,0.769305,1.491207,-0.564800,0.410352,0.000000,-0.562455,0.438331,0.003861,0.999350,0.016015,-0.032286,0.000517,0.014883,0.012360,-0.000396,-0.271112,-0.324392,-0.025837,23.753601,23.753601,23.749241,0.504359,0.881782,-0.017406,-0.209903,0.945373
15.400000,1,0,0,2.400000,9.810000,0.900000,30.000000,60.000000,6.000000,-0.440807,0.829038,1.500000,-0.395575,0.790795,1.491407,-0.578777,0.390390,0.000000,-0.575634,0.421187,0.004141,0.999355,0.016380,-0.031968,0.000524,0.014303,0.013149,-0.000431,-0.255787,-0.367164,-0.001836,23.749241,23.749241,23.744633,0.504261,0.903138,-0.102898,-0.148363,0.944741
15.450000,1,0,0,2.400000,9.810000,0.900000,30.000000,60.000000,6.000000,-0.470081,0.848048,1.500000,-0.424670,0.811414,1.491620,-0.592049,0.369953,0.000000,-0.588030,0.403465,0.004358,0.999360,0.016732,-0.031628,0.000530,0.013899,0.014015,-0.000469,-0.220594,-0.371934,-0.007497,23.744633,23.744633,23.739804,0.504158,0.971187,-0.097782,-0.157825,0.944157
15.500000,1,0,0,2.400000,9.810000,0.900000,30.000000,60.000000,6.000000,-0.500000,0.866025,1.500000,-0.454365,0.831132,1.491842,-0.604600,0.349066,0.000000,-0.599640,0.385163,0.004509,0.999365,0.017076,-0.031266,0.000534,0.013665,0.014954,-0.000511,-0.254750,-0.385193,0.020420,23.739804,23.739804,23.734782,0.504052,0.871722,-0.113431,-0.086538,0.943620
15.550000,1,0,0,2.400000,9.810000,0.900000,30.000000,60.000000,6.000000,-0.530528,0.882948,1.500000,-0.484620,0.849920,1.492070,-0.616414,0.327753,0.000000,-0.610463,0.366284,0.004595,0.999371,0.017416,-0.030880,0.000538,0.013594,0.015960,-0.000556,-0.256026,-0.410159,0.002373,23.734782,23.734782,23.729595,0.503941,0.850008,-0.157373,-0.125425,0.943133
15.600000,1,0,0,2.400000,9.810000,0.900000,30.000000,60.000000,6.000000,-0.561629,0.898794,1.500000,-0.515398,0.867751,1.492300,-0.627477,0.306041,0.000000,-0.620501,0.346832,0.004613,0.999378,0.017757,-0.030467,0.000541,0.013675,0.017028,-0.000605,-0.219277,-0.381073,-0.002709,23.729595,23.729595,23.724274,0.503828,0.918325,-0.071593,-0.133078,0.942696
15.650000,1,0,0,2.400000,9.810000,0.900000,30.000000,60.000000,6.000000,-0.593263,0.913545,1.500000,-0.546657,0.884594,1.492530,-0.637775,0.283956,0.000000,-0.629755,0.326812,0.004565,0.999385,0.018101,-0.030027,0.000544,0.013895,0.018150,-0.000658,-0.204411,-0.407143,-0.001692,23.724274,23.724274,23.718850,0.503713,0.932822,-0.118022,-0.126007,0.942309
15.700000,1,0,0,2.400000,9.810000,0.900000,30.000000,60.000000,6.000000,-0.625393,0.927184,1.500000,-0.578360,0.900423,1.492756,-0.647296,0.261525,0.000000,-0.638228,0.306233,0.004451,0.999393,0.018453,-0.029559,0.000546,0.014239,0.019319,-0.000714,-0.186798,-0.431552,-0.001767,23.718850,23.718850,23.713355,0.503597,0.952556,-0.160142,-0.121491,0.941972
15.750000,1,0,0,2.400000,9.810000,0.900000,30.000000,60.000000,6.000000,-0.657980,0.939693,1.500000,-0.610467,0.915208,1.492974,-0.656029,0.238775,0.000000,-0.645926,0.285104,0.004271,0.999400,0.018814,-0.029061,0.000547,0.014689,0.020525,-0.000773,-0.150595,-0.400978,0.024567,23.713355,23.713355,23.707819,0.503479,1.015505,-0.069839,-0.053553,0.941685
15.800000,1,0,0,2.400000,9.810000,0.900000,30.000000,60.000000,6.000000,-0.690983,0.951057,1.500000,-0.642940,0.928924,1.493182,-0.663963,0.215735,0.000000,-0.652854,0.263438,0.004027,0.999409,0.019188,-0.028532,0.000548,0.015225,0.021758,-0.000836,-0.128550,-0.426286,0.038378,23.707819,23.707819,23.702276,0.503361,1.043034,-0.113078,-0.015655,0.941449
15.850000,1,0,0,2.400000,9.810000,0.900000,30.000000,60.000000,6.000000,-0.724363,0.961262,1.500000,-0.675740,0.941543,1.493376,-0.671087,0.192431,0.000000,-0.659018,0.241251,0.003721,0.999417,0.019576,-0.027972,0.000548,0.015828,0.023010,-0.000902,-0.112800,-0.466574,0.050755,23.702276,23.702276,23.696756,0.503244,1.053994,-0.191600,0.018794,0.941261
15.900000,1,0,0,2.400000,9.810000,0.900000,30.000000,60.000000,6.000000,-0.758078,0.970296,1.500000,-0.708829,0.953041,1.493553,-0.677394,0.168893,0.000000,-0.664424,0.218561,0.003356,0.999425,0.019980,-0.027381,0.000547,0.016473,0.024270,-0.000971,-0.090512,-0.500408,0.041162,23.696756,23.696756,23.691290,0.503128,1.079169,-0.253899,0.000483,0.941121
15.950000,1,0,0,2.400000,9.810000,0.900000,30.000000,60.000000,6.000000,-0.792088,0.978148,1.500000,-0.742170,0.963391,1.493710,-0.682876,0.145150,0.000000,-0.669081,0.195389,0.002933,0.999434,0.020400,-0.026758,0.000546,0.017137,0.025526,-0.001042,-0.075504,-0.484830,0.043138,23.691290,23.691290,23.685909,0.503014,1.085395,-0.196842,0.009884,0.941029
16.000000,1,0,0,2.400000,9.810000,0.900000,30.000000,60.000000,6.000000,-0.826352,0.984808,1.500000,-0.775725,0.972572,1.493845,-0.687526,0.121229,0.000000,-0.672997,0.171759,0.002457,0.999442,0.020837,-0.026104,0.000544,0.017795,0.026768,-0.001117,-0.102496,-0.445443,0.040185,23.685909,23.685909,23.680640,0.502902,0.989357,-0.081863,0.007383,0.940982
16.050000,1,0,0,2.400000,9.810000,0.900000,30.000000,60.000000,6.000000,-0.860827,0.990268,1.500000,-0.809458,0.980560,1.493955,-0.691338,0.097161,0.000000,-0.676179,0.147696,0.001931,0.999450,0.021290,-0.025419,0.000541,0.018424,0.027984,-0.001193,-0.061595,-0.495016,0.037419,23.680640,23.680640,23.675510,0.502793,1.054824,-0.179632,0.005233,0.940979
16.100000,1,0,0,2.400000,9.810000,0.900000,30.000000,60.000000,6.000000,-0.895472,0.994522,1.500000,-0.843331,0.987335,1.494038,-0.694307,0.072975,0.000000,-0.678637,0.123232,0.001359,0.999458,0.021758,-0.024704,0.000538,0.018997,0.029163,-0.001270,-0.065815,-0.488183,0.005293,23.675510,23.675510,23.670545,0.502687,1.010603,-0.141315,-0.067494,0.941018
16.150000,1,0,0,2.400000,9.810000,0.900000,30.000000,60.000000,6.000000,-0.930244,0.997564,1.500000,-0.877309,0.992877,1.494090,-0.696431,0.048699,0.000000,-0.680378,0.098398,0.000745,0.999465,0.022239,-0.023960,0.000533,0.019489,0.030293,-0.001349,-0.040929,-0.473893,0.013261,23.670545,23.670545,23.665765,0.502586,1.034887,-0.084475,-0.044127,0.941096
16.200000,1,0,0,2.400000,9.810000,0.900000,30.000000,60.000000,6.000000,-0.965101,0.999391,1.500000,-0.911357,0.997169,1.494112,-0.697706,0.024364,0.000000,-0.681412,0.073229,0.000094,0.999473,0.022732,-0.023188,0.000527,0.019878,0.031364,-0.001427,-0.031274,-0.462620,0.012953,23.665765,23.665765,23.661191,0.502489,1.021335,-0.034352,-0.040769,0.941212
16.250000,1,0,0,2.400000,9.810000,0.900000,30.000000,60.000000,6.000000,-1.000000,1.000000,1.500000,-0.945439,1.000195,1.494099,-0.698132,0.000000,0.000000,-0.681747,0.047762,-0.000589,0.999479,0.023232,-0.022391,0.000520,0.020139,0.032365,-0.001505,0.019584,-0.442732,-0.007556,23.661191,23.661191,23.656837,0.502396,1.105468,0.036830,-0.086058,0.941362
16.300000,1,0,0,2.400000,9.810000,0.900000,30.000000,60.000000,6.000000,-1.034899,0.999391,1.500000,-0.979520,1.001941,1.494052,-0.697706,-0.024364,0.000000,-0.681390,0.022039,-0.001298,0.999485,0.023738,-0.021569,0.000512,0.020251,0.033285,-0.001582,0.030172,-0.487693,0.001775,23.656837,23.656837,23.652717,0.502309,1.091836,-0.047401,-0.059905,0.941545
16.350000,1,0,0,2.400000,9.810000,0.900000,30.000000,60.000000,6.000000,-1.069756,0.997564,1.500000,-1.013567,1.002395,1.493969,-0.696431,-0.048699,0.000000,-0.680351,-0.003898,-0.002029,0.999491,0.024244,-0.020726,0.000503,0.020195,0.034115,-0.001656,0.044764,-0.527807,0.011841,23.652717,23.652717,23.648840,0.502226,1.086802,-0.119964,-0.032175,0.941756
16.400000,1,0,0,2.400000,9.810000,0.900000,30.000000,60.000000,6.000000,-1.104528,0.994522,1.500000,-1.047544,1.001549,1.493849,-0.694307,-0.072975,0.000000,-0.678636,-0.030005,-0.002777,0.999496,0.024746,-0.019863,0.000492,0.019951,0.034845,-0.001726,0.034075,-0.571512,-0.016988,23.648840,23.648840,23.645208,0.502149,1.020193,-0.201318,-0.097986,0.941994
16.450000,1,0,0,2.400000,9.810000,0.900000,30.000000,60.000000,6.000000,-1.139173,0.990268,1.500000,-1.081419,0.999393,1.493691,-0.691338,-0.097161,0.000000,-0.676253,-0.056234,-0.003534,0.999501,0.025240,-0.018983,0.000479,0.019504,0.035466,-0.001792,0.058539,-0.615765,-0.006065,23.645208,23.645208,23.641824,0.502077,1.037177,-0.284389,-0.068597,0.942254
16.500000,1,0,0,2.400000,9.810000,0.900000,30.000000,60.000000,6.000000,-1.173648,0.984808,1.500000,-1.115158,0.995924,1.493496,-0.687526,-0.121229,0.000000,-0.673207,-0.082537,-0.004296,0.999505,0.025720,-0.018089,0.000465,0.018841,0.035971,-0.001852,0.073487,-0.599913,-0.005062,23.641824,23.641824,23.638683,0.502011,1.030676,-0.223860,-0.063222,0.942534
16.550000,1,0,0,2.400000,9.810000,0.900000,30.000000,60.000000,6.000000,-1.207912,0.978148,1.500000,-1.148729,0.991139,1.493262,-0.682876,-0.145150,0.000000,-0.669507,-0.108864,-0.005056,0.999509,0.026181,-0.017183,0.000450,0.017951,0.036352,-0.001906,0.102528,-0.559963,-0.031231,23.638683,23.638683,23.635778,0.501949,1.057495,-0.106406,-0.123272,0.942830
16.600000,1,0,0,2.400000,9.810000,0.900000,30.000000,60.000000,6.000000,-1.241922,0.970296,1.500000,-1.182098,0.985038,1.492990,-0.677394,-0.168893,0.000000,-0.665155,-0.135163,-0.005809,0.999513,0.026616,-0.016270,0.000433,0.016827,0.036604,-0.001951,0.131407,-0.551150,-0.057672,23.635778,23.635778,23.633096,0.501892,1.083569,-0.064863,-0.184190,0.943138
16.650000,1,0,0,2.400000,9.810000,0.900000,30.000000,60.000000,6.000000,-1.275637,0.961262,1.500000,-1.215234,0.977624,1.492681,-0.671087,-0.192431,0.000000,-0.660159,-0.161383,-0.006549,0.999517,0.027020,-0.015352,0.000415,0.015465,0.036722,-0.001987,0.115902,-0.558266,-0.073856,23.633096,23.633096,23.630622,0.501840,1.002922,-0.063008,-0.220701,0.943455
16.700000,1,0,0,2.400000,9.810000,0.900000,30.000000,60.000000,6.000000,-1.309017,0.951057,1.500000,-1.248103,0.968902,1.492336,-0.663963,-0.215735,0.000000,-0.654522,-0.187468,-0.007271,0.999521,0.027388,-0.014433,0.000395,0.013862,0.036701,-0.002013,0.127932,-0.578455,-0.062193,23.630622,23.630622,23.628336,0.501791,0.988320,-0.094273,-0.190590,0.943777
16.750000,1,0,0,2.400000,9.810000,0.900000,30.000000,60.000000,6.000000,-1.342020,0.939693,1.500000,-1.280675,0.958880,1.491954,-0.656029,-0.238775,0.000000,-0.648248,-0.213367,-0.007968,0.999525,0.027712,-0.013516,0.000375,0.012022,0.036539,-0.002028,0.171778,-0.548623,-0.041349,23.628336,23.628336,23.626217,0.501746,1.050200,-0.007511,-0.138649,0.944101
16.800000,1,0,0,2.400000,9.810000,0.900000,30.000000,60.000000,6.000000,-1.374607,0.927184,1.500000,-1.312918,0.947569,1.491539,-0.647296,-0.261525,0.000000,-0.641340,-0.239024,-0.008635,0.999529,0.027987,-0.012605,0.000353,0.009949,0.036235,-0.002031,0.168907,-0.552371,-0.054968,23.626217,23.626217,23.624240,0.501704,1.000250,-0.003644,-0.169620,0.944423
16.850000,1,0,0,2.400000,9.810000,0.900000,30.000000,60.000000,6.000000,-1.406737,0.913545,1.500000,-1.344799,0.934983,1.491092,-0.637775,-0.283956,0.000000,-0.633802,-0.264387,-0.009268,0.999534,0.028208,-0.011703,0.000330,0.007652,0.035786,-0.002021,0.156771,-0.537467,-0.073326,23.624240,23.624240,23.622378,0.501664,0.928522,0.042416,-0.212157,0.944738
16.900000,1,0,0,2.400000,9.810000,0.900000,30.000000,60.000000,6.000000,-1.438371,0.898794,1.500000,-1.376287,0.921136,1.490613,-0.627477,-0.306041,0.000000,-0.625634,-0.289402,-0.009860,0.999539,0.028368,-0.010815,0.000307,0.005143,0.035195,-0.001999,0.175603,-0.543389,-0.062923,23.622378,23.622378,23.620603,0.501627,0.931743,0.035663,-0.185847,0.945045
16.950000,1,0,0,2.400000,9.810000,0.900000,30.000000,60.000000,6.000000,-1.469472,0.882948,1.500000,-1.407352,0.906049,1.490106,-0.616414,-0.327753,0.000000,-0.616840,-0.314017,-0.010408,0.999545,0.028464,-0.009943,0.000283,0.002436,0.034462,-0.001964,0.220950,-0.528588,-0.069988,23.620603,23.620603,23.618888,0.501590,0.999395,0.075572,-0.201631,0.945338
17.000000,1,0,0,2.400000,9.810000,0.900000,30.000000,60.000000,6.000000,-1.500000,0.866025,1.500000,-1.437961,0.889742,1.489573,-0.604600,-0.349066,0.000000,-0.607420,-0.338181,-0.010907,0.999553,0.028489,-0.009091,0.000259,-0.000451,0.033590,-0.001916,0.214513,-0.519422,-0.059519,23.618888,23.618888,23.617202,0.501555,0.943721,0.098657,-0.175489,0.945614
17.050000,1,0,0,2.400000,9.810000,0.900000,30.000000,60.000000,6.000000,-1.529919,0.848048,1.500000,-1.468083,0.872239,1.489016,-0.592049,-0.369953,0.000000,-0.597376,-0.361842,-0.011353,0.999561,0.028440,-0.008262,0.000235,-0.003498,0.032584,-0.001856,0.271511,-0.490281,-0.053813,23.617202,23.617202,23.615519,0.501519,1.041409,0.166187,-0.160922,0.945871
17.100000,1,0,0,2.400000,9.810000,0.900000,30.000000,60.000000,6.000000,-1.559193,0.829038,1.500000,-1.497688,0.853567,1.488439,-0.578777,-0.390390,0.000000,-0.586709,-0.384954,-0.011742,0.999571,0.028314,-0.007461,0.000211,-0.006681,0.031447,-0.001783,0.290092,-0.485716,-0.068905,23.615519,23.615519,23.613812,0.501483,1.048171,0.171059,-0.196400,0.946104
17.150000,1,0,0,2.400000,9.810000,0.900000,30.000000,60.000000,6.000000,-1.587785,0.809017,1.500000,-1.526744,0.833754,1.487843,-0.564800,-0.410352,0.000000,-0.575420,-0.407470,-0.012071,0.999583,0.028106,-0.006689,0.000188,-0.009976,0.030187,-0.001699,0.270907,-0.446390,-0.067941,23.613812,23.613812,23.612056,0.501445,0.965717,0.255537,-0.193451,0.946311
17.200000,1,0,0,2.400000,9.810000,0.900000,30.000000,60.000000,6.000000,-1.615661,0.788011,1.500000,-1.555220,0.812831,1.487233,-0.550135,-0.429813,0.000000,-0.563509,-0.429345,-0.012337,0.999595,0.027815,-0.005951,0.000166,-0.013357,0.028809,-0.001604,0.294904,-0.432755,-0.061872,23.612056,23.612056,23.610230,0.501407,0.988463,0.274419,-0.178341,0.946488
17.250000,1,0,0,2.400000,9.810000,0.900000,30.000000,60.000000,6.000000,-1.642788,0.766044,1.500000,-1.583085,0.790831,1.486611,-0.534800,-0.448750,0.000000,-0.550978,-0.450538,-0.012538,0.999610,0.027438,-0.005248,0.000144,-0.016793,0.027321,-0.001501,0.305122,-0.406652,-0.044658,23.610230,23.610230,23.608315,0.501366,0.979835,0.319198,-0.136559,0.946632
17.300000,1,0,0,2.400000,9.810000,0.900000,30.000000,60.000000,6.000000,-1.669131,0.743145,1.500000,-1.610307,0.767789,1.485980,-0.518813,-0.467141,0.000000,-0.537828,-0.471009,-0.012671,0.999626,0.026975,-0.004584,0.000124,-0.020256,0.025733,-0.001390,0.308941,-0.402316,-0.023027,23.608315,23.608315,23.606293,0.501323,0.957672,0.307666,-0.084230,0.946742
17.350000,1,0,0,2.400000,9.810000,0.900000,30.000000,60.000000,6.000000,-1.694658,0.719340,1.500000,-1.636857,0.743742,1.485345,-0.502194,-0.484963,0.000000,-0.524059,-0.490722,-0.012736,0.999643,0.026426,-0.003961,0.000105,-0.023716,0.024053,-0.001273,0.316673,-0.413654,-0.035229,23.606293,23.606293,23.604154,0.501277,0.946832,0.254431,-0.113134,0.946813
17.400000,1,0,0,2.400000,9.810000,0.900000,30.000000,60.000000,6.000000,-1.719340,0.694658,1.500000,-1.662703,0.718730,1.484708,-0.484963,-0.502194,0.000000,-0.509675,-0.509643,-0.012731,0.999662,0.025790,-0.003381,0.000087,-0.027140,0.022290,-0.001151,0.318693,-0.399237,-0.030508,23.604154,23.604154,23.601888,0.501229,0.924321,0.258945,-0.101435,0.946845
17.450000,1,0,0,2.400000,9.810000,0.900000,30.000000,60.000000,6.000000,-1.743145,0.669131,1.500000,-1.687814,0.692792,1.484073,-0.467141,-0.518813,0.000000,-0.494677,-0.527742,-0.012655,0.999682,0.025070,-0.002846,0.000071,-0.030498,0.020456,-0.001027,0.356930,-0.348516,-0.076317,23.601888,23.601888,23.599490,0.501178,0.990856,0.346586,-0.210999,0.946834
17.500000,1,0,0,2.400000,9.810000,0.900000,30.000000,60.000000,6.000000,-1.766044,0.642788,1.500000,-1.712161,0.665970,1.483443,-0.448750,-0.534800,0.000000,-0.479069,-0.544993,-0.012509,0.999703,0.024267,-0.002358,0.000057,-0.033758,0.018561,-0.000902,0.350743,-0.343520,-0.058567,23.599490,23.599490,23.596958,0.501125,0.952978,0.320581,-0.167995,0.946779
17.550000,1,0,0,2.400000,9.810000,0.900000,30.000000,60.000000,6.000000,-1.788011,0.615661,1.500000,-1.735711,0.638307,1.482823,-0.429813,-0.550135,0.000000,-0.462855,-0.561370,-0.012294,0.999725,0.023384,-0.001918,0.000045,-0.036891,0.016616,-0.000778,0.367338,-0.330272,-0.062141,23.596958,23.596958,23.594293,0.501068,0.972047,0.310609,-0.176118,0.946679
17.600000,1,0,0,2.400000,9.810000,0.900000,30.000000,60.000000,6.000000,-1.809017,0.587785,1.500000,-1.758436,0.609848,1.482215,-0.410352,-0.564800,0.000000,-0.446039,-0.576855,-0.012009,0.999747,0.022424,-0.001527,0.000034,-0.039868,0.014633,-0.000657,0.369766,-0.341003,-0.064115,23.594293,23.594293,23.591499,0.501009,0.959435,0.239483,-0.180331,0.946531
17.650000,1,0,0,2.400000,9.810000,0.900000,30.000000,60.000000,6.000000,-1.829038,0.559193,1.500000,-1.780305,0.580637,1.481623,-0.390390,-0.578777,0.000000,-0.428627,-0.591429,-0.011657,0.999770,0.021392,-0.001186,0.000025,-0.042659,0.012623,-0.000540,0.346305,-0.336592,-0.039635,23.591499,23.591499,23.588582,0.500947,0.887048,0.201298,-0.120964,0.946335
17.700000,1,0,0,2.400000,9.810000,0.900000,30.000000,60.000000,6.000000,-1.848048,0.529919,1.500000,-1.801289,0.550720,1.481050,-0.369953,-0.592049,0.000000,-0.410626,-0.605079,-0.011239,0.999794,0.020293,-0.000895,0.000018,-0.045240,0.010598,-0.000430,0.357987,-0.283673,-0.009688,23.588582,23.588582,23.585550,0.500882,0.901390,0.276366,-0.048366,0.946090
17.750000,1,0,0,2.400000,9.810000,0.900000,30.000000,60.000000,6.000000,-1.866025,0.500000,1.500000,-1.821358,0.520144,1.480500,-0.349066,-0.604600,0.000000,-0.392044,-0.617795,-0.010758,0.999817,0.019133,-0.000656,0.000013,-0.047585,0.008569,-0.000328,0.372071,-0.271513,-0.002306,23.585550,23.585550,23.582413,0.500816,0.923886,0.250713,-0.029798,0.945794
17.800000,1,0,0,2.400000,9.810000,0.900000,30.000000,60.000000,6.000000,-1.882948,0.469472,1.500000,-1.840484,0.488956,1.479976,-0.327753,-0.616414,0.000000,-0.372892,-0.629571,-0.010217,0.999839,0.017917,-0.000467,0.000008,-0.049675,0.006547,-0.000235,0.417429,-0.242651,0.004207,23.582413,23.582413,23.579180,0.500747,1.023833,0.262534,-0.013165,0.945449
17.850000,1,0,0,2.400000,9.810000,0.900000,30.000000,60.000000,6.000000,-1.898794,0.438371,1.500000,-1.858638,0.457203,1.479479,-0.306041,-0.627477,0.000000,-0.353180,-0.640401,-0.009619,0.999861,0.016652,-0.000328,0.000005,-0.051489,0.004543,-0.000151,0.438895,-0.202489,0.002571,23.579180,23.579180,23.575862,0.500677,1.068815,0.299181,-0.015929,0.945053
17.900000,1,0,0,2.400000,9.810000,0.900000,30.000000,60.000000,6.000000,-1.913545,0.406737,1.500000,-1.875793,0.424932,1.479015,-0.283956,-0.637775,0.000000,-0.332920,-0.650287,-0.008968,0.999882,0.015345,-0.000239,0.000004,-0.053012,0.002568,-0.000079,0.407727,-0.169622,0.002912,23.575862,23.575862,23.572468,0.500605,0.989824,0.316361,-0.013767,0.944607
17.950000,1,0,0,2.400000,9.810000,0.900000,30.000000,60.000000,6.000000,-1.927184,0.374607,1.500000,-1.891921,0.392190,1.478583,-0.261525,-0.647296,0.000000,-0.312127,-0.659229,-0.008268,0.999902,0.014004,-0.000199,0.000003,-0.054232,0.000633,-0.000018,0.405936,-0.151430,0.008607,23.572468,23.572468,23.569006,0.500531,0.983642,0.296715,0.001436,0.944112
18.000000,1,0,0,2.400000,9.810000,0.900000,30.000000,60.000000,6.000000,-1.939693,0.342020,1.500000,-1.906997,0.359025,1.478189,-0.238775,-0.656029,0.000000,-0.290817,-0.667235,-0.007522,0.999920,0.012636,-0.000207,0.000003,-0.055139,-0.001254,0.000032,0.408455,-0.156894,0.014581,23.569006,23.569006,23.565484,0.500456,0.990059,0.219052,0.017517,0.943567
18.050000,1,0,0,2.400000,9.810000,0.900000,30.000000,60.000000,6.000000,-1.951057,0.309017,1.500000,-1.920994,0.325482,1.477832,-0.215735,-0.663963,0.000000,-0.269006,-0.674310,-0.006736,0.999937,0.011250,-0.000262,0.000003,-0.055728,-0.003084,0.000069,0.439286,-0.143977,0.046998,23.565484,23.565484,23.561907,0.500380,1.066614,0.184634,0.097281,0.942975
18.100000,1,0,0,2.400000,9.810000,0.900000,30.000000,60.000000,6.000000,-1.961262,0.275637,1.500000,-1.933889,0.291609,1.477515,-0.192431,-0.671087,0.000000,-0.246716,-0.680467,-0.005916,0.999951,0.009853,-0.000361,0.000004,-0.055996,-0.004848,0.000096,0.456781,-0.137624,0.072597,23.561907,23.561907,23.558279,0.500303,1.113279,0.133973,0.160906,0.942336
18.150000,1,0,0,2.400000,9.810000,0.900000,30.000000,60.000000,6.000000,-1.970296,0.241922,1.500000,-1.945658,0.257450,1.477241,-0.168893,-0.677394,0.000000,-0.223966,-0.685717,-0.005065,0.999964,0.008453,-0.000503,0.000004,-0.055946,-0.006539,0.000111,0.434630,-0.098930,0.048206,23.558279,23.558279,23.554603,0.500225,1.066829,0.160818,0.104793,0.941651
18.200000,1,0,0,2.400000,9.810000,0.900000,30.000000,60.000000,6.000000,-1.978148,0.207912,1.500000,-1.956279,0.223052,1.477009,-0.145150,-0.682876,0.000000,-0.200780,-0.690075,-0.004190,0.999975,0.007058,-0.000687,0.000005,-0.055582,-0.008150,0.000115,0.437062,-0.070329,0.088259,23.554603,23.554603,23.550876,0.500146,1.081322,0.163701,0.203588,0.940923
18.250000,1,0,0,2.400000,9.810000,0.900000,30.000000,60.000000,6.000000,-1.984808,0.173648,1.500000,-1.965729,0.188458,1.476822,-0.121229,-0.687526,0.000000,-0.177183,-0.693558,-0.003295,0.999983,0.005676,-0.000910,0.000005,-0.054914,-0.009675,0.000110,0.472712,-0.015463,0.093223,23.550876,23.550876,23.547098,0.500066,1.177381,0.230246,0.218415,0.940154
18.300000,1,0,0,2.400000,9.810000,0.900000,30.000000,60.000000,6.000000,-1.990268,0.139173,1.500000,-1.973991,0.153711,1.476680,-0.097161,-0.691338,0.000000,-0.153201,-0.696183,-0.002388,0.999990,0.004315,-0.001170,0.000005,-0.053955,-0.011111,0.000096,0.480254,0.024889,0.076416,23.547098,23.547098,23.543264,0.499984,1.207721,0.262934,0.181243,0.939345
18.350000,1,0,0,2.400000,9.810000,0.900000,30.000000,60.000000,6.000000,-1.994522,0.104528,1.500000,-1.981044,0.118853,1.476584,-0.072975,-0.694307,0.000000,-0.128864,-0.697969,-0.001474,0.999994,0.002981,-0.001465,0.000004,-0.052719,-0.012453,0.000074,0.494276,0.002020,0.083614,23.543264,23.543264,23.539368,0.499902,1.255245,0.145205,0.201930,0.938499
18.400000,1,0,0,2.400000,9.810000,0.900000,30.000000,60.000000,6.000000,-1.997564,0.069756,1.500000,-1.986872,0.083927,1.476533,-0.048699,-0.696431,0.000000,-0.104201,-0.698937,-0.000558,0.999997,0.001681,-0.001792,0.000003,-0.051227,-0.013699,0.000046,0.503185,0.021314,0.056957,23.539368,23.539368,23.535405,0.499817,1.292017,0.130293,0.141613,0.937620
18.450000,1,0,0,2.400000,9.810000,0.900000,30.000000,60.000000,6.000000,-1.999391,0.034899,1.500000,-1.991459,0.048973,1.476528,-0.024364,-0.697706,0.000000,-0.079244,-0.699107,0.000353,0.999998,0.000421,-0.002149,0.000001,-0.049500,-0.014847,0.000013,0.469176,0.059087,-0.007996,23.535405,23.535405,23.531368,0.499732,1.227188,0.161648,-0.010369,0.936708
18.500000,1,0,0,2.400000,9.810000,0.900000,30.000000,60.000000,6.000000,-2.000000,0.000000,1.500000,-1.994792,0.014030,1.476568,-0.000000,-0.698132,0.000000,-0.054027,-0.698500,0.001254,0.999996,-0.000792,-0.002534,-0.000002,-0.047564,-0.015896,-0.000025,0.445689,0.094366,-0.030494,23.531368,23.531368,23.527249,0.499644,1.188897,0.189194,-0.060223,0.935769
18.550000,1,0,0,2.400000,9.810000,0.900000,30.000000,60.000000,6.000000,-1.999391,-0.034899,1.500000,-1.996858,-0.020865,1.476653,0.024364,-0.697706,0.000000,-0.028587,-0.697139,0.002139,0.999994,-0.001955,-0.002943,-0.000006,-0.045445,-0.016846,-0.000066,0.427990,0.108324,-0.043696,23.527249,23.527249,23.523042,0.499555,1.165663,0.167976,-0.087531,0.934804
18.600000,1,0,0,2.400000,9.810000,0.900000,30.000000,60.000000,6.000000,-1.997564,-0.069756,1.500000,-1.997647,-0.055672,1.476781,0.048699,-0.696431,0.000000,-0.002959,-0.695044,0.003002,0.999990,-0.003063,-0.003375,-0.000010,-0.043173,-0.017699,-0.000108,0.455766,0.091626,-0.030044,23.523042,23.523042,23.518742,0.499464,1.252625,0.075790,-0.050171,0.933818
18.650000,1,0,0,2.400000,9.810000,0.900000,30.000000,60.000000,6.000000,-1.994522,-0.104528,1.500000,-1.997151,-0.090357,1.476953,0.072975,-0.694307,0.000000,0.022817,-0.692236,0.003838,0.999984,-0.004113,-0.003827,-0.000016,-0.040779,-0.018458,-0.000152,0.481191,0.112869,-0.028793,23.518742,23.518742,23.514345,0.499370,1.334881,0.077430,-0.042362,0.932813
18.700000,1,0,0,2.400000,9.810000,0.900000,30.000000,60.000000,6.000000,-1.990268,-0.139173,1.500000,-1.995364,-0.124884,1.477165,0.097161,-0.691338,0.000000,0.048703,-0.688737,0.004641,0.999978,-0.005101,-0.004297,-0.000022,-0.038294,-0.019124,-0.000195,0.470642,0.089642,-0.010970,23.514345,23.514345,23.509849,0.499275,1.331628,-0.024767,0.005418,0.931793
18.750000,1,0,0,2.400000,9.810000,0.900000,30.000000,60.000000,6.000000,-1.984808,-0.173648,1.500000,-1.992280,-0.159220,1.477416,0.121229,-0.687526,0.000000,0.074656,-0.684565,0.005406,0.999970,-0.006027,-0.004783,-0.000029,-0.035752,-0.019704,-0.000238,0.505361,0.094672,-0.037069,23.509849,23.509849,23.505254,0.499177,1.437738,-0.056171,-0.052031,0.930762
18.800000,1,0,0,2.400000,9.810000,0.900000,30.000000,60.000000,6.000000,-1.978148,-0.207912,1.500000,-1.987898,-0.193330,1.477705,0.145150,-0.682876,0.000000,0.100635,-0.679740,0.006129,0.999962,-0.006889,-0.005282,-0.000036,-0.033187,-0.020200,-0.000278,0.440617,0.099903,-0.025219,23.505254,23.505254,23.500564,0.499078,1.305758,-0.084069,-0.018238,0.929723
18.850000,1,0,0,2.400000,9.810000,0.900000,30.000000,60.000000,6.000000,-1.970296,-0.241922,1.500000,-1.982217,-0.227183,1.478028,0.168893,-0.677394,0.000000,0.126597,-0.674279,0.006805,0.999954,-0.007686,-0.005792,-0.000045,-0.030632,-0.020620,-0.000317,0.455760,0.124506,-0.005299,23.500564,23.500564,23.495784,0.498976,1.366035,-0.062447,0.035072,0.928681
18.900000,1,0,0,2.400000,9.810000,0.900000,30.000000,60.000000,6.000000,-1.961262,-0.275637,1.500000,-1.975239,-0.260748,1.478384,0.192431,-0.671087,0.000000,0.152498,-0.668200,0.007429,0.999945,-0.008421,-0.006312,-0.000053,-0.028120,-0.020969,-0.000353,0.443692,0.099250,0.020644,23.495784,23.495784,23.490925,0.498873,1.361444,-0.157488,0.102965,0.927639
18.950000,1,0,0,2.400000,9.810000,0.900000,30.000000,60.000000,6.000000,-1.951057,-0.309017,1.500000,-1.966969,-0.293993,1.478770,0.215735,-0.663963,0.000000,0.178293,-0.661517,0.007999,0.999935,-0.009093,-0.006840,-0.000062,-0.025684,-0.021255,-0.000387,0.458092,0.111509,0.012920,23.490925,23.490925,23.485997,0.498768,1.420737,-0.159569,0.090167,0.926601
19.000000,1,0,0,2.400000,9.810000,0.900000,30.000000,60.000000,6.000000,-1.939693,-0.342020,1.500000,-1.957412,-0.326889,1.479183,0.238775,-0.656029,0.000000,0.203938,-0.654243,0.008510,0.999926,-0.009705,-0.007375,-0.000072,-0.023354,-0.021485,-0.000417,0.456859,0.076174,0.008318,23.485997,23.485997,23.481017,0.498662,1.442800,-0.273058,0.084946,0.925571
19.050000,1,0,0,2.400000,9.810000,0.900000,30.000000,60.000000,6.000000,-1.927184,-0.374607,1.500000,-1.946578,-0.359408,1.479620,0.261525,-0.647296,0.000000,0.229387,-0.646392,0.008961,0.999916,-0.010261,-0.007914,-0.000081,-0.021159,-0.021667,-0.000445,0.422926,0.105848,0.009549,23.481017,23.481017,23.476003,0.498556,1.386612,-0.227855,0.093788,0.924553
19.100000,1,0,0,2.400000,9.810000,0.900000,30.000000,60.000000,6.000000,-1.913545,-0.406737,1.500000,-1.934477,-0.391519,1.480078,0.283956,-0.637775,0.000000,0.254594,-0.637974,0.009347,0.999906,-0.010765,-0.008458,-0.000091,-0.019128,-0.021809,-0.000470,0.433353,0.116899,0.006608,23.476003,23.476003,23.470978,0.498449,1.437065,-0.224852,0.092655,0.923550
19.150000,1,0,0,2.400000,9.810000,0.900000,30.000000,60.000000,6.000000,-1.898794,-0.438371,1.500000,-1.921123,-0.423196,1.480554,0.306041,-0.627477,0.000000,0.279515,-0.628997,0.009668,0.999897,-0.011219,-0.009004,-0.000101,-0.017285,-0.021920,-0.000492,0.490941,0.141033,-0.001847,23.470978,23.470978,23.465965,0.498343,1.600840,-0.188163,0.078304,0.922566
19.200000,1,0,0,2.400000,9.810000,0.900000,30.000000,60.000000,6.000000,-1.882948,-0.469472,1.500000,-1.906531,-0.454410,1.481044,0.327753,-0.616414,0.000000,0.304104,-0.619469,0.009921,0.999887,-0.011630,-0.009553,-0.000111,-0.015652,-0.022009,-0.000512,0.430891,0.150002,-0.010790,23.465965,23.465965,23.460991,0.498237,1.482391,-0.185820,0.062772,0.921604
19.250000,1,0,0,2.400000,9.810000,0.900000,30.000000,60.000000,6.000000,-1.866025,-0.500000,1.500000,-1.890719,-0.485133,1.481545,0.349066,-0.604600,0.000000,0.328315,-0.609395,0.010106,0.999877,-0.012004,-0.010105,-0.000121,-0.014247,-0.022084,-0.000530,0.437256,0.142800,0.010299,23.460991,23.460991,23.456084,0.498133,1.523420,-0.220497,0.119278,0.920669
19.300000,1,0,0,2.400000,9.810000,0.900000,30.000000,60.000000,6.000000,-1.848048,-0.529919,1.500000,-1.873707,-0.515340,1.482053,0.369953,-0.592049,0.000000,0.352106,-0.598779,0.010221,0.999867,-0.012345,-0.010658,-0.000132,-0.013088,-0.022154,-0.000547,0.437700,0.139045,0.018708,23.456084,23.456084,23.451276,0.498031,1.550314,-0.245393,0.145293,0.919764
19.350000,1,0,0,2.400000,9.810000,0.900000,30.000000,60.000000,6.000000,-1.829038,-0.559193,1.500000,-1.855516,-0.545002,1.482566,0.390390,-0.578777,0.000000,0.375432,-0.587625,0.010267,0.999857,-0.012660,-0.011213,-0.000142,-0.012186,-0.022228,-0.000563,0.407899,0.117675,0.017341,23.451276,23.451276,23.446597,0.497931,1.504695,-0.311349,0.147756,0.918892
19.400000,1,0,0,2.400000,9.810000,0.900000,30.000000,60.000000,6.000000,-1.809017,-0.587785,1.500000,-1.836172,-0.574094,1.483079,0.410352,-0.564800,0.000000,0.398251,-0.575934,0.010244,0.999847,-0.012956,-0.011769,-0.000153,-0.011549,-0.022314,-0.000578,0.421931,0.135376,0.019202,23.446597,23.446597,23.442082,0.497836,1.564358,-0.282629,0.157854,0.918055
19.450000,1,0,0,2.400000,9.810000,0.900000,30.000000,60.000000,6.000000,-1.788011,-0.615661,1.500000,-1.815700,-0.602587,1.483589,0.429813,-0.550135,0.000000,0.420521,-0.563704,0.010154,0.999836,-0.013239,-0.012328,-0.000163,-0.011183,-0.022420,-0.000594,0.411835,0.133463,0.007133,23.442082,23.442082,23.437763,0.497744,1.566220,-0.300396,0.134382,0.917258
19.500000,1,0,0,2.400000,9.810000,0.900000,30.000000,60.000000,6.000000,-1.766044,-0.642788,1.500000,-1.794130,-0.630455,1.484093,0.448750,-0.534800,0.000000,0.442202,-0.550937,0.009996,0.999826,-0.013517,-0.012891,-0.000174,-0.011087,-0.022553,-0.000610,0.421467,0.166890,-0.021292,23.437763,23.437763,23.433674,0.497657,1.615561,-0.233074,0.071491,0.916503
19.550000,1,0,0,2.400000,9.810000,0.900000,30.000000,60.000000,6.000000,-1.743145,-0.669131,1.500000,-1.771491,-0.657672,1.484588,0.467141,-0.518813,0.000000,0.463255,-0.537628,0.009774,0.999814,-0.013796,-0.013457,-0.000186,-0.011260,-0.022721,-0.000627,0.387672,0.163686,-0.022425,23.433674,23.433674,23.429850,0.497576,1.560849,-0.253714,0.073913,0.915792
19.600000,1,0,0,2.400000,9.810000,0.900000,30.000000,60.000000,6.000000,-1.719340,-0.694658,1.500000,-1.747815,-0.684209,1.485069,0.484963,-0.502194,0.000000,0.483642,-0.523777,0.009489,0.999802,-0.014082,-0.014027,-0.000198,-0.011692,-0.022931,-0.000646,0.348386,0.214485,-0.017527,23.429850,23.429850,23.426325,0.497501,1.493176,-0.145104,0.090597,0.915127
19.650000,1,0,0,2.400000,9.810000,0.900000,30.000000,60.000000,6.000000,-1.694658,-0.719340,1.500000,-1.723138,-0.710040,1.485535,0.502194,-0.484963,0.000000,0.503329,-0.509379,0.009145,0.999790,-0.014382,-0.014604,-0.000210,-0.012374,-0.023187,-0.000667,0.338181,0.218056,-0.006050,23.426325,23.426325,23.423132,0.497433,1.495566,-0.150501,0.122839,0.914512
19.700000,1,0,0,2.400000,9.810000,0.900000,30.000000,60.000000,6.000000,-1.669131,-0.743145,1.500000,-1.697495,-0.735138,1.485983,0.518813,-0.467141,0.000000,0.522282,-0.494431,0.008743,0.999777,-0.014702,-0.015187,-0.000223,-0.013291,-0.023494,-0.000691,0.315038,0.259281,0.008713,23.423132,23.423132,23.420304,0.497373,1.467235,-0.066469,0.162710,0.913947
19.750000,1,0,0,2.400000,9.810000,0.900000,30.000000,60.000000,6.000000,-1.642788,-0.766044,1.500000,-1.670923,-0.759474,1.486409,0.534800,-0.448750,0.000000,0.540468,-0.478930,0.008289,0.999762,-0.015048,-0.015779,-0.000237,-0.014424,-0.023858,-0.000718,0.293851,0.272597,0.014965,23.420304,23.420304,23.417875,0.497321,1.443991,-0.050626,0.181880,0.913435
19.800000,1,0,0,2.400000,9.810000,0.900000,30.000000,60.000000,6.000000,-1.615661,-0.788011,1.500000,-1.643461,-0.783021,1.486811,0.550135,-0.429813,0.000000,0.557858,-0.462871,0.007786,0.999747,-0.015424,-0.016381,-0.000253,-0.015751,-0.024281,-0.000749,0.257593,0.276457,0.021623,23.417875,23.417875,23.415874,0.497279,1.385039,-0.058931,0.201730,0.912977
19.850000,1,0,0,2.400000,9.810000,0.900000,30.000000,60.000000,6.000000,-1.587785,-0.809017,1.500000,-1.615151,-0.805752,1.487187,0.564800,-0.410352,0.000000,0.574425,-0.446253,0.007237,0.999730,-0.015836,-0.016993,-0.000269,-0.017248,-0.024765,-0.000785,0.248672,0.264647,0.051046,23.415874,23.415874,23.414333,0.497246,1.392233,-0.106505,0.275905,0.912574
19.900000,1,0,0,2.400000,9.810000,0.900000,30.000000,60.000000,6.000000,-1.559193,-0.829038,1.500000,-1.586033,-0.827637,1.487534,0.578777,-0.390390,0.000000,0.590142,-0.429073,0.006649,0.999712,-0.016287,-0.017619,-0.000287,-0.018888,-0.025311,-0.000825,0.271555,0.265317,0.060558,23.414333,23.414333,23.413281,0.497224,1.476365,-0.125977,0.301967,0.912227
19.950000,1,0,0,2.400000,9.810000,0.900000,30.000000,60.000000,6.000000,-1.529919,-0.848048,1.500000,-1.556151,-0.848650,1.487851,0.592049,-0.369953,0.000000,0.604988,-0.411329,0.006025,0.999692,-0.016781,-0.018260,-0.000307,-0.020639,-0.025921,-0.000870,0.300995,0.273924,0.062554,23.413281,23.413281,23.412744,0.497213,1.576919,-0.128400,0.309647,0.911936
20.000000,1,0,0,2.400000,9.810000,0.900000,30.000000,60.000000,6.000000,-1.500000,-0.866025,1.500000,-1.525549,-0.868761,1.488136,0.604600,-0.349066,0.000000,0.618941,-0.393021,0.005371,0.999671,-0.017319,-0.018916,-0.000328,-0.022471,-0.026594,-0.000922,0.278713,0.313869,0.053650,23.412744,23.412744,23.412748,0.497213,1.554102,-0.057727,0.290816,0.911703
20.050000,1,0,0,2.400000,9.810000,0.900000,30.000000,60.000000,6.000000,-1.469472,-0.882948,1.500000,-1.494272,-0.887943,1.488388,0.616414,-0.327753,0.000000,0.631984,-0.374150,0.004692,0.999648,-0.017904,-0.019590,-0.000351,-0.024349,-0.027327,-0.000979,0.254035,0.341324,0.043801,23.412748,23.412748,23.413318,0.497225,1.526369,-0.019219,0.269355,0.911526
20.100000,1,0,0,2.400000,9.810000,0.900000,30.000000,60.000000,6.000000,-1.438371,-0.898794,1.500000,-1.462366,-0.906167,1.488605,0.627477,-0.306041,0.000000,0.644101,-0.354719,0.003994,0.999622,-0.018536,-0.020283,-0.000376,-0.026240,-0.028119,-0.001043,0.230673,0.348839,0.054513,23.413318,23.413318,23.414473,0.497249,1.502702,-0.030797,0.296865,0.911406
20.150000,1,0,0,2.400000,9.810000,0.900000,30.000000,60.000000,6.000000,-1.406737,-0.913545,1.500000,-1.429877,-0.923405,1.488787,0.637775,-0.283956,0.000000,0.655278,-0.334732,0.003282,0.999595,-0.019215,-0.020996,-0.000404,-0.028107,-0.028965,-0.001114,0.203203,0.344281,0.035536,23.414473,23.414473,23.416232,0.497287,1.470153,-0.073572,0.252746,0.911343
20.200000,1,0,0,2.400000,9.810000,0.900000,30.000000,60.000000,6.000000,-1.374607,-0.927184,1.500000,-1.396854,-0.939631,1.488933,0.647296,-0.261525,0.000000,0.665505,-0.314195,0.002563,0.999565,-0.019940,-0.021731,-0.000434,-0.029916,-0.029862,-0.001192,0.179129,0.373113,0.016562,23.416232,23.416232,23.418610,0.497337,1.446795,-0.038393,0.208254,0.911335
20.250000,1,0,0,2.400000,9.810000,0.900000,30.000000,60.000000,6.000000,-1.342020,-0.939693,1.500000,-1.363343,-0.954816,1.489043,0.656029,-0.238775,0.000000,0.674774,-0.293117,0.001841,0.999532,-0.020709,-0.022490,-0.000466,-0.031631,-0.030803,-0.001277,0.181455,0.397712,-0.001870,23.418610,23.418610,23.421618,0.497401,1.487895,-0.015463,0.164677,0.911382
20.300000,1,0,0,2.400000,9.810000,0.900000,30.000000,60.000000,6.000000,-1.309017,-0.951057,1.500000,-1.329392,-0.968933,1.489117,0.663963,-0.215735,0.000000,0.683080,-0.271510,0.001123,0.999497,-0.021519,-0.023272,-0.000501,-0.033217,-0.031783,-0.001369,0.153296,0.396858,-0.001589,23.421618,23.421618,23.425263,0.497478,1.456978,-0.055590,0.165629,0.911483
20.350000,1,0,0,2.400000,9.810000,0.900000,30.000000,60.000000,6.000000,-1.275637,-0.961262,1.500000,-1.295051,-0.981958,1.489156,0.671087,-0.192431,0.000000,0.690417,-0.249386,0.000415,0.999460,-0.022367,-0.024079,-0.000539,-0.034642,-0.032794,-0.001468,0.157345,0.391683,-0.019403,23.425263,23.425263,23.429549,0.497569,1.504555,-0.107887,0.122771,0.911635
20.400000,1,0,0,2.400000,9.810000,0.900000,30.000000,60.000000,6.000000,-1.241922,-0.970296,1.500000,-1.260367,-0.993864,1.489159,0.677394,-0.168893,0.000000,0.696787,-0.226762,-0.000278,0.999419,-0.023247,-0.024911,-0.000579,-0.035874,-0.033828,-0.001575,0.130641,0.387264,-0.027688,23.429549,23.429549,23.434472,0.497674,1.479555,-0.159964,0.102404,0.911837
20.450000,1,0,0,2.400000,9.810000,0.900000,30.000000,60.000000,6.000000,-1.207912,-0.978148,1.500000,-1.225388,-1.004626,1.489128,0.682876,-0.145150,0.000000,0.702189,-0.203656,-0.000950,0.999376,-0.024156,-0.025770,-0.000623,-0.036885,-0.034878,-0.001687,0.127461,0.380222,-0.037370,23.434472,23.434472,23.440025,0.497792,1.512265,-0.219698,0.078315,0.912088
20.500000,1,0,0,2.400000,9.810000,0.900000,30.000000,60.000000,6.000000,-1.173648,-0.984808,1.500000,-1.190164,-1.014222,1.489064,0.687526,-0.121229,0.000000,0.706628,-0.180091,-0.001596,0.999330,-0.025087,-0.026655,-0.000669,-0.037646,-0.035933,-0.001805,0.145155,0.378001,-0.085465,23.440025,23.440025,23.446195,0.497923,1.596340,-0.268943,-0.038329,0.912384
20.550000,1,0,0,2.400000,9.810000,0.900000,30.000000,60.000000,6.000000,-1.139173,-0.990268,1.500000,-1.154742,-1.022628,1.488969,0.691338,-0.097161,0.000000,0.710109,-0.156090,-0.002211,0.999281,-0.026034,-0.027567,-0.000718,-0.038134,-0.036985,-0.001928,0.122270,0.391859,-0.043864,23.446195,23.446195,23.452964,0.498067,1.584302,-0.280382,0.059947,0.912724
20.600000,1,0,0,2.400000,9.810000,0.900000,30.000000,60.000000,6.000000,-1.104528,-0.994522,1.500000,-1.119169,-1.029824,1.488844,0.694307,-0.072975,0.000000,0.712640,-0.131680,-0.002789,0.999229,-0.026989,-0.028504,-0.000770,-0.038330,-0.038024,-0.002056,0.136929,0.427112,-0.020888,23.452964,23.452964,23.460304,0.498223,1.663636,-0.240926,0.113181,0.913105
20.650000,1,0,0,2.400000,9.810000,0.900000,30.000000,60.000000,6.000000,-1.069756,-0.997564,1.500000,-1.083493,-1.035790,1.488691,0.696431,-0.048699,0.000000,0.714231,-0.106893,-0.003326,0.999175,-0.027945,-0.029467,-0.000824,-0.038216,-0.039040,-0.002185,0.124367,0.423644,-0.017016,23.460304,23.460304,23.468186,0.498390,1.678885,-0.294504,0.120241,0.913523
20.700000,1,0,0,2.400000,9.810000,0.900000,30.000000,60.000000,6.000000,-1.034899,-0.999391,1.500000,-1.047761,-1.040507,1.488512,0.697706,-0.024364,0.000000,0.714893,-0.081760,-0.003817,0.999118,-0.028894,-0.030456,-0.000881,-0.037780,-0.040021,-0.002317,0.104833,0.413962,-0.002449,23.468186,23.468186,23.476571,0.498568,1.678622,-0.362729,0.152657,0.913977
20.750000,1,0,0,2.400000,9.810000,0.900000,30.000000,60.000000,6.000000,-1.000000,-1.000000,1.500000,-1.012019,-1.043960,1.488310,0.698132,-0.000000,0.000000,0.714639,-0.056317,-0.004259,0.999059,-0.029828,-0.031468,-0.000940,-0.037011,-0.040959,-0.002448,0.053042,0.448024,-0.007821,23.476571,23.476571,23.485418,0.498756,1.602116,-0.325316,0.136926,0.914463
20.800000,1,0,0,2.400000,9.810000,0.900000,30.000000,60.000000,6.000000,-0.965101,-0.999391,1.500000,-0.976312,-1.046135,1.488087,0.697706,0.024364,0.000000,0.713484,-0.030602,-0.004647,0.998998,-0.030738,-0.032503,-0.001000,-0.035907,-0.041843,-0.002577,0.049463,0.462242,-0.001398,23.485418,23.485418,23.494676,0.498953,1.642439,-0.334490,0.149229,0.914977
20.850000,1,0,0,2.400000,9.810000,0.900000,30.000000,60.000000,6.000000,-0.930244,-0.997564,1.500000,-0.940685,-1.047017,1.487846,0.696431,0.048699,0.000000,0.711443,-0.004657,-0.004979,0.998936,-0.031616,-0.033560,-0.001062,-0.034465,-0.042662,-0.002703,0.044589,0.459627,-0.012605,23.494676,23.494676,23.504293,0.499157,1.680706,-0.382620,0.118964,0.915517
20.900000,1,0,0,2.400000,9.810000,0.900000,30.000000,60.000000,6.000000,-0.895472,-0.994522,1.500000,-0.905182,-1.046597,1.487590,0.694307,0.072975,0.000000,0.708535,0.021477,-0.005251,0.998872,-0.032454,-0.034636,-0.001125,-0.032691,-0.043407,-0.002824,0.013130,0.468132,-0.016449,23.504293,23.504293,23.514211,0.499367,1.656140,-0.402230,0.106135,0.916078
20.950000,1,0,0,2.400000,9.810000,0.900000,30.000000,60.000000,6.000000,-0.860827,-0.990268,1.500000,-0.869846,-1.044867,1.487322,0.691338,0.097161,0.000000,0.704778,0.047754,-0.005461,0.998808,-0.033244,-0.035730,-0.001189,-0.030591,-0.044069,-0.002937,-0.050779,0.481051,-0.011051,23.514211,23.514211,23.524368,0.499583,1.554576,-0.409019,0.115278,0.916658
21.000000,1,0,0,2.400000,9.810000,0.900000,30.000000,60.000000,6.000000,-0.826352,-0.984808,1.500000,-0.834718,-1.041820,1.487045,0.687526,0.121229,0.000000,0.700191,0.074126,-0.005607,0.998743,-0.033977,-0.036839,-0.001253,-0.028179,-0.044638,-0.003041,-0.077788,0.519215,-0.034356,23.524368,23.524368,23.534701,0.499803,1.542350,-0.352617,0.055342,0.917252
21.050000,1,0,0,2.400000,9.810000,0.900000,30.000000,60.000000,6.000000,-0.792088,-0.978148,1.500000,-0.799840,-1.037453,1.486762,0.682876,0.145150,0.000000,0.694794,0.100546,-0.005687,0.998678,-0.034646,-0.037961,-0.001317,-0.025470,-0.045106,-0.003133,-0.125794,0.531771,-0.032315,23.534701,23.534701,23.545144,0.500024,1.480400,-0.354702,0.056072,0.917856
21.100000,1,0,0,2.400000,9.810000,0.900000,30.000000,60.000000,6.000000,-0.758078,-0.970296,1.500000,-0.765252,-1.031766,1.486477,0.677394,0.168893,0.000000,0.688609,0.126962,-0.005701,0.998613,-0.035243,-0.039094,-0.001380,-0.022484,-0.045466,-0.003213,-0.147942,0.538319,-0.042195,23.545144,23.545144,23.555629,0.500247,1.481048,-0.367896,0.028051,0.918468
21.150000,1,0,0,2.400000,9.810000,0.900000,30.000000,60.000000,6.000000,-0.724363,-0.961262,1.500000,-0.730992,-1.024758,1.486193,0.671087,0.192431,0.000000,0.681657,0.153323,-0.005648,0.998549,-0.035763,-0.040235,-0.001441,-0.019245,-0.045710,-0.003278,-0.117014,0.530309,-0.025361,23.555629,23.555629,23.566092,0.500469,1.609491,-0.412394,0.064025,0.919083
21.200000,1,0,0,2.400000,9.810000,0.900000,30.000000,60.000000,6.000000,-0.690983,-0.951057,1.500000,-0.697099,-1.016435,1.485914,0.663963,0.215735,0.000000,0.673960,0.179577,-0.005527,0.998486,-0.036199,-0.041380,-0.001500,-0.015779,-0.045831,-0.003328,-0.140860,0.551096,-0.008651,23.566092,23.566092,23.576468,0.500690,1.606743,-0.383855,0.099610,0.919697
21.250000,1,0,0,2.400000,9.810000,0.900000,30.000000,60.000000,6.000000,-0.657980,-0.939693,1.500000,-0.663608,-1.006803,1.485642,0.656029,0.238775,0.000000,0.665540,0.205670,-0.005339,0.998425,-0.036546,-0.042526,-0.001557,-0.012117,-0.045826,-0.003359,-0.133114,0.518171,-0.018761,23.576468,23.576468,23.586693,0.500907,1.679935,-0.480044,0.070761,0.920308
21.300000,1,0,0,2.400000,9.810000,0.900000,30.000000,60.000000,6.000000,-0.625393,-0.927184,1.500000,-0.630557,-0.995872,1.485381,0.647296,0.261525,0.000000,0.656419,0.231549,-0.005086,0.998367,-0.036799,-0.043672,-0.001610,-0.008291,-0.045689,-0.003373,-0.138914,0.498521,0.005015,23.586693,23.586693,23.596709,0.501119,1.720582,-0.539968,0.123193,0.920910
21.350000,1,0,0,2.400000,9.810000,0.900000,30.000000,60.000000,6.000000,-0.593263,-0.913545,1.500000,-0.597978,-0.983653,1.485134,0.637775,0.283956,0.000000,0.646620,0.257160,-0.004768,0.998310,-0.036955,-0.044812,-0.001659,-0.004334,-0.045416,-0.003367,-0.156047,0.522988,-0.025254,23.596709,23.596709,23.606460,0.501326,1.733834,-0.489421,0.045899,0.921501
21.400000,1,0,0,2.400000,9.810000,0.900000,30.000000,60.000000,6.000000,-0.561629,-0.898794,1.500000,-0.565906,-0.970161,1.484905,0.627477,0.306041,0.000000,0.636165,0.282450,-0.004387,0.998257,-0.037011,-0.045943,-0.001703,-0.000284,-0.045006,-0.003342,-0.149562,0.506137,-0.017846,23.606460,23.606460,23.615897,0.501527,1.803406,-0.533309,0.059038,0.922077
21.450000,1,0,0,2.400000,9.810000,0.900000,30.000000,60.000000,6.000000,-0.530528,-0.882948,1.500000,-0.534372,-0.955414,1.484697,0.616414,0.327753,0.000000,0.625076,0.307365,-0.003946,0.998206,-0.036965,-0.047063,-0.001743,0.003823,-0.044456,-0.003297,-0.182006,0.480567,0.003625,23.615897,23.615897,23.624975,0.501720,1.779024,-0.593296,0.105955,0.922635
21.500000,1,0,0,2.400000,9.810000,0.900000,30.000000,60.000000,6.000000,-0.500000,-0.866025,1.500000,-0.503408,-0.939432,1.484512,0.604600,0.349066,0.000000,0.613374,0.331853,-0.003448,0.998159,-0.036816,-0.048167,-0.001777,0.007948,-0.043767,-0.003233,-0.192630,0.479632,0.007601,23.624975,23.624975,23.633654,0.501904,1.806310,-0.589278,0.110935,0.923171
21.550000,1,0,0,2.400000,9.810000,0.900000,30.000000,60.000000,6.000000,-0.470081,-0.848048,1.500000,-0.473044,-0.922237,1.484353,0.592049,0.369953,0.000000,0.601081,0.355864,-0.002895,0.998115,-0.036564,-0.049253,-0.001804,0.012052,-0.042938,-0.003150,-0.233183,0.446013,0.016521,23.633654,23.633654,23.641903,0.502079,1.760900,-0.658814,0.127853,0.923683
21.600000,1,0,0,2.400000,9.810000,0.900000,30.000000,60.000000,6.000000,-0.440807,-0.829038,1.500000,-0.443310,-0.903854,1.484223,0.578777,0.390390,0.000000,0.588217,0.379348,-0.002292,0.998075,-0.036211,-0.050316,-0.001826,0.016097,-0.041972,-0.003050,-0.274421,0.418883,0.019221,23.641903,23.641903,23.649695,0.502245,1.712808,-0.707930,0.129937,0.924167
21.650000,1,0,0,2.400000,9.810000,0.900000,30.000000,60.000000,6.000000,-0.412215,-0.809017,1.500000,-0.414232,-0.884311,1.484124,0.564800,0.410352,0.000000,0.574802,0.402257,-0.001643,0.998038,-0.035758,-0.051353,-0.001840,0.020044,-0.040871,-0.002932,-0.307861,0.390268,0.013960,23.649695,23.649695,23.657010,0.502400,1.682232,-0.755847,0.113024,0.924620
21.700000,1,0,0,2.400000,9.810000,0.900000,30.000000,60.000000,6.000000,-0.384339,-0.788011,1.500000,-0.385838,-0.863639,1.484059,0.550135,0.429813,0.000000,0.560856,0.424545,-0.000951,0.998006,-0.035208,-0.052361,-0.001847,0.023856,-0.039639,-0.002800,-0.307056,0.428425,0.000856,23.657010,23.657010,23.663834,0.502545,1.732474,-0.638880,0.077418,0.925041
21.750000,1,0,0,2.400000,9.810000,0.900000,30.000000,60.000000,6.000000,-0.357212,-0.766044,1.500000,-0.358155,-0.841868,1.484030,0.534800,0.448750,0.000000,0.546398,0.446168,-0.000221,0.997976,-0.034565,-0.053337,-0.001847,0.027497,-0.038281,-0.002655,-0.301929,0.429325,0.023094,23.663834,23.663834,23.670159,0.502679,1.791567,-0.606876,0.126777,0.925426
21.800000,1,0,0,2.400000,9.810000,0.900000,30.000000,60.000000,6.000000,-0.330869,-0.743145,1.500000,-0.331207,-0.819034,1.484038,0.518813,0.467141,0.000000,0.531445,0.467085,0.000541,0.997951,-0.033834,-0.054278,-0.001840,0.030934,-0.036801,-0.002498,-0.321173,0.394474,0.033778,23.670159,23.670159,23.675983,0.502803,1.790494,-0.656439,0.148570,0.925773
21.850000,1,0,0,2.400000,9.810000,0.900000,30.000000,60.000000,6.000000,-0.305342,-0.719340,1.500000,-0.305018,-0.795172,1.484084,0.502194,0.484963,0.000000,0.516014,0.487258,0.001331,0.997929,-0.033021,-0.055180,-0.001826,0.034134,-0.035208,-0.002333,-0.305236,0.411246,0.030562,23.675983,23.675983,23.681308,0.502916,1.872032,-0.578129,0.137172,0.926081
21.900000,1,0,0,2.400000,9.810000,0.900000,30.000000,60.000000,6.000000,-0.280660,-0.694658,1.500000,-0.279613,-0.770321,1.484171,0.484963,0.502194,0.000000,0.500123,0.506651,0.002143,0.997910,-0.032130,-0.056040,-0.001804,0.037069,-0.033507,-0.002160,-0.333433,0.402304,0.005574,23.681308,23.681308,23.686139,0.503019,1.845689,-0.557848,0.073708,0.926348
21.950000,1,0,0,2.400000,9.810000,0.900000,30.000000,60.000000,6.000000,-0.256855,-0.669131,1.500000,-0.255013,-0.744520,1.484299,0.467141,0.518813,0.000000,0.483786,0.525230,0.002971,0.997894,-0.031170,-0.056858,-0.001776,0.039713,-0.031708,-0.001983,-0.353945,0.361128,-0.016784,23.686139,23.686139,23.690488,0.503111,1.835706,-0.611575,0.016748,0.926571
22.000000,1,0,0,2.400000,9.810000,0.900000,30.000000,60.000000,6.000000,-0.233956,-0.642788,1.500000,-0.231241,-0.717812,1.484468,0.448750,0.534800,0.000000,0.467019,0.542967,0.003810,0.997881,-0.030149,-0.057628,-0.001741,0.042042,-0.029819,-0.001803,-0.330112,0.338968,-0.020105,23.690488,23.690488,23.694366,0.503193,1.929948,-0.616670,0.005680,0.926751
22.050000,1,0,0,2.400000,9.810000,0.900000,30.000000,60.000000,6.000000,-0.211989,-0.615661,1.500000,-0.208318,-0.690238,1.484680,0.429813,0.550135,0.000000,0.449836,0.559835,0.004654,0.997871,-0.029073,-0.058351,-0.001700,0.044038,-0.027849,-0.001624,-0.364958,0.326475,0.016040,23.694366,23.694366,23.697788,0.503266,1.881051,-0.595953,0.089537,0.926885
22.100000,1,0,0,2.400000,9.810000,0.900000,30.000000,60.000000,6.000000,-0.190983,-0.587785,1.500000,-0.186265,-0.661843,1.484934,0.410352,0.564800,0.000000,0.432249,0.575812,0.005497,0.997864,-0.027952,-0.059023,-0.001653,0.045685,-0.025810,-0.001447,-0.374151,0.331886,0.029067,23.697788,23.697788,23.700771,0.503329,1.891319,-0.530061,0.118118,0.926974
22.150000,1,0,0,2.400000,9.810000,0.900000,30.000000,60.000000,6.000000,-0.170962,-0.559193,1.500000,-0.165100,-0.632672,1.485230,0.390390,0.578777,0.000000,0.414273,0.590876,0.006333,0.997859,-0.026794,-0.059644,-0.001602,0.046972,-0.023711,-0.001274,-0.399510,0.289237,0.041630,23.700771,23.700771,23.703333,0.503384,1.860307,-0.577731,0.145799,0.927017
22.200000,1,0,0,2.400000,9.810000,0.900000,30.000000,60.000000,6.000000,-0.151952,-0.529919,1.500000,-0.144844,-0.602771,1.485567,0.369953,0.592049,0.000000,0.395918,0.605014,0.007156,0.997856,-0.025609,-0.060211,-0.001545,0.047891,-0.021563,-0.001108,-0.410672,0.327721,0.042546,23.703333,23.703333,23.705491,0.503430,1.860816,-0.429335,0.145739,0.927014
22.250000,1,0,0,2.400000,9.810000,0.900000,30.000000,60.000000,6.000000,-0.133975,-0.500000,1.500000,-0.125514,-0.572186,1.485945,0.349066,0.604600,0.000000,0.377197,0.618210,0.007961,0.997855,-0.024406,-0.060725,-0.001485,0.048440,-0.019377,-0.000948,-0.420539,0.263291,0.005507,23.705491,23.705491,23.707264,0.503467,1.861828,-0.527023,0.054795,0.926964
22.300000,1,0,0,2.400000,9.810000,0.900000,30.000000,60.000000,6.000000,-0.117052,-0.469472,1.500000,-0.107130,-0.540966,1.486363,0.327753,0.616414,0.000000,0.358121,0.630458,0.008742,0.997856,-0.023194,-0.061183,-0.001422,0.048620,-0.017166,-0.000798,-0.409585,0.198019,0.034527,23.707264,23.707264,23.708670,0.503497,1.910165,-0.626267,0.122596,0.926869
22.350000,1,0,0,2.400000,9.810000,0.900000,30.000000,60.000000,6.000000,-0.101206,-0.438371,1.500000,-0.089708,-0.509156,1.486819,0.306041,0.627477,0.000000,0.338700,0.641749,0.009494,0.997859,-0.021982,-0.061585,-0.001357,0.048436,-0.014940,-0.000659,-0.432007,0.163204,0.015236,23.708670,23.708670,23.709728,0.503520,1.875730,-0.652385,0.074651,0.926728
22.400000,1,0,0,2.400000,9.810000,0.900000,30.000000,60.000000,6.000000,-0.086455,-0.406737,1.500000,-0.073265,-0.476807,1.487311,0.283956,0.637775,0.000000,0.318946,0.652082,0.010210,0.997863,-0.020780,-0.061932,-0.001290,0.047898,-0.012712,-0.000530,-0.451383,0.143954,0.013316,23.709728,23.709728,23.710454,0.503535,1.845924,-0.641547,0.068588,0.926543
22.450000,1,0,0,2.400000,9.810000,0.900000,30.000000,60.000000,6.000000,-0.072816,-0.374607,1.500000,-0.057819,-0.443964,1.487839,0.261525,0.647296,0.000000,0.298867,0.661457,0.010887,0.997869,-0.019595,-0.062223,-0.001222,0.047021,-0.010492,-0.000412,-0.459008,0.156184,0.018219,23.710454,23.710454,23.710866,0.503544,1.841644,-0.555975,0.079079,0.926315
22.500000,1,0,0,2.400000,9.810000,0.900000,30.000000,60.000000,6.000000,-0.060307,-0.342020,1.500000,-0.043384,-0.410677,1.488399,0.238775,0.656029,0.000000,0.278475,0.669878,0.011520,0.997877,-0.018436,-0.062459,-0.001154,0.045822,-0.008292,-0.000306,-0.468880,0.162736,-0.007273,23.710866,23.710866,23.710982,0.503546,1.829309,-0.485241,0.016794,0.926045
22.550000,1,0,0,2.400000,9.810000,0.900000,30.000000,60.000000,6.000000,-0.048943,-0.309017,1.500000,-0.029976,-0.376992,1.488990,0.215735,0.663963,0.000000,0.257778,0.677350,0.012103,0.997885,-0.017310,-0.062640,-0.001087,0.044323,-0.006123,-0.000212,-0.431136,0.140066,-0.005640,23.710982,23.710982,23.710818,0.503543,1.928620,-0.486223,0.019765,0.925735
22.600000,1,0,0,2.400000,9.810000,0.900000,30.000000,60.000000,6.000000,-0.038738,-0.275637,1.500000,-0.017611,-0.342957,1.489609,0.192431,0.671087,0.000000,0.236789,0.683882,0.012633,0.997896,-0.016226,-0.062768,-0.001021,0.042548,-0.003995,-0.000130,-0.460853,0.113670,0.036219,23.710818,23.710818,23.710393,0.503534,1.863441,-0.498075,0.119423,0.925387
22.650000,1,0,0,2.400000,9.810000,0.900000,30.000000,60.000000,6.000000,-0.029704,-0.241922,1.500000,-0.006302,-0.308619,1.490252,0.168893,0.677394,0.000000,0.215517,0.689486,0.013106,0.997907,-0.015189,-0.062842,-0.000957,0.040526,-0.001919,-0.000058,-0.470889,0.094363,0.056373,23.710393,23.710393,23.709725,0.503519,1.842969,-0.495158,0.167115,0.925004
22.700000,1,0,0,2.400000,9.810000,0.900000,30.000000,60.000000,6.000000,-0.021852,-0.207912,1.500000,0.003936,-0.274024,1.490918,0.145150,0.682876,0.000000,0.193972,0.694176,0.013519,0.997920,-0.014206,-0.062866,-0.000895,0.038287,0.000096,0.000003,-0.448881,0.088300,0.063189,23.709725,23.709725,23.708831,0.503500,1.896942,-0.462972,0.182904,0.924586
22.750000,1,0,0,2.400000,9.810000,0.900000,30.000000,60.000000,6.000000,-0.015192,-0.173648,1.500000,0.013091,-0.239217,1.491603,0.121229,0.687526,0.000000,0.172167,0.697966,0.013868,0.997935,-0.013280,-0.062840,-0.000836,0.035865,0.002042,0.000054,-0.452451,0.039539,0.031436,23.708831,23.708831,23.707733,0.503477,1.887149,-0.536023,0.106222,0.924138
22.800000,1,0,0,2.400000,9.810000,0.900000,30.000000,60.000000,6.000000,-0.009732,-0.139173,1.500000,0.021149,-0.204242,1.492304,0.097161,0.691338,0.000000,0.150112,0.700874,0.014152,0.997951,-0.012417,-0.062766,-0.000781,0.033294,0.003909,0.000097,-0.484685,0.040688,-0.009894,23.707733,23.707733,23.706452,0.503450,1.806276,-0.492245,0.006629,0.923661
22.850000,1,0,0,2.400000,9.810000,0.900000,30.000000,60.000000,6.000000,-0.005478,-0.104528,1.500000,0.028098,-0.169144,1.493017,0.072975,0.694307,0.000000,0.127821,0.702918,0.014368,0.997968,-0.011620,-0.062647,-0.000729,0.030613,0.005691,0.000133,-0.485729,0.027980,-0.011813,23.706452,23.706452,23.705009,0.503419,1.798070,-0.484839,0.001676,0.923159
22.900000,1,0,0,2.400000,9.810000,0.900000,30.000000,60.000000,6.000000,-0.002436,-0.069756,1.500000,0.033927,-0.133964,1.493740,0.048699,0.696431,0.000000,0.105307,0.704120,0.014514,0.997986,-0.010891,-0.062484,-0.000682,0.027857,0.007381,0.000161,-0.473607,0.008295,-0.047326,23.705009,23.705009,23.703430,0.503386,1.819385,-0.497403,-0.083868,0.922634
22.950000,1,0,0,2.400000,9.810000,0.900000,30.000000,60.000000,6.000000,-0.000609,-0.034899,1.500000,0.038625,-0.098745,1.494468,0.024364,0.697706,0.000000,0.082583,0.704499,0.014590,0.998006,-0.010231,-0.062280,-0.000638,0.025065,0.008975,0.000184,-0.464669,-0.005872,-0.051650,23.703430,23.703430,23.701739,0.503350,1.831096,-0.500014,-0.094546,0.922091
23.000000,1,0,0,2.400000,9.810000,0.900000,30.000000,60.000000,6.000000,0.000000,-0.000000,1.500000,0.042182,-0.063528,1.495198,0.000000,0.698132,0.000000,0.059665,0.704077,0.014595,0.998027,-0.009640,-0.062038,-0.000599,0.022277,0.010466,0.000202,-0.465811,-0.059346,-0.075409,23.701739,23.701739,23.699964,0.503312,1.816773,-0.600272,-0.151875,0.921532
23.050000,1,0,0,2.400000,9.810000,0.900000,30.000000,60.000000,6.000000,-0.000609,0.034899,1.500000,0.044589,-0.028351,1.495926,-0.024364,0.697706,0.000000,0.036568,0.702876,0.014529,0.998049,-0.009119,-0.061759,-0.000564,0.019529,0.011852,0.000217,-0.494624,-0.045145,-0.043449,23.699964,23.699964,23.698133,0.503273,1.734328,-0.541397,-0.075507,0.920960
23.100000,1,0,0,2.400000,9.810000,0.900000,30.000000,60.000000,6.000000,-0.002436,0.069756,1.500000,0.045836,0.006747,1.496649,-0.048699,0.696431,0.000000,0.013311,0.700919,0.014391,0.998073,-0.008665,-0.061447,-0.000533,0.016859,0.013131,0.000228,-0.482267,-0.104489,-0.024495,23.698133,23.698133,23.696274,0.503234,1.749105,-0.662242,-0.030404,0.920380
23.150000,1,0,0,2.400000,9.810000,0.900000,30.000000,60.000000,6.000000,-0.005478,0.104528,1.500000,0.045918,0.041729,1.497364,-0.072975,0.694307,0.000000,-0.010089,0.698227,0.014184,0.998097,-0.008277,-0.061105,-0.000507,0.014303,0.014301,0.000237,-0.476427,-0.129091,-0.034833,23.696274,23.696274,23.694417,0.503194,1.746793,-0.702810,-0.055669,0.919795
23.200000,1,0,0,2.400000,9.810000,0.900000,30.000000,60.000000,6.000000,-0.009732,0.139173,1.500000,0.044825,0.076558,1.498067,-0.097161,0.691338,0.000000,-0.033612,0.694822,0.013908,0.998122,-0.007951,-0.060735,-0.000484,0.011894,0.015361,0.000245,-0.502419,-0.139466,-0.035131,23.694417,23.694417,23.692592,0.503156,1.666765,-0.712180,-0.056930,0.919208
23.250000,1,0,0,2.400000,9.810000,0.900000,30.000000,60.000000,6.000000,-0.015192,0.173648,1.500000,0.042555,0.111200,1.498754,-0.121229,0.687526,0.000000,-0.057238,0.690727,0.013566,0.998148,-0.007682,-0.060340,-0.000464,0.009664,0.016312,0.000251,-0.504244,-0.124338,-0.052941,23.692592,23.692592,23.690828,0.503118,1.643554,-0.663096,-0.100330,0.918624
23.300000,1,0,0,2.400000,9.810000,0.900000,30.000000,60.000000,6.000000,-0.021852,0.207912,1.500000,0.039100,0.145620,1.499422,-0.145150,0.682876,0.000000,-0.080943,0.685960,0.013159,0.998175,-0.007467,-0.059922,-0.000448,0.007643,0.017157,0.000257,-0.497446,-0.138662,-0.021422,23.690828,23.690828,23.689155,0.503083,1.639987,-0.687219,-0.025469,0.918046
23.350000,1,0,0,2.400000,9.810000,0.900000,30.000000,60.000000,6.000000,-0.029704,0.241922,1.500000,0.034459,0.179785,1.500069,-0.168893,0.677394,0.000000,-0.104704,0.680543,0.012690,0.998202,-0.007299,-0.059484,-0.000435,0.005855,0.017897,0.000262,-0.501642,-0.151191,-0.064071,23.689155,23.689155,23.687599,0.503050,1.609106,-0.709295,-0.128757,0.917478
23.400000,1,0,0,2.400000,9.810000,0.900000,30.000000,60.000000,6.000000,-0.038738,0.275637,1.500000,0.028629,0.213663,1.500690,-0.192431,0.671087,0.000000,-0.128497,0.674492,0.012163,0.998230,-0.007173,-0.059029,-0.000424,0.004324,0.018538,0.000266,-0.480396,-0.131162,-0.079140,23.687599,23.687599,23.686187,0.503020,1.638489,-0.655202,-0.166021,0.916923
23.450000,1,0,0,2.400000,9.810000,0.900000,30.000000,60.000000,6.000000,-0.048943,0.309017,1.500000,0.021610,0.247224,1.501284,-0.215735,0.663963,0.000000,-0.152294,0.667826,0.011581,0.998259,-0.007082,-0.058560,-0.000415,0.003069,0.019083,0.000271,-0.483062,-0.170256,-0.065149,23.686187,23.686187,23.684942,0.502993,1.609799,-0.744655,-0.133716,0.916386
23.500000,1,0,0,2.400000,9.810000,0.900000,30.000000,60.000000,6.000000,-0.060307,0.342020,1.500000,0.013400,0.280436,1.501847,-0.238775,0.656029,0.000000,-0.176069,0.660561,0.010948,0.998287,-0.007018,-0.058078,-0.000408,0.002104,0.019538,0.000275,-0.489527,-0.166549,-0.060544,23.684942,23.684942,23.683886,0.502971,1.571423,-0.732708,-0.124136,0.915869
23.550000,1,0,0,2.400000,9.810000,0.900000,30.000000,60.000000,6.000000,-0.072816,0.374607,1.500000,0.004004,0.313270,1.502378,-0.261525,0.647296,0.000000,-0.199792,0.652710,0.010269,0.998316,-0.006974,-0.057585,-0.000402,0.001441,0.019909,0.000278,-0.458550,-0.187915,-0.059964,23.683886,23.683886,23.683037,0.502953,1.622439,-0.781903,-0.124420,0.915377
23.600000,1,0,0,2.400000,9.810000,0.900000,30.000000,60.000000,6.000000,-0.086455,0.406737,1.500000,-0.006577,0.345697,1.502874,-0.283956,0.637775,0.000000,-0.223433,0.644286,0.009548,0.998345,-0.006944,-0.057084,-0.000397,0.001086,0.020205,0.000281,-0.462248,-0.195675,-0.032934,23.683037,23.683037,23.682412,0.502939,1.589867,-0.799049,-0.061445,0.914912
23.650000,1,0,0,2.400000,9.810000,0.900000,30.000000,60.000000,6.000000,-0.101206,0.438371,1.500000,-0.018338,0.377689,1.503332,-0.306041,0.627477,0.000000,-0.246960,0.635301,0.008790,0.998374,-0.006918,-0.056577,-0.000392,0.001041,0.020433,0.000283,-0.484197,-0.190012,-0.063086,23.682412,23.682412,23.682022,0.502931,1.513208,-0.784222,-0.135937,0.914479
23.700000,1,0,0,2.400000,9.810000,0.900000,30.000000,60.000000,6.000000,-0.117052,0.469472,1.500000,-0.031271,0.409218,1.503752,-0.327753,0.616414,0.000000,-0.270341,0.625763,0.008000,0.998403,-0.006890,-0.056065,-0.000387,0.001304,0.020601,0.000284,-0.491375,-0.196282,-0.066153,23.682022,23.682022,23.681877,0.502928,1.471794,-0.797907,-0.145663,0.914079
23.750000,1,0,0,2.400000,9.810000,0.900000,30.000000,60.000000,6.000000,-0.133975,0.500000,1.500000,-0.045369,0.440257,1.504132,-0.349066,0.604600,0.000000,-0.293541,0.615682,0.007184,0.998432,-0.006851,-0.055549,-0.000381,0.001869,0.020720,0.000284,-0.507479,-0.159142,-0.041059,23.681877,23.681877,23.681984,0.502930,1.408816,-0.706918,-0.088045,0.913717
23.800000,1,0,0,2.400000,9.810000,0.900000,30.000000,60.000000,6.000000,-0.151952,0.529919,1.500000,-0.060622,0.470778,1.504470,-0.369953,0.592049,0.000000,-0.316526,0.605062,0.006347,0.998461,-0.006794,-0.055031,-0.000374,0.002725,0.020797,0.000283,-0.493558,-0.174673,-0.042051,23.681984,23.681984,23.682346,0.502938,1.417810,-0.741503,-0.093284,0.913396
23.850000,1,0,0,2.400000,9.810000,0.900000,30.000000,60.000000,6.000000,-0.170962,0.559193,1.500000,-0.077017,0.500754,1.504766,-0.390390,0.578777,0.000000,-0.339260,0.593910,0.005495,0.998491,-0.006713,-0.054511,-0.000366,0.003856,0.020843,0.000280,-0.473107,-0.213951,-0.063947,23.682346,23.682346,23.682962,0.502951,1.442429,-0.831906,-0.148942,0.913117
23.900000,1,0,0,2.400000,9.810000,0.900000,30.000000,60.000000,6.000000,-0.190983,0.587785,1.500000,-0.094543,0.530160,1.505019,-0.410352,0.564800,0.000000,-0.361706,0.582227,0.004633,0.998520,-0.006600,-0.053990,-0.000357,0.005245,0.020868,0.000276,-0.448589,-0.247377,-0.014866,23.682962,23.682962,23.683832,0.502970,1.476795,-0.906773,-0.034507,0.912883
23.950000,1,0,0,2.400000,9.810000,0.900000,30.000000,60.000000,6.000000,-0.211989,0.615661,1.500000,-0.113182,0.558968,1.505229,-0.429813,0.550135,0.000000,-0.383827,0.570016,0.003769,0.998549,-0.006450,-0.053469,-0.000345,0.006869,0.020882,0.000270,-0.469241,-0.254359,-0.011078,23.683832,23.683832,23.684952,0.502993,1.402756,-0.916391,-0.029027,0.912696
24.000000,1,0,0,2.400000,9.810000,0.900000,30.000000,60.000000,6.000000,-0.233956,0.642788,1.500000,-0.132919,0.587153,1.505396,-0.448750,0.534800,0.000000,-0.405585,0.557277,0.002906,0.998578,-0.006256,-0.052948,-0.000332,0.008702,0.020895,0.000262,-0.499457,-0.255036,-0.010569,23.684952,23.684952,23.686313,0.503022,1.305771,-0.908832,-0.031663,0.912559
24.050000,1,0,0,2.400000,9.810000,0.900000,30.000000,60.000000,6.000000,-0.256855,0.669131,1.500000,-0.153734,0.614687,1.505520,-0.467141,0.518813,0.000000,-0.426942,0.544010,0.002052,0.998607,-0.006014,-0.052426,-0.000316,0.010715,0.020917,0.000252,-0.469403,-0.240561,0.003783,23.686313,23.686313,23.687910,0.503056,1.353440,-0.862627,-0.001317,0.912474
24.100000,1,0,0,2.400000,9.810000,0.900000,30.000000,60.000000,6.000000,-0.280660,0.694658,1.500000,-0.175606,0.641545,1.505602,-0.484963,0.502194,0.000000,-0.447859,0.530214,0.001213,0.998636,-0.005720,-0.051903,-0.000297,0.012876,0.020957,0.000240,-0.482393,-0.237009,-0.021129,23.687910,23.687910,23.689732,0.503095,1.297786,-0.840164,-0.065441,0.912441
24.150000,1,0,0,2.400000,9.810000,0.900000,30.000000,60.000000,6.000000,-0.305342,0.719340,1.500000,-0.198512,0.667699,1.505642,-0.502194,0.484963,0.000000,-0.468298,0.515886,0.000393,0.998665,-0.005370,-0.051379,-0.000276,0.015152,0.021025,0.000226,-0.471745,-0.268860,-0.015356,23.689732,23.689732,23.691770,0.503138,1.298821,-0.900040,-0.056145,0.912463
24.200000,1,0,0,2.400000,9.810000,0.900000,30.000000,60.000000,6.000000,-0.330869,0.743145,1.500000,-0.222427,0.693124,1.505641,-0.518813,0.467141,0.000000,-0.488219,0.501024,-0.000402,0.998694,-0.004963,-0.050853,-0.000253,0.017508,0.021130,0.000210,-0.458271,-0.306635,-0.065379,23.691770,23.691770,23.694010,0.503186,1.306555,-0.971384,-0.180975,0.912539
24.250000,1,0,0,2.400000,9.810000,0.900000,30.000000,60.000000,6.000000,-0.357212,0.766044,1.500000,-0.247325,0.717793,1.505602,-0.534800,0.448750,0.000000,-0.507584,0.485624,-0.001166,0.998723,-0.004496,-0.050324,-0.000227,0.019906,0.021279,0.000192,-0.461827,-0.259425,-0.054483,23.694010,23.694010,23.696442,0.503237,1.273281,-0.835944,-0.159801,0.912672
24.300000,1,0,0,2.400000,9.810000,0.900000,30.000000,60.000000,6.000000,-0.384339,0.788011,1.500000,-0.273176,0.741678,1.505525,-0.550135,0.429813,0.000000,-0.526356,0.469684,-0.001895,0.998752,-0.003969,-0.049791,-0.000198,0.022309,0.021480,0.000171,-0.453637,-0.318506,-0.044499,23.696442,23.696442,23.699051,0.503293,1.268006,-0.952750,-0.141002,0.912861
24.350000,1,0,0,2.400000,9.810000,0.900000,30.000000,60.000000,6.000000,-0.412215,0.809017,1.500000,-0.299950,0.764752,1.505413,-0.564800,0.410352,0.000000,-0.544495,0.453202,-0.002583,0.998781,-0.003382,-0.049251,-0.000167,0.024679,0.021739,0.000147,-0.403619,-0.358653,-0.049673,23.699051,23.699051,23.701825,0.503352,1.362854,-1.021279,-0.158752,0.913107
24.400000,1,0,0,2.400000,9.810000,0.900000,30.000000,60.000000,6.000000,-0.440807,0.829038,1.500000,-0.327614,0.786989,1.505268,-0.578777,0.390390,0.000000,-0.561967,0.436174,-0.003226,0.998809,-0.002737,-0.048705,-0.000133,0.026978,0.022064,0.000121,-0.397226,-0.386917,-0.038294,23.701825,23.701825,23.704747,0.503414,1.352665,-1.058514,-0.136927,0.913410
24.450000,1,0,0,2.400000,9.810000,0.900000,30.000000,60.000000,6.000000,-0.470081,0.848048,1.500000,-0.356135,0.808361,1.505092,-0.592049,0.369953,0.000000,-0.578734,0.418599,-0.003820,0.998838,-0.002036,-0.048149,-0.000098,0.029169,0.022458,0.000092,-0.346814,-0.375282,-0.065032,23.704747,23.704747,23.707802,0.503479,1.447700,-0.997319,-0.206718,0.913769
24.500000,1,0,0,2.400000,9.810000,0.900000,30.000000,60.000000,6.000000,-0.500000,0.866025,1.500000,-0.385475,0.828840,1.504887,-0.604600,0.349066,0.000000,-0.594761,0.400475,-0.004361,0.998866,-0.001282,-0.047582,-0.000061,0.031216,0.022926,0.000059,-0.337704,-0.353929,-0.040536,23.707802,23.707802,23.710974,0.503546,1.443102,-0.910278,-0.153656,0.914184
24.550000,1,0,0,2.400000,9.810000,0.900000,30.000000,60.000000,6.000000,-0.530528,0.882948,1.500000,-0.415598,0.848399,1.504656,-0.616414,0.327753,0.000000,-0.610016,0.381804,-0.004846,0.998895,-0.000479,-0.047003,-0.000023,0.033085,0.023470,0.000022,-0.279777,-0.389632,-0.013219,23.710974,23.710974,23.714243,0.503615,1.555062,-0.957840,-0.093919,0.914654
24.600000,1,0,0,2.400000,9.810000,0.900000,30.000000,60.000000,6.000000,-0.561629,0.898794,1.500000,-0.446464,0.867011,1.504403,-0.627477,0.306041,0.000000,-0.624464,0.362587,-0.005271,0.998922,0.000369,-0.046410,0.000017,0.034743,0.024093,-0.000018,-0.267950,-0.369068,-0.050270,23.714243,23.714243,23.717589,0.503686,1.555687,-0.868253,-0.188731,0.915178
24.650000,1,0,0,2.400000,9.810000,0.900000,30.000000,60.000000,6.000000,-0.593263,0.913545,1.500000,-0.478031,0.884649,1.504130,-0.637775,0.283956,0.000000,-0.638076,0.342826,-0.005634,0.998950,0.001255,-0.045799,0.000058,0.036160,0.024796,-0.000062,-0.252429,-0.359335,-0.038212,23.717589,23.717589,23.720992,0.503759,1.564385,-0.802826,-0.165726,0.915754
24.700000,1,0,0,2.400000,9.810000,0.900000,30.000000,60.000000,6.000000,-0.625393,0.927184,1.500000,-0.510257,0.901285,1.503841,-0.647296,0.261525,0.000000,-0.650822,0.322528,-0.005934,0.998977,0.002173,-0.045170,0.000098,0.037310,0.025578,-0.000111,-0.245523,-0.356479,-0.028097,23.720992,23.720992,23.724425,0.503832,1.551515,-0.752366,-0.147402,0.916382
24.750000,1,0,0,2.400000,9.810000,0.900000,30.000000,60.000000,6.000000,-0.657980,0.939693,1.500000,-0.543098,0.916892,1.503538,-0.656029,0.238775,0.000000,-0.662675,0.301698,-0.006168,0.999004,0.003116,-0.044521,0.000139,0.038169,0.026438,-0.000165,-0.207515,-0.427743,-0.025025,23.724425,23.724425,23.727865,0.503905,1.612303,-0.878586,-0.145977,0.917058
24.800000,1,0,0,2.400000,9.810000,0.900000,30.000000,60.000000,6.000000,-0.690983,0.951057,1.500000,-0.576509,0.931446,1.503225,-0.663963,0.215735,0.000000,-0.673609,0.280347,-0.006335,0.999030,0.004077,-0.043849,0.000179,0.038717,0.027374,-0.000223,-0.184627,-0.451768,-0.021956,23.727865,23.727865,23.731282,0.503977,1.635722,-0.890587,-0.144526,0.917781
24.850000,1,0,0,2.400000,9.810000,0.900000,30.000000,60.000000,6.000000,-0.724363,0.961262,1.500000,-0.610443,0.944919,1.502906,-0.671087,0.192431,0.000000,-0.683601,0.258485,-0.006434,0.999056,0.005047,-0.043153,0.000218,0.038936,0.028381,-0.000287,-0.178525,-0.443349,-0.048639,23.731282,23.731282,23.734647,0.504049,1.617684,-0.824251,-0.214425,0.918549
24.900000,1,0,0,2.400000,9.810000,0.900000,30.000000,60.000000,6.000000,-0.758078,0.970296,1.500000,-0.644853,0.957286,1.502583,-0.677394,0.168893,0.000000,-0.692629,0.236127,-0.006466,0.999081,0.006019,-0.042430,0.000256,0.038816,0.029455,-0.000355,-0.132365,-0.511508,-0.003242,23.734647,23.734647,23.737927,0.504118,1.694527,-0.941632,-0.111247,0.919358
24.950000,1,0,0,2.400000,9.810000,0.900000,30.000000,60.000000,6.000000,-0.792088,0.978148,1.500000,-0.679690,0.968523,1.502260,-0.682876,0.145150,0.000000,-0.700675,0.213290,-0.006431,0.999107,0.006984,-0.041680,0.000291,0.038348,0.030591,-0.000428,-0.110178,-0.502065,-0.035627,23.737927,23.737927,23.741089,0.504186,1.712501,-0.873106,-0.194640,0.920207
25.000000,1,0,0,2.400000,9.810000,0.900000,30.000000,60.000000,6.000000,-0.826352,0.984808,1.500000,-0.714904,0.978607,1.501941,-0.687526,0.121229,0.000000,-0.707722,0.189991,-0.006329,0.999132,0.007933,-0.040901,0.000325,0.037528,0.031782,-0.000505,-0.089471,-0.468400,-0.033000,23.741089,23.741089,23.744096,0.504249,1.725517,-0.747200,-0.193870,0.921093
25.050000,1,0,0,2.400000,9.810000,0.900000,30.000000,60.000000,6.000000,-0.860827,0.990268,1.500000,-0.750445,0.987515,1.501628,-0.691338,0.097161,0.000000,-0.713755,0.166255,-0.006162,0.999157,0.008856,-0.040091,0.000355,0.036356,0.033020,-0.000585,-0.083769,-0.448188,-0.007315,23.744096,23.744096,23.746914,0.504309,1.701053,-0.654758,-0.137600,0.922011
25.100000,1,0,0,2.400000,9.810000,0.900000,30.000000,60.000000,6.000000,-0.895472,0.994522,1.500000,-0.786262,0.995226,1.501326,-0.694307,0.072975,0.000000,-0.718764,0.142105,-0.005932,0.999182,0.009747,-0.039250,0.000383,0.034837,0.034296,-0.000669,-0.068132,-0.453187,-0.005833,23.746914,23.746914,23.749506,0.504364,1.698910,-0.624414,-0.139235,0.922960
25.150000,1,0,0,2.400000,9.810000,0.900000,30.000000,60.000000,6.000000,-0.930244,0.997564,1.500000,-0.822304,1.001719,1.501036,-0.696431,0.048699,0.000000,-0.722739,0.117569,-0.005640,0.999207,0.010595,-0.038376,0.000407,0.032980,0.035602,-0.000755,-0.061211,-0.484572,-0.004673,23.749506,23.749506,23.751835,0.504414,1.674286,-0.659396,-0.141436,0.923936
25.200000,1,0,0,2.400000,9.810000,0.900000,30.000000,60.000000,6.000000,-0.965101,0.999391,1.500000,-0.858519,1.006977,1.500763,-0.697706,0.024364,0.000000,-0.725673,0.092678,-0.005290,0.999233,0.011392,-0.037470,0.000427,0.030799,0.036928,-0.000842,-0.060537,-0.500186,-0.009415,23.751835,23.751835,23.753867,0.504457,1.633077,-0.658925,-0.157570,0.924934
25.250000,1,0,0,2.400000,9.810000,0.900000,30.000000,60.000000,6.000000,-1.000000,1.000000,1.500000,-0.894854,1.010982,1.500508,-0.698132,0.000000,0.000000,-0.727564,0.067464,-0.004885,0.999259,0.012132,-0.036530,0.000443,0.028309,0.038263,-0.000929,-0.016659,-0.530863,-0.017981,23.753867,23.753867,23.755568,0.504493,1.693947,-0.697385,-0.182632,0.925952
25.300000,1,0,0,2.400000,9.810000,0.900000,30.000000,60.000000,6.000000,-1.034899,0.999391,1.500000,-0.931258,1.013718,1.500275,-0.697706,-0.024364,0.000000,-0.728408,0.041964,-0.004428,0.999286,0.012805,-0.035557,0.000456,0.025532,0.039595,-0.001015,-0.008546,-0.561474,-0.004417,23.755568,23.755568,23.756909,0.504522,1.667365,-0.738817,-0.154310,0.926986
25.350000,1,0,0,2.400000,9.810000,0.900000,30.000000,60.000000,6.000000,-1.069756,0.997564,1.500000,-0.967678,1.015174,1.500066,-0.696431,-0.048699,0.000000,-0.728209,0.016216,-0.003923,0.999313,0.013406,-0.034551,0.000464,0.022492,0.040914,-0.001098,0.034333,-0.539276,-0.011234,23.756909,23.756909,23.757862,0.504542,1.722615,-0.656970,-0.174611,0.928032
25.400000,1,0,0,2.400000,9.810000,0.900000,30.000000,60.000000,6.000000,-1.104528,0.994522,1.500000,-1.004062,1.015337,1.499883,-0.694307,-0.072975,0.000000,-0.726971,-0.009740,-0.003375,0.999341,0.013928,-0.033512,0.000467,0.019216,0.042207,-0.001177,0.067318,-0.536840,0.000534,23.757862,23.757862,23.758404,0.504553,1.752541,-0.626314,-0.150002,0.929086
25.450000,1,0,0,2.400000,9.810000,0.900000,30.000000,60.000000,6.000000,-1.139173,0.990268,1.500000,-1.040358,1.014197,1.499729,-0.691338,-0.097161,0.000000,-0.724698,-0.035859,-0.002788,0.999370,0.014365,-0.032441,0.000466,0.015735,0.043463,-0.001250,0.115513,-0.546937,0.011750,23.758404,23.758404,23.758517,0.504556,1.817430,-0.629759,-0.126390,0.930144
25.500000,1,0,0,2.400000,9.810000,0.900000,30.000000,60.000000,6.000000,-1.173648,0.984808,1.500000,-1.076514,1.011749,1.499605,-0.687526,-0.121229,0.000000,-0.721402,-0.062097,-0.002166,0.999400,0.014714,-0.031339,0.000461,0.012081,0.044669,-0.001316,0.123419,-0.528378,0.003789,23.758517,23.758517,23.758189,0.504549,1.784135,-0.568686,-0.148468,0.931203
25.550000,1,0,0,2.400000,9.810000,0.900000,30.000000,60.000000,6.000000,-1.207912,0.978148,1.500000,-1.112481,1.007986,1.499513,-0.682876,-0.145150,0.000000,-0.717093,-0.088406,-0.001516,0.999431,0.014969,-0.030208,0.000452,0.008289,0.045813,-0.001373,0.145754,-0.575885,0.001411,23.758189,23.758189,23.757410,0.504532,1.784049,-0.670607,-0.156795,0.932259
25.600000,1,0,0,2.400000,9.810000,0.900000,30.000000,60.000000,6.000000,-1.241922,0.970296,1.500000,-1.148207,1.002908,1.499454,-0.677394,-0.168893,0.000000,-0.711786,-0.114738,-0.000842,0.999463,0.015128,-0.029049,0.000440,0.004396,0.046883,-0.001420,0.172403,-0.563018,0.006125,23.757410,23.757410,23.756182,0.504506,1.792979,-0.632210,-0.147741,0.933308
25.650000,1,0,0,2.400000,9.810000,0.900000,30.000000,60.000000,6.000000,-1.275637,0.961262,1.500000,-1.183643,0.996513,1.499429,-0.671087,-0.192431,0.000000,-0.705496,-0.141042,-0.000149,0.999496,0.015189,-0.027865,0.000423,0.000439,0.047868,-0.001455,0.195954,-0.554672,-0.011484,23.756182,23.756182,23.754508,0.504471,1.793233,-0.609341,-0.191892,0.934346
25.700000,1,0,0,2.400000,9.810000,0.900000,30.000000,60.000000,6.000000,-1.309017,0.951057,1.500000,-1.218741,0.988805,1.499439,-0.663963,-0.215735,0.000000,-0.698242,-0.167267,0.000555,0.999530,0.015151,-0.026657,0.000404,-0.003544,0.048756,-0.001478,0.180895,-0.539947,0.013292,23.754508,23.754508,23.752399,0.504426,1.699697,-0.575896,-0.133943,0.935369
25.750000,1,0,0,2.400000,9.810000,0.900000,30.000000,60.000000,6.000000,-1.342020,0.939693,1.500000,-1.253452,0.979789,1.499485,-0.656029,-0.238775,0.000000,-0.690045,-0.193360,0.001267,0.999564,0.015013,-0.025428,0.000382,-0.007514,0.049537,-0.001488,0.224440,-0.570751,-0.003532,23.752399,23.752399,23.749872,0.504372,1.745803,-0.656456,-0.175453,0.936374
25.800000,1,0,0,2.400000,9.810000,0.900000,30.000000,60.000000,6.000000,-1.374607,0.927184,1.500000,-1.287730,0.969472,1.499566,-0.647296,-0.261525,0.000000,-0.680927,-0.219268,0.001980,0.999598,0.014777,-0.024181,0.000357,-0.011432,0.050199,-0.001484,0.256114,-0.589530,0.041680,23.749872,23.749872,23.746950,0.504310,1.762552,-0.712852,-0.067695,0.937358
25.850000,1,0,0,2.400000,9.810000,0.900000,30.000000,60.000000,6.000000,-1.406737,0.913545,1.500000,-1.321530,0.957866,1.499683,-0.637775,-0.283956,0.000000,-0.670913,-0.244938,0.002687,0.999633,0.014443,-0.022919,0.000331,-0.015260,0.050734,-0.001466,0.260623,-0.609686,0.019178,23.746950,23.746950,23.743659,0.504240,1.713386,-0.777162,-0.122068,0.938317
25.900000,1,0,0,2.400000,9.810000,0.900000,30.000000,60.000000,6.000000,-1.438371,0.898794,1.500000,-1.354807,0.944983,1.499835,-0.627477,-0.306041,0.000000,-0.660028,-0.270317,0.003384,0.999667,0.014016,-0.021646,0.000303,-0.018962,0.051132,-0.001434,0.283070,-0.596989,0.017194,23.743659,23.743659,23.740031,0.504163,1.706712,-0.767105,-0.126815,0.939248
25.950000,1,0,0,2.400000,9.810000,0.900000,30.000000,60.000000,6.000000,-1.469472,0.882948,1.500000,-1.387518,0.930840,1.500021,-0.616414,-0.327753,0.000000,-0.648300,-0.295351,0.004065,0.999701,0.013498,-0.020364,0.000275,-0.022502,0.051385,-0.001388,0.275328,-0.583978,0.023312,23.740031,23.740031,23.736100,0.504080,1.627199,-0.760597,-0.111742,0.940148
26.000000,1,0,0,2.400000,9.810000,0.900000,30.000000,60.000000,6.000000,-1.500000,0.866025,1.500000,-1.419623,0.915455,1.500241,-0.604600,-0.349066,0.000000,-0.635759,-0.319987,0.004724,0.999735,0.012893,-0.019078,0.000246,-0.025847,0.051487,-0.001328,0.318879,-0.579134,0.028762,23.736100,23.736100,23.731903,0.503990,1.670577,-0.777779,-0.097901,0.941013
26.050000,1,0,0,2.400000,9.810000,0.900000,30.000000,60.000000,6.000000,-1.529919,0.848048,1.500000,-1.451081,0.898848,1.500493,-0.592049,-0.369953,0.000000,-0.622434,-0.344175,0.005356,0.999767,0.012208,-0.017791,0.000217,-0.028965,0.051432,-0.001256,0.297020,-0.581164,0.028830,23.731903,23.731903,23.727480,0.503897,1.556950,-0.815292,-0.096615,0.941842
26.100000,1,0,0,2.400000,9.810000,0.900000,30.000000,60.000000,6.000000,-1.559193,0.829038,1.500000,-1.481854,0.881045,1.500776,-0.578777,-0.390390,0.000000,-0.608356,-0.367863,0.005955,0.999798,0.011448,-0.016508,0.000189,-0.031828,0.051215,-0.001173,0.315442,-0.550434,0.028177,23.727480,23.727480,23.722870,0.503799,1.540165,-0.777727,-0.096704,0.942632
26.150000,1,0,0,2.400000,9.810000,0.900000,30.000000,60.000000,6.000000,-1.587785,0.809017,1.500000,-1.511905,0.862071,1.501088,-0.564800,-0.410352,0.000000,-0.593559,-0.391002,0.006516,0.999828,0.010620,-0.015232,0.000162,-0.034412,0.050831,-0.001080,0.342582,-0.491417,0.077053,23.722870,23.722870,23.718112,0.503698,1.544671,-0.675497,0.022417,0.943380
26.200000,1,0,0,2.400000,9.810000,0.900000,30.000000,60.000000,6.000000,-1.615661,0.788011,1.500000,-1.541198,0.841955,1.501427,-0.550135,-0.429813,0.000000,-0.578074,-0.413545,0.007035,0.999855,0.009731,-0.013968,0.000136,-0.036693,0.050280,-0.000979,0.301011,-0.479905,0.056915,23.718112,23.718112,23.713244,0.503594,1.384835,-0.690153,-0.023770,0.944084
26.250000,1,0,0,2.400000,9.810000,0.900000,30.000000,60.000000,6.000000,-1.642788,0.766044,1.500000,-1.569701,0.820727,1.501790,-0.534800,-0.448750,0.000000,-0.561936,-0.435447,0.007507,0.999880,0.008789,-0.012719,0.000112,-0.038654,0.049559,-0.000871,0.298040,-0.475750,0.048497,23.713244,23.713244,23.708303,0.503489,1.318406,-0.724969,-0.041517,0.944744
26.300000,1,0,0,2.400000,9.810000,0.900000,30.000000,60.000000,6.000000,-1.669131,0.743145,1.500000,-1.597382,0.798422,1.502177,-0.518813,-0.467141,0.000000,-0.545178,-0.456665,0.007929,0.999904,0.007801,-0.011491,0.000090,-0.040280,0.048670,-0.000760,0.285733,-0.442206,0.039879,23.708303,23.708303,23.703321,0.503383,1.230543,-0.691361,-0.059446,0.945356
26.350000,1,0,0,2.400000,9.810000,0.900000,30.000000,60.000000,6.000000,-1.694658,0.719340,1.500000,-1.624209,0.775073,1.502582,-0.502194,-0.484963,0.000000,-0.527835,-0.477158,0.008295,0.999924,0.006778,-0.010287,0.000070,-0.041561,0.047613,-0.000646,0.353139,-0.378418,0.017993,23.703321,23.703321,23.698329,0.503277,1.335160,-0.586876,-0.108942,0.945921
26.400000,1,0,0,2.400000,9.810000,0.900000,30.000000,60.000000,6.000000,-1.719340,0.694658,1.500000,-1.650156,0.750719,1.503005,-0.484963,-0.502194,0.000000,-0.509940,-0.496889,0.008604,0.999942,0.005727,-0.009112,0.000052,-0.042491,0.046392,-0.000531,0.325236,-0.394556,0.008967,23.698329,23.698329,23.693353,0.503172,1.212403,-0.675501,-0.127320,0.946436
26.450000,1,0,0,2.400000,9.810000,0.900000,30.000000,60.000000,6.000000,-1.743145,0.669131,1.500000,-1.675195,0.725397,1.503442,-0.467141,-0.518813,0.000000,-0.491530,-0.515822,0.008852,0.999957,0.004657,-0.007969,0.000037,-0.043067,0.045010,-0.000419,0.318720,-0.356874,0.026129,23.693353,23.693353,23.688416,0.503067,1.142534,-0.635833,-0.082607,0.946901
26.500000,1,0,0,2.400000,9.810000,0.900000,30.000000,60.000000,6.000000,-1.766044,0.642788,1.500000,-1.699301,0.699150,1.503889,-0.448750,-0.534800,0.000000,-0.472637,-0.533925,0.009036,0.999970,0.003576,-0.006863,0.000025,-0.043291,0.043474,-0.000311,0.306108,-0.324017,0.021490,23.688416,23.688416,23.683536,0.502963,1.059782,-0.608197,-0.090002,0.947316
26.550000,1,0,0,2.400000,9.810000,0.900000,30.000000,60.000000,6.000000,-1.788011,0.615661,1.500000,-1.722451,0.672019,1.504344,-0.429813,-0.550135,0.000000,-0.453295,-0.551170,0.009155,0.999980,0.002495,-0.005797,0.000014,-0.043171,0.041789,-0.000209,0.290679,-0.303103,0.023904,23.683536,23.683536,23.678727,0.502861,0.972198,-0.609264,-0.080279,0.947679
26.600000,1,0,0,2.400000,9.810000,0.900000,30.000000,60.000000,6.000000,-1.809017,0.587785,1.500000,-1.744623,0.644048,1.504804,-0.410352,-0.564800,0.000000,-0.433538,-0.567532,0.009207,0.999988,0.001421,-0.004775,0.000007,-0.042717,0.039965,-0.000114,0.298288,-0.285117,-0.005104,23.678727,23.678727,23.674000,0.502761,0.941998,-0.616998,-0.145802,0.947993
26.650000,1,0,0,2.400000,9.810000,0.900000,30.000000,60.000000,6.000000,-1.829038,0.559193,1.500000,-1.765798,0.615281,1.505264,-0.390390,-0.578777,0.000000,-0.413399,-0.582988,0.009191,0.999993,0.000362,-0.003800,0.000001,-0.041942,0.038010,-0.000028,0.349721,-0.275199,-0.031925,23.674000,23.674000,23.669362,0.502662,1.019233,-0.643345,-0.205931,0.948255
26.700000,1,0,0,2.400000,9.810000,0.900000,30.000000,60.000000,6.000000,-1.848048,0.529919,1.500000,-1.785957,0.585764,1.505722,-0.369953,-0.592049,0.000000,-0.392909,-0.597519,0.009106,0.999996,-0.000674,-0.002875,-0.000002,-0.040866,0.035935,0.000048,0.326432,-0.235725,-0.010512,23.669362,23.669362,23.664816,0.502566,0.919538,-0.597640,-0.150177,0.948469
26.750000,1,0,0,2.400000,9.810000,0.900000,30.000000,60.000000,6.000000,-1.866025,0.500000,1.500000,-1.805084,0.555545,1.506173,-0.349066,-0.604600,0.000000,-0.372101,-0.611111,0.008952,0.999997,-0.001679,-0.002004,-0.000003,-0.039510,0.033750,0.000113,0.357726,-0.253117,0.005837,23.664816,23.664816,23.660364,0.502471,0.953380,-0.686953,-0.106482,0.948633
26.800000,1,0,0,2.400000,9.810000,0.900000,30.000000,60.000000,6.000000,-1.882948,0.469472,1.500000,-1.823163,0.524669,1.506616,-0.327753,-0.616414,0.000000,-0.351004,-0.623751,0.008730,0.999996,-0.002647,-0.001188,-0.000003,-0.037898,0.031468,0.000167,0.346266,-0.228244,-0.032702,23.660364,23.660364,23.656005,0.502379,0.887271,-0.673054,-0.194450,0.948749
26.850000,1,0,0,2.400000,9.810000,0.900000,30.000000,60.000000,6.000000,-1.898794,0.438371,1.500000,-1.840180,0.493186,1.507045,-0.306041,-0.627477,0.000000,-0.329648,-0.635432,0.008441,0.999994,-0.003572,-0.000431,-0.000002,-0.036058,0.029101,0.000208,0.372260,-0.201704,-0.041627,23.656005,23.656005,23.651738,0.502288,0.913819,-0.653092,-0.211297,0.948818
26.900000,1,0,0,2.400000,9.810000,0.900000,30.000000,60.000000,6.000000,-1.913545,0.406737,1.500000,-1.856124,0.461142,1.507459,-0.283956,-0.637775,0.000000,-0.308062,-0.646148,0.008085,0.999990,-0.004448,0.000266,0.000001,-0.034020,0.026664,0.000237,0.354069,-0.172526,-0.061768,23.651738,23.651738,23.647559,0.502199,0.837177,-0.624486,-0.255043,0.948843
26.950000,1,0,0,2.400000,9.810000,0.900000,30.000000,60.000000,6.000000,-1.927184,0.374607,1.500000,-1.870983,0.428587,1.507853,-0.261525,-0.647296,0.000000,-0.286273,-0.655898,0.007665,0.999986,-0.005272,0.000902,0.000005,-0.031816,0.024171,0.000255,0.361711,-0.154601,-0.050992,23.647559,23.647559,23.643466,0.502112,0.825462,-0.620364,-0.224587,0.948825
27.000000,1,0,0,2.400000,9.810000,0.900000,30.000000,60.000000,6.000000,-1.939693,0.342020,1.500000,-1.884748,0.395568,1.508224,-0.238775,-0.656029,0.000000,-0.264307,-0.664683,0.007183,0.999981,-0.006038,0.001474,0.000009,-0.029480,0.021635,0.000261,0.373859,-0.135826,-0.005511,23.643466,23.643466,23.639458,0.502027,0.827547,-0.611500,-0.110866,0.948766
27.050000,1,0,0,2.400000,9.810000,0.900000,30.000000,60.000000,6.000000,-1.951057,0.309017,1.500000,-1.897411,0.362135,1.508570,-0.215735,-0.663963,0.000000,-0.242189,-0.672506,0.006642,0.999975,-0.006745,0.001983,0.000013,-0.027046,0.019072,0.000257,0.370000,-0.136232,0.000935,23.639458,23.639458,23.635531,0.501944,0.794239,-0.645838,-0.090877,0.948668
27.100000,1,0,0,2.400000,9.810000,0.900000,30.000000,60.000000,6.000000,-1.961262,0.275637,1.500000,-1.908965,0.328333,1.508887,-0.192431,-0.671087,0.000000,-0.219944,-0.679377,0.006044,0.999970,-0.007390,0.002428,0.000018,-0.024550,0.016497,0.000244,0.377888,-0.123021,-0.016984,23.635531,23.635531,23.631688,0.501862,0.792170,-0.644566,-0.129433,0.948534
27.150000,1,0,0,2.400000,9.810000,0.900000,30.000000,60.000000,6.000000,-1.970296,0.241922,1.500000,-1.919404,0.294213,1.509173,-0.168893,-0.677394,0.000000,-0.197594,-0.685303,0.005395,0.999964,-0.007972,0.002808,0.000022,-0.022028,0.013926,0.000222,0.400395,-0.142313,-0.006453,23.631688,23.631688,23.627928,0.501782,0.828235,-0.718327,-0.099799,0.948366
27.200000,1,0,0,2.400000,9.810000,0.900000,30.000000,60.000000,6.000000,-1.978148,0.207912,1.500000,-1.928723,0.259819,1.509426,-0.145150,-0.682876,0.000000,-0.175161,-0.690298,0.004697,0.999959,-0.008491,0.003124,0.000027,-0.019515,0.011372,0.000193,0.395689,-0.088348,-0.009689,23.627928,23.627928,23.624257,0.501704,0.802024,-0.613285,-0.103313,0.948168
27.250000,1,0,0,2.400000,9.810000,0.900000,30.000000,60.000000,6.000000,-1.984808,0.173648,1.500000,-1.936919,0.225198,1.509642,-0.121229,-0.687526,0.000000,-0.152665,-0.694376,0.003955,0.999954,-0.008948,0.003377,0.000030,-0.017047,0.008851,0.000158,0.395939,-0.074963,0.000529,23.624257,23.624257,23.620679,0.501628,0.790709,-0.602682,-0.074665,0.947942
27.300000,1,0,0,2.400000,9.810000,0.900000,30.000000,60.000000,6.000000,-1.990268,0.139173,1.500000,-1.943989,0.190396,1.509821,-0.097161,-0.691338,0.000000,-0.130126,-0.697554,0.003173,0.999950,-0.009344,0.003567,0.000033,-0.014655,0.006378,0.000119,0.394368,-0.075676,0.008817,23.620679,23.620679,23.617202,0.501555,0.777980,-0.623038,-0.050793,0.947692
27.350000,1,0,0,2.400000,9.810000,0.900000,30.000000,60.000000,6.000000,-1.994522,0.104528,1.500000,-1.949931,0.155457,1.509959,-0.072975,-0.694307,0.000000,-0.107562,-0.699849,0.002357,0.999946,-0.009682,0.003697,0.000036,-0.012374,0.003965,0.000077,0.415801,-0.064699,0.002742,23.617202,23.617202,23.613834,0.501483,0.823345,-0.612570,-0.061549,0.947420
27.400000,1,0,0,2.400000,9.810000,0.900000,30.000000,60.000000,6.000000,-1.997564,0.069756,1.500000,-1.954745,0.120426,1.510056,-0.048699,-0.696431,0.000000,-0.084990,-0.701281,0.001512,0.999943,-0.009964,0.003766,0.000038,-0.010233,0.001628,0.000032,0.456779,-0.037611,-0.003118,23.613834,23.613834,23.610585,0.501414,0.918425,-0.560822,-0.071959,0.947131
27.450000,1,0,0,2.400000,9.810000,0.900000,30.000000,60.000000,6.000000,-1.999391,0.034899,1.500000,-1.958430,0.085343,1.510110,-0.024364,-0.697706,0.000000,-0.062426,-0.701871,0.000643,0.999941,-0.010195,0.003779,0.000039,-0.008259,-0.000623,-0.000013,0.476910,0.015022,0.010436,23.610585,23.610585,23.607467,0.501348,0.966182,-0.445334,-0.035956,0.946827
27.500000,1,0,0,2.400000,9.810000,0.900000,30.000000,60.000000,6.000000,-2.000000,0.000000,1.500000,-1.960988,0.050252,1.510120,-0.000000,-0.698132,0.000000,-0.039887,-0.701641,-0.000245,0.999939,-0.010379,0.003736,0.000039,-0.006478,-0.002774,-0.000058,0.468022,0.028308,0.001657,23.607467,23.607467,23.604492,0.501285,0.946891,-0.422059,-0.053747,0.946513
27.550000,1,0,0,2.400000,9.810000,0.900000,30.000000,60.000000,6.000000,-1.999391,-0.034899,1.500000,-1.962419,0.015192,1.510085,0.024364,-0.697706,0.000000,-0.017387,-0.700613,-0.001145,0.999938,-0.010520,0.003641,0.000038,-0.004912,-0.004816,-0.000101,0.495274,0.050534,-0.018281,23.604492,23.604492,23.601671,0.501225,1.016809,-0.375352,-0.098516,0.946192
27.600000,1,0,0,2.400000,9.810000,0.900000,30.000000,60.000000,6.000000,-1.997564,-0.069756,1.500000,-1.962727,-0.019796,1.510005,0.048699,-0.696431,0.000000,0.005060,-0.698810,-0.002052,0.999937,-0.010626,0.003496,0.000037,-0.003580,-0.006738,-0.000143,0.485245,0.084909,-0.042593,23.601671,23.601671,23.599017,0.501168,0.999589,-0.297779,-0.153987,0.945868
27.650000,1,0,0,2.400000,9.810000,0.900000,30.000000,60.000000,6.000000,-1.994522,-0.104528,1.500000,-1.961914,-0.054676,1.509880,0.072975,-0.694307,0.000000,0.027442,-0.696256,-0.002959,0.999937,-0.010701,0.003305,0.000035,-0.002496,-0.008531,-0.000183,0.506800,0.073752,-0.034559,23.599017,23.599017,23.596540,0.501116,1.060363,-0.328059,-0.132037,0.945544
27.700000,1,0,0,2.400000,9.810000,0.900000,30.000000,60.000000,6.000000,-1.990268,-0.139173,1.500000,-1.959984,-0.089410,1.509709,0.097161,-0.691338,0.000000,0.049744,-0.692972,-0.003861,0.999937,-0.010753,0.003071,0.000033,-0.001674,-0.010189,-0.000219,0.492259,0.061081,-0.017853,23.596540,23.596540,23.594250,0.501067,1.036537,-0.360849,-0.089485,0.945223
27.750000,1,0,0,2.400000,9.810000,0.900000,30.000000,60.000000,6.000000,-1.984808,-0.173648,1.500000,-1.956942,-0.123962,1.509494,0.121229,-0.687526,0.000000,0.071955,-0.688982,-0.004753,0.999938,-0.010787,0.002797,0.000030,-0.001119,-0.011706,-0.000253,0.475604,0.034729,-0.010220,23.594250,23.594250,23.592156,0.501023,1.009509,-0.425665,-0.068917,0.944911
27.800000,1,0,0,2.400000,9.810000,0.900000,30.000000,60.000000,6.000000,-1.978148,-0.207912,1.500000,-1.952791,-0.158297,1.509234,0.145150,-0.682876,0.000000,0.094063,-0.684307,-0.005628,0.999938,-0.010811,0.002486,0.000027,-0.000837,-0.013076,-0.000283,0.460119,0.108359,-0.025515,23.592156,23.592156,23.590265,0.500983,0.986987,-0.250035,-0.103586,0.944610
27.850000,1,0,0,2.400000,9.810000,0.900000,30.000000,60.000000,6.000000,-1.970296,-0.241922,1.500000,-1.947537,-0.192381,1.508932,0.168893,-0.677394,0.000000,0.116055,-0.678970,-0.006480,0.999939,-0.010832,0.002144,0.000023,-0.000826,-0.014296,-0.000310,0.454772,0.101897,0.005114,23.590265,23.590265,23.588581,0.500947,0.990320,-0.266455,-0.028239,0.944323
27.900000,1,0,0,2.400000,9.810000,0.900000,30.000000,60.000000,6.000000,-1.961262,-0.275637,1.500000,-1.941187,-0.226183,1.508587,0.192431,-0.671087,0.000000,0.137920,-0.672989,-0.007305,0.999940,-0.010855,0.001773,0.000019,-0.001084,-0.015364,-0.000334,0.424223,0.080282,-0.004949,23.588581,23.588581,23.587108,0.500915,0.934516,-0.319395,-0.050751,0.944055
27.950000,1,0,0,2.400000,9.810000,0.900000,30.000000,60.000000,6.000000,-1.951057,-0.309017,1.500000,-1.933748,-0.259670,1.508202,0.215735,-0.663963,0.000000,0.159646,-0.666384,-0.008096,0.999940,-0.010888,0.001377,0.000015,-0.001602,-0.016279,-0.000355,0.430026,0.095857,-0.007975,23.587108,23.587108,23.585844,0.500889,0.967123,-0.283543,-0.056567,0.943809
28.000000,1,0,0,2.400000,9.810000,0.900000,30.000000,60.000000,6.000000,-1.939693,-0.342020,1.500000,-1.925225,-0.292811,1.507778,0.238775,-0.656029,0.000000,0.181220,-0.659173,-0.008848,0.999940,-0.010937,0.000960,0.000010,-0.002368,-0.017043,-0.000373,0.439064,0.099275,-0.029614,23.585844,23.585844,23.584789,0.500866,1.008481,-0.277627,-0.107233,0.943587
28.050000,1,0,0,2.400000,9.810000,0.900000,30.000000,60.000000,6.000000,-1.927184,-0.374607,1.500000,-1.915628,-0.325577,1.507318,0.261525,-0.647296,0.000000,0.202632,-0.651373,-0.009558,0.999939,-0.011008,0.000526,0.000006,-0.003368,-0.017658,-0.000389,0.442562,0.137940,-0.042456,23.584789,23.584789,23.583938,0.500848,1.037353,-0.188168,-0.136955,0.943394
28.100000,1,0,0,2.400000,9.810000,0.900000,30.000000,60.000000,6.000000,-1.913545,-0.406737,1.500000,-1.904965,-0.357939,1.506823,0.283956,-0.637775,0.000000,0.223867,-0.642997,-0.010220,0.999938,-0.011107,0.000078,0.000001,-0.004583,-0.018127,-0.000403,0.418504,0.170215,-0.049272,23.583938,23.583938,23.583284,0.500834,1.000728,-0.115356,-0.152372,0.943231
28.150000,1,0,0,2.400000,9.810000,0.900000,30.000000,60.000000,6.000000,-1.898794,-0.438371,1.500000,-1.893245,-0.389868,1.506297,0.306041,-0.627477,0.000000,0.244913,-0.634061,-0.010830,0.999937,-0.011239,-0.000380,-0.000004,-0.005991,-0.018455,-0.000415,0.386891,0.157480,-0.041568,23.583284,23.583284,23.582820,0.500824,0.946437,-0.152120,-0.133083,0.943102
28.200000,1,0,0,2.400000,9.810000,0.900000,30.000000,60.000000,6.000000,-1.882948,-0.469472,1.500000,-1.880477,-0.421336,1.505741,0.327753,-0.616414,0.000000,0.265757,-0.624574,-0.011384,0.999935,-0.011408,-0.000844,-0.000010,-0.007569,-0.018649,-0.000426,0.356746,0.167223,-0.037122,23.582820,23.582820,23.582535,0.500818,0.895977,-0.136704,-0.121740,0.943010
28.250000,1,0,0,2.400000,9.810000,0.900000,30.000000,60.000000,6.000000,-1.866025,-0.500000,1.500000,-1.866673,-0.452316,1.505159,0.349066,-0.604600,0.000000,0.286384,-0.614548,-0.011879,0.999932,-0.011619,-0.001311,-0.000015,-0.009289,-0.018717,-0.000435,0.366773,0.168848,-0.021910,23.582535,23.582535,23.582417,0.500816,0.942082,-0.142720,-0.084671,0.942956
28.300000,1,0,0,2.400000,9.810000,0.900000,30.000000,60.000000,6.000000,-1.848048,-0.529919,1.500000,-1.851842,-0.482782,1.504554,0.369953,-0.592049,0.000000,0.306780,-0.603991,-0.012311,0.999928,-0.011874,-0.001779,-0.000021,-0.011123,-0.018666,-0.000443,0.375228,0.180319,-0.015764,23.582417,23.582417,23.582453,0.500817,0.984424,-0.127209,-0.069453,0.942944
28.350000,1,0,0,2.400000,9.810000,0.900000,30.000000,60.000000,6.000000,-1.829038,-0.559193,1.500000,-1.835999,-0.512707,1.503929,0.390390,-0.578777,0.000000,0.326929,-0.592909,-0.012679,0.999923,-0.012175,-0.002244,-0.000027,-0.013041,-0.018507,-0.000451,0.370004,0.193192,-0.010882,23.582453,23.582453,23.582629,0.500820,0.993809,-0.110551,-0.057340,0.942974
28.400000,1,0,0,2.400000,9.810000,0.900000,30.000000,60.000000,6.000000,-1.809017,-0.587785,1.500000,-1.819154,-0.542064,1.503287,0.410352,-0.564800,0.000000,0.346814,-0.581307,-0.012980,0.999918,-0.012526,-0.002703,-0.000034,-0.015010,-0.018250,-0.000457,0.393860,0.185769,0.001657,23.582629,23.582629,23.582928,0.500827,1.072744,-0.144899,-0.026907,0.943050
28.450000,1,0,0,2.400000,9.810000,0.900000,30.000000,60.000000,6.000000,-1.788011,-0.615661,1.500000,-1.801322,-0.570829,1.502632,0.429813,-0.550135,0.000000,0.366419,-0.569190,-0.013212,0.999911,-0.012926,-0.003156,-0.000041,-0.016999,-0.017908,-0.000463,0.415703,0.211204,0.001881,23.582928,23.582928,23.583335,0.500835,1.146490,-0.102727,-0.026063,0.943171
28.500000,1,0,0,2.400000,9.810000,0.900000,30.000000,60.000000,6.000000,-1.766044,-0.642788,1.500000,-1.782517,-0.598975,1.501967,0.448750,-0.534800,0.000000,0.385725,-0.556560,-0.013374,0.999904,-0.013376,-0.003598,-0.000048,-0.018974,-0.017491,-0.000468,0.412387,0.198995,0.019581,23.583335,23.583335,23.583832,0.500846,1.159408,-0.153244,0.016710,0.943340
28.550000,1,0,0,2.400000,9.810000,0.900000,30.000000,60.000000,6.000000,-1.743145,-0.669131,1.500000,-1.762755,-0.626476,1.501296,0.467141,-0.518813,0.000000,0.404713,-0.543417,-0.013465,0.999896,-0.013874,-0.004030,-0.000056,-0.020904,-0.017014,-0.000472,0.435457,0.193110,0.029822,23.583832,23.583832,23.584401,0.500858,1.235122,-0.190890,0.041586,0.943558
28.600000,1,0,0,2.400000,9.810000,0.900000,30.000000,60.000000,6.000000,-1.719340,-0.694658,1.500000,-1.742051,-0.653308,1.500622,0.484963,-0.502194,0.000000,0.423364,-0.529762,-0.013486,0.999886,-0.014420,-0.004449,-0.000064,-0.022755,-0.016489,-0.000476,0.411703,0.197019,0.042964,23.584401,23.584401,23.585023,0.500871,1.197869,-0.207266,0.073454,0.943825
28.650000,1,0,0,2.400000,9.810000,0.900000,30.000000,60.000000,6.000000,-1.694658,-0.719340,1.500000,-1.720424,-0.679444,1.499949,0.502194,-0.484963,0.000000,0.441655,-0.515594,-0.013437,0.999876,-0.015011,-0.004854,-0.000073,-0.024497,-0.015930,-0.000478,0.376406,0.241738,0.030373,23.585023,23.585023,23.585679,0.500885,1.132271,-0.127819,0.043612,0.944141
28.700000,1,0,0,2.400000,9.810000,0.900000,30.000000,60.000000,6.000000,-1.669131,-0.743145,1.500000,-1.697892,-0.704859,1.499279,0.518813,-0.467141,0.000000,0.459567,-0.500910,-0.013318,0.999864,-0.015644,-0.005245,-0.000082,-0.026100,-0.015351,-0.000480,0.354089,0.271524,0.041420,23.585679,23.585679,23.586347,0.500899,1.097151,-0.086189,0.070571,0.944508
28.750000,1,0,0,2.400000,9.810000,0.900000,30.000000,60.000000,6.000000,-1.642788,-0.766044,1.500000,-1.674474,-0.729526,1.498618,0.534800,-0.448750,0.000000,0.477074,-0.485710,-0.013130,0.999851,-0.016314,-0.005622,-0.000092,-0.027534,-0.014765,-0.000482,0.351788,0.278661,0.050786,23.586347,23.586347,23.587007,0.500913,1.109383,-0.100707,0.093586,0.944924
28.800000,1,0,0,2.400000,9.810000,0.900000,30.000000,60.000000,6.000000,-1.615661,-0.788011,1.500000,-1.650192,-0.753421,1.497968,0.550135,-0.429813,0.000000,0.494155,-0.469991,-0.012876,0.999837,-0.017018,-0.005984,-0.000102,-0.028775,-0.014187,-0.000483,0.332856,0.312694,0.040659,23.587007,23.587007,23.587637,0.500927,1.081010,-0.052256,0.069925,0.945390
28.850000,1,0,0,2.400000,9.810000,0.900000,30.000000,60.000000,6.000000,-1.587785,-0.809017,1.500000,-1.625066,-0.776517,1.497331,0.564800,-0.410352,0.000000,0.510785,-0.453750,-0.012557,0.999822,-0.017751,-0.006332,-0.000112,-0.029799,-0.013630,-0.000484,0.312432,0.314584,0.059490,23.587637,23.587637,23.588212,0.500939,1.048382,-0.082283,0.115895,0.945905
28.900000,1,0,0,2.400000,9.810000,0.900000,30.000000,60.000000,6.000000,-1.559193,-0.829038,1.500000,-1.599121,-0.798787,1.496713,0.578777,-0.390390,0.000000,0.526938,-0.436984,-0.012177,0.999807,-0.018506,-0.006666,-0.000123,-0.030584,-0.013107,-0.000485,0.293787,0.327975,0.077785,23.588212,23.588212,23.588709,0.500949,1.019387,-0.085775,0.160724,0.946468
28.950000,1,0,0,2.400000,9.810000,0.900000,30.000000,60.000000,6.000000,-1.529919,-0.848048,1.500000,-1.572381,-0.820206,1.496115,0.592049,-0.369953,0.000000,0.542589,-0.419692,-0.011739,0.999790,-0.019278,-0.006987,-0.000135,-0.031113,-0.012630,-0.000487,0.313009,0.336811,0.075816,23.588709,23.588709,23.589103,0.500958,1.080678,-0.100973,0.157086,0.947077
29.000000,1,0,0,2.400000,9.810000,0.900000,30.000000,60.000000,6.000000,-1.500000,-0.866025,1.500000,-1.544871,-0.840748,1.495540,0.604600,-0.349066,0.000000,0.557712,-0.401873,-0.011245,0.999772,-0.020059,-0.007298,-0.000146,-0.031371,-0.012213,-0.000490,0.327831,0.355271,0.070982,23.589103,23.589103,23.589367,0.500963,1.130878,-0.093530,0.146749,0.947733
29.050000,1,0,0,2.400000,9.810000,0.900000,30.000000,60.000000,6.000000,-1.469472,-0.882948,1.500000,-1.516619,-0.860385,1.494991,0.616414,-0.327753,0.000000,0.572278,-0.383525,-0.010700,0.999754,-0.020843,-0.007599,-0.000158,-0.031346,-0.011866,-0.000495,0.297900,0.378677,0.051400,23.589367,23.589367,23.589475,0.500966,1.073217,-0.074351,0.101214,0.948432
29.100000,1,0,0,2.400000,9.810000,0.900000,30.000000,60.000000,6.000000,-1.438371,-0.898794,1.500000,-1.487653,-0.879091,1.494471,0.627477,-0.306041,0.000000,0.586262,-0.364650,-0.010108,0.999735,-0.021623,-0.007892,-0.000171,-0.031031,-0.011599,-0.000502,0.296997,0.373176,0.029708,23.589475,23.589475,23.589399,0.500964,1.084855,-0.124338,0.050824,0.949173
29.150000,1,0,0,2.400000,9.810000,0.900000,30.000000,60.000000,6.000000,-1.406737,-0.913545,1.500000,-1.458003,-0.896841,1.493981,0.637775,-0.283956,0.000000,0.599635,-0.345251,-0.009474,0.999716,-0.022392,-0.008180,-0.000183,-0.030420,-0.011422,-0.000512,0.283364,0.385681,-0.002069,23.589399,23.589399,23.589112,0.500958,1.065675,-0.130558,-0.023553,0.949954
29.200000,1,0,0,2.400000,9.810000,0.900000,30.000000,60.000000,6.000000,-1.374607,-0.927184,1.500000,-1.427700,-0.913608,1.493524,0.647296,-0.261525,0.000000,0.612370,-0.325329,-0.008802,0.999696,-0.023141,-0.008464,-0.000196,-0.029515,-0.011343,-0.000525,0.244591,0.419530,-0.021298,23.589112,23.589112,23.588587,0.500947,0.985999,-0.084644,-0.067583,0.950772
29.250000,1,0,0,2.400000,9.810000,0.900000,30.000000,60.000000,6.000000,-1.342020,-0.939693,1.500000,-1.396777,-0.929365,1.493101,0.656029,-0.238775,0.000000,0.624438,-0.304892,-0.008098,0.999677,-0.023865,-0.008748,-0.000209,-0.028317,-0.011369,-0.000543,0.224860,0.445111,-0.004575,23.588587,23.588587,23.587798,0.500930,0.951990,-0.057321,-0.025090,0.951625
29.300000,1,0,0,2.400000,9.810000,0.900000,30.000000,60.000000,6.000000,-1.309017,-0.951057,1.500000,-1.365268,-0.944088,1.492715,0.663963,-0.215735,0.000000,0.635813,-0.283945,-0.007367,0.999658,-0.024554,-0.009034,-0.000222,-0.026834,-0.011507,-0.000566,0.192076,0.452533,-0.006652,23.587798,23.587798,23.586717,0.500907,0.886744,-0.071984,-0.027469,0.952510
29.350000,1,0,0,2.400000,9.810000,0.900000,30.000000,60.000000,6.000000,-1.275637,-0.961262,1.500000,-1.333208,-0.957752,1.492365,0.671087,-0.192431,0.000000,0.646466,-0.262500,-0.006615,0.999639,-0.025203,-0.009324,-0.000235,-0.025074,-0.011761,-0.000593,0.145639,0.492037,0.013996,23.586717,23.586717,23.585323,0.500878,0.788953,-0.007717,0.024940,0.953425
29.400000,1,0,0,2.400000,9.810000,0.900000,30.000000,60.000000,6.000000,-1.241922,-0.970296,1.500000,-1.300634,-0.970330,1.492053,0.677394,-0.168893,0.000000,0.656371,-0.240568,-0.005847,0.999621,-0.025805,-0.009623,-0.000248,-0.023052,-0.012133,-0.000627,0.147009,0.541307,0.034500,23.585323,23.585323,23.583594,0.500841,0.806262,0.082237,0.077256,0.954366
29.450000,1,0,0,2.400000,9.810000,0.900000,30.000000,60.000000,6.000000,-1.207912,-0.978148,1.500000,-1.267583,-0.981801,1.491780,0.682876,-0.145150,0.000000,0.665501,-0.218163,-0.005069,0.999603,-0.026353,-0.009932,-0.000262,-0.020784,-0.012627,-0.000666,0.142522,0.548522,0.019004,23.583594,23.583594,23.581511,0.500797,0.810018,0.073808,0.043426,0.955329
29.500000,1,0,0,2.400000,9.810000,0.900000,30.000000,60.000000,6.000000,-1.173648,-0.984808,1.500000,-1.234097,-0.992139,1.491547,0.687526,-0.121229,0.000000,0.673830,-0.195302,-0.004286,0.999587,-0.026842,-0.010256,-0.000275,-0.018289,-0.013241,-0.000712,0.119622,0.544309,0.030418,23.581511,23.581511,23.579060,0.500745,0.770227,0.040784,0.074433,0.956312
29.550000,1,0,0,2.400000,9.810000,0.900000,30.000000,60.000000,6.000000,-1.139173,-0.990268,1.500000,-1.200214,-1.001323,1.491352,0.691338,-0.097161,0.000000,0.681334,-0.172005,-0.003506,0.999572,-0.027266,-0.010596,-0.000289,-0.015590,-0.013976,-0.000763,0.132443,0.551679,0.068109,23.579060,23.579060,23.576229,0.500684,0.816953,0.038641,0.168753,0.957311
29.600000,1,0,0,2.400000,9.810000,0.900000,30.000000,60.000000,6.000000,-1.104528,-0.994522,1.500000,-1.165978,-1.009333,1.491196,0.694307,-0.072975,0.000000,0.687987,-0.148294,-0.002733,0.999558,-0.027619,-0.010956,-0.000303,-0.012710,-0.014828,-0.000820,0.137513,0.577169,0.027631,23.576229,23.576229,23.573014,0.500616,0.846003,0.083302,0.075715,0.958322
29.650000,1,0,0,2.400000,9.810000,0.900000,30.000000,60.000000,6.000000,-1.069756,-0.997564,1.500000,-1.131430,-1.016146,1.491078,0.696431,-0.048699,0.000000,0.693768,-0.124194,-0.001973,0.999546,-0.027899,-0.011339,-0.000316,-0.009676,-0.015794,-0.000882,0.120774,0.606093,0.015320,23.573014,23.573014,23.569414,0.500540,0.823774,0.139711,0.050513,0.959342
29.700000,1,0,0,2.400000,9.810000,0.900000,30.000000,60.000000,6.000000,-1.034899,-0.999391,1.500000,-1.096616,-1.021746,1.490998,0.697706,-0.024364,0.000000,0.698656,-0.099734,-0.001231,0.999536,-0.028102,-0.011747,-0.000330,-0.006516,-0.016868,-0.000949,0.106983,0.585248,0.007392,23.569414,23.569414,23.565433,0.500455,0.809813,0.080348,0.036058,0.960366
29.750000,1,0,0,2.400000,9.810000,0.900000,30.000000,60.000000,6.000000,-1.000000,-1.000000,1.500000,-1.061580,-1.026114,1.490955,0.698132,-0.000000,0.000000,0.702629,-0.074944,-0.000515,0.999527,-0.028224,-0.012184,-0.000344,-0.003260,-0.018044,-0.001020,0.078226,0.575904,0.010376,23.565433,23.565433,23.561083,0.500363,0.761247,0.052387,0.048010,0.961392
29.800000,1,0,0,2.400000,9.810000,0.900000,30.000000,60.000000,6.000000,-0.965101,-0.999391,1.500000,-1.026368,-1.029235,1.490946,0.697706,0.024364,0.000000,0.705669,-0.049857,0.000172,0.999520,-0.028264,-0.012651,-0.000358,0.000062,-0.019313,-0.001093,0.103814,0.579584,-0.018025,23.561083,23.561083,23.556381,0.500263,0.844539,0.059579,-0.015159,0.962415
29.850000,1,0,0,2.400000,9.810000,0.900000,30.000000,60.000000,6.000000,-0.930244,-0.997564,1.500000,-0.991028,-1.031096,1.490971,0.696431,0.048699,0.000000,0.707761,-0.024509,0.000825,0.999515,-0.028220,-0.013151,-0.000371,0.003419,-0.020666,-0.001168,0.073989,0.607637,-0.035900,23.556381,23.556381,23.551351,0.500156,0.796371,0.129215,-0.052873,0.963431
29.900000,1,0,0,2.400000,9.810000,0.900000,30.000000,60.000000,6.000000,-0.895472,-0.994522,1.500000,-0.955608,-1.031683,1.491028,0.694307,0.072975,0.000000,0.708889,0.001061,0.001438,0.999512,-0.028092,-0.013686,-0.000385,0.006780,-0.022093,-0.001243,0.028224,0.568910,-0.070587,23.551351,23.551351,23.546021,0.500043,0.711574,0.042552,-0.130765,0.964437
29.950000,1,0,0,2.400000,9.810000,0.900000,30.000000,60.000000,6.000000,-0.860827,-0.990268,1.500000,-0.920156,-1.030987,1.491114,0.691338,0.097161,0.000000,0.709039,0.026812,0.002007,0.999509,-0.027881,-0.014258,-0.000398,0.010113,-0.023582,-0.001317,0.016366,0.550300,-0.079888,23.546021,23.546021,23.540426,0.499924,0.709855,0.008120,-0.147570,0.965428
30.000000,1,0,0,2.400000,9.810000,0.900000,30.000000,60.000000,6.000000,-0.826352,-0.984808,1.500000,-0.884721,-1.028999,1.491228,0.687526,0.121229,0.000000,0.708203,0.052701,0.002528,0.999509,-0.027587,-0.014867,-0.000410,0.013387,-0.025120,-0.001388,-0.020435,0.575732,-0.104240,23.540426,23.540426,23.534607,0.499801,0.650040,0.083284,-0.200365,0.966402
30.050000,1,0,0,2.400000,9.810000,0.900000,30.000000,60.000000,6.000000,-0.792088,-0.978148,1.500000,-0.849352,-1.025715,1.491366,0.682876,0.145150,0.000000,0.706370,0.078683,0.002997,0.999509,-0.027212,-0.015516,-0.000422,0.016574,-0.026693,-0.001455,-0.060444,0.564448,-0.071011,23.534607,23.534607,23.528609,0.499673,0.584343,0.074135,-0.114848,0.967354
30.100000,1,0,0,2.400000,9.810000,0.900000,30.000000,60.000000,6.000000,-0.758078,-0.970296,1.500000,-0.814100,-1.021130,1.491527,0.677394,0.168893,0.000000,0.703535,0.104710,0.003410,0.999510,-0.026759,-0.016204,-0.000434,0.019644,-0.028288,-0.001516,-0.125863,0.548193,-0.054290,23.528609,23.528609,23.522482,0.499543,0.459510,0.056735,-0.068855,0.968280
30.150000,1,0,0,2.400000,9.810000,0.900000,30.000000,60.000000,6.000000,-0.724363,-0.961262,1.500000,-0.779015,-1.015244,1.491706,0.671087,0.192431,0.000000,0.699693,0.130734,0.003765,0.999512,-0.026231,-0.016932,-0.000444,0.022571,-0.029890,-0.001570,-0.145790,0.533427,-0.084049,23.522482,23.522482,23.516277,0.499411,0.445726,0.046431,-0.134342,0.969179
30.200000,1,0,0,2.400000,9.810000,0.900000,30.000000,60.000000,6.000000,-0.690983,-0.951057,1.500000,-0.744148,-1.008058,1.491902,0.663963,0.215735,0.000000,0.694844,0.156705,0.004059,0.999515,-0.025632,-0.017700,-0.000454,0.025330,-0.031482,-0.001616,-0.165822,0.473172,-0.074698,23.516277,23.516277,23.510050,0.499279,0.433551,-0.069713,-0.105916,0.970045
30.250000,1,0,0,2.400000,9.810000,0.900000,30.000000,60.000000,6.000000,-0.657980,-0.939693,1.500000,-0.709548,-0.999575,1.492111,0.656029,0.238775,0.000000,0.688989,0.182572,0.004290,0.999517,-0.024966,-0.018508,-0.000462,0.027897,-0.033050,-0.001652,-0.157451,0.456892,-0.075266,23.510050,23.510050,23.503858,0.499148,0.491384,-0.077202,-0.101275,0.970876
30.300000,1,0,0,2.400000,9.810000,0.900000,30.000000,60.000000,6.000000,-0.625393,-0.927184,1.500000,-0.675266,-0.989803,1.492330,0.647296,0.261525,0.000000,0.682130,0.208281,0.004456,0.999519,-0.024239,-0.019354,-0.000469,0.030253,-0.034577,-0.001678,-0.171670,0.483611,-0.071185,23.503858,23.503858,23.497758,0.499018,0.496807,0.021381,-0.085477,0.971668
30.350000,1,0,0,2.400000,9.810000,0.900000,30.000000,60.000000,6.000000,-0.593263,-0.913545,1.500000,-0.641351,-0.978751,1.492556,0.637775,0.283956,0.000000,0.674275,0.233781,0.004556,0.999520,-0.023455,-0.020238,-0.000475,0.032380,-0.036047,-0.001693,-0.213537,0.492016,-0.069069,23.497758,23.497758,23.491807,0.498892,0.437621,0.078625,-0.074422,0.972420
30.400000,1,0,0,2.400000,9.810000,0.900000,30.000000,60.000000,6.000000,-0.561629,-0.898794,1.500000,-0.607855,-0.966429,1.492785,0.627477,0.306041,0.000000,0.665431,0.259018,0.004590,0.999520,-0.022622,-0.021158,-0.000479,0.034264,-0.037445,-0.001696,-0.229856,0.490351,-0.069051,23.491807,23.491807,23.486061,0.498770,0.441423,0.114031,-0.068454,0.973128
30.450000,1,0,0,2.400000,9.810000,0.900000,30.000000,60.000000,6.000000,-0.530528,-0.882948,1.500000,-0.574824,-0.952854,1.493014,0.616414,0.327753,0.000000,0.655611,0.283940,0.004556,0.999519,-0.021744,-0.022111,-0.000481,0.035892,-0.038753,-0.001687,-0.202692,0.485770,-0.067949,23.486061,23.486061,23.480572,0.498653,0.551161,0.144472,-0.059966,0.973790
30.500000,1,0,0,2.400000,9.810000,0.900000,30.000000,60.000000,6.000000,-0.500000,-0.866025,1.500000,-0.542309,-0.938041,1.493239,0.604600,0.349066,0.000000,0.644828,0.308494,0.004456,0.999516,-0.020829,-0.023096,-0.000481,0.037257,-0.039958,-0.001666,-0.228035,0.467240,-0.060852,23.480572,23.480572,23.475391,0.498543,0.536347,0.143165,-0.037193,0.974404
30.550000,1,0,0,2.400000,9.810000,0.900000,30.000000,60.000000,6.000000,-0.470081,-0.848048,1.500000,-0.510357,-0.922012,1.493458,0.592049,0.369953,0.000000,0.633098,0.332627,0.004291,0.999511,-0.019883,-0.024110,-0.000480,0.038353,-0.041044,-0.001634,-0.256500,0.459908,-0.026252,23.475391,23.475391,23.470564,0.498440,0.515373,0.170148,0.051459,0.974967
30.600000,1,0,0,2.400000,9.810000,0.900000,30.000000,60.000000,6.000000,-0.440807,-0.829038,1.500000,-0.479015,-0.904787,1.493667,0.578777,0.390390,0.000000,0.620441,0.356289,0.004061,0.999505,-0.018914,-0.025149,-0.000476,0.039178,-0.041998,-0.001590,-0.261517,0.401115,-0.041720,23.470564,23.470564,23.466132,0.498346,0.551867,0.074722,0.019789,0.975478
30.650000,1,0,0,2.400000,9.810000,0.900000,30.000000,60.000000,6.000000,-0.412215,-0.809017,1.500000,-0.448328,-0.886391,1.493863,0.564800,0.410352,0.000000,0.606877,0.379430,0.003769,0.999496,-0.017927,-0.026210,-0.000470,0.039735,-0.042805,-0.001536,-0.305303,0.402148,-0.049647,23.466132,23.466132,23.462130,0.498261,0.496345,0.123658,0.006039,0.975936
30.700000,1,0,0,2.400000,9.810000,0.900000,30.000000,60.000000,6.000000,-0.384339,-0.788011,1.500000,-0.418342,-0.866853,1.494043,0.550135,0.429813,0.000000,0.592430,0.402001,0.003416,0.999484,-0.016929,-0.027289,-0.000462,0.040029,-0.043455,-0.001473,-0.281005,0.383359,-0.040626,23.462130,23.462130,23.458590,0.498186,0.605077,0.125492,0.032761,0.976338
30.750000,1,0,0,2.400000,9.810000,0.900000,30.000000,60.000000,6.000000,-0.357212,-0.766044,1.500000,-0.389100,-0.846201,1.494204,0.534800,0.448750,0.000000,0.577126,0.423957,0.003005,0.999470,-0.015927,-0.028382,-0.000452,0.040067,-0.043936,-0.001401,-0.304733,0.389649,-0.048363,23.458590,23.458590,23.455536,0.498121,0.599213,0.187680,0.019036,0.976685
30.800000,1,0,0,2.400000,9.810000,0.900000,30.000000,60.000000,6.000000,-0.330869,-0.743145,1.500000,-0.360643,-0.824468,1.494343,0.518813,0.467141,0.000000,0.560994,0.445251,0.002540,0.999454,-0.014928,-0.029485,-0.000440,0.039860,-0.044239,-0.001322,-0.304775,0.393463,-0.052129,23.455536,23.455536,23.452984,0.498067,0.650660,0.243800,0.014593,0.976975
30.850000,1,0,0,2.400000,9.810000,0.900000,30.000000,60.000000,6.000000,-0.305342,-0.719340,1.500000,-0.333014,-0.801688,1.494457,0.502194,0.484963,0.000000,0.544062,0.465843,0.002023,0.999435,-0.013936,-0.030593,-0.000427,0.039423,-0.044355,-0.001237,-0.351702,0.383915,-0.026625,23.452984,23.452984,23.450946,0.498024,0.589835,0.267447,0.080129,0.977208
30.900000,1,0,0,2.400000,9.810000,0.900000,30.000000,60.000000,6.000000,-0.280660,-0.694658,1.500000,-0.306250,-0.777896,1.494544,0.484963,0.502194,0.000000,0.526363,0.485692,0.001460,0.999413,-0.012959,-0.031702,-0.000411,0.038771,-0.044277,-0.001148,-0.380725,0.358692,-0.075224,23.450946,23.450946,23.449428,0.497992,0.572013,0.252816,-0.032472,0.977384
30.950000,1,0,0,2.400000,9.810000,0.900000,30.000000,60.000000,6.000000,-0.256855,-0.669131,1.500000,-0.280389,-0.753132,1.494602,0.467141,0.518813,0.000000,0.507931,0.504762,0.000853,0.999390,-0.012000,-0.032806,-0.000394,0.037925,-0.044001,-0.001057,-0.397417,0.364139,-0.065635,23.449428,23.449428,23.448418,0.497970,0.583592,0.310896,-0.005725,0.977503
31.000000,1,0,0,2.400000,9.810000,0.900000,30.000000,60.000000,6.000000,-0.233956,-0.642788,1.500000,-0.255468,-0.727434,1.494629,0.448750,0.534800,0.000000,0.488802,0.523019,0.000208,0.999364,-0.011070,-0.033896,-0.000375,0.020332,-0.029776,-0.000660,-0.431870,0.363729,-0.037177,23.448418,23.448418,23.447225,0.497945,0.551901,0.353545,0.065985,0.977565
31.050000,1,0,0,2.400000,9.810000,0.900000,30.000000,60.000000,6.000000,-0.211990,-0.615663,1.500000,-0.231516,-0.700838,1.494622,0.429749,0.550052,0.000000,0.469252,0.540756,-0.000470,0.999344,-0.010734,-0.034589,-0.000372,0.023222,-0.038577,-0.000829,-0.482781,0.343540,-0.053993,23.447225,23.447225,23.447601,0.497953,0.462119,0.320853,0.028701,0.977571
31.100000,1,0,0,2.400000,9.810000,0.900000,30.000000,60.000000,6.000000,-0.190995,-0.587802,1.500000,-0.208552,-0.673368,1.494581,0.409888,0.564138,0.000000,0.449197,0.557926,-0.001177,0.999311,-0.009902,-0.035773,-0.000354,0.043364,-0.055037,-0.001091,-0.458368,0.297699,-0.052325,23.447601,23.447601,23.449281,0.497988,0.576169,0.249869,0.035428,0.977521
31.150000,1,0,0,2.400000,9.810000,0.900000,30.000000,60.000000,6.000000,-0.171019,-0.559276,1.500000,-0.186611,-0.645064,1.494504,0.388981,0.576563,0.000000,0.428250,0.573983,-0.001907,0.999268,-0.008571,-0.037288,-0.000320,0.062949,-0.065216,-0.001119,-0.444684,0.269192,-0.041856,23.449281,23.449281,23.452063,0.498048,0.680113,0.243821,0.062917,0.977417
31.200000,1,0,0,2.400000,9.810000,0.900000,30.000000,60.000000,6.000000,-0.152115,-0.530181,1.500000,-0.165745,-0.615997,1.494390,0.366968,0.586868,0.000000,0.406176,0.588395,-0.002655,0.999217,-0.006766,-0.038985,-0.000264,0.081299,-0.069634,-0.000943,-0.466283,0.242445,-0.037586,23.452063,23.452063,23.455777,0.498126,0.707950,0.264296,0.075162,0.977261
31.250000,1,0,0,2.400000,9.810000,0.900000,30.000000,60.000000,6.000000,-0.134340,-0.500632,1.500000,-0.146014,-0.586260,1.494239,0.343897,0.594644,0.000000,0.382875,0.600661,-0.003414,0.999160,-0.004524,-0.040726,-0.000184,0.097808,-0.068900,-0.000624,-0.512610,0.188538,-0.036993,23.455777,23.455777,23.460253,0.498221,0.678596,0.240096,0.078206,0.977054
31.300000,1,0,0,2.400000,9.810000,0.900000,30.000000,60.000000,6.000000,-0.117741,-0.470765,1.500000,-0.127478,-0.555974,1.494049,0.319910,0.599542,0.000000,0.358367,0.610328,-0.004179,0.999099,-0.001898,-0.042391,-0.000081,0.111954,-0.063698,-0.000242,-0.572854,0.145197,-0.076482,23.460253,23.460253,23.465314,0.498329,0.612342,0.259315,-0.015327,0.976797
31.350000,1,0,0,2.400000,9.810000,0.900000,30.000000,60.000000,6.000000,-0.102360,-0.440730,1.500000,-0.110195,-0.525277,1.493821,0.295223,0.601284,0.000000,0.332779,0.617000,-0.004945,0.999036,0.001046,-0.043877,0.000046,0.123313,-0.054786,0.000115,-0.586918,0.047028,-0.077080,23.465314,23.465314,23.470770,0.498445,0.648601,0.161998,-0.015903,0.976494
31.400000,1,0,0,2.400000,9.810000,0.900000,30.000000,60.000000,6.000000,-0.088226,-0.410692,1.500000,-0.094215,-0.494329,1.493554,0.270111,0.599670,0.000000,0.306327,0.620355,-0.005705,0.998973,0.004235,-0.045103,0.000191,0.131570,-0.042967,0.000364,-0.623483,-0.031839,-0.064987,23.470770,23.470770,23.476421,0.498565,0.618626,0.122600,0.013594,0.976146
31.450000,1,0,0,2.400000,9.810000,0.900000,30.000000,60.000000,6.000000,-0.075351,-0.380821,1.500000,-0.079572,-0.463301,1.493250,0.244881,0.594580,0.000000,0.279290,0.620149,-0.006454,0.998912,0.007590,-0.046005,0.000350,0.136529,-0.029067,0.000442,-0.615218,-0.092774,-0.017543,23.476421,23.476421,23.482068,0.498685,0.681067,0.134070,0.127554,0.975756
31.500000,1,0,0,2.400000,9.810000,0.900000,30.000000,60.000000,6.000000,-0.063734,-0.351293,1.500000,-0.066290,-0.432376,1.492909,0.219862,0.585975,0.000000,0.251999,0.616225,-0.007186,0.998855,0.011026,-0.046542,0.000514,0.138117,-0.013908,0.000307,-0.610793,-0.123981,0.001627,23.482068,23.482068,23.487519,0.498801,0.717130,0.220794,0.173277,0.975326
31.550000,1,0,0,2.400000,9.810000,0.900000,30.000000,60.000000,6.000000,-0.053356,-0.322282,1.500000,-0.054371,-0.401742,1.492532,0.195382,0.573898,0.000000,0.224808,0.608509,-0.007895,0.998804,0.014460,-0.046692,0.000676,0.136384,0.001723,-0.000050,-0.631112,-0.172211,-0.003212,23.487519,23.487519,23.492599,0.498908,0.675620,0.266612,0.161008,0.974860
31.600000,1,0,0,2.400000,9.810000,0.900000,30.000000,60.000000,6.000000,-0.044182,-0.293959,1.500000,-0.043801,-0.371588,1.492120,0.171754,0.558466,0.000000,0.198083,0.597018,-0.008576,0.998761,0.017811,-0.046453,0.000828,0.131490,0.017100,-0.000610,-0.620809,-0.249626,0.011495,23.492599,23.492599,23.497158,0.499005,0.689282,0.238507,0.195284,0.974361
31.650000,1,0,0,2.400000,9.810000,0.900000,30.000000,60.000000,6.000000,-0.036162,-0.266488,1.500000,-0.034549,-0.342101,1.491675,0.149265,0.539865,0.000000,0.172180,0.581849,-0.009223,0.998728,0.021003,-0.045840,0.000964,0.123690,0.031585,-0.001329,-0.564080,-0.301487,0.025646,23.497158,23.497158,23.501074,0.499088,0.796723,0.264260,0.227871,0.973832
31.700000,1,0,0,2.400000,9.810000,0.900000,30.000000,60.000000,6.000000,-0.029232,-0.240021,1.500000,-0.026564,-0.313461,1.491199,0.128160,0.518344,0.000000,0.147428,0.563179,-0.009832,0.998704,0.023967,-0.044881,0.001077,0.113320,0.044644,-0.002144,-0.489735,-0.351538,0.006627,23.501074,23.501074,23.504255,0.499156,0.930177,0.283644,0.180506,0.973276
31.750000,1,0,0,2.400000,9.810000,0.900000,30.000000,60.000000,6.000000,-0.023319,-0.214697,1.500000,-0.019782,-0.285838,1.490693,0.108637,0.494201,0.000000,0.124120,0.541252,-0.010397,0.998692,0.026646,-0.043617,0.001164,0.100774,0.055861,-0.002983,-0.441812,-0.423554,0.003675,23.504255,23.504255,23.506641,0.499207,0.985888,0.236794,0.171371,0.972697
31.800000,1,0,0,2.400000,9.810000,0.900000,30.000000,60.000000,6.000000,-0.018340,-0.190639,1.500000,-0.014124,-0.259385,1.490160,0.090843,0.467778,0.000000,0.102501,0.516371,-0.010915,0.998692,0.028988,-0.042099,0.001222,0.086476,0.064947,-0.003773,-0.440198,-0.504754,0.001091,23.506641,23.506641,23.508202,0.499240,0.918491,0.152061,0.162807,0.972098
31.850000,1,0,0,2.400000,9.810000,0.900000,30.000000,60.000000,6.000000,-0.014205,-0.167951,1.500000,-0.009501,-0.234244,1.489602,0.074869,0.439446,0.000000,0.082763,0.488891,-0.011381,0.998704,0.030957,-0.040382,0.001252,0.070865,0.071736,-0.004451,-0.396726,-0.565887,0.006795,23.508202,23.508202,23.508934,0.499255,0.942212,0.097841,0.173834,0.971483
31.900000,1,0,0,2.400000,9.810000,0.900000,30.000000,60.000000,6.000000,-0.010822,-0.146720,1.500000,-0.005814,-0.210533,1.489023,0.060754,0.409600,0.000000,0.065036,0.459200,-0.011791,0.998727,0.032524,-0.038525,0.001255,0.054372,0.076185,-0.004967,-0.352814,-0.617588,0.031377,23.508934,23.508934,23.508861,0.499254,0.960399,0.047328,0.229890,0.970856
31.950000,1,0,0,2.400000,9.810000,0.900000,30.000000,60.000000,6.000000,-0.008099,-0.127010,1.500000,-0.002962,-0.188354,1.488424,0.048484,0.378645,0.000000,0.049395,0.427719,-0.012141,0.998762,0.033673,-0.036586,0.001233,0.037404,0.078362,-0.005290,-0.306811,-0.669600,0.015484,23.508861,23.508861,23.508027,0.499236,0.979741,-0.023657,0.188546,0.970220
32.000000,1,0,0,2.400000,9.810000,0.900000,30.000000,60.000000,6.000000,-0.005944,-0.108867,1.500000,-0.000840,-0.167784,1.487809,0.038002,0.346991,0.000000,0.035856,0.394881,-0.012430,0.998808,0.034396,-0.034618,0.001192,0.020331,0.078427,-0.005408,-0.233453,-0.676252,-0.009076,23.508027,23.508027,23.506499,0.499204,1.063465,-0.005834,0.126160,0.969580
32.050000,1,0,0,2.400000,9.810000,0.900000,30.000000,60.000000,6.000000,-0.004270,-0.092316,1.500000,0.000658,-0.148881,1.487182,0.029208,0.315044,0.000000,0.024381,0.361130,-0.012654,0.998863,0.034695,-0.032674,0.001135,0.003480,0.076619,-0.005329,-0.197003,-0.709668,0.014937,23.506499,23.506499,23.504361,0.499158,1.059698,-0.072215,0.180131,0.968938
32.100000,1,0,0,2.400000,9.810000,0.900000,30.000000,60.000000,6.000000,-0.002997,-0.077361,1.500000,0.001631,-0.131679,1.486545,0.021974,0.283200,0.000000,0.014889,0.326907,-0.012811,0.998927,0.034578,-0.030796,0.001066,-0.012870,0.073235,-0.005076,-0.203668,-0.705203,0.020444,23.504361,23.504361,23.501716,0.499102,0.955570,-0.067213,0.189492,0.968299
32.150000,1,0,0,2.400000,9.810000,0.900000,30.000000,60.000000,6.000000,-0.002049,-0.063988,1.500000,0.002178,-0.116191,1.485902,0.016148,0.251837,0.000000,0.007259,0.292647,-0.012899,0.998998,0.034062,-0.029018,0.000989,-0.028483,0.068607,-0.004684,-0.173131,-0.674828,0.030689,23.501716,23.501716,23.498681,0.499038,0.945501,-0.018816,0.210052,0.967666
32.200000,1,0,0,2.400000,9.810000,0.900000,30.000000,60.000000,6.000000,-0.001361,-0.052163,1.500000,0.002386,-0.102408,1.485256,0.011560,0.221313,0.000000,0.001338,0.258767,-0.012918,0.999075,0.033167,-0.027369,0.000909,-0.043166,0.063086,-0.004193,-0.081980,-0.690041,0.000851,23.498681,23.498681,23.495389,0.498968,1.086935,-0.097630,0.134264,0.967044
32.250000,1,0,0,2.400000,9.810000,0.900000,30.000000,60.000000,6.000000,-0.000876,-0.041837,1.500000,0.002337,-0.090301,1.484612,0.008038,0.191963,0.000000,-0.003046,0.225668,-0.012866,0.999155,0.031918,-0.025867,0.000826,-0.056758,0.057019,-0.003647,-0.069264,-0.627420,0.004177,23.495389,23.495389,23.491983,0.498895,1.046991,-0.006242,0.137946,0.966435
32.300000,1,0,0,2.400000,9.810000,0.900000,30.000000,60.000000,6.000000,-0.000543,-0.032942,1.500000,0.002104,-0.079822,1.483971,0.005408,0.164090,0.000000,-0.006077,0.193724,-0.012744,0.999238,0.030344,-0.024519,0.000745,-0.069122,0.050736,-0.003084,-0.010863,-0.649437,0.031161,23.491983,23.491983,23.488614,0.498824,1.124001,-0.133213,0.198309,0.965842
32.350000,1,0,0,2.400000,9.810000,0.900000,30.000000,60.000000,6.000000,-0.000323,-0.025399,1.500000,0.001749,-0.070903,1.483338,0.003505,0.137967,0.000000,-0.007944,0.163282,-0.012552,0.999322,0.028477,-0.023329,0.000665,-0.080138,0.044529,-0.002540,0.026852,-0.591323,0.025441,23.488614,23.488614,23.485434,0.498756,1.158744,-0.081577,0.180107,0.965270
32.400000,1,0,0,2.400000,9.810000,0.900000,30.000000,60.000000,6.000000,-0.000183,-0.019112,1.500000,0.001326,-0.063463,1.482717,0.002176,0.113831,0.000000,-0.008833,0.134656,-0.012291,0.999404,0.026353,-0.022291,0.000588,-0.089691,0.038646,-0.002040,0.042522,-0.563472,0.031335,23.485434,23.485434,23.482594,0.498696,1.147711,-0.114628,0.189728,0.964722
32.450000,1,0,0,2.400000,9.810000,0.900000,30.000000,60.000000,6.000000,-0.000098,-0.013979,1.500000,0.000879,-0.057403,1.482110,0.001284,0.091878,0.000000,-0.008917,0.108127,-0.011961,0.999483,0.024009,-0.021393,0.000514,-0.097668,0.033281,-0.001600,0.074358,-0.507854,0.036085,23.482594,23.482594,23.480231,0.498646,1.182105,-0.091307,0.196579,0.964199
32.500000,1,0,0,2.400000,9.810000,0.900000,30.000000,60.000000,6.000000,-0.000049,-0.009885,1.500000,0.000445,-0.052612,1.481522,0.000714,0.072264,0.000000,-0.008358,0.083933,-0.011566,0.999556,0.021487,-0.020623,0.000443,-0.103947,0.028566,-0.001229,0.074287,-0.473620,0.016019,23.480231,23.480231,23.478468,0.498608,1.145857,-0.127659,0.143867,0.963707
32.550000,1,0,0,2.400000,9.810000,0.900000,30.000000,60.000000,6.000000,-0.000023,-0.006712,1.500000,0.000051,-0.048967,1.480955,0.000370,0.055097,0.000000,-0.007297,0.062274,-0.011106,0.999623,0.018830,-0.019961,0.000376,-0.108399,0.024571,-0.000926,0.056375,-0.420365,0.006578,23.478468,23.478468,23.477400,0.498586,1.071908,-0.124644,0.116678,0.963246
32.600000,1,0,0,2.400000,9.810000,0.900000,30.000000,60.000000,6.000000,-0.000009,-0.004334,1.500000,-0.000279,-0.046339,1.480412,0.000175,0.040435,0.000000,-0.005853,0.043302,-0.010585,0.999683,0.016086,-0.019389,0.000312,-0.110885,0.021307,-0.000686,0.030448,-0.364915,0.006418,23.477400,23.477400,23.477090,0.498579,0.982981,-0.120432,0.111807,0.962819
32.650000,1,0,0,2.400000,9.810000,0.900000,30.000000,60.000000,6.000000,-0.000003,-0.002626,1.500000,-0.000529,-0.044591,1.479897,0.000074,0.028281,0.000000,-0.004128,0.027118,-0.010006,0.999733,0.013306,-0.018891,0.000251,-0.111254,0.018727,-0.000499,0.008807,-0.294917,-0.009097,23.477090,23.477090,23.477561,0.498589,0.907761,-0.082986,0.070146,0.962430
32.700000,1,0,0,2.400000,9.810000,0.900000,30.000000,60.000000,6.000000,-0.000001,-0.001465,1.500000,-0.000688,-0.043580,1.479413,0.000027,0.018579,0.000000,-0.002199,0.013770,-0.009372,0.999774,0.010544,-0.018450,0.000195,-0.109346,0.016741,-0.000353,0.024720,-0.211841,-0.018893,23.477561,23.477561,23.478793,0.498615,0.925335,-0.013263,0.042299,0.962079
32.750000,1,0,0,2.400000,9.810000,0.900000,30.000000,60.000000,6.000000,-0.000000,-0.000730,1.500000,-0.000747,-0.043167,1.478961,0.000008,0.011207,0.000000,-0.000130,0.003246,-0.008688,0.999806,0.007860,-0.018051,0.000142,-0.104994,0.015223,-0.000239,0.045167,-0.146520,-0.003843,23.478793,23.478793,23.480719,0.498656,0.955828,0.017496,0.074187,0.961769
32.800000,1,0,0,2.400000,9.810000,0.900000,30.000000,60.000000,6.000000,-0.000000,-0.000309,1.500000,-0.000700,-0.043210,1.478545,0.000002,0.005976,0.000000,0.002035,-0.004528,-0.007958,0.999829,0.005317,-0.017686,0.000094,-0.098026,0.014028,-0.000149,0.033635,-0.128739,0.006464,23.480719,23.480719,23.483227,0.498709,0.911142,-0.059232,0.094813,0.961501
32.850000,1,0,0,2.400000,9.810000,0.900000,30.000000,60.000000,6.000000,-0.000000,-0.000101,1.500000,-0.000542,-0.043576,1.478166,0.000000,0.002624,0.000000,0.004261,-0.009696,-0.007186,0.999845,0.002983,-0.017349,0.000052,-0.088265,0.013008,-0.000078,0.020807,-0.027391,0.013696,23.483227,23.483227,23.486164,0.498772,0.864622,0.074385,0.108197,0.961277
32.900000,1,0,0,2.400000,9.810000,0.900000,30.000000,60.000000,6.000000,-0.000000,-0.000021,1.500000,-0.000273,-0.044140,1.477827,0.000000,0.000809,0.000000,0.006521,-0.012475,-0.006377,0.999854,0.000929,-0.017036,0.000016,-0.075534,0.012028,-0.000022,0.017432,0.009079,0.010804,23.486164,23.486164,23.489347,0.498839,0.841946,0.065454,0.097439,0.961098
32.950000,1,0,0,2.400000,9.810000,0.900000,30.000000,60.000000,6.000000,-0.000000,-0.000001,1.500000,0.000110,-0.044789,1.477529,0.000000,0.000105,0.000000,0.008795,-0.013159,-0.005536,0.999859,-0.000767,-0.016748,-0.000013,-0.059651,0.010980,0.000017,-0.009588,0.007868,-0.017302,23.489347,23.489347,23.492579,0.498908,0.763691,-0.017149,0.026332,0.960963
33.000000,1,0,0,2.400000,9.810000,0.900000,30.000000,60.000000,6.000000,0.000000,-0.000000,1.500000,0.000607,-0.045427,1.477273,0.000000,0.000000,0.000000,0.011065,-0.012125,-0.004669,0.999862,-0.002018,-0.016488,-0.000033,-0.018782,0.009801,0.000040,-0.009288,0.070517,-0.027187,23.492579,23.492579,23.495497,0.498970,0.752302,0.074428,-0.000862,0.960875
33.050000,1,0,0,2.400000,9.810000,0.900000,30.000000,60.000000,6.000000,0.000000,-0.000000,1.500000,0.001216,-0.045988,1.477062,0.000000,0.000000,0.000000,0.013311,-0.010286,-0.003782,0.999866,-0.001933,-0.016260,-0.000031,0.004018,0.008472,0.000033,0.006358,0.056440,-0.022732,23.495497,23.495497,23.498274,0.499029,0.779207,0.044626,0.006543,0.960834
33.100000,1,0,0,2.400000,9.810000,0.900000,30.000000,60.000000,6.000000,0.000000,-0.000000,1.500000,0.001937,-0.046453,1.476895,0.000000,0.000000,0.000000,0.015518,-0.008274,-0.002880,0.999869,-0.001825,-0.016066,-0.000029,0.004535,0.007001,0.000026,0.045157,0.043751,0.000796,23.498274,23.498274,23.500910,0.499085,0.863317,0.019203,0.059923,0.960838
33.150000,1,0,0,2.400000,9.810000,0.900000,30.000000,60.000000,6.000000,0.000000,-0.000000,1.500000,0.002767,-0.046813,1.476774,0.000000,0.000000,0.000000,0.017668,-0.006107,-0.001968,0.999872,-0.001707,-0.015911,-0.000027,0.004883,0.005402,0.000018,0.053708,0.068170,-0.011164,23.500910,23.500910,23.503403,0.499138,0.876631,0.083347,0.028331,0.960889
33.200000,1,0,0,2.400000,9.810000,0.900000,30.000000,60.000000,6.000000,0.000000,-0.000000,1.500000,0.003703,-0.047061,1.476699,0.000000,0.000000,0.000000,0.019744,-0.003805,-0.001054,0.999874,-0.001583,-0.015797,-0.000025,0.005059,0.003687,0.000012,0.036054,0.063212,0.019332,23.503403,23.503403,23.505757,0.499188,0.828993,0.077300,0.098841,0.960985
33.250000,1,0,0,2.400000,9.810000,0.900000,30.000000,60.000000,6.000000,0.000000,-0.000000,1.500000,0.004740,-0.047191,1.476669,0.000000,0.000000,0.000000,0.021731,-0.001390,-0.000142,0.999875,-0.001456,-0.015727,-0.000023,0.005061,0.001872,0.000005,0.041985,0.078102,-0.010036,23.505757,23.505757,23.507973,0.499235,0.840027,0.118994,0.025885,0.961126
33.300000,1,0,0,2.400000,9.810000,0.900000,30.000000,60.000000,6.000000,0.000000,-0.000000,1.500000,0.005874,-0.047199,1.476684,0.000000,0.000000,0.000000,0.023611,0.001115,0.000762,0.999876,-0.001331,-0.015704,-0.000021,0.004890,-0.000029,-0.000000,0.047912,0.080800,-0.040667,23.507973,23.507973,23.510058,0.499279,0.853230,0.131328,-0.049896,0.961310
33.350000,1,0,0,2.400000,9.810000,0.900000,30.000000,60.000000,6.000000,0.000000,-0.000000,1.500000,0.007099,-0.047079,1.476745,0.000000,0.000000,0.000000,0.025372,0.003686,0.001651,0.999876,-0.001213,-0.015729,-0.000019,0.004550,-0.001999,-0.000005,0.029348,0.102003,-0.004584,23.510058,23.510058,23.512017,0.499321,0.809930,0.187775,0.034642,0.961537
33.400000,1,0,0,2.400000,9.810000,0.900000,30.000000,60.000000,6.000000,0.000000,-0.000000,1.500000,0.008409,-0.046829,1.476849,0.000000,0.000000,0.000000,0.026999,0.006298,0.002520,0.999874,-0.001105,-0.015804,-0.000017,0.004046,-0.004020,-0.000009,0.043534,0.105403,0.011603,23.512017,23.512017,23.513860,0.499360,0.847570,0.200996,0.071633,0.961804
33.450000,1,0,0,2.400000,9.810000,0.900000,30.000000,60.000000,6.000000,0.000000,-0.000000,1.500000,0.009796,-0.046449,1.476996,0.000000,0.000000,0.000000,0.028479,0.008927,0.003363,0.999873,-0.001012,-0.015930,-0.000016,0.003386,-0.006075,-0.000012,0.057966,0.090418,0.023889,23.513860,23.513860,23.515596,0.499397,0.888194,0.169412,0.099456,0.962111
33.500000,1,0,0,2.400000,9.810000,0.900000,30.000000,60.000000,6.000000,0.000000,-0.000000,1.500000,0.011254,-0.045937,1.477185,0.000000,0.000000,0.000000,0.029802,0.011546,0.004175,0.999870,-0.000937,-0.016108,-0.000015,0.002581,-0.008146,-0.000015,0.037245,0.086103,0.021452,23.515596,23.515596,23.517238,0.499432,0.846874,0.162575,0.092134,0.962454
33.550000,1,0,0,2.400000,9.810000,0.900000,30.000000,60.000000,6.000000,0.000000,-0.000000,1.500000,0.012774,-0.045295,1.477413,0.000000,0.000000,0.000000,0.030958,0.014130,0.004952,0.999866,-0.000884,-0.016338,-0.000014,0.001644,-0.010215,-0.000018,0.032905,0.088533,-0.000104,23.517238,23.517238,23.518799,0.499465,0.847303,0.170900,0.039105,0.962832
33.600000,1,0,0,2.400000,9.810000,0.900000,30.000000,60.000000,6.000000,0.000000,-0.000000,1.500000,0.014347,-0.044525,1.477679,0.000000,0.000000,0.000000,0.031936,0.016655,0.005687,0.999862,-0.000856,-0.016619,-0.000014,0.000588,-0.012262,-0.000021,0.020538,0.088131,0.000342,23.518799,23.518799,23.520295,0.499497,0.830883,0.171255,0.039047,0.963242
33.650000,1,0,0,2.400000,9.810000,0.900000,30.000000,60.000000,6.000000,0.000000,-0.000000,1.500000,0.015965,-0.043631,1.477981,0.000000,0.000000,0.000000,0.032731,0.019095,0.006376,0.999856,-0.000855,-0.016950,-0.000015,-0.000571,-0.014270,-0.000024,0.010900,0.078355,0.005190,23.520295,23.520295,23.521743,0.499527,0.823401,0.147809,0.049712,0.963682
33.700000,1,0,0,2.400000,9.810000,0.900000,30.000000,60.000000,6.000000,0.000000,-0.000000,1.500000,0.017617,-0.042617,1.478316,0.000000,0.000000,0.000000,0.033336,0.021427,0.007016,0.999849,-0.000885,-0.017332,-0.000015,-0.001816,-0.016220,-0.000029,0.018888,0.076047,-0.003368,23.521743,23.521743,23.523161,0.499557,0.860546,0.140870,0.028343,0.964148
33.750000,1,0,0,2.400000,9.810000,0.900000,30.000000,60.000000,6.000000,0.000000,-0.000000,1.500000,0.019295,-0.041490,1.478682,0.000000,0.000000,0.000000,0.033746,0.023628,0.007602,0.999842,-0.000947,-0.017761,-0.000017,-0.003128,-0.018095,-0.000034,0.038908,0.057496,0.021037,23.523161,23.523161,23.524569,0.499587,0.928818,0.093444,0.086209,0.964638
33.800000,1,0,0,2.400000,9.810000,0.900000,30.000000,60.000000,6.000000,0.000000,-0.000000,1.500000,0.020988,-0.040257,1.479075,0.000000,0.000000,0.000000,0.033960,0.025677,0.008131,0.999833,-0.001042,-0.018235,-0.000019,-0.004488,-0.019878,-0.000041,0.052885,0.062545,0.001642,23.524569,23.524569,23.525988,0.499617,0.984739,0.101085,0.039067,0.965149
33.850000,1,0,0,2.400000,9.810000,0.900000,30.000000,60.000000,6.000000,0.000000,-0.000000,1.500000,0.022688,-0.038925,1.479494,0.000000,0.000000,0.000000,0.033976,0.027555,0.008600,0.999823,-0.001171,-0.018753,-0.000022,-0.005878,-0.021551,-0.000050,0.078658,0.083762,0.027111,23.525988,23.525988,23.527437,0.499648,1.071007,0.145907,0.099691,0.965676
33.900000,1,0,0,2.400000,9.810000,0.900000,30.000000,60.000000,6.000000,0.000000,-0.000000,1.500000,0.024383,-0.037504,1.479934,0.000000,0.000000,0.000000,0.033794,0.029243,0.009005,0.999813,-0.001336,-0.019312,-0.000026,-0.007276,-0.023101,-0.000062,0.058372,0.075136,0.006980,23.527437,23.527437,23.528939,0.499680,1.048633,0.117465,0.050948,0.966217
33.950000,1,0,0,2.400000,9.810000,0.900000,30.000000,60.000000,6.000000,0.000000,-0.000000,1.500000,0.026064,-0.036004,1.480393,0.000000,0.000000,0.000000,0.033416,0.030725,0.009346,0.999801,-0.001535,-0.019907,-0.000031,-0.008664,-0.024513,-0.000075,0.053658,0.085355,-0.004509,23.528939,23.528939,23.530515,0.499714,1.065376,0.132607,0.023000,0.966769
34.000000,1,0,0,2.400000,9.810000,0.900000,30.000000,60.000000,6.000000,0.000000,-0.000000,1.500000,0.027721,-0.034436,1.480868,0.000000,0.000000,0.000000,0.032846,0.031988,0.009619,0.999788,-0.001768,-0.020536,-0.000036,-0.010021,-0.025772,-0.000091,0.049565,0.074593,-0.005348,23.530515,23.530515,23.532185,0.499749,1.085186,0.095779,0.020645,0.967327
34.050000,1,0,0,2.400000,9.810000,0.900000,30.000000,60.000000,6.000000,0.000000,-0.000000,1.500000,0.029345,-0.032809,1.481354,0.000000,0.000000,0.000000,0.032089,0.033020,0.009825,0.999773,-0.002035,-0.021194,-0.000043,-0.011329,-0.026868,-0.000109,0.014879,0.098389,-0.005639,23.532185,23.532185,23.533970,0.499787,1.032964,0.140318,0.019618,0.967888
34.100000,1,0,0,2.400000,9.810000,0.900000,30.000000,60.000000,6.000000,0.000000,-0.000000,1.500000,0.030927,-0.031138,1.481849,0.000000,0.000000,0.000000,0.031153,0.033812,0.009961,0.999758,-0.002334,-0.021878,-0.000051,-0.012570,-0.027791,-0.000130,-0.014047,0.080604,-0.004395,23.533970,23.533970,23.535887,0.499828,0.995762,0.083558,0.022266,0.968448
34.150000,1,0,0,2.400000,9.810000,0.900000,30.000000,60.000000,6.000000,0.000000,-0.000000,1.500000,0.032458,-0.029432,1.482349,0.000000,0.000000,0.000000,0.030043,0.034357,0.010028,0.999741,-0.002663,-0.022582,-0.000060,-0.013727,-0.028531,-0.000152,-0.065880,0.071491,-0.001732,23.535887,23.535887,23.537954,0.499872,0.904568,0.046196,0.028295,0.969004
34.200000,1,0,0,2.400000,9.810000,0.900000,30.000000,60.000000,6.000000,0.000000,-0.000000,1.500000,0.033929,-0.027706,1.482851,0.000000,0.000000,0.000000,0.028772,0.034652,0.010027,0.999724,-0.003019,-0.023302,-0.000070,-0.014785,-0.029081,-0.000176,-0.058375,0.046842,-0.033964,23.537954,23.537954,23.540186,0.499919,0.956553,-0.029762,-0.049476,0.969552
34.250000,1,0,0,2.400000,9.810000,0.900000,30.000000,60.000000,6.000000,0.000000,-0.000000,1.500000,0.035332,-0.025971,1.483351,0.000000,0.000000,0.000000,0.027348,0.034694,0.009957,0.999705,-0.003401,-0.024034,-0.000082,-0.015729,-0.029435,-0.000200,-0.034740,0.017345,-0.008573,23.540186,23.540186,23.542597,0.499970,1.047795,-0.118536,0.010978,0.970087
34.300000,1,0,0,2.400000,9.810000,0.900000,30.000000,60.000000,6.000000,0.000000,-0.000000,1.500000,0.036661,-0.024241,1.483845,0.000000,0.000000,0.000000,0.025785,0.034485,0.009820,0.999686,-0.003805,-0.024772,-0.000094,-0.016547,-0.029591,-0.000225,-0.050828,0.007780,-0.009509,23.542597,23.542597,23.545195,0.500025,1.044010,-0.160519,0.008157,0.970607
34.350000,1,0,0,2.400000,9.810000,0.900000,30.000000,60.000000,6.000000,0.000000,-0.000000,1.500000,0.037909,-0.022527,1.484332,0.000000,0.000000,0.000000,0.024095,0.034029,0.009617,0.999666,-0.004227,-0.025511,-0.000108,-0.017229,-0.029546,-0.000250,-0.037322,-0.016245,0.019229,23.545195,23.545195,23.547990,0.500085,1.111331,-0.238093,0.076443,0.971108
34.400000,1,0,0,2.400000,9.810000,0.900000,30.000000,60.000000,6.000000,0.000000,-0.000000,1.500000,0.039069,-0.020842,1.484806,0.000000,0.000000,0.000000,0.022292,0.033332,0.009352,0.999645,-0.004664,-0.026247,-0.000122,-0.017767,-0.029300,-0.000273,-0.057715,-0.035988,0.011120,23.547990,23.547990,23.550986,0.500148,1.097138,-0.306117,0.056166,0.971586
34.450000,1,0,0,2.400000,9.810000,0.900000,30.000000,60.000000,6.000000,0.000000,-0.000000,1.500000,0.040136,-0.019198,1.485266,0.000000,0.000000,0.000000,0.020392,0.032403,0.009026,0.999623,-0.005113,-0.026974,-0.000138,-0.018155,-0.028855,-0.000295,-0.036946,-0.025357,-0.000091,23.550986,23.550986,23.554185,0.500216,1.181340,-0.301796,0.028299,0.972038
34.500000,1,0,0,2.400000,9.810000,0.900000,30.000000,60.000000,6.000000,0.000000,-0.000000,1.500000,0.041107,-0.017605,1.485708,0.000000,0.000000,0.000000,0.018411,0.031253,0.008642,0.999601,-0.005570,-0.027687,-0.000154,-0.018390,-0.028215,-0.000314,-0.031616,-0.039104,0.002682,23.554185,23.554185,23.557587,0.500289,1.227866,-0.356353,0.033825,0.972460
34.550000,1,0,0,2.400000,9.810000,0.900000,30.000000,60.000000,6.000000,0.000000,-0.000000,1.500000,0.041976,-0.016076,1.486129,0.000000,0.000000,0.000000,0.016364,0.029896,0.008204,0.999579,-0.006031,-0.028382,-0.000171,-0.018468,-0.027385,-0.000330,-0.062318,0.001856,0.033060,23.557587,23.557587,23.561188,0.500365,1.187068,-0.279809,0.105424,0.972849
34.600000,1,0,0,2.400000,9.810000,0.900000,30.000000,60.000000,6.000000,0.000000,-0.000000,1.500000,0.042742,-0.014619,1.486527,0.000000,0.000000,0.000000,0.014268,0.028347,0.007716,0.999557,-0.006492,-0.029054,-0.000189,-0.018393,-0.026372,-0.000343,-0.063598,-0.041490,0.025276,23.561188,23.561188,23.564983,0.500446,1.215815,-0.405607,0.085238,0.973203
34.650000,1,0,0,2.400000,9.810000,0.900000,30.000000,60.000000,6.000000,0.000000,-0.000000,1.500000,0.043403,-0.013244,1.486900,0.000000,0.000000,0.000000,0.012142,0.026625,0.007182,0.999535,-0.006949,-0.029699,-0.000206,-0.018166,-0.025186,-0.000350,-0.040858,-0.092074,0.007527,23.564983,23.564983,23.568963,0.500530,1.300933,-0.548610,0.040927,0.973517
34.700000,1,0,0,2.400000,9.810000,0.900000,30.000000,60.000000,6.000000,0.000000,-0.000000,1.500000,0.043956,-0.011959,1.487245,0.000000,0.000000,0.000000,0.010002,0.024747,0.006607,0.999513,-0.007398,-0.030312,-0.000224,-0.017793,-0.023836,-0.000353,-0.016809,-0.077018,0.003514,23.568963,23.568963,23.573119,0.500618,1.387717,-0.533729,0.029360,0.973790
34.750000,1,0,0,2.400000,9.810000,0.900000,30.000000,60.000000,6.000000,0.000000,-0.000000,1.500000,0.044403,-0.010771,1.487560,0.000000,0.000000,0.000000,0.007866,0.022737,0.005995,0.999492,-0.007837,-0.030889,-0.000242,-0.017281,-0.022336,-0.000350,-0.006048,-0.070305,0.017864,23.573119,23.573119,23.577438,0.500710,1.440949,-0.538360,0.061634,0.974019
34.800000,1,0,0,2.400000,9.810000,0.900000,30.000000,60.000000,6.000000,0.000000,-0.000000,1.500000,0.044743,-0.009687,1.487844,0.000000,0.000000,0.000000,0.005752,0.020615,0.005351,0.999472,-0.008260,-0.031427,-0.000260,-0.016639,-0.020698,-0.000342,0.019521,-0.067749,0.016996,23.577438,23.577438,23.581907,0.500805,1.527889,-0.552298,0.057141,0.974202
34.850000,1,0,0,2.400000,9.810000,0.900000,30.000000,60.000000,6.000000,0.000000,-0.000000,1.500000,0.044979,-0.008711,1.488095,0.000000,0.000000,0.000000,0.003676,0.018405,0.004681,0.999453,-0.008667,-0.031922,-0.000277,-0.015880,-0.018937,-0.000328,0.031116,-0.076903,0.018854,23.581907,23.581907,23.586511,0.500903,1.579310,-0.593521,0.058945,0.974336
34.900000,1,0,0,2.400000,9.810000,0.900000,30.000000,60.000000,6.000000,0.000000,-0.000000,1.500000,0.045112,-0.007848,1.488311,0.000000,0.000000,0.000000,0.001657,0.016132,0.003990,0.999435,-0.009053,-0.032372,-0.000293,-0.015015,-0.017070,-0.000309,0.026829,-0.057070,-0.024068,23.586511,23.586511,23.591237,0.501003,1.590492,-0.564227,-0.046973,0.974419
34.950000,1,0,0,2.400000,9.810000,0.900000,30.000000,60.000000,6.000000,0.000000,-0.000000,1.500000,0.045145,-0.007099,1.488493,0.000000,0.000000,0.000000,-0.000291,0.013821,0.003284,0.999418,-0.009416,-0.032774,-0.000309,-0.014059,-0.015113,-0.000285,0.015820,-0.095760,-0.027223,23.591237,23.591237,23.596068,0.501106,1.583304,-0.674320,-0.057707,0.974451
35.000000,1,0,0,2.400000,9.810000,0.900000,30.000000,60.000000,6.000000,0.000000,-0.000000,1.500000,0.045084,-0.006466,1.488640,0.000000,0.000000,0.000000,-0.002151,0.011496,0.002568,0.999404,-0.009755,-0.033127,-0.000323,-0.013027,-0.013084,-0.000255,0.044917,-0.087737,-0.008145,23.596068,23.596068,23.600990,0.501210,1.670036,-0.671137,-0.015337,0.974429
35.050000,1,0,0,2.400000,9.810000,0.900000,30.000000,60.000000,6.000000,0.000000,-0.000000,1.500000,0.044932,-0.005949,1.488750,0.000000,0.000000,0.000000,-0.003908,0.009183,0.001849,0.999390,-0.010066,-0.033428,-0.000337,-0.011935,-0.011001,-0.000222,0.056802,-0.056990,-0.011910,23.600990,23.600990,23.605988,0.501316,1.713048,-0.612171,-0.028047,0.974353
35.100000,1,0,0,2.400000,9.810000,0.900000,30.000000,60.000000,6.000000,0.000000,-0.000000,1.500000,0.044695,-0.005547,1.488825,0.000000,0.000000,0.000000,-0.005548,0.006908,0.001132,0.999379,-0.010350,-0.033676,-0.000349,-0.010801,-0.008883,-0.000184,0.093496,-0.028533,-0.025924,23.605988,23.605988,23.611049,0.501424,1.813141,-0.557393,-0.065607,0.974221
35.150000,1,0,0,2.400000,9.810000,0.900000,30.000000,60.000000,6.000000,0.000000,-0.000000,1.500000,0.044380,-0.005257,1.488863,0.000000,0.000000,0.000000,-0.007058,0.004693,0.000423,0.999370,-0.010606,-0.033871,-0.000359,-0.009641,-0.006750,-0.000143,0.056128,-0.028590,-0.037154,23.611049,23.611049,23.616159,0.501532,1.732989,-0.569699,-0.096732,0.974033
35.200000,1,0,0,2.400000,9.810000,0.900000,30.000000,60.000000,6.000000,0.000000,-0.000000,1.500000,0.043992,-0.005076,1.488867,0.000000,0.000000,0.000000,-0.008426,0.002565,-0.000273,0.999363,-0.010832,-0.034013,-0.000369,-0.008475,-0.004622,-0.000100,0.045409,-0.027062,-0.050460,23.616159,23.616159,23.621307,0.501642,1.714291,-0.576833,-0.133079,0.973788
35.250000,1,0,0,2.400000,9.810000,0.900000,30.000000,60.000000,6.000000,0.000000,-0.000000,1.500000,0.043539,-0.004999,1.488836,0.000000,0.000000,0.000000,-0.009641,0.000544,-0.000949,0.999357,-0.011029,-0.034102,-0.000376,-0.007318,-0.002516,-0.000056,0.034460,-0.041041,-0.070446,23.621307,23.621307,23.626482,0.501752,1.692551,-0.619816,-0.185690,0.973487
35.300000,1,0,0,2.400000,9.810000,0.900000,30.000000,60.000000,6.000000,0.000000,-0.000000,1.500000,0.043030,-0.005019,1.488773,0.000000,0.000000,0.000000,-0.010694,-0.001347,-0.001601,0.999354,-0.011198,-0.034139,-0.000383,-0.006189,-0.000454,-0.000010,0.035072,-0.014633,-0.072717,23.626482,23.626482,23.631674,0.501862,1.696107,-0.564524,-0.196005,0.973130
35.350000,1,0,0,2.400000,9.810000,0.900000,30.000000,60.000000,6.000000,0.000000,-0.000000,1.500000,0.042473,-0.005131,1.488677,0.000000,0.000000,0.000000,-0.011577,-0.003088,-0.002223,0.999353,-0.011339,-0.034125,-0.000387,-0.005104,0.001547,0.000035,0.015677,-0.007069,-0.070973,23.631674,23.631674,23.636875,0.501972,1.649251,-0.553151,-0.196893,0.972717
35.400000,1,0,0,2.400000,9.810000,0.900000,30.000000,60.000000,6.000000,0.000000,-0.000000,1.500000,0.041876,-0.005325,1.488551,0.000000,0.000000,0.000000,-0.012282,-0.004662,-0.002809,0.999354,-0.011453,-0.034062,-0.000390,-0.004078,0.003468,0.000079,0.014909,-0.008642,-0.064162,23.636875,23.636875,23.642078,0.502083,1.644789,-0.562461,-0.185814,0.972249
35.450000,1,0,0,2.400000,9.810000,0.900000,30.000000,60.000000,6.000000,0.000000,-0.000000,1.500000,0.041248,-0.005594,1.488397,0.000000,0.000000,0.000000,-0.012806,-0.006050,-0.003356,0.999357,-0.011543,-0.033953,-0.000392,-0.003127,0.005291,0.000122,0.002946,-0.018166,-0.069373,23.642078,23.642078,23.647276,0.502193,1.611251,-0.589689,-0.203764,0.971726
35.500000,1,0,0,2.400000,9.810000,0.900000,30.000000,60.000000,6.000000,0.000000,-0.000000,1.500000,0.040598,-0.005927,1.488216,0.000000,0.000000,0.000000,-0.013145,-0.007240,-0.003858,0.999361,-0.011610,-0.033799,-0.000393,-0.002264,0.007001,0.000163,0.020341,-0.018805,-0.062702,23.647276,23.647276,23.652464,0.502303,1.646083,-0.594518,-0.193357,0.971151
35.550000,1,0,0,2.400000,9.810000,0.900000,30.000000,60.000000,6.000000,0.000000,-0.000000,1.500000,0.039936,-0.006315,1.488012,0.000000,0.000000,0.000000,-0.013296,-0.008218,-0.004312,0.999367,-0.011657,-0.033604,-0.000392,-0.001500,0.008580,0.000200,0.059085,0.019522,-0.035546,23.652464,23.652464,23.657638,0.502413,1.730209,-0.504868,-0.133929,0.970525
35.600000,1,0,0,2.400000,9.810000,0.900000,30.000000,60.000000,6.000000,0.000000,-0.000000,1.500000,0.039272,-0.006745,1.487786,0.000000,0.000000,0.000000,-0.013259,-0.008976,-0.004713,0.999375,-0.011686,-0.033371,-0.000390,-0.000846,0.010015,0.000234,0.053870,0.041392,-0.068462,23.657638,23.657638,23.662792,0.502523,1.707051,-0.453875,-0.218793,0.969849
35.650000,1,0,0,2.400000,9.810000,0.900000,30.000000,60.000000,6.000000,0.000000,-0.000000,1.500000,0.038614,-0.007208,1.487541,0.000000,0.000000,0.000000,-0.013036,-0.009506,-0.005059,0.999383,-0.011701,-0.033105,-0.000388,-0.000310,0.011293,0.000264,0.040339,0.043604,-0.078464,23.662792,23.662792,23.667922,0.502632,1.662327,-0.449360,-0.248763,0.969126
35.700000,1,0,0,2.400000,9.810000,0.900000,30.000000,60.000000,6.000000,0.000000,-0.000000,1.500000,0.037971,-0.007692,1.487281,0.000000,0.000000,0.000000,-0.012629,-0.009802,-0.005345,0.999393,-0.011703,-0.032808,-0.000384,0.000101,0.012402,0.000291,0.072968,0.005021,-0.086723,23.667922,23.667922,23.673024,0.502740,1.726968,-0.542191,-0.274622,0.968358
35.750000,1,0,0,2.400000,9.810000,0.900000,30.000000,60.000000,6.000000,0.000000,-0.000000,1.500000,0.037354,-0.008185,1.487008,0.000000,0.000000,0.000000,-0.012043,-0.009863,-0.005570,0.999404,-0.011697,-0.032486,-0.000380,0.000383,0.013332,0.000312,0.058217,0.019352,-0.085631,23.673024,23.673024,23.678093,0.502848,1.676685,-0.507616,-0.278093,0.967547
35.800000,1,0,0,2.400000,9.810000,0.900000,30.000000,60.000000,6.000000,0.000000,-0.000000,1.500000,0.036770,-0.008674,1.486725,0.000000,0.000000,0.000000,-0.011283,-0.009690,-0.005732,0.999415,-0.011685,-0.032143,-0.000376,0.000534,0.014075,0.000329,0.071248,0.044616,-0.077673,23.678093,23.678093,23.683125,0.502955,1.692079,-0.446546,-0.265114,0.966695
35.850000,1,0,0,2.400000,9.810000,0.900000,30.000000,60.000000,6.000000,0.000000,-0.000000,1.500000,0.036228,-0.009150,1.486436,0.000000,0.000000,0.000000,-0.010357,-0.009284,-0.005828,0.999427,-0.011672,-0.031784,-0.000371,0.000553,0.014623,0.000342,0.076391,0.031886,-0.066932,23.683125,23.683125,23.688112,0.503060,1.687770,-0.476558,-0.245458,0.965807
35.900000,1,0,0,2.400000,9.810000,0.900000,30.000000,60.000000,6.000000,0.000000,-0.000000,1.500000,0.035737,-0.009599,1.486143,0.000000,0.000000,0.000000,-0.009274,-0.008653,-0.005858,0.999438,-0.011659,-0.031414,-0.000366,0.000443,0.014971,0.000349,0.079459,0.050565,-0.053814,23.688112,23.688112,23.693050,0.503165,1.677940,-0.431242,-0.220074,0.964884
35.950000,1,0,0,2.400000,9.810000,0.900000,30.000000,60.000000,6.000000,0.000000,-0.000000,1.500000,0.035303,-0.010011,1.485851,0.000000,0.000000,0.000000,-0.008043,-0.007803,-0.005821,0.999450,-0.011651,-0.031038,-0.000362,0.000206,0.015118,0.000353,0.070407,0.073463,-0.020577,23.693050,23.693050,23.697930,0.503269,1.638719,-0.376006,-0.146353,0.963930
36.000000,1,0,0,2.400000,9.810000,0.900000,30.000000,60.000000,6.000000,0.000000,-0.000000,1.500000,0.034935,-0.010376,1.485562,0.000000,0.000000,0.000000,-0.006677,-0.006746,-0.005716,0.999462,-0.011650,-0.030660,-0.000357,-0.000150,0.015060,0.000351,0.032374,0.038772,0.000500,23.697930,23.697930,23.702745,0.503371,1.529879,-0.459332,-0.101744,0.962949
36.050000,1,0,0,2.400000,9.810000,0.900000,30.000000,60.000000,6.000000,0.000000,-0.000000,1.500000,0.034637,-0.010683,1.485280,0.000000,0.000000,0.000000,-0.005187,-0.005494,-0.005544,0.999473,-0.011660,-0.030286,-0.000353,-0.000618,0.014800,0.000345,0.018819,0.009232,-0.031196,23.702745,23.702745,23.707486,0.503472,1.479959,-0.530785,-0.183688,0.961944
36.100000,1,0,0,2.400000,9.810000,0.900000,30.000000,60.000000,6.000000,0.000000,-0.000000,1.500000,0.034418,-0.010922,1.485009,0.000000,0.000000,0.000000,-0.003588,-0.004062,-0.005306,0.999484,-0.011682,-0.029922,-0.000350,-0.001188,0.014340,0.000335,0.026792,0.002408,-0.024380,23.707486,23.707486,23.712144,0.503571,1.482120,-0.548335,-0.173075,0.960917
36.150000,1,0,0,2.400000,9.810000,0.900000,30.000000,60.000000,6.000000,0.000000,-0.000000,1.500000,0.034280,-0.011086,1.484751,0.000000,0.000000,0.000000,-0.001894,-0.002468,-0.005003,0.999494,-0.011720,-0.029571,-0.000347,-0.001849,0.013684,0.000321,0.039238,0.031025,0.012617,23.712144,23.712144,23.716707,0.503668,1.495665,-0.481555,-0.089878,0.959874
36.200000,1,0,0,2.400000,9.810000,0.900000,30.000000,60.000000,6.000000,0.000000,-0.000000,1.500000,0.034230,-0.011167,1.484510,0.000000,0.000000,0.000000,-0.000120,-0.000730,-0.004637,0.999503,-0.011775,-0.029239,-0.000344,-0.002589,0.012838,0.000303,0.061270,0.045960,0.002298,23.716707,23.716707,23.721166,0.503762,1.533091,-0.448440,-0.120062,0.958818
36.250000,1,0,0,2.400000,9.810000,0.900000,30.000000,60.000000,6.000000,0.000000,-0.000000,1.500000,0.034269,-0.011157,1.484288,0.000000,0.000000,0.000000,0.001718,0.001132,-0.004209,0.999511,-0.011850,-0.028931,-0.000343,-0.003392,0.011810,0.000280,0.068800,0.027781,0.023132,23.721166,23.721166,23.725510,0.503855,1.536808,-0.495717,-0.075279,0.957752
36.300000,1,0,0,2.400000,9.810000,0.900000,30.000000,60.000000,6.000000,0.000000,-0.000000,1.500000,0.034402,-0.011052,1.484090,0.000000,0.000000,0.000000,0.003603,0.003094,-0.003724,0.999518,-0.011945,-0.028650,-0.000342,-0.004244,0.010611,0.000254,0.074273,0.055669,0.019687,23.725510,23.725510,23.729727,0.503944,1.536896,-0.433411,-0.088541,0.956681
36.350000,1,0,0,2.400000,9.810000,0.900000,30.000000,60.000000,6.000000,0.000000,-0.000000,1.500000,0.034630,-0.010846,1.483917,0.000000,0.000000,0.000000,0.005517,0.005135,-0.003183,0.999524,-0.012063,-0.028402,-0.000343,-0.005130,0.009252,0.000223,0.051311,0.050102,0.059367,23.729727,23.729727,23.733806,0.504031,1.470240,-0.452431,0.001943,0.955608
36.400000,1,0,0,2.400000,9.810000,0.900000,30.000000,60.000000,6.000000,0.000000,-0.000000,1.500000,0.034954,-0.010537,1.483772,0.000000,0.000000,0.000000,0.007445,0.007231,-0.002590,0.999528,-0.012202,-0.028189,-0.000344,-0.006032,0.007744,0.000189,0.004108,0.046568,0.056454,23.733806,23.733806,23.737736,0.504114,1.347094,-0.467630,-0.009529,0.954538
36.450000,1,0,0,2.400000,9.810000,0.900000,30.000000,60.000000,6.000000,0.000000,-0.000000,1.500000,0.035374,-0.010123,1.483659,0.000000,0.000000,0.000000,0.009368,0.009356,-0.001949,0.999531,-0.012364,-0.028016,-0.000347,-0.006933,0.006104,0.000151,-0.043772,0.030078,0.036430,23.737736,23.737736,23.741505,0.504194,1.224176,-0.514995,-0.061783,0.953473
36.500000,1,0,0,2.400000,9.810000,0.900000,30.000000,60.000000,6.000000,0.000000,-0.000000,1.500000,0.035890,-0.009602,1.483578,0.000000,0.000000,0.000000,0.011268,0.011486,-0.001265,0.999532,-0.012549,-0.027885,-0.000350,-0.007818,0.004345,0.000109,-0.084286,0.026577,0.038278,23.741505,23.741505,23.745105,0.504271,1.120938,-0.532245,-0.061240,0.952418
36.550000,1,0,0,2.400000,9.810000,0.900000,30.000000,60.000000,6.000000,0.000000,-0.000000,1.500000,0.036501,-0.008975,1.483533,0.000000,0.000000,0.000000,0.013129,0.013595,-0.000541,0.999532,-0.012755,-0.027799,-0.000355,-0.008668,0.002486,0.000063,-0.054284,0.026703,0.019096,23.745105,23.745105,23.748525,0.504343,1.189070,-0.541821,-0.110848,0.951376
36.600000,1,0,0,2.400000,9.810000,0.900000,30.000000,60.000000,6.000000,0.000000,-0.000000,1.500000,0.037202,-0.008243,1.483525,0.000000,0.000000,0.000000,0.014934,0.015659,0.000216,0.999530,-0.012981,-0.027761,-0.000361,-0.009468,0.000542,0.000014,-0.040398,0.035090,0.026664,23.748525,23.748525,23.751755,0.504412,1.220770,-0.532549,-0.095921,0.950351
36.650000,1,0,0,2.400000,9.810000,0.900000,30.000000,60.000000,6.000000,0.000000,-0.000000,1.500000,0.037993,-0.007410,1.483555,0.000000,0.000000,0.000000,0.016666,0.017653,0.001003,0.999527,-0.013227,-0.027772,-0.000368,-0.010203,-0.001466,-0.000039,-0.023481,0.034038,0.031304,23.751755,23.751755,23.754789,0.504476,1.262074,-0.546843,-0.087674,0.949347
36.700000,1,0,0,2.400000,9.810000,0.900000,30.000000,60.000000,6.000000,0.000000,-0.000000,1.500000,0.038868,-0.006479,1.483625,0.000000,0.000000,0.000000,0.018308,0.019553,0.001813,0.999521,-0.013491,-0.027835,-0.000376,-0.010857,-0.003520,-0.000095,0.003530,0.033799,0.031917,23.754789,23.754789,23.757618,0.504537,1.330005,-0.560005,-0.088734,0.948367
36.750000,1,0,0,2.400000,9.810000,0.900000,30.000000,60.000000,6.000000,0.000000,-0.000000,1.500000,0.039822,-0.005456,1.483737,0.000000,0.000000,0.000000,0.019847,0.021337,0.002642,0.999514,-0.013769,-0.027948,-0.000385,-0.011417,-0.005601,-0.000154,-0.002339,0.039224,0.039586,23.757618,23.757618,23.760237,0.504592,1.321463,-0.560296,-0.072490,0.947414
36.800000,1,0,0,2.400000,9.810000,0.900000,30.000000,60.000000,6.000000,0.000000,-0.000000,1.500000,0.040850,-0.004348,1.483890,0.000000,0.000000,0.000000,0.021266,0.022981,0.003483,0.999506,-0.014060,-0.028114,-0.000395,-0.011871,-0.007689,-0.000216,-0.012347,0.039284,0.072625,23.760237,23.760237,23.762639,0.504643,1.305450,-0.574064,0.005019,0.946491
36.850000,1,0,0,2.400000,9.810000,0.900000,30.000000,60.000000,6.000000,0.000000,-0.000000,1.500000,0.041946,-0.003161,1.484085,0.000000,0.000000,0.000000,0.022554,0.024467,0.004330,0.999495,-0.014361,-0.028332,-0.000407,-0.012209,-0.009763,-0.000281,0.017432,0.033130,0.084629,23.762639,23.762639,23.764821,0.504690,1.387387,-0.603212,0.032422,0.945602
36.900000,1,0,0,2.400000,9.810000,0.900000,30.000000,60.000000,6.000000,0.000000,-0.000000,1.500000,0.043103,-0.001904,1.484323,0.000000,0.000000,0.000000,0.023698,0.025775,0.005179,0.999483,-0.014669,-0.028602,-0.000420,-0.012421,-0.011804,-0.000347,0.050533,0.058944,0.030778,23.764821,23.764821,23.766778,0.504731,1.479724,-0.555961,-0.097843,0.944749
36.950000,1,0,0,2.400000,9.810000,0.900000,30.000000,60.000000,6.000000,0.000000,-0.000000,1.500000,0.044313,-0.000587,1.484603,0.000000,0.000000,0.000000,0.024685,0.026889,0.006022,0.999469,-0.014981,-0.028922,-0.000433,-0.012501,-0.013792,-0.000414,0.038093,0.061418,0.037250,23.766778,23.766778,23.768507,0.504768,1.465145,-0.564895,-0.082949,0.943934
37.000000,1,0,0,2.400000,9.810000,0.900000,30.000000,60.000000,6.000000,0.000000,-0.000000,1.500000,0.045569,0.000781,1.484925,0.000000,0.000000,0.000000,0.025507,0.027793,0.006855,0.999454,-0.015292,-0.029291,-0.000448,-0.012443,-0.015708,-0.000481,0.050216,0.050663,0.003775,23.768507,23.768507,23.770005,0.504800,1.511821,-0.605589,-0.163545,0.943161
37.050000,1,0,0,2.400000,9.810000,0.900000,30.000000,60.000000,6.000000,0.000000,-0.000000,1.500000,0.046861,0.002189,1.485288,0.000000,0.000000,0.000000,0.026155,0.028476,0.007671,0.999437,-0.015601,-0.029706,-0.000464,-0.012245,-0.017534,-0.000548,0.022178,0.040080,0.033214,23.770005,23.770005,23.771272,0.504827,1.464321,-0.645711,-0.092769,0.942430
37.100000,1,0,0,2.400000,9.810000,0.900000,30.000000,60.000000,6.000000,0.000000,-0.000000,1.500000,0.048182,0.003625,1.485691,0.000000,0.000000,0.000000,0.026622,0.028927,0.008464,0.999418,-0.015903,-0.030166,-0.000480,-0.011906,-0.019250,-0.000613,0.017135,0.033057,0.006960,23.771272,23.771272,23.772306,0.504848,1.474099,-0.676964,-0.155283,0.941745
37.150000,1,0,0,2.400000,9.810000,0.900000,30.000000,60.000000,6.000000,0.000000,-0.000000,1.500000,0.049520,0.005078,1.486134,0.000000,0.000000,0.000000,0.026902,0.029137,0.009230,0.999398,-0.016194,-0.030667,-0.000497,-0.011427,-0.020842,-0.000676,0.010461,0.032702,-0.022666,23.772306,23.772306,23.773105,0.504865,1.481913,-0.691723,-0.225520,0.941106
37.200000,1,0,0,2.400000,9.810000,0.900000,30.000000,60.000000,6.000000,0.000000,-0.000000,1.500000,0.050869,0.006535,1.486614,0.000000,0.000000,0.000000,0.026990,0.029102,0.009962,0.999377,-0.016472,-0.031207,-0.000514,-0.010811,-0.022291,-0.000735,0.001539,-0.000967,-0.004102,23.773105,23.773105,23.773669,0.504877,1.486124,-0.785778,-0.179746,0.940516
37.250000,1,0,0,2.400000,9.810000,0.900000,30.000000,60.000000,6.000000,0.000000,-0.000000,1.500000,0.052216,0.007984,1.487129,0.000000,0.000000,0.000000,0.026885,0.028819,0.010656,0.999355,-0.016733,-0.031780,-0.000532,-0.010065,-0.023585,-0.000790,0.009344,0.014865,-0.017104,23.773669,23.773669,23.773998,0.504884,1.532092,-0.760211,-0.209384,0.939974
37.300000,1,0,0,2.400000,9.810000,0.900000,30.000000,60.000000,6.000000,0.000000,-0.000000,1.500000,0.053554,0.009413,1.487679,0.000000,0.000000,0.000000,0.026586,0.028289,0.011307,0.999331,-0.016973,-0.032384,-0.000550,-0.009195,-0.024709,-0.000840,-0.017640,0.028842,-0.026993,23.773998,23.773998,23.774092,0.504886,1.495988,-0.738131,-0.231218,0.939483
37.350000,1,0,0,2.400000,9.810000,0.900000,30.000000,60.000000,6.000000,0.000000,-0.000000,1.500000,0.054872,0.010809,1.488259,0.000000,0.000000,0.000000,0.026092,0.027512,0.011910,0.999307,-0.017191,-0.033014,-0.000568,-0.008212,-0.025653,-0.000883,0.032523,0.037983,-0.037679,23.774092,23.774092,23.773951,0.504883,1.646252,-0.726545,-0.254647,0.939042
37.400000,1,0,0,2.400000,9.810000,0.900000,30.000000,60.000000,6.000000,0.000000,-0.000000,1.500000,0.056160,0.012160,1.488869,0.000000,0.000000,0.000000,0.025407,0.026495,0.012462,0.999282,-0.017382,-0.033665,-0.000586,-0.007126,-0.026405,-0.000919,0.015686,0.031921,-0.020874,23.773951,23.773951,23.773575,0.504875,1.636704,-0.750210,-0.211795,0.938653
37.450000,1,0,0,2.400000,9.810000,0.900000,30.000000,60.000000,6.000000,0.000000,-0.000000,1.500000,0.057409,0.013454,1.489505,0.000000,0.000000,0.000000,0.024534,0.025246,0.012957,0.999256,-0.017545,-0.034332,-0.000603,-0.005951,-0.026958,-0.000947,-0.002001,0.029806,0.001282,23.773575,23.773575,23.772965,0.504862,1.625872,-0.763048,-0.155818,0.938314
37.500000,1,0,0,2.400000,9.810000,0.900000,30.000000,60.000000,6.000000,0.000000,-0.000000,1.500000,0.058610,0.014681,1.490164,0.000000,0.000000,0.000000,0.023478,0.023773,0.013393,0.999230,-0.017678,-0.035011,-0.000619,-0.004700,-0.027304,-0.000966,-0.031642,0.017659,-0.034909,23.772965,23.772965,23.772122,0.504845,1.586870,-0.798512,-0.239610,0.938027
37.550000,1,0,0,2.400000,9.810000,0.900000,30.000000,60.000000,6.000000,0.000000,-0.000000,1.500000,0.059754,0.015828,1.490843,0.000000,0.000000,0.000000,0.022246,0.022091,0.013766,0.999204,-0.017779,-0.035695,-0.000635,-0.003391,-0.027440,-0.000977,-0.016171,-0.004919,-0.022146,23.772122,23.772122,23.771047,0.504822,1.656403,-0.857480,-0.205668,0.937790
37.600000,1,0,0,2.400000,9.810000,0.900000,30.000000,60.000000,6.000000,0.000000,-0.000000,1.500000,0.060832,0.016886,1.491539,0.000000,0.000000,0.000000,0.020847,0.020213,0.014074,0.999178,-0.017846,-0.036380,-0.000650,-0.002038,-0.027361,-0.000978,-0.014799,-0.008529,-0.015081,23.771047,23.771047,23.769741,0.504794,1.692115,-0.869333,-0.185176,0.937602
37.650000,1,0,0,2.400000,9.810000,0.900000,30.000000,60.000000,6.000000,0.000000,-0.000000,1.500000,0.061836,0.017846,1.492249,0.000000,0.000000,0.000000,0.019291,0.018156,0.014316,0.999153,-0.017879,-0.037061,-0.000663,-0.000661,-0.027068,-0.000969,0.034063,-0.011673,0.004256,23.769741,23.769741,23.768207,0.504761,1.841563,-0.878437,-0.135033,0.937464
37.700000,1,0,0,2.400000,9.810000,0.900000,30.000000,60.000000,6.000000,0.000000,-0.000000,1.500000,0.062759,0.018699,1.492970,0.000000,0.000000,0.000000,0.017587,0.015939,0.014488,0.999128,-0.017878,-0.037732,-0.000675,0.000724,-0.026561,-0.000951,0.012425,-0.024965,0.002691,23.768207,23.768207,23.766447,0.504724,1.821318,-0.910244,-0.134879,0.937373
37.750000,1,0,0,2.400000,9.810000,0.900000,30.000000,60.000000,6.000000,0.000000,-0.000000,1.500000,0.063593,0.019438,1.493697,0.000000,0.000000,0.000000,0.015750,0.013583,0.014589,0.999103,-0.017842,-0.038387,-0.000686,0.002098,-0.025843,-0.000923,-0.011192,-0.049685,-0.012579,23.766447,23.766447,23.764463,0.504682,1.795575,-0.967831,-0.167461,0.937328
37.800000,1,0,0,2.400000,9.810000,0.900000,30.000000,60.000000,6.000000,0.000000,-0.000000,1.500000,0.064332,0.020056,1.494427,0.000000,0.000000,0.000000,0.013790,0.011109,0.014620,0.999080,-0.017773,-0.039022,-0.000694,0.003442,-0.024919,-0.000887,0.002025,-0.031575,0.003885,23.764463,23.764463,23.762261,0.504635,1.857241,-0.921006,-0.123754,0.937327
37.850000,1,0,0,2.400000,9.810000,0.900000,30.000000,60.000000,6.000000,0.000000,-0.000000,1.500000,0.064970,0.020547,1.495158,0.000000,0.000000,0.000000,0.011724,0.008540,0.014580,0.999058,-0.017670,-0.039631,-0.000701,0.004738,-0.023795,-0.000842,-0.013369,-0.015941,0.015461,23.762261,23.762261,23.759845,0.504584,1.849007,-0.878543,-0.091672,0.937368
37.900000,1,0,0,2.400000,9.810000,0.900000,30.000000,60.000000,6.000000,0.000000,-0.000000,1.500000,0.065503,0.020909,1.495884,0.000000,0.000000,0.000000,0.009566,0.005901,0.014468,0.999037,-0.017536,-0.040210,-0.000706,0.005970,-0.022481,-0.000789,-0.025190,-0.015442,0.005309,23.759845,23.759845,23.757220,0.504528,1.847880,-0.870897,-0.111659,0.937449
37.950000,1,0,0,2.400000,9.810000,0.900000,30.000000,60.000000,6.000000,0.000000,-0.000000,1.500000,0.065925,0.021137,1.496603,0.000000,0.000000,0.000000,0.007333,0.003216,0.014287,0.999018,-0.017372,-0.040754,-0.000709,0.007120,-0.020986,-0.000730,-0.028540,-0.007711,-0.014933,23.757220,23.757220,23.754394,0.504468,1.865401,-0.844472,-0.155806,0.937568
38.000000,1,0,0,2.400000,9.810000,0.900000,30.000000,60.000000,6.000000,0.000000,-0.000000,1.500000,0.066235,0.021230,1.497312,0.000000,0.000000,0.000000,0.005040,0.000510,0.014036,0.999001,-0.017180,-0.041258,-0.000710,0.008172,-0.019322,-0.000665,-0.037671,-0.021235,0.007032,23.754394,23.754394,23.751374,0.504404,1.867156,-0.867744,-0.098626,0.937722
