t,flight_active,online_update_configured,online_update_enabled,mass_kg,gravity_m_s2,anomaly_similarity_threshold,force_clip_norm_n,force_reject_norm_n,residual_consistency_threshold_n,pd_x,pd_y,pd_z,p_x,p_y,p_z,vd_x,vd_y,vd_z,v_x,v_y,v_z,q_w,q_x,q_y,q_z,omega_x,omega_y,omega_z,accel_world_x,accel_world_y,accel_world_z,previous_commanded_thrust_n,residual_model_thrust_n,thrust_n,thrust_norm,residual_x,residual_y,residual_z,max_similarity
0.000000,1,0,0,2.400000,9.810000,0.900000,30.000000,60.000000,6.000000,0.000000,0.000000,0.000000,0.000000,0.000000,0.000000,0.000000,0.000000,0.000000,0.000000,-0.000000,-0.000005,1.000000,0.000000,0.000000,-0.000000,0.000033,0.000180,-0.000000,-0.006916,0.003375,-0.004633,23.532578,23.532578,23.542524,0.499969,-0.016600,0.008100,0.000303,0.926305
0.050000,1,0,0,2.400000,9.810000,0.900000,30.000000,60.000000,6.000000,0.000000,0.000000,0.000004,0.000000,-0.000000,-0.000008,0.000000,0.000000,0.000217,0.000004,-0.000001,-0.000255,1.000000,0.000002,0.000009,-0.000000,0.000066,0.000320,-0.000000,0.003168,-0.024108,0.016811,23.542524,23.542524,23.563375,0.500411,0.007201,-0.057782,0.041821,0.925988
0.100000,1,0,0,2.400000,9.810000,0.900000,30.000000,60.000000,6.000000,0.000000,0.000000,0.000029,0.000001,-0.000000,-0.000018,0.000000,0.000000,0.000857,0.000017,-0.000003,-0.000067,1.000000,0.000003,0.000016,-0.000000,0.000081,0.000272,-0.000000,-0.012008,-0.024693,-0.008773,23.563375,23.563375,23.583420,0.500837,-0.029570,-0.059101,-0.040430,0.925725
0.150000,1,0,0,2.400000,9.810000,0.900000,30.000000,60.000000,6.000000,0.000000,0.000000,0.000096,0.000002,-0.000000,-0.000008,0.000000,0.000000,0.001904,0.000036,-0.000007,0.000547,1.000000,0.000006,0.000022,-0.000000,0.000111,0.000219,-0.000000,-0.009336,-0.021894,-0.005915,23.583420,23.583420,23.602666,0.501246,-0.023447,-0.052273,-0.053616,0.925515
0.200000,1,0,0,2.400000,9.810000,0.900000,30.000000,60.000000,6.000000,0.000000,0.000000,0.000226,0.000004,-0.000001,0.000043,0.000000,0.000000,0.003342,0.000061,-0.000014,0.001569,1.000000,0.000009,0.000027,-0.000000,0.000155,0.000163,-0.000000,0.009876,-0.021854,0.008972,23.602666,23.602666,23.621123,0.501638,0.022436,-0.052019,-0.037133,0.925357
0.250000,1,0,0,2.400000,9.810000,0.900000,30.000000,60.000000,6.000000,0.000000,0.000000,0.000437,0.000008,-0.000002,0.000156,0.000000,0.000000,0.005155,0.000092,-0.000024,0.002985,1.000000,0.000014,0.000030,-0.000000,0.000212,0.000106,-0.000000,0.014511,0.017336,0.039485,23.621123,23.621123,23.638799,0.502013,0.033398,0.042252,0.017640,0.925250
0.300000,1,0,0,2.400000,9.810000,0.900000,30.000000,60.000000,6.000000,0.000000,0.000000,0.000747,0.000014,-0.000003,0.000348,0.000000,0.000000,0.007328,0.000128,-0.000039,0.004776,1.000000,0.000020,0.000032,-0.000000,0.000280,0.000050,-0.000000,0.035084,0.023601,0.060897,23.638799,23.638799,23.655703,0.502372,0.082680,0.057578,0.051353,0.925193
0.350000,1,0,0,2.400000,9.810000,0.900000,30.000000,60.000000,6.000000,0.000000,0.000000,0.001175,0.000021,-0.000006,0.000639,0.000000,0.000000,0.009845,0.000168,-0.000059,0.006926,1.000000,0.000028,0.000033,-0.000000,0.000355,-0.000005,0.000000,0.072226,-0.010440,0.034623,23.655703,23.655703,23.671847,0.502715,0.171795,-0.023746,-0.028609,0.925184
0.400000,1,0,0,2.400000,9.810000,0.900000,30.000000,60.000000,6.000000,0.000000,0.000000,0.001737,0.000030,-0.000009,0.001046,0.000000,0.000000,0.012691,0.000213,-0.000087,0.009420,1.000000,0.000038,0.000032,-0.000000,0.000434,-0.000058,0.000000,0.045027,-0.033141,0.057546,23.671847,23.671847,23.687242,0.503042,0.106553,-0.077759,0.010264,0.925222
0.450000,1,0,0,2.400000,9.810000,0.900000,30.000000,60.000000,6.000000,0.000000,0.000000,0.002449,0.000042,-0.000015,0.001587,0.000000,0.000000,0.015852,0.000262,-0.000125,0.012241,1.000000,0.000049,0.000030,-0.000000,0.000513,-0.000109,0.000000,0.037264,-0.041907,0.061206,23.687242,23.687242,23.701902,0.503353,0.088021,-0.098237,0.003652,0.925304
0.500000,1,0,0,2.400000,9.810000,0.900000,30.000000,60.000000,6.000000,0.000000,0.000000,0.003327,0.000057,-0.000022,0.002276,0.000000,0.000000,0.019312,0.000316,-0.000174,0.015373,1.000000,0.000063,0.000027,-0.000000,0.000590,-0.000157,0.000000,0.008953,-0.046798,0.090427,23.701902,23.701902,23.715839,0.503649,0.020230,-0.109319,0.059123,0.925428
0.550000,1,0,0,2.400000,9.810000,0.900000,30.000000,60.000000,6.000000,0.000000,0.000000,0.004385,0.000074,-0.000032,0.003129,0.000000,0.000000,0.023057,0.000375,-0.000236,0.018801,1.000000,0.000079,0.000022,-0.000000,0.000658,-0.000203,0.000000,-0.007335,-0.051482,0.055470,23.715839,23.715839,23.729069,0.503930,-0.018649,-0.119817,-0.038710,0.925592
0.600000,1,0,0,2.400000,9.810000,0.900000,30.000000,60.000000,6.000000,0.000000,0.000000,0.005638,0.000094,-0.000046,0.004160,0.000000,0.000000,0.027073,0.000441,-0.000313,0.022509,1.000000,0.000096,0.000016,-0.000000,0.000716,-0.000247,0.000000,-0.000318,-0.045005,0.065395,23.729069,23.729069,23.741605,0.504197,-0.001539,-0.103455,-0.028121,0.925794
0.650000,1,0,0,2.400000,9.810000,0.900000,30.000000,60.000000,6.000000,0.000000,0.000000,0.007097,0.000118,-0.000064,0.005384,0.000000,0.000000,0.031345,0.000515,-0.000408,0.026483,1.000000,0.000114,0.000010,-0.000000,0.000757,-0.000290,0.000000,0.011168,-0.001214,0.070622,23.741605,23.741605,23.753465,0.504448,0.026344,0.002523,-0.028113,0.926029
0.700000,1,0,0,2.400000,9.810000,0.900000,30.000000,60.000000,6.000000,0.000000,0.000000,0.008776,0.000146,-0.000087,0.006813,0.000000,0.000000,0.035860,0.000597,-0.000521,0.030708,1.000000,0.000134,0.000002,-0.000000,0.000781,-0.000333,0.000000,0.021294,-0.001902,0.079753,23.753465,23.753465,23.764665,0.504686,0.051018,0.001789,-0.018058,0.926296
0.750000,1,0,0,2.400000,9.810000,0.900000,30.000000,60.000000,6.000000,0.000000,0.000000,0.010687,0.000178,-0.000116,0.008459,0.000000,0.000000,0.040603,0.000691,-0.000655,0.035169,1.000000,0.000153,-0.000007,0.000000,0.000782,-0.000375,0.000000,0.021412,0.024506,0.062111,23.764665,23.764665,23.775223,0.504910,0.051720,0.066101,-0.071597,0.926591
0.800000,1,0,0,2.400000,9.810000,0.900000,30.000000,60.000000,6.000000,0.000000,0.000000,0.012840,0.000215,-0.000153,0.010334,0.000000,0.000000,0.045563,0.000797,-0.000811,0.039852,1.000000,0.000173,-0.000017,0.000000,0.000759,-0.000419,0.000000,0.043783,0.047191,0.063941,23.775223,23.775223,23.785154,0.505121,0.105884,0.121467,-0.077763,0.926911
0.850000,1,0,0,2.400000,9.810000,0.900000,30.000000,60.000000,6.000000,0.000000,0.000000,0.015246,0.000258,-0.000198,0.012448,0.000000,0.000000,0.050724,0.000918,-0.000988,0.044743,1.000000,0.000191,-0.000028,0.000000,0.000710,-0.000464,0.000000,0.040113,0.029392,0.069426,23.785154,23.785154,23.794479,0.505319,0.097601,0.079628,-0.074530,0.927252
0.900000,1,0,0,2.400000,9.810000,0.900000,30.000000,60.000000,6.000000,0.000000,0.000000,0.017916,0.000307,-0.000252,0.014811,0.000000,0.000000,0.056074,0.001056,-0.001188,0.049829,1.000000,0.000208,-0.000040,0.000000,0.000633,-0.000513,0.000000,0.042987,0.005001,0.117172,23.794479,23.794479,23.803213,0.505505,0.105078,0.021894,0.030736,0.927611
0.950000,1,0,0,2.400000,9.810000,0.900000,30.000000,60.000000,6.000000,0.000000,0.000000,0.020857,0.000364,-0.000317,0.017434,0.000000,0.000000,0.061601,0.001214,-0.001410,0.055098,1.000000,0.000222,-0.000054,0.000000,0.000529,-0.000565,0.000000,0.026659,0.024291,0.114757,23.803213,23.803213,23.811376,0.505678,0.066533,0.068890,0.016205,0.927984
1.000000,1,0,0,2.400000,9.810000,0.900000,30.000000,60.000000,6.000000,0.000000,0.000000,0.024078,0.000429,-0.000394,0.020324,0.000000,0.000000,0.067291,0.001393,-0.001654,0.060535,1.000000,0.000234,-0.000068,0.000000,0.000398,-0.000621,0.000000,0.013962,0.009164,0.117727,23.811376,23.811376,23.818986,0.505840,0.036767,0.033143,0.015172,0.928368
1.050000,1,0,0,2.400000,9.810000,0.900000,30.000000,60.000000,6.000000,0.000000,0.000000,0.027588,0.000504,-0.000483,0.023490,0.000000,0.000000,0.073133,0.001595,-0.001919,0.066130,1.000000,0.000242,-0.000085,0.000000,0.000242,-0.000682,0.000000,0.014860,0.020313,0.098151,23.818986,23.818986,23.826058,0.505990,0.039698,0.060287,-0.039420,0.928760
1.100000,1,0,0,2.400000,9.810000,0.900000,30.000000,60.000000,6.000000,0.000000,0.000000,0.031394,0.000589,-0.000586,0.026939,0.000000,0.000000,0.079113,0.001823,-0.002202,0.071869,1.000000,0.000246,-0.000103,0.000000,0.000062,-0.000749,0.000000,0.033203,-0.012019,0.097462,23.826058,23.826058,23.832611,0.506129,0.084575,-0.017122,-0.048146,0.929154
1.150000,1,0,0,2.400000,9.810000,0.900000,30.000000,60.000000,6.000000,0.000000,0.000000,0.035502,0.000687,-0.000703,0.030679,0.000000,0.000000,0.085220,0.002079,-0.002501,0.077742,1.000000,0.000245,-0.000122,0.000000,-0.000139,-0.000821,0.000000,0.011432,0.009651,0.095688,23.832611,23.832611,23.838661,0.506258,0.033261,0.034846,-0.058957,0.929548
1.200000,1,0,0,2.400000,9.810000,0.900000,30.000000,60.000000,6.000000,0.000000,0.000000,0.039918,0.000797,-0.000836,0.034715,0.000000,0.000000,0.091441,0.002364,-0.002814,0.083737,1.000000,0.000239,-0.000144,0.000000,-0.000356,-0.000900,0.000000,-0.002772,0.045977,0.108517,23.838661,23.838661,23.844224,0.506376,0.000196,0.121736,-0.034216,0.929938
1.250000,1,0,0,2.400000,9.810000,0.900000,30.000000,60.000000,6.000000,0.000000,0.000000,0.044648,0.000923,-0.000985,0.039054,0.000000,0.000000,0.097767,0.002680,-0.003137,0.089843,1.000000,0.000227,-0.000167,0.000000,-0.000586,-0.000984,0.000000,-0.003791,0.033123,0.130076,23.844224,23.844224,23.849314,0.506484,-0.001123,0.090331,0.011962,0.930321
1.300000,1,0,0,2.400000,9.810000,0.900000,30.000000,60.000000,6.000000,0.000000,0.000000,0.049696,0.001066,-0.001150,0.043701,0.000000,0.000000,0.104183,0.003027,-0.003466,0.096050,1.000000,0.000210,-0.000193,0.000000,-0.000824,-0.001075,0.000000,0.035379,0.010952,0.086962,23.849314,23.849314,23.853945,0.506582,0.094113,0.036282,-0.096600,0.930692
1.350000,1,0,0,2.400000,9.810000,0.900000,30.000000,60.000000,6.000000,0.000000,0.000000,0.055067,0.001227,-0.001331,0.048661,0.000000,0.000000,0.110681,0.003406,-0.003798,0.102347,1.000000,0.000186,-0.000221,0.000000,-0.001064,-0.001170,0.000000,0.037161,0.038193,0.094989,23.853945,23.853945,23.858129,0.506671,0.099730,0.100537,-0.081968,0.931048
1.400000,1,0,0,2.400000,9.810000,0.900000,30.000000,60.000000,6.000000,0.000000,0.000000,0.060765,0.001407,-0.001530,0.053937,0.000000,0.000000,0.117248,0.003818,-0.004127,0.108725,1.000000,0.000156,-0.000252,0.000000,-0.001301,-0.001272,0.000000,0.072837,-0.002078,0.083187,23.858129,23.858129,23.861879,0.506751,0.186810,0.002477,-0.114477,0.931387
1.450000,1,0,0,2.400000,9.810000,0.900000,30.000000,60.000000,6.000000,0.000000,0.000000,0.066793,0.001609,-0.001744,0.059534,0.000000,0.000000,0.123874,0.004261,-0.004449,0.115174,1.000000,0.000121,-0.000285,0.000000,-0.001529,-0.001378,0.000000,0.057696,-0.011483,0.087344,23.861879,23.861879,23.865203,0.506821,0.152054,-0.021784,-0.108249,0.931703
1.500000,1,0,0,2.400000,9.810000,0.900000,30.000000,60.000000,6.000000,0.000000,0.000000,0.073153,0.001834,-0.001974,0.065456,0.000000,0.000000,0.130548,0.004734,-0.004759,0.121684,1.000000,0.000080,-0.000320,0.000000,-0.001743,-0.001487,0.000000,0.073948,-0.038898,0.111480,23.865203,23.865203,23.868111,0.506883,0.192769,-0.089534,-0.053646,0.931996
1.550000,1,0,0,2.400000,9.810000,0.900000,30.000000,60.000000,6.000000,0.000000,0.000000,0.079849,0.002083,-0.002220,0.071704,0.000000,0.000000,0.137260,0.005237,-0.005052,0.128247,1.000000,0.000034,-0.000359,0.000000,-0.001937,-0.001600,0.000000,0.050381,0.019923,0.076442,23.868111,23.868111,23.870611,0.506936,0.138053,0.049440,-0.140645,0.932260
1.600000,1,0,0,2.400000,9.810000,0.900000,30.000000,60.000000,6.000000,0.000000,0.000000,0.086880,0.002358,-0.002479,0.078281,0.000000,0.000000,0.144000,0.005766,-0.005323,0.134853,1.000000,-0.000017,-0.000400,-0.000000,-0.002107,-0.001716,-0.000000,0.034670,0.008174,0.100399,23.870611,23.870611,23.872707,0.506981,0.102327,0.018826,-0.085646,0.932494
1.650000,1,0,0,2.400000,9.810000,0.900000,30.000000,60.000000,6.000000,0.000000,0.000000,0.094249,0.002660,-0.002751,0.085190,0.000000,0.000000,0.150757,0.006320,-0.005567,0.141493,1.000000,-0.000071,-0.000445,-0.000000,-0.002246,-0.001833,-0.000000,0.070735,0.015373,0.094656,23.872707,23.872707,23.874405,0.507017,0.191002,0.033502,-0.101522,0.932695
1.700000,1,0,0,2.400000,9.810000,0.900000,30.000000,60.000000,6.000000,0.000000,0.000000,0.101956,0.002990,-0.003035,0.092431,0.000000,0.000000,0.157522,0.006895,-0.005780,0.148160,1.000000,-0.000129,-0.000492,-0.000000,-0.002353,-0.001951,-0.000001,0.046940,0.051625,0.089340,23.874405,23.874405,23.875706,0.507044,0.136154,0.117758,-0.115975,0.932860
1.750000,1,0,0,2.400000,9.810000,0.900000,30.000000,60.000000,6.000000,0.000000,0.000000,0.110001,0.003350,-0.003329,0.100006,0.000000,0.000000,0.164285,0.007487,-0.005959,0.154844,1.000000,-0.000188,-0.000542,-0.000000,-0.002422,-0.002069,-0.000001,-0.018570,0.035632,0.085950,23.875706,23.875706,23.876614,0.507064,-0.018668,0.076521,-0.125411,0.932987
1.800000,1,0,0,2.400000,9.810000,0.900000,30.000000,60.000000,6.000000,0.000000,0.000000,0.118384,0.003739,-0.003631,0.107915,0.000000,0.000000,0.171037,0.008091,-0.006098,0.161538,1.000000,-0.000249,-0.000596,-0.000000,-0.002453,-0.002186,-0.000001,-0.000066,0.028388,0.115456,23.876614,23.876614,23.877127,0.507075,0.028280,0.056220,-0.055500,0.933075
1.850000,1,0,0,2.400000,9.810000,0.900000,30.000000,60.000000,6.000000,0.000000,0.000000,0.127104,0.004159,-0.003938,0.116160,0.000000,0.000000,0.177769,0.008704,-0.006196,0.168232,1.000000,-0.000311,-0.000652,-0.000000,-0.002444,-0.002301,-0.000001,0.013903,0.013557,0.133023,23.877127,23.877127,23.877245,0.507077,0.064486,0.017699,-0.013846,0.933120
1.900000,1,0,0,2.400000,9.810000,0.900000,30.000000,60.000000,6.000000,0.000000,0.000000,0.136161,0.004610,-0.004249,0.124738,0.000000,0.000000,0.184472,0.009319,-0.006251,0.174918,1.000000,-0.000371,-0.000711,-0.000000,-0.002394,-0.002414,-0.000002,0.010464,0.017686,0.115886,23.877245,23.877245,23.876965,0.507071,0.059046,0.024716,-0.055087,0.933122
1.950000,1,0,0,2.400000,9.810000,0.900000,30.000000,60.000000,6.000000,0.000000,0.000000,0.145551,0.005091,-0.004562,0.133651,0.000000,0.000000,0.191136,0.009930,-0.006260,0.181589,1.000000,-0.000430,-0.000772,-0.000000,-0.002305,-0.002524,-0.000002,-0.008984,0.039006,0.114077,23.876965,23.876965,23.876284,0.507057,0.015317,0.073076,-0.059144,0.933080
2.000000,1,0,0,2.400000,9.810000,0.900000,30.000000,60.000000,6.000000,0.000000,0.000000,0.155273,0.005602,-0.004875,0.142897,0.000000,0.000000,0.197754,0.010533,-0.006223,0.188236,1.000000,-0.000486,-0.000837,-0.000000,-0.002178,-0.002632,-0.000003,-0.048712,0.046414,0.149628,23.876284,23.876284,23.875197,0.507034,-0.076951,0.088177,0.026867,0.932991
2.050000,1,0,0,2.400000,9.810000,0.900000,30.000000,60.000000,6.000000,0.000000,0.000000,0.165325,0.006144,-0.005184,0.152474,0.000000,0.000000,0.204317,0.011120,-0.006141,0.194851,0.999999,-0.000539,-0.000904,-0.000000,-0.002018,-0.002736,-0.000003,-0.006860,0.029269,0.143843,23.875197,23.875197,23.873700,0.507002,0.026694,0.044522,0.014080,0.932856
2.100000,1,0,0,2.400000,9.810000,0.900000,30.000000,60.000000,6.000000,0.000000,0.000000,0.175704,0.006714,-0.005488,0.162381,0.000000,0.000000,0.210817,0.011685,-0.006015,0.201426,0.999999,-0.000587,-0.000974,-0.000001,-0.001828,-0.002837,-0.000003,0.020661,0.045987,0.153603,23.873700,23.873700,23.871787,0.506961,0.096068,0.082348,0.039010,0.932674
2.150000,1,0,0,2.400000,9.810000,0.900000,30.000000,60.000000,6.000000,0.000000,0.000000,0.186406,0.007312,-0.005785,0.172616,0.000000,0.000000,0.217246,0.012221,-0.005847,0.207952,0.999999,-0.000630,-0.001046,-0.000001,-0.001614,-0.002935,-0.000004,-0.004691,0.032001,0.133933,23.871787,23.871787,23.869452,0.506912,0.038665,0.046728,-0.006276,0.932444
2.200000,1,0,0,2.400000,9.810000,0.900000,30.000000,60.000000,6.000000,0.000000,0.000000,0.197427,0.007936,-0.006072,0.183176,0.000000,0.000000,0.223596,0.012723,-0.005641,0.214420,0.999999,-0.000667,-0.001120,-0.000001,-0.001382,-0.003031,-0.000004,-0.022177,0.038927,0.133594,23.869452,23.869452,23.866688,0.506853,0.000256,0.061565,-0.004746,0.932167
2.250000,1,0,0,2.400000,9.810000,0.900000,30.000000,60.000000,6.000000,0.000000,0.000000,0.208764,0.008583,-0.006348,0.194057,0.000000,0.000000,0.229860,0.013183,-0.005399,0.220824,0.999999,-0.000699,-0.001197,-0.000001,-0.001140,-0.003126,-0.000004,-0.017742,0.066175,0.155343,23.866688,23.866688,23.863490,0.506785,0.014566,0.125458,0.050226,0.931843
2.300000,1,0,0,2.400000,9.810000,0.900000,30.000000,60.000000,6.000000,0.000000,0.000000,0.220412,0.009253,-0.006612,0.205257,0.000000,0.000000,0.236030,0.013596,-0.005129,0.227154,0.999999,-0.000724,-0.001277,-0.000001,-0.000896,-0.003219,-0.000005,-0.030334,0.079050,0.140619,23.863490,23.863490,23.859850,0.506708,-0.011876,0.155149,0.018098,0.931472
2.350000,1,0,0,2.400000,9.810000,0.900000,30.000000,60.000000,6.000000,0.000000,0.000000,0.232365,0.009942,-0.006861,0.216771,0.000000,0.000000,0.242100,0.013956,-0.004835,0.233402,0.999999,-0.000744,-0.001358,-0.000001,-0.000658,-0.003313,-0.000005,-0.015389,0.084147,0.139103,23.859850,23.859850,23.855764,0.506621,0.027878,0.166461,0.018112,0.931055
2.400000,1,0,0,2.400000,9.810000,0.900000,30.000000,60.000000,6.000000,0.000000,0.000000,0.244620,0.010648,-0.007095,0.228595,0.000000,0.000000,0.248062,0.014257,-0.004524,0.239559,0.999999,-0.000757,-0.001442,-0.000001,-0.000436,-0.003407,-0.000005,-0.014402,0.078781,0.120176,23.855764,23.855764,23.851226,0.506525,0.034244,0.152938,-0.023216,0.930593
2.450000,1,0,0,2.400000,9.810000,0.900000,30.000000,60.000000,6.000000,0.000000,0.000000,0.257170,0.011367,-0.007313,0.240725,0.000000,0.000000,0.253911,0.014495,-0.004204,0.245616,0.999999,-0.000766,-0.001529,-0.000001,-0.000240,-0.003505,-0.000005,-0.015999,0.055372,0.096522,23.851226,23.851226,23.846233,0.506418,0.034518,0.096363,-0.075434,0.930087
2.500000,1,0,0,2.400000,9.810000,0.900000,30.000000,60.000000,6.000000,0.000000,0.000000,0.270009,0.012096,-0.007515,0.253155,0.000000,0.000000,0.259638,0.014665,-0.003883,0.251566,0.999998,-0.000770,-0.001617,-0.000001,-0.000078,-0.003607,-0.000006,-0.022021,0.069173,0.118381,23.846233,23.846233,23.840780,0.506303,0.024291,0.129309,-0.017966,0.929540
2.550000,1,0,0,2.400000,9.810000,0.900000,30.000000,60.000000,6.000000,0.000000,0.000000,0.283131,0.012832,-0.007702,0.265880,0.000000,0.000000,0.265238,0.014764,-0.003569,0.257400,0.999998,-0.000770,-0.001709,-0.000001,0.000040,-0.003715,-0.000006,0.001941,0.058817,0.095032,23.840780,23.840780,23.834867,0.506177,0.086145,0.104445,-0.068537,0.928953
2.600000,1,0,0,2.400000,9.810000,0.900000,30.000000,60.000000,6.000000,0.000000,0.000000,0.296531,0.013571,-0.007872,0.278893,0.000000,0.000000,0.270705,0.014788,-0.003272,0.263109,0.999998,-0.000768,-0.001803,-0.000001,0.000106,-0.003830,-0.000006,-0.016683,0.044823,0.102613,23.834867,23.834867,23.828491,0.506042,0.045922,0.070961,-0.044412,0.928327
2.650000,1,0,0,2.400000,9.810000,0.900000,30.000000,60.000000,6.000000,0.000000,0.000000,0.310200,0.014310,-0.008029,0.292189,0.000000,0.000000,0.276034,0.014737,-0.002999,0.268684,0.999998,-0.000765,-0.001901,-0.000001,0.000110,-0.003955,-0.000006,-0.014776,-0.022796,0.107663,23.828491,23.828491,23.821654,0.505896,0.055112,-0.091181,-0.025899,0.927666
2.700000,1,0,0,2.400000,9.810000,0.900000,30.000000,60.000000,6.000000,0.000000,0.000000,0.324132,0.015044,-0.008173,0.305759,0.000000,0.000000,0.281217,0.014608,-0.002760,0.274118,0.999998,-0.000763,-0.002001,-0.000002,0.000046,-0.004091,-0.000006,-0.002845,-0.027923,0.074048,23.821654,23.821654,23.814359,0.505742,0.088511,-0.103374,-0.099720,0.926971
2.750000,1,0,0,2.400000,9.810000,0.900000,30.000000,60.000000,6.000000,0.000000,0.000000,0.338319,0.015769,-0.008306,0.319598,0.000000,0.000000,0.286251,0.014402,-0.002563,0.279402,0.999997,-0.000764,-0.002105,-0.000002,-0.000093,-0.004239,-0.000006,-0.020873,-0.027764,0.054978,23.814359,23.814359,23.806609,0.505577,0.050174,-0.103002,-0.138173,0.926246
2.800000,1,0,0,2.400000,9.810000,0.900000,30.000000,60.000000,6.000000,0.000000,0.000000,0.352754,0.016483,-0.008430,0.333697,0.000000,0.000000,0.291129,0.014120,-0.002417,0.284528,0.999997,-0.000768,-0.002213,-0.000002,-0.000312,-0.004402,-0.000007,-0.063451,-0.060567,0.015459,23.806609,23.806609,23.798411,0.505403,-0.046905,-0.181949,-0.225247,0.925493
2.850000,1,0,0,2.400000,9.810000,0.900000,30.000000,60.000000,6.000000,0.000000,0.000000,0.367429,0.017180,-0.008549,0.348048,0.000000,0.000000,0.295847,0.013764,-0.002331,0.289487,0.999997,-0.000780,-0.002325,-0.000002,-0.000615,-0.004581,-0.000007,-0.085462,-0.029755,0.014012,23.798411,23.798411,23.789773,0.505219,-0.094425,-0.108532,-0.220495,0.924715
2.900000,1,0,0,2.400000,9.810000,0.900000,30.000000,60.000000,6.000000,0.000000,0.000000,0.382336,0.017858,-0.008664,0.362643,0.000000,0.000000,0.300399,0.013336,-0.002310,0.294273,0.999997,-0.000800,-0.002442,-0.000002,-0.001005,-0.004776,-0.000008,-0.098714,-0.007696,0.034048,23.789773,23.789773,23.780704,0.505027,-0.120707,-0.056531,-0.163743,0.923915
2.950000,1,0,0,2.400000,9.810000,0.900000,30.000000,60.000000,6.000000,0.000000,0.000000,0.397466,0.018513,-0.008781,0.377472,0.000000,0.000000,0.304782,0.012840,-0.002361,0.298877,0.999996,-0.000831,-0.002564,-0.000002,-0.001482,-0.004990,-0.000008,-0.101794,-0.045360,0.074636,23.780704,23.780704,23.771218,0.504825,-0.122338,-0.148380,-0.057231,0.923098
3.000000,1,0,0,2.400000,9.810000,0.900000,30.000000,60.000000,6.000000,0.000000,0.000000,0.412811,0.019141,-0.008902,0.392527,0.000000,0.000000,0.308990,0.012282,-0.002489,0.303293,0.999996,-0.000875,-0.002692,-0.000002,-0.002046,-0.005223,-0.000009,-0.116243,-0.043915,0.055143,23.771218,23.771218,23.761328,0.504615,-0.150997,-0.146984,-0.094495,0.922266
3.050000,1,0,0,2.400000,9.810000,0.900000,30.000000,60.000000,6.000000,0.000000,0.000000,0.428362,0.019740,-0.009031,0.407798,0.000000,0.000000,0.313020,0.011667,-0.002699,0.307513,0.999996,-0.000934,-0.002826,-0.000003,-0.002694,-0.005476,-0.000010,-0.124689,-0.078304,0.038845,23.761328,23.761328,23.751052,0.504397,-0.164968,-0.232309,-0.123679,0.921422
3.100000,1,0,0,2.400000,9.810000,0.900000,30.000000,60.000000,6.000000,0.000000,0.000000,0.444110,0.020307,-0.009173,0.423275,0.000000,0.000000,0.316868,0.011003,-0.002993,0.311531,0.999995,-0.001010,-0.002966,-0.000003,-0.003421,-0.005749,-0.000012,-0.131047,-0.101108,0.043280,23.751052,23.751052,23.740407,0.504171,-0.173623,-0.290642,-0.102713,0.920571
3.150000,1,0,0,2.400000,9.810000,0.900000,30.000000,60.000000,6.000000,0.000000,0.000000,0.460046,0.020839,-0.009332,0.438948,0.000000,0.000000,0.320529,0.010296,-0.003373,0.315341,0.999995,-0.001105,-0.003113,-0.000003,-0.004221,-0.006041,-0.000013,-0.107691,-0.064819,0.070596,23.740407,23.740407,23.729415,0.503938,-0.110635,-0.208055,-0.026458,0.919716
3.200000,1,0,0,2.400000,9.810000,0.900000,30.000000,60.000000,6.000000,0.000000,0.000000,0.476160,0.021336,-0.009512,0.454806,0.000000,0.000000,0.324000,0.009555,-0.003838,0.318937,0.999994,-0.001222,-0.003268,-0.000004,-0.005088,-0.006354,-0.000016,-0.124574,-0.050654,0.067548,23.729415,23.729415,23.718098,0.503697,-0.143873,-0.179553,-0.022721,0.918861
3.250000,1,0,0,2.400000,9.810000,0.900000,30.000000,60.000000,6.000000,0.000000,0.000000,0.492443,0.021795,-0.009717,0.470838,0.000000,0.000000,0.327278,0.008790,-0.004386,0.322314,0.999993,-0.001360,-0.003431,-0.000005,-0.006010,-0.006685,-0.000018,-0.118974,-0.010337,0.039851,23.718098,23.718098,23.706481,0.503451,-0.122778,-0.089340,-0.077809,0.918010
3.300000,1,0,0,2.400000,9.810000,0.900000,30.000000,60.000000,6.000000,0.000000,0.000000,0.508885,0.022215,-0.009952,0.487033,0.000000,0.000000,0.330359,0.008010,-0.005015,0.325468,0.999992,-0.001523,-0.003603,-0.000005,-0.006978,-0.007035,-0.000021,-0.129913,-0.024866,0.041639,23.706481,23.706481,23.694590,0.503198,-0.140981,-0.131871,-0.061823,0.917166
3.350000,1,0,0,2.400000,9.810000,0.900000,30.000000,60.000000,6.000000,0.000000,0.000000,0.525475,0.022596,-0.010220,0.503381,0.000000,0.000000,0.333241,0.007225,-0.005719,0.328393,0.999991,-0.001710,-0.003783,-0.000006,-0.007979,-0.007400,-0.000025,-0.102470,-0.034994,0.058100,23.694590,23.694590,23.682454,0.502940,-0.066655,-0.165000,-0.010332,0.916334
3.400000,1,0,0,2.400000,9.810000,0.900000,30.000000,60.000000,6.000000,0.000000,0.000000,0.542205,0.022937,-0.010525,0.519869,0.000000,0.000000,0.335920,0.006446,-0.006491,0.331087,0.999990,-0.001922,-0.003973,-0.000008,-0.009000,-0.007780,-0.000030,-0.104401,-0.019879,0.064387,23.682454,23.682454,23.670102,0.502678,-0.062395,-0.138733,0.016997,0.915517
3.450000,1,0,0,2.400000,9.810000,0.900000,30.000000,60.000000,6.000000,0.000000,0.000000,0.559064,0.023240,-0.010870,0.536486,0.000000,0.000000,0.338395,0.005683,-0.007324,0.333547,0.999989,-0.002160,-0.004172,-0.000009,-0.010026,-0.008173,-0.000035,-0.062948,-0.020747,0.047651,23.670102,23.670102,23.657565,0.502412,0.046432,-0.152029,-0.010694,0.914718
3.500000,1,0,0,2.400000,9.810000,0.900000,30.000000,60.000000,6.000000,0.000000,0.000000,0.576041,0.023506,-0.011258,0.553220,0.000000,0.000000,0.340662,0.004947,-0.008207,0.335770,0.999987,-0.002423,-0.004381,-0.000011,-0.011042,-0.008575,-0.000042,-0.066709,-0.050841,0.031264,23.657565,23.657565,23.644875,0.502142,0.047205,-0.236660,-0.037347,0.913942
3.550000,1,0,0,2.400000,9.810000,0.900000,30.000000,60.000000,6.000000,0.000000,0.000000,0.593127,0.023736,-0.011691,0.570059,0.000000,0.000000,0.342720,0.004249,-0.009129,0.337754,0.999986,-0.002711,-0.004601,-0.000012,-0.012033,-0.008984,-0.000049,-0.064002,-0.043315,0.026939,23.644875,23.644875,23.632063,0.501870,0.063967,-0.232179,-0.034872,0.913192
3.600000,1,0,0,2.400000,9.810000,0.900000,30.000000,60.000000,6.000000,0.000000,0.000000,0.610310,0.023932,-0.012171,0.586991,0.000000,0.000000,0.344566,0.003600,-0.010078,0.339498,0.999984,-0.003024,-0.004831,-0.000015,-0.012982,-0.009396,-0.000057,-0.090494,-0.054412,0.010235,23.632063,23.632063,23.619162,0.501596,0.011125,-0.273526,-0.061964,0.912472
3.650000,1,0,0,2.400000,9.810000,0.900000,30.000000,60.000000,6.000000,0.000000,0.000000,0.627580,0.024097,-0.012699,0.604004,0.000000,0.000000,0.346200,0.003009,-0.011041,0.341002,0.999981,-0.003360,-0.005071,-0.000017,-0.013875,-0.009809,-0.000066,-0.063243,-0.036461,0.001898,23.619162,23.619162,23.606205,0.501321,0.087742,-0.246230,-0.068859,0.911784
3.700000,1,0,0,2.400000,9.810000,0.900000,30.000000,60.000000,6.000000,0.000000,0.000000,0.644926,0.024234,-0.013275,0.621087,0.000000,0.000000,0.347619,0.002486,-0.012002,0.342266,0.999979,-0.003717,-0.005321,-0.000020,-0.014696,-0.010218,-0.000076,-0.092947,0.011780,-0.022265,23.606205,23.606205,23.593223,0.501045,0.028138,-0.147235,-0.113652,0.911132
3.750000,1,0,0,2.400000,9.810000,0.900000,30.000000,60.000000,6.000000,0.000000,0.000000,0.662338,0.024347,-0.013899,0.638227,0.000000,0.000000,0.348821,0.002040,-0.012945,0.343291,0.999976,-0.004094,-0.005582,-0.000023,-0.015430,-0.010619,-0.000087,-0.095971,0.042712,-0.036451,23.593223,23.593223,23.580249,0.500770,0.033033,-0.090679,-0.134445,0.910518
3.800000,1,0,0,2.400000,9.810000,0.900000,30.000000,60.000000,6.000000,0.000000,0.000000,0.679805,0.024439,-0.014569,0.655412,0.000000,0.000000,0.349807,0.001679,-0.013856,0.344077,0.999973,-0.004488,-0.005852,-0.000026,-0.016065,-0.011010,-0.000099,-0.080425,0.006151,-0.045199,23.580249,23.580249,23.567312,0.500495,0.082947,-0.196895,-0.142162,0.909947
3.850000,1,0,0,2.400000,9.810000,0.900000,30.000000,60.000000,6.000000,0.000000,0.000000,0.697315,0.024516,-0.015284,0.672631,0.000000,0.000000,0.350574,0.001410,-0.014717,0.344627,0.999969,-0.004896,-0.006132,-0.000030,-0.016586,-0.011385,-0.000111,-0.099121,0.001198,-0.031620,23.567312,23.567312,23.554441,0.500222,0.051119,-0.227914,-0.096297,0.909420
3.900000,1,0,0,2.400000,9.810000,0.900000,30.000000,60.000000,6.000000,0.000000,0.000000,0.714858,0.024582,-0.016040,0.689871,0.000000,0.000000,0.351123,0.001240,-0.015513,0.344943,0.999965,-0.005316,-0.006421,-0.000034,-0.016984,-0.011740,-0.000125,-0.081904,0.010267,-0.025897,23.554441,23.554441,23.541664,0.499950,0.105896,-0.225804,-0.069321,0.908940
3.950000,1,0,0,2.400000,9.810000,0.900000,30.000000,60.000000,6.000000,0.000000,0.000000,0.732424,0.024642,-0.016834,0.707121,0.000000,0.000000,0.351453,0.001174,-0.016225,0.345029,0.999961,-0.005744,-0.006719,-0.000039,-0.017250,-0.012073,-0.000139,-0.091930,0.037900,-0.012842,23.541664,23.541664,23.529005,0.499682,0.095683,-0.179508,-0.024806,0.908509
4.000000,1,0,0,2.400000,9.810000,0.900000,30.000000,60.000000,6.000000,0.000000,0.000000,0.750000,0.024701,-0.017661,0.724370,0.000000,0.000000,0.351563,0.001215,-0.016840,0.344887,0.999956,-0.006178,-0.007024,-0.000043,-0.017376,-0.012378,-0.000153,-0.058394,0.035053,-0.052389,23.529005,23.529005,23.516487,0.499416,0.190382,-0.206577,-0.106621,0.908129
4.050000,1,0,0,2.400000,9.810000,0.900000,30.000000,60.000000,6.000000,0.000000,0.000000,0.767576,0.024765,-0.018516,0.741606,0.000000,0.000000,0.351453,0.001366,-0.017340,0.344523,0.999951,-0.006612,-0.007337,-0.000049,-0.017356,-0.012653,-0.000167,-0.026779,0.065675,-0.037253,23.516487,23.516487,23.504131,0.499153,0.280796,-0.153361,-0.057307,0.907802
4.100000,1,0,0,2.400000,9.810000,0.900000,30.000000,60.000000,6.000000,0.000000,0.000000,0.785142,0.024839,-0.019393,0.758819,0.000000,0.000000,0.351123,0.001627,-0.017713,0.343940,0.999946,-0.007044,-0.007657,-0.000054,-0.017189,-0.012893,-0.000182,-0.017036,0.085920,-0.044663,23.504131,23.504131,23.491954,0.498895,0.319007,-0.124922,-0.062234,0.907529
4.150000,1,0,0,2.400000,9.810000,0.900000,30.000000,60.000000,6.000000,0.000000,0.000000,0.802685,0.024930,-0.020285,0.775997,0.000000,0.000000,0.350574,0.001999,-0.017944,0.343143,0.999940,-0.007470,-0.007982,-0.000060,-0.016873,-0.013097,-0.000196,-0.001613,0.116393,-0.057018,23.491954,23.491954,23.479971,0.498640,0.371095,-0.071632,-0.079181,0.907312
4.200000,1,0,0,2.400000,9.810000,0.900000,30.000000,60.000000,6.000000,0.000000,0.000000,0.820195,0.025041,-0.021185,0.793130,0.000000,0.000000,0.349807,0.002479,-0.018021,0.342139,0.999934,-0.007886,-0.008311,-0.000066,-0.016411,-0.013260,-0.000209,0.032113,0.107853,-0.043308,23.479971,23.479971,23.468194,0.498390,0.467314,-0.111499,-0.033744,0.907151
4.250000,1,0,0,2.400000,9.810000,0.900000,30.000000,60.000000,6.000000,0.000000,0.000000,0.837662,0.025179,-0.022084,0.810207,0.000000,0.000000,0.348821,0.003064,-0.017935,0.340931,0.999928,-0.008289,-0.008644,-0.000072,-0.015806,-0.013381,-0.000222,0.003929,0.100705,-0.038244,23.468194,23.468194,23.456632,0.498145,0.415106,-0.147381,-0.009248,0.907048
4.300000,1,0,0,2.400000,9.810000,0.900000,30.000000,60.000000,6.000000,0.000000,0.000000,0.855074,0.025349,-0.022975,0.827220,0.000000,0.000000,0.347619,0.003749,-0.017677,0.339527,0.999922,-0.008675,-0.008980,-0.000078,-0.015066,-0.013459,-0.000234,-0.036050,0.105884,-0.026536,23.456632,23.456632,23.445292,0.497904,0.334692,-0.152873,0.030997,0.907003
4.350000,1,0,0,2.400000,9.810000,0.900000,30.000000,60.000000,6.000000,0.000000,0.000000,0.872420,0.025556,-0.023849,0.844157,0.000000,0.000000,0.346200,0.004528,-0.017240,0.337931,0.999916,-0.009041,-0.009317,-0.000084,-0.014199,-0.013491,-0.000244,-0.053585,0.134994,-0.005276,23.445292,23.445292,23.434178,0.497668,0.308196,-0.099976,0.093949,0.907016
4.400000,1,0,0,2.400000,9.810000,0.900000,30.000000,60.000000,6.000000,0.000000,0.000000,0.889690,0.025803,-0.024696,0.861010,0.000000,0.000000,0.344566,0.005392,-0.016620,0.336151,0.999909,-0.009384,-0.009654,-0.000091,-0.013218,-0.013478,-0.000253,-0.034007,0.151917,0.003664,23.434178,23.434178,23.423290,0.497437,0.370772,-0.075231,0.127111,0.907087
4.450000,1,0,0,2.400000,9.810000,0.900000,30.000000,60.000000,6.000000,0.000000,0.000000,0.906873,0.026096,-0.025508,0.877769,0.000000,0.000000,0.342720,0.006332,-0.015816,0.334193,0.999903,-0.009701,-0.009990,-0.000097,-0.012134,-0.013418,-0.000260,-0.024690,0.122690,0.017572,23.423290,23.423290,23.412628,0.497210,0.408668,-0.160021,0.171967,0.907215
4.500000,1,0,0,2.400000,9.810000,0.900000,30.000000,60.000000,6.000000,0.000000,0.000000,0.923959,0.026438,-0.026275,0.894426,0.000000,0.000000,0.340662,0.007339,-0.014827,0.332062,0.999897,-0.009990,-0.010325,-0.000103,-0.010964,-0.013313,-0.000266,0.027083,0.071734,0.000162,23.412628,23.412628,23.402188,0.496988,0.548352,-0.295635,0.141427,0.907401
4.550000,1,0,0,2.400000,9.810000,0.900000,30.000000,60.000000,6.000000,0.000000,0.000000,0.940936,0.026831,-0.026987,0.910972,0.000000,0.000000,0.338395,0.008399,-0.013658,0.329765,0.999891,-0.010249,-0.010656,-0.000109,-0.009723,-0.013163,-0.000270,0.006082,0.048433,-0.027530,23.402188,23.402188,23.391965,0.496771,0.513220,-0.363453,0.085970,0.907643
4.600000,1,0,0,2.400000,9.810000,0.900000,30.000000,60.000000,6.000000,0.000000,0.000000,0.957795,0.027278,-0.027637,0.927400,0.000000,0.000000,0.335920,0.009501,-0.012312,0.327308,0.999885,-0.010476,-0.010982,-0.000115,-0.008431,-0.012971,-0.000272,0.003596,0.064780,-0.053567,23.391965,23.391965,23.381953,0.496559,0.522314,-0.334630,0.034251,0.907939
4.650000,1,0,0,2.400000,9.810000,0.900000,30.000000,60.000000,6.000000,0.000000,0.000000,0.974525,0.027781,-0.028216,0.943700,0.000000,0.000000,0.333241,0.010630,-0.010799,0.324697,0.999879,-0.010670,-0.011304,-0.000121,-0.007106,-0.012738,-0.000272,0.023242,0.067050,-0.057230,23.381953,23.381953,23.372142,0.496350,0.584270,-0.338055,0.035996,0.908289
4.700000,1,0,0,2.400000,9.810000,0.900000,30.000000,60.000000,6.000000,0.000000,0.000000,0.991115,0.028341,-0.028715,0.959867,0.000000,0.000000,0.330359,0.011771,-0.009128,0.321938,0.999874,-0.010831,-0.011619,-0.000126,-0.005769,-0.012467,-0.000270,0.027602,0.069850,-0.047052,23.372142,23.372142,23.362524,0.496146,0.609236,-0.338647,0.070726,0.908692
4.750000,1,0,0,2.400000,9.810000,0.900000,30.000000,60.000000,6.000000,0.000000,0.000000,1.007557,0.028959,-0.029126,0.975892,0.000000,0.000000,0.327278,0.012910,-0.007312,0.319037,0.999869,-0.010958,-0.011927,-0.000131,-0.004440,-0.012163,-0.000267,0.045595,0.082468,-0.070978,23.362524,23.362524,23.353089,0.495946,0.666577,-0.314116,0.023386,0.909144
4.800000,1,0,0,2.400000,9.810000,0.900000,30.000000,60.000000,6.000000,0.000000,0.000000,1.023840,0.029632,-0.029444,0.991768,0.000000,0.000000,0.324000,0.014031,-0.005367,0.315999,0.999864,-0.011053,-0.012227,-0.000135,-0.003139,-0.011828,-0.000262,0.038373,0.095636,-0.077050,23.353089,23.353089,23.343825,0.495749,0.663021,-0.286725,0.018679,0.909644
4.850000,1,0,0,2.400000,9.810000,0.900000,30.000000,60.000000,6.000000,0.000000,0.000000,1.039954,0.030361,-0.029661,1.007490,0.000000,0.000000,0.320529,0.015117,-0.003309,0.312830,0.999860,-0.011116,-0.012518,-0.000139,-0.001886,-0.011467,-0.000255,0.042730,0.064782,-0.077460,23.343825,23.343825,23.334721,0.495556,0.686842,-0.363497,0.027356,0.910189
4.900000,1,0,0,2.400000,9.810000,0.900000,30.000000,60.000000,6.000000,0.000000,0.000000,1.055890,0.031143,-0.029773,1.023049,0.000000,0.000000,0.316868,0.016153,-0.001158,0.309532,0.999856,-0.011148,-0.012800,-0.000143,-0.000701,-0.011085,-0.000247,0.084834,0.075796,-0.096574,23.334721,23.334721,23.325766,0.495365,0.800818,-0.338362,-0.009051,0.910778
4.950000,1,0,0,2.400000,9.810000,0.900000,30.000000,60.000000,6.000000,0.000000,0.000000,1.071638,0.031975,-0.029776,1.038441,0.000000,0.000000,0.313020,0.017122,0.001067,0.306113,0.999852,-0.011151,-0.013072,-0.000146,0.000397,-0.010688,-0.000238,0.091553,0.057504,-0.103549,23.325766,23.325766,23.316948,0.495178,0.829407,-0.382229,-0.016510,0.911407
5.000000,1,0,0,2.400000,9.810000,0.900000,30.000000,60.000000,6.000000,0.000000,0.000000,1.087189,0.032854,-0.029666,1.053659,0.000000,0.000000,0.308990,0.018008,0.003342,0.302574,0.999849,-0.011129,-0.013335,-0.000148,0.001392,-0.010280,-0.000229,0.073404,0.053158,-0.100994,23.316948,23.316948,23.308256,0.494994,0.797839,-0.391411,-0.001266,0.912073
5.050000,1,0,0,2.400000,9.810000,0.900000,30.000000,60.000000,6.000000,0.000000,0.000000,1.102534,0.033774,-0.029441,1.068696,0.000000,0.000000,0.304782,0.018797,0.005645,0.298920,0.999846,-0.011083,-0.013586,-0.000151,0.002268,-0.009868,-0.000219,0.055926,0.055458,-0.109835,23.308256,23.308256,23.299679,0.494811,0.767398,-0.383552,-0.013528,0.912773
5.100000,1,0,0,2.400000,9.810000,0.900000,30.000000,60.000000,6.000000,0.000000,0.000000,1.117664,0.034732,-0.029101,1.083549,0.000000,0.000000,0.300399,0.019473,0.007950,0.295154,0.999844,-0.011016,-0.013828,-0.000152,0.003010,-0.009458,-0.000208,0.060597,0.062268,-0.117540,23.299679,23.299679,23.291208,0.494631,0.789630,-0.363929,-0.023209,0.913504
5.150000,1,0,0,2.400000,9.810000,0.900000,30.000000,60.000000,6.000000,0.000000,0.000000,1.132571,0.035720,-0.028646,1.098210,0.000000,0.000000,0.295847,0.020023,0.010234,0.291279,0.999841,-0.010933,-0.014059,-0.000154,0.003608,-0.009056,-0.000198,0.069323,0.032744,-0.144968,23.291208,23.291208,23.282833,0.494454,0.821116,-0.430735,-0.080354,0.914263
5.200000,1,0,0,2.400000,9.810000,0.900000,30.000000,60.000000,6.000000,0.000000,0.000000,1.147246,0.036732,-0.028078,1.112675,0.000000,0.000000,0.291129,0.020433,0.012472,0.287297,0.999839,-0.010837,-0.014281,-0.000155,0.004053,-0.008667,-0.000188,0.053833,0.086508,-0.145834,23.282833,23.282833,23.274546,0.494278,0.794017,-0.297044,-0.073869,0.915045
5.250000,1,0,0,2.400000,9.810000,0.900000,30.000000,60.000000,6.000000,0.000000,0.000000,1.161681,0.037760,-0.027400,1.126938,0.000000,0.000000,0.286251,0.020693,0.014638,0.283209,0.999837,-0.010732,-0.014493,-0.000156,0.004336,-0.008298,-0.000178,0.055580,0.081496,-0.133118,23.274546,23.274546,23.266340,0.494103,0.807840,-0.303998,-0.034890,0.915848
5.300000,1,0,0,2.400000,9.810000,0.900000,30.000000,60.000000,6.000000,0.000000,0.000000,1.175868,0.038798,-0.026616,1.140994,0.000000,0.000000,0.281217,0.020791,0.016707,0.279019,0.999836,-0.010622,-0.014696,-0.000156,0.004455,-0.007954,-0.000169,0.063552,0.056100,-0.132765,23.266340,23.266340,23.258209,0.493931,0.836183,-0.359642,-0.025676,0.916668
5.350000,1,0,0,2.400000,9.810000,0.900000,30.000000,60.000000,6.000000,0.000000,0.000000,1.189800,0.039837,-0.025732,1.154838,0.000000,0.000000,0.276034,0.020719,0.018657,0.274726,0.999834,-0.010511,-0.014891,-0.000157,0.004409,-0.007641,-0.000161,0.060583,0.058096,-0.129347,23.258209,23.258209,23.250150,0.493760,0.837885,-0.349509,-0.009188,0.917501
5.400000,1,0,0,2.400000,9.810000,0.900000,30.000000,60.000000,6.000000,0.000000,0.000000,1.203469,0.040867,-0.024753,1.168465,0.000000,0.000000,0.270705,0.020470,0.020465,0.270332,0.999832,-0.010403,-0.015079,-0.000157,0.004198,-0.007365,-0.000153,0.019949,0.095890,-0.103074,23.250150,23.250150,23.242159,0.493590,0.748841,-0.253619,0.062078,0.918343
5.450000,1,0,0,2.400000,9.810000,0.900000,30.000000,60.000000,6.000000,0.000000,0.000000,1.216869,0.041881,-0.023688,1.181870,0.000000,0.000000,0.265238,0.020039,0.022108,0.265837,0.999830,-0.010302,-0.015260,-0.000157,0.003826,-0.007130,-0.000147,0.022563,0.052687,-0.112481,23.242159,23.242159,23.234238,0.493422,0.763291,-0.352462,0.047643,0.919191
5.500000,1,0,0,2.400000,9.810000,0.900000,30.000000,60.000000,6.000000,0.000000,0.000000,1.229991,0.042868,-0.022545,1.195047,0.000000,0.000000,0.259638,0.019422,0.023569,0.261242,0.999829,-0.010213,-0.015435,-0.000158,0.003302,-0.006940,-0.000142,0.010148,0.016349,-0.132342,23.234238,23.234238,23.226387,0.493255,0.741419,-0.435356,0.008060,0.920040
5.550000,1,0,0,2.400000,9.810000,0.900000,30.000000,60.000000,6.000000,0.000000,0.000000,1.242830,0.043820,-0.021334,1.207992,0.000000,0.000000,0.253911,0.018617,0.024828,0.256546,0.999827,-0.010138,-0.015607,-0.000158,0.002635,-0.006799,-0.000138,-0.017661,0.031917,-0.155294,23.226387,23.226387,23.218611,0.493090,0.682405,-0.394373,-0.039002,0.920887
5.600000,1,0,0,2.400000,9.810000,0.900000,30.000000,60.000000,6.000000,0.000000,0.000000,1.255380,0.044727,-0.020066,1.220700,0.000000,0.000000,0.248063,0.017624,0.025872,0.251750,0.999825,-0.010082,-0.015776,-0.000159,0.001836,-0.006710,-0.000135,0.010553,-0.001348,-0.124332,23.218611,23.218611,23.210916,0.492926,0.757710,-0.471445,0.043269,0.921728
5.650000,1,0,0,2.400000,9.810000,0.900000,30.000000,60.000000,6.000000,0.000000,0.000000,1.267635,0.045579,-0.018751,1.233165,0.000000,0.000000,0.242100,0.016447,0.026687,0.246853,0.999822,-0.010047,-0.015943,-0.000160,0.000921,-0.006676,-0.000134,0.009786,0.025266,-0.100680,23.210916,23.210916,23.203312,0.492765,0.763386,-0.405804,0.107937,0.922560
5.700000,1,0,0,2.400000,9.810000,0.900000,30.000000,60.000000,6.000000,0.000000,0.000000,1.279588,0.046368,-0.017401,1.245384,0.000000,0.000000,0.236030,0.015089,0.027263,0.241856,0.999820,-0.010037,-0.016110,-0.000162,-0.000095,-0.006699,-0.000135,-0.012715,0.021562,-0.111511,23.203312,23.203312,23.195812,0.492606,0.716893,-0.414053,0.089780,0.923379
5.750000,1,0,0,2.400000,9.810000,0.900000,30.000000,60.000000,6.000000,0.000000,0.000000,1.291236,0.047085,-0.016029,1.257349,0.000000,0.000000,0.229860,0.013556,0.027594,0.236757,0.999817,-0.010053,-0.016279,-0.000164,-0.001193,-0.006780,-0.000136,-0.018085,0.013152,-0.115678,23.195812,23.195812,23.188429,0.492449,0.711568,-0.434827,0.087542,0.924181
5.800000,1,0,0,2.400000,9.810000,0.900000,30.000000,60.000000,6.000000,0.000000,0.000000,1.302573,0.047721,-0.014646,1.269058,0.000000,0.000000,0.223596,0.011856,0.027674,0.231558,0.999814,-0.010097,-0.016450,-0.000166,-0.002353,-0.006918,-0.000140,-0.004291,0.041602,-0.123656,23.188429,23.188429,23.181182,0.492295,0.752364,-0.368448,0.076073,0.924963
5.850000,1,0,0,2.400000,9.810000,0.900000,30.000000,60.000000,6.000000,0.000000,0.000000,1.313594,0.048268,-0.013265,1.280503,0.000000,0.000000,0.217246,0.010001,0.027503,0.226257,0.999810,-0.010170,-0.016625,-0.000169,-0.003553,-0.007114,-0.000145,-0.012194,0.021009,-0.123984,23.181182,23.181182,23.174091,0.492144,0.741278,-0.421145,0.082865,0.925721
5.900000,1,0,0,2.400000,9.810000,0.900000,30.000000,60.000000,6.000000,0.000000,0.000000,1.324296,0.048719,-0.011900,1.291682,0.000000,0.000000,0.210817,0.008001,0.027084,0.220855,0.999806,-0.010274,-0.016806,-0.000173,-0.004774,-0.007366,-0.000151,-0.044331,-0.021351,-0.098887,23.174091,23.174091,23.167180,0.491998,0.672288,-0.527488,0.150564,0.926453
5.950000,1,0,0,2.400000,9.810000,0.900000,30.000000,60.000000,6.000000,0.000000,0.000000,1.334675,0.049066,-0.010561,1.302587,0.000000,0.000000,0.204317,0.005871,0.026420,0.215353,0.999801,-0.010409,-0.016994,-0.000177,-0.005991,-0.007672,-0.000160,-0.067054,-0.018764,-0.094602,23.167180,23.167180,23.160474,0.491855,0.626218,-0.527372,0.168175,0.927156
6.000000,1,0,0,2.400000,9.810000,0.900000,30.000000,60.000000,6.000000,0.000000,0.000000,1.344727,0.049304,-0.009262,1.313215,0.000000,0.000000,0.197754,0.003625,0.025520,0.209751,0.999796,-0.010574,-0.017190,-0.000182,-0.007183,-0.008030,-0.000170,-0.060579,-0.024640,-0.095236,23.160474,23.160474,23.154004,0.491718,0.650605,-0.548964,0.173826,0.927827
6.050000,1,0,0,2.400000,9.810000,0.900000,30.000000,60.000000,6.000000,0.000000,0.000000,1.354449,0.049427,-0.008013,1.323561,0.000000,0.000000,0.191136,0.001280,0.024396,0.204051,0.999791,-0.010768,-0.017395,-0.000187,-0.008327,-0.008435,-0.000182,-0.101264,-0.050054,-0.072388,23.154004,23.154004,23.147800,0.491586,0.562253,-0.618800,0.235646,0.928463
6.100000,1,0,0,2.400000,9.810000,0.900000,30.000000,60.000000,6.000000,0.000000,0.000000,1.363839,0.049431,-0.006826,1.333619,0.000000,0.000000,0.184472,-0.001146,0.023061,0.198255,0.999784,-0.010989,-0.017612,-0.000194,-0.009402,-0.008883,-0.000195,-0.116503,-0.048071,-0.084165,23.147800,23.147800,23.141894,0.491461,0.535468,-0.624173,0.214156,0.929062
6.150000,1,0,0,2.400000,9.810000,0.900000,30.000000,60.000000,6.000000,0.000000,0.000000,1.372896,0.049311,-0.005710,1.343385,0.000000,0.000000,0.177769,-0.003634,0.021532,0.192364,0.999778,-0.011237,-0.017840,-0.000201,-0.010387,-0.009369,-0.000211,-0.108312,-0.054376,-0.094830,23.141894,23.141894,23.136323,0.491342,0.565459,-0.650630,0.195087,0.929622
6.200000,1,0,0,2.400000,9.810000,0.900000,30.000000,60.000000,6.000000,0.000000,0.000000,1.381616,0.049067,-0.004675,1.352854,0.000000,0.000000,0.171037,-0.006165,0.019829,0.186381,0.999770,-0.011507,-0.018080,-0.000208,-0.011262,-0.009888,-0.000228,-0.114431,-0.067064,-0.094625,23.136323,23.136323,23.131123,0.491232,0.561692,-0.693486,0.201831,0.930141
6.250000,1,0,0,2.400000,9.810000,0.900000,30.000000,60.000000,6.000000,0.000000,0.000000,1.389999,0.048695,-0.003730,1.362021,0.000000,0.000000,0.164285,-0.008718,0.017972,0.180310,0.999762,-0.011799,-0.018334,-0.000216,-0.012012,-0.010434,-0.000246,-0.124069,-0.068125,-0.112152,23.131123,23.131123,23.126332,0.491130,0.550103,-0.709380,0.165702,0.930617
6.300000,1,0,0,2.400000,9.810000,0.900000,30.000000,60.000000,6.000000,0.000000,0.000000,1.398044,0.048195,-0.002880,1.370883,0.000000,0.000000,0.157522,-0.011272,0.015986,0.174155,0.999754,-0.012107,-0.018602,-0.000225,-0.012619,-0.010998,-0.000266,-0.119057,-0.093881,-0.115744,23.126332,23.126332,23.121989,0.491038,0.574326,-0.785333,0.162667,0.931048
6.350000,1,0,0,2.400000,9.810000,0.900000,30.000000,60.000000,6.000000,0.000000,0.000000,1.405751,0.047568,-0.002133,1.379435,0.000000,0.000000,0.150757,-0.013806,0.013895,0.167922,0.999744,-0.012428,-0.018884,-0.000235,-0.013070,-0.011576,-0.000288,-0.094298,-0.096589,-0.117585,23.121989,23.121989,23.118133,0.490956,0.646610,-0.806588,0.163442,0.931435
6.400000,1,0,0,2.400000,9.810000,0.900000,30.000000,60.000000,6.000000,0.000000,0.000000,1.413120,0.046815,-0.001492,1.387674,0.000000,0.000000,0.144000,-0.016298,0.011726,0.161615,0.999735,-0.012758,-0.019181,-0.000245,-0.013354,-0.012159,-0.000310,-0.080826,-0.072030,-0.126241,23.118133,23.118133,23.114804,0.490885,0.692492,-0.762834,0.147424,0.931774
6.450000,1,0,0,2.400000,9.810000,0.900000,30.000000,60.000000,6.000000,0.000000,0.000000,1.420151,0.045939,-0.000961,1.395596,0.000000,0.000000,0.137260,-0.018729,0.009506,0.155241,0.999724,-0.013094,-0.019492,-0.000255,-0.013463,-0.012739,-0.000334,-0.083148,-0.112369,-0.122021,23.114804,23.114804,23.112042,0.490827,0.701151,-0.875071,0.161835,0.932067
6.500000,1,0,0,2.400000,9.810000,0.900000,30.000000,60.000000,6.000000,0.000000,0.000000,1.426847,0.044943,-0.000542,1.403197,0.000000,0.000000,0.130548,-0.021076,0.007263,0.148808,0.999713,-0.013430,-0.019818,-0.000266,-0.013392,-0.013308,-0.000358,-0.072782,-0.100888,-0.128875,23.112042,23.112042,23.109885,0.490781,0.740946,-0.862973,0.149149,0.932313
6.550000,1,0,0,2.400000,9.810000,0.900000,30.000000,60.000000,6.000000,0.000000,0.000000,1.433207,0.043833,-0.000235,1.410476,0.000000,0.000000,0.123874,-0.023321,0.005026,0.142323,0.999702,-0.013762,-0.020157,-0.000277,-0.013137,-0.013860,-0.000382,-0.072418,-0.071846,-0.117247,23.109885,23.109885,23.108372,0.490749,0.757404,-0.808553,0.180255,0.932511
6.600000,1,0,0,2.400000,9.810000,0.900000,30.000000,60.000000,6.000000,0.000000,0.000000,1.439235,0.042613,-0.000039,1.417429,0.000000,0.000000,0.117248,-0.025444,0.002822,0.135797,0.999690,-0.014085,-0.020510,-0.000289,-0.012698,-0.014386,-0.000405,-0.062956,-0.082763,-0.094489,23.108372,23.108372,23.107541,0.490731,0.796342,-0.849650,0.237465,0.932662
6.650000,1,0,0,2.400000,9.810000,0.900000,30.000000,60.000000,6.000000,0.000000,0.000000,1.444933,0.041291,0.000049,1.424055,0.000000,0.000000,0.110681,-0.027426,0.000681,0.129238,0.999678,-0.014395,-0.020876,-0.000301,-0.012079,-0.014878,-0.000429,-0.050497,-0.084871,-0.109053,23.107541,23.107541,23.107428,0.490729,0.843087,-0.869011,0.204447,0.932766
6.700000,1,0,0,2.400000,9.810000,0.900000,30.000000,60.000000,6.000000,0.000000,0.000000,1.450304,0.039873,0.000031,1.430352,0.000000,0.000000,0.104183,-0.029252,-0.001373,0.122659,0.999666,-0.014687,-0.021254,-0.000312,-0.011286,-0.015329,-0.000451,-0.035522,-0.071266,-0.127468,23.107428,23.107428,23.108068,0.490742,0.896446,-0.849864,0.161493,0.932824
6.750000,1,0,0,2.400000,9.810000,0.900000,30.000000,60.000000,6.000000,0.000000,0.000000,1.455352,0.038369,-0.000087,1.436321,0.000000,0.000000,0.097767,-0.030905,-0.003312,0.116070,0.999654,-0.014957,-0.021642,-0.000324,-0.010327,-0.015733,-0.000471,-0.024308,-0.056723,-0.155635,23.108068,23.108068,23.109495,0.490772,0.941302,-0.827477,0.094395,0.932837
6.800000,1,0,0,2.400000,9.810000,0.900000,30.000000,60.000000,6.000000,0.000000,0.000000,1.460082,0.036786,-0.000298,1.441959,0.000000,0.000000,0.091441,-0.032371,-0.005113,0.109484,0.999641,-0.015201,-0.022040,-0.000335,-0.009213,-0.016082,-0.000489,0.030122,-0.041928,-0.156747,23.109495,23.109495,23.111740,0.490820,1.090351,-0.803308,0.091444,0.932806
6.850000,1,0,0,2.400000,9.810000,0.900000,30.000000,60.000000,6.000000,0.000000,0.000000,1.464498,0.035135,-0.000595,1.447269,0.000000,0.000000,0.085220,-0.033640,-0.006752,0.102915,0.999629,-0.015416,-0.022446,-0.000346,-0.007959,-0.016370,-0.000505,0.029287,-0.021927,-0.157233,23.111740,23.111740,23.114835,0.490886,1.107170,-0.765304,0.089173,0.932732
6.900000,1,0,0,2.400000,9.810000,0.900000,30.000000,60.000000,6.000000,0.000000,0.000000,1.468606,0.033425,-0.000970,1.452251,0.000000,0.000000,0.079113,-0.034699,-0.008211,0.096377,0.999617,-0.015598,-0.022858,-0.000357,-0.006579,-0.016592,-0.000518,0.016452,-0.002852,-0.157806,23.114835,23.114835,23.118806,0.490970,1.095529,-0.728028,0.085832,0.932617
6.950000,1,0,0,2.400000,9.810000,0.900000,30.000000,60.000000,6.000000,0.000000,0.000000,1.472412,0.031669,-0.001413,1.456908,0.000000,0.000000,0.073133,-0.035541,-0.009471,0.089886,0.999605,-0.015744,-0.023275,-0.000367,-0.005093,-0.016744,-0.000528,0.014558,-0.011490,-0.112619,23.118806,23.118806,23.123682,0.491074,1.110409,-0.755637,0.191416,0.932464
7.000000,1,0,0,2.400000,9.810000,0.900000,30.000000,60.000000,6.000000,0.000000,0.000000,1.475922,0.029875,-0.001914,1.461241,0.000000,0.000000,0.067291,-0.036160,-0.010516,0.083457,0.999594,-0.015851,-0.023694,-0.000376,-0.003518,-0.016822,-0.000534,0.015956,-0.001592,-0.127649,23.123682,23.123682,23.129487,0.491197,1.133374,-0.737018,0.151545,0.932274
7.050000,1,0,0,2.400000,9.810000,0.900000,30.000000,60.000000,6.000000,0.000000,0.000000,1.479143,0.028056,-0.002461,1.465255,0.000000,0.000000,0.061601,-0.036550,-0.011334,0.077107,0.999582,-0.015919,-0.024115,-0.000384,-0.001877,-0.016821,-0.000536,0.039893,-0.001121,-0.137724,23.129487,23.129487,23.136244,0.491341,1.210532,-0.739195,0.122597,0.932050
7.100000,1,0,0,2.400000,9.810000,0.900000,30.000000,60.000000,6.000000,0.000000,0.000000,1.482084,0.026224,-0.003043,1.468953,0.000000,0.000000,0.056074,-0.036710,-0.011916,0.070853,0.999572,-0.015944,-0.024535,-0.000391,-0.000190,-0.016741,-0.000534,0.033824,-0.006996,-0.112858,23.136244,23.136244,23.143974,0.491505,1.215686,-0.754708,0.176514,0.931794
7.150000,1,0,0,2.400000,9.810000,0.900000,30.000000,60.000000,6.000000,0.000000,0.000000,1.484754,0.024389,-0.003649,1.472342,0.000000,0.000000,0.050724,-0.036640,-0.012255,0.064713,0.999562,-0.015928,-0.024951,-0.000398,0.001520,-0.016579,-0.000528,0.057128,-0.022857,-0.146082,23.143974,23.143974,23.152694,0.491690,1.291259,-0.792255,0.089989,0.931510
7.200000,1,0,0,2.400000,9.810000,0.900000,30.000000,60.000000,6.000000,0.000000,0.000000,1.487160,0.022564,-0.004265,1.475427,0.000000,0.000000,0.045562,-0.036342,-0.012347,0.058706,0.999552,-0.015868,-0.025363,-0.000403,0.003230,-0.016335,-0.000519,0.044224,-0.033417,-0.141569,23.152694,23.152694,23.162423,0.491897,1.279763,-0.815127,0.092987,0.931199
7.250000,1,0,0,2.400000,9.810000,0.900000,30.000000,60.000000,6.000000,0.000000,0.000000,1.489313,0.020759,-0.004879,1.478215,0.000000,0.000000,0.040603,-0.035819,-0.012193,0.052851,0.999544,-0.015766,-0.025768,-0.000406,0.004918,-0.016010,-0.000505,0.021823,0.007047,-0.128161,23.162423,23.162423,23.173174,0.492125,1.245217,-0.713603,0.116263,0.930866
7.300000,1,0,0,2.400000,9.810000,0.900000,30.000000,60.000000,6.000000,0.000000,0.000000,1.491224,0.018985,-0.005480,1.480715,0.000000,0.000000,0.035860,-0.035078,-0.011795,0.047166,0.999536,-0.015622,-0.026163,-0.000409,0.006562,-0.015605,-0.000488,0.017425,0.016096,-0.108786,23.173174,23.173174,23.184961,0.492375,1.253523,-0.685572,0.152775,0.930513
7.350000,1,0,0,2.400000,9.810000,0.900000,30.000000,60.000000,6.000000,0.000000,0.000000,1.492903,0.017254,-0.006055,1.482935,0.000000,0.000000,0.031345,-0.034128,-0.011158,0.041673,0.999528,-0.015438,-0.026547,-0.000410,0.008142,-0.015121,-0.000467,-0.018972,-0.012876,-0.112000,23.184961,23.184961,23.197792,0.492648,1.184594,-0.746947,0.133971,0.930144
7.400000,1,0,0,2.400000,9.810000,0.900000,30.000000,60.000000,6.000000,0.000000,0.000000,1.494362,0.015576,-0.006592,1.484886,0.000000,0.000000,0.027073,-0.032976,-0.010293,0.036391,0.999522,-0.015216,-0.026919,-0.000410,0.009636,-0.014564,-0.000444,-0.005071,-0.065145,-0.116098,23.197792,23.197792,23.211676,0.492942,1.235851,-0.862474,0.111934,0.929762
7.450000,1,0,0,2.400000,9.810000,0.900000,30.000000,60.000000,6.000000,0.000000,0.000000,1.495615,0.013960,-0.007080,1.486578,0.000000,0.000000,0.023057,-0.031636,-0.009209,0.031340,0.999516,-0.014957,-0.027275,-0.000408,0.011026,-0.013935,-0.000417,0.033471,-0.038983,-0.119961,23.211676,23.211676,23.226618,0.493260,1.345638,-0.788113,0.089339,0.929371
7.500000,1,0,0,2.400000,9.810000,0.900000,30.000000,60.000000,6.000000,0.000000,0.000000,1.496673,0.012415,-0.007509,1.488024,0.000000,0.000000,0.019312,-0.030121,-0.007923,0.026542,0.999511,-0.014666,-0.027615,-0.000405,0.012297,-0.013241,-0.000389,0.054701,-0.073882,-0.147235,23.226618,23.226618,23.242622,0.493600,1.413190,-0.858767,0.009432,0.928974
7.550000,1,0,0,2.400000,9.810000,0.900000,30.000000,60.000000,6.000000,0.000000,0.000000,1.497551,0.010950,-0.007870,1.489237,0.000000,0.000000,0.015852,-0.028445,-0.006449,0.022017,0.999507,-0.014344,-0.027937,-0.000401,0.013432,-0.012487,-0.000358,0.060767,-0.044159,-0.160418,23.242622,23.242622,23.259688,0.493962,1.443588,-0.772946,-0.037781,0.928576
7.600000,1,0,0,2.400000,9.810000,0.900000,30.000000,60.000000,6.000000,0.000000,0.000000,1.498263,0.009573,-0.008152,1.490230,0.000000,0.000000,0.012691,-0.026623,-0.004808,0.017785,0.999503,-0.013995,-0.028239,-0.000395,0.014419,-0.011679,-0.000327,0.038131,-0.036007,-0.167237,23.259688,23.259688,23.277814,0.494347,1.404274,-0.737666,-0.070848,0.928179
7.650000,1,0,0,2.400000,9.810000,0.900000,30.000000,60.000000,6.000000,0.000000,0.000000,1.498825,0.008290,-0.008348,1.491020,0.000000,0.000000,0.009845,-0.024674,-0.003019,0.013869,0.999500,-0.013624,-0.028521,-0.000389,0.015248,-0.010825,-0.000295,0.046463,-0.016868,-0.136848,23.277814,23.277814,23.296997,0.494754,1.438401,-0.674968,-0.015738,0.927788
7.700000,1,0,0,2.400000,9.810000,0.900000,30.000000,60.000000,6.000000,0.000000,0.000000,1.499253,0.007108,-0.008451,1.491623,0.000000,0.000000,0.007328,-0.022615,-0.001106,0.010287,0.999498,-0.013234,-0.028780,-0.000381,0.015911,-0.009932,-0.000263,0.038604,0.036664,-0.130161,23.296997,23.296997,23.317230,0.495184,1.432734,-0.528855,-0.018628,0.927405
7.750000,1,0,0,2.400000,9.810000,0.900000,30.000000,60.000000,6.000000,0.000000,0.000000,1.499563,0.006030,-0.008457,1.492055,0.000000,0.000000,0.005155,-0.020464,0.000908,0.007063,0.999496,-0.012830,-0.029017,-0.000372,0.016403,-0.009008,-0.000231,0.039132,0.015569,-0.119159,23.317230,23.317230,23.338506,0.495636,1.446217,-0.561171,-0.012269,0.927036
7.800000,1,0,0,2.400000,9.810000,0.900000,30.000000,60.000000,6.000000,0.000000,0.000000,1.499774,0.005062,-0.008359,1.492335,0.000000,0.000000,0.003342,-0.018241,0.002998,0.004215,0.999496,-0.012416,-0.029231,-0.000363,0.016722,-0.008061,-0.000200,0.050988,-0.006131,-0.097660,23.338506,23.338506,23.360816,0.496110,1.485878,-0.594458,0.018188,0.926683
7.850000,1,0,0,2.400000,9.810000,0.900000,30.000000,60.000000,6.000000,0.000000,0.000000,1.499904,0.004207,-0.008156,1.492483,0.000000,0.000000,0.001904,-0.015965,0.005138,0.001764,0.999495,-0.011996,-0.029420,-0.000353,0.016867,-0.007101,-0.000170,0.023158,-0.002062,-0.092499,23.360816,23.360816,23.384146,0.496605,1.429257,-0.565619,0.008351,0.926350
7.900000,1,0,0,2.400000,9.810000,0.900000,30.000000,60.000000,6.000000,0.000000,0.000000,1.499971,0.003466,-0.007845,1.492519,0.000000,0.000000,0.000857,-0.013655,0.007303,-0.000269,0.999495,-0.011574,-0.029586,-0.000343,0.016841,-0.006137,-0.000142,0.047571,-0.005701,-0.070367,23.384146,23.384146,23.408486,0.497122,1.496974,-0.555197,0.038175,0.926041
7.950000,1,0,0,2.400000,9.810000,0.900000,30.000000,60.000000,6.000000,0.000000,0.000000,1.499996,0.002842,-0.007426,1.492463,0.000000,0.000000,0.000217,-0.011333,0.009467,-0.001864,0.999496,-0.011156,-0.029728,-0.000332,0.016650,-0.005178,-0.000116,0.077723,0.001321,-0.069320,23.408486,23.408486,23.445232,0.497902,1.577415,-0.519297,0.016345,0.925758
8.000000,1,0,0,2.400000,9.810000,0.900000,30.000000,60.000000,6.000000,0.000000,0.000000,1.500000,0.002333,-0.006899,1.492340,0.000000,0.000000,0.000000,-0.009016,0.011603,-0.002997,0.999497,-0.010738,-0.029831,-0.000320,0.021359,0.009957,0.000214,0.088441,0.003500,-0.053596,23.445232,23.445232,23.462768,0.498275,1.610171,-0.495318,0.017271,0.925505
8.050000,1,0,0,2.400000,9.810000,0.900000,30.000000,60.000000,6.000000,0.000000,0.000000,1.500000,0.001940,-0.006266,1.492180,0.000000,0.000000,0.000000,-0.006724,0.013688,-0.003394,0.999498,-0.010343,-0.029937,-0.000310,0.015384,-0.004382,-0.000091,0.047164,0.013458,-0.026735,23.462768,23.462768,23.468814,0.498403,1.517134,-0.453227,0.064143,0.925285
8.100000,1,0,0,2.400000,9.810000,0.900000,30.000000,60.000000,6.000000,0.000000,0.000000,1.500000,0.001660,-0.005531,1.492002,0.000000,0.000000,0.000000,-0.004476,0.015697,-0.003724,0.999499,-0.009965,-0.030035,-0.000299,0.014816,-0.003508,-0.000070,0.053873,0.025243,0.005289,23.468814,23.468814,23.475029,0.498535,1.538237,-0.407340,0.134884,0.925101
8.150000,1,0,0,2.400000,9.810000,0.900000,30.000000,60.000000,6.000000,0.000000,0.000000,1.500000,0.001491,-0.004698,1.491808,0.000000,0.000000,0.000000,-0.002288,0.017606,-0.003991,0.999500,-0.009603,-0.030113,-0.000289,0.014141,-0.002667,-0.000051,0.050446,0.025657,-0.019328,23.475029,23.475029,23.481389,0.498670,1.534020,-0.389471,0.069486,0.924956
8.200000,1,0,0,2.400000,9.810000,0.900000,30.000000,60.000000,6.000000,0.000000,0.000000,1.500000,0.001430,-0.003773,1.491604,0.000000,0.000000,0.000000,-0.000180,0.019391,-0.004192,0.999502,-0.009259,-0.030169,-0.000279,0.013373,-0.001867,-0.000035,0.035099,0.002444,-0.001998,23.481389,23.481389,23.487871,0.498808,1.500241,-0.429147,0.104585,0.924852
8.250000,1,0,0,2.400000,9.810000,0.900000,30.000000,60.000000,6.000000,0.000000,0.000000,1.500000,0.001472,-0.002762,1.491390,0.000000,0.000000,0.000000,0.001835,0.021031,-0.004326,0.999504,-0.008935,-0.030206,-0.000270,0.012525,-0.001116,-0.000020,0.053768,0.025227,-0.007580,23.487871,23.487871,23.494451,0.498948,1.547197,-0.359375,0.084550,0.924792
8.300000,1,0,0,2.400000,9.810000,0.900000,30.000000,60.000000,6.000000,0.000000,0.000000,1.500000,0.001611,-0.001672,1.491172,0.000000,0.000000,0.000000,0.003738,0.022505,-0.004391,0.999506,-0.008634,-0.030226,-0.000261,0.011613,-0.000420,-0.000007,0.061146,0.032006,0.030698,23.494451,23.494451,23.501105,0.499089,1.566209,-0.329042,0.169656,0.924777
8.350000,1,0,0,2.400000,9.810000,0.900000,30.000000,60.000000,6.000000,0.000000,0.000000,1.500000,0.001843,-0.000514,1.490952,0.000000,0.000000,0.000000,0.005518,0.023794,-0.004387,0.999508,-0.008355,-0.030228,-0.000253,0.010653,0.000215,0.000004,0.042923,0.026433,0.030780,23.501105,23.501105,23.507809,0.499231,1.523004,-0.329449,0.162995,0.924810
8.400000,1,0,0,2.400000,9.810000,0.900000,30.000000,60.000000,6.000000,0.000000,0.000000,1.500000,0.002161,0.000704,1.490734,0.000000,0.000000,0.000000,0.007158,0.024881,-0.004314,0.999511,-0.008102,-0.030216,-0.000245,0.009661,0.000781,0.000013,0.021716,0.032655,0.030511,23.507809,23.507809,23.514540,0.499374,1.471933,-0.302688,0.155427,0.924892
8.450000,1,0,0,2.400000,9.810000,0.900000,30.000000,60.000000,6.000000,0.000000,0.000000,1.500000,0.002557,0.001970,1.490522,0.000000,0.000000,0.000000,0.008648,0.025751,-0.004172,0.999513,-0.007873,-0.030190,-0.000238,0.008652,0.001275,0.000020,0.015848,0.082660,0.018093,23.514540,23.514540,23.521272,0.499517,1.457055,-0.172022,0.118663,0.925025
8.500000,1,0,0,2.400000,9.810000,0.900000,30.000000,60.000000,6.000000,0.000000,0.000000,1.500000,0.003023,0.003275,1.490318,0.000000,0.000000,0.000000,0.009977,0.026393,-0.003961,0.999516,-0.007669,-0.030153,-0.000231,0.007643,0.001691,0.000026,0.042824,0.084671,0.018953,23.521272,23.521272,23.527985,0.499660,1.520463,-0.157722,0.113753,0.925210
8.550000,1,0,0,2.400000,9.810000,0.900000,30.000000,60.000000,6.000000,0.000000,0.000000,1.500000,0.003552,0.004606,1.490127,0.000000,0.000000,0.000000,0.011134,0.026795,-0.003684,0.999519,-0.007491,-0.030106,-0.000226,0.006649,0.002028,0.000030,0.036190,0.059903,0.028589,23.527985,23.527985,23.534654,0.499802,1.502763,-0.208864,0.129918,0.925447
8.600000,1,0,0,2.400000,9.810000,0.900000,30.000000,60.000000,6.000000,0.000000,0.000000,1.500000,0.004134,0.005950,1.489951,0.000000,0.000000,0.000000,0.012112,0.026951,-0.003342,0.999521,-0.007337,-0.030052,-0.000221,0.005687,0.002281,0.000033,0.030790,0.084187,0.071034,23.534654,23.534654,23.541260,0.499942,1.487671,-0.143428,0.224869,0.925738
8.650000,1,0,0,2.400000,9.810000,0.900000,30.000000,60.000000,6.000000,0.000000,0.000000,1.500000,0.004760,0.007296,1.489794,0.000000,0.000000,0.000000,0.012903,0.026855,-0.002937,0.999524,-0.007206,-0.029993,-0.000216,0.004769,0.002450,0.000035,0.010568,0.055470,0.079906,23.541260,23.541260,23.547780,0.500080,1.436753,-0.206297,0.239313,0.926083
8.700000,1,0,0,2.400000,9.810000,0.900000,30.000000,60.000000,6.000000,0.000000,0.000000,1.500000,0.005421,0.008632,1.489658,0.000000,0.000000,0.000000,0.013504,0.026505,-0.002472,0.999527,-0.007098,-0.029930,-0.000213,0.003909,0.002534,0.000036,0.015760,0.036271,0.078225,23.547780,23.547780,23.554195,0.500217,1.446672,-0.247367,0.228522,0.926482
8.750000,1,0,0,2.400000,9.810000,0.900000,30.000000,60.000000,6.000000,0.000000,0.000000,1.500000,0.006107,0.009943,1.489548,0.000000,0.000000,0.000000,0.013909,0.025903,-0.001951,0.999529,-0.007010,-0.029867,-0.000209,0.003121,0.002532,0.000036,-0.009917,0.020974,0.079794,23.554195,23.554195,23.560487,0.500350,1.382447,-0.280040,0.225648,0.926934
8.800000,1,0,0,2.400000,9.810000,0.900000,30.000000,60.000000,6.000000,0.000000,0.000000,1.500000,0.006808,0.011218,1.489464,0.000000,0.000000,0.000000,0.014119,0.025050,-0.001377,0.999532,-0.006941,-0.029805,-0.000207,0.002413,0.002446,0.000034,-0.020942,0.058686,0.069448,23.560487,23.560487,23.566638,0.500481,1.353431,-0.186369,0.194316,0.927440
8.850000,1,0,0,2.400000,9.810000,0.900000,30.000000,60.000000,6.000000,0.000000,0.000000,1.500000,0.007515,0.012444,1.489411,0.000000,0.000000,0.000000,0.014132,0.023953,-0.000754,0.999534,-0.006889,-0.029745,-0.000205,0.001797,0.002278,0.000031,-0.011291,0.034271,0.078702,23.566638,23.566638,23.572632,0.500608,1.374175,-0.242579,0.210186,0.927999
8.900000,1,0,0,2.400000,9.810000,0.900000,30.000000,60.000000,6.000000,0.000000,0.000000,1.500000,0.008218,0.013609,1.489389,0.000000,0.000000,0.000000,0.013949,0.022621,-0.000087,0.999536,-0.006851,-0.029691,-0.000203,0.001280,0.002030,0.000028,-0.014131,0.049095,0.071779,23.572632,23.572632,23.578453,0.500732,1.365174,-0.205280,0.187413,0.928609
8.950000,1,0,0,2.400000,9.810000,0.900000,30.000000,60.000000,6.000000,0.000000,0.000000,1.500000,0.008907,0.014702,1.489403,0.000000,0.000000,0.000000,0.013576,0.021063,0.000619,0.999537,-0.006824,-0.029644,-0.000202,0.000868,0.001706,0.000023,-0.022639,0.013810,0.065635,23.578453,23.578453,23.584089,0.500851,1.342896,-0.288790,0.166707,0.929269
9.000000,1,0,0,2.400000,9.810000,0.900000,30.000000,60.000000,6.000000,0.000000,0.000000,1.500000,0.009573,0.015712,1.489452,0.000000,0.000000,0.000000,0.013015,0.019295,0.001360,0.999538,-0.006806,-0.029607,-0.000202,0.000565,0.001311,0.000018,-0.040873,-0.005365,0.046313,23.584089,23.584089,23.589526,0.500967,1.297688,-0.334051,0.114594,0.929978
9.050000,1,0,0,2.400000,9.810000,0.900000,30.000000,60.000000,6.000000,0.000000,0.000000,1.500000,0.010206,0.016628,1.489539,0.000000,0.000000,0.000000,0.012274,0.017331,0.002131,0.999539,-0.006795,-0.029580,-0.000201,0.000375,0.000849,0.000012,-0.043983,-0.013384,0.054420,23.589526,23.589526,23.594755,0.501078,1.289267,-0.352828,0.128541,0.930734
9.100000,1,0,0,2.400000,9.810000,0.900000,30.000000,60.000000,6.000000,0.000000,0.000000,1.500000,0.010797,0.017442,1.489665,0.000000,0.000000,0.000000,0.011361,0.015189,0.002924,0.999540,-0.006787,-0.029565,-0.000201,0.000298,0.000327,0.000004,-0.049285,-0.005259,0.055424,23.594755,23.594755,23.599766,0.501184,1.276155,-0.333013,0.125684,0.931536
9.150000,1,0,0,2.400000,9.810000,0.900000,30.000000,60.000000,6.000000,0.000000,0.000000,1.500000,0.011339,0.018144,1.489832,0.000000,0.000000,0.000000,0.010285,0.012888,0.003735,0.999540,-0.006779,-0.029564,-0.000201,0.000333,-0.000250,-0.000003,-0.086947,-0.021416,0.039619,23.599766,23.599766,23.604551,0.501286,1.186012,-0.371497,0.082742,0.932380
9.200000,1,0,0,2.400000,9.810000,0.900000,30.000000,60.000000,6.000000,0.000000,0.000000,1.500000,0.011823,0.018728,1.490039,0.000000,0.000000,0.000000,0.009056,0.010451,0.004558,0.999540,-0.006769,-0.029578,-0.000200,0.000478,-0.000873,-0.000012,-0.084739,-0.050958,0.007553,23.604551,23.604551,23.609105,0.501383,1.192251,-0.441994,0.001039,0.933265
9.250000,1,0,0,2.400000,9.810000,0.900000,30.000000,60.000000,6.000000,0.000000,0.000000,1.500000,0.012242,0.019188,1.490288,0.000000,0.000000,0.000000,0.007687,0.007899,0.005387,0.999539,-0.006754,-0.029608,-0.000200,0.000728,-0.001536,-0.000021,-0.089210,-0.069707,0.008571,23.609105,23.609105,23.613424,0.501474,1.183207,-0.486354,-0.000989,0.934188
9.300000,1,0,0,2.400000,9.810000,0.900000,30.000000,60.000000,6.000000,0.000000,0.000000,1.500000,0.012590,0.019517,1.490578,0.000000,0.000000,0.000000,0.006192,0.005258,0.006216,0.999538,-0.006732,-0.029655,-0.000200,0.001077,-0.002229,-0.000030,-0.082762,-0.082052,0.038587,23.613424,23.613424,23.617504,0.501561,1.201155,-0.514984,0.066855,0.935145
9.350000,1,0,0,2.400000,9.810000,0.900000,30.000000,60.000000,6.000000,0.000000,0.000000,1.500000,0.012860,0.019712,1.490909,0.000000,0.000000,0.000000,0.004584,0.002551,0.007038,0.999536,-0.006700,-0.029719,-0.000199,0.001518,-0.002946,-0.000039,-0.097367,-0.065466,0.055126,23.617504,23.617504,23.621347,0.501643,1.169393,-0.473709,0.102637,0.936135
9.400000,1,0,0,2.400000,9.810000,0.900000,30.000000,60.000000,6.000000,0.000000,0.000000,1.500000,0.013047,0.019771,1.491282,0.000000,0.000000,0.000000,0.002880,-0.000195,0.007848,0.999534,-0.006655,-0.029802,-0.000198,0.002043,-0.003677,-0.000049,-0.115883,-0.105177,0.049492,23.621347,23.621347,23.624951,0.501719,1.129088,-0.566971,0.085486,0.937153
9.450000,1,0,0,2.400000,9.810000,0.900000,30.000000,60.000000,6.000000,0.000000,0.000000,1.500000,0.013146,0.019693,1.491694,0.000000,0.000000,0.000000,0.001094,-0.002955,0.008639,0.999531,-0.006597,-0.029903,-0.000197,0.002640,-0.004413,-0.000058,-0.068062,-0.102324,0.037881,23.624951,23.624951,23.628322,0.501791,1.248846,-0.557413,0.054270,0.938197
9.500000,1,0,0,2.400000,9.810000,0.900000,30.000000,60.000000,6.000000,0.000000,0.000000,1.500000,0.013155,0.019476,1.492145,0.000000,0.000000,0.000000,-0.000755,-0.005701,0.009407,0.999528,-0.006523,-0.030023,-0.000196,0.003300,-0.005145,-0.000067,-0.042966,-0.079068,0.026889,23.628322,23.628322,23.631463,0.501857,1.314917,-0.498141,0.024818,0.939263
9.550000,1,0,0,2.400000,9.810000,0.900000,30.000000,60.000000,6.000000,0.000000,0.000000,1.500000,0.013070,0.019123,1.492634,0.000000,0.000000,0.000000,-0.002651,-0.008409,0.010144,0.999524,-0.006432,-0.030160,-0.000194,0.004010,-0.005865,-0.000075,-0.071910,-0.069626,0.026286,23.631463,23.631463,23.634381,0.501919,1.252137,-0.471205,0.020570,0.940347
9.600000,1,0,0,2.400000,9.810000,0.900000,30.000000,60.000000,6.000000,0.000000,0.000000,1.500000,0.012889,0.018636,1.493159,0.000000,0.000000,0.000000,-0.004576,-0.011051,0.010845,0.999520,-0.006322,-0.030316,-0.000192,0.004758,-0.006564,-0.000083,-0.078366,-0.042605,0.014337,23.634381,23.634381,23.637083,0.501977,1.244155,-0.401215,-0.010640,0.941446
9.650000,1,0,0,2.400000,9.810000,0.900000,30.000000,60.000000,6.000000,0.000000,0.000000,1.500000,0.012612,0.018020,1.493718,0.000000,0.000000,0.000000,-0.006511,-0.013603,0.011506,0.999516,-0.006193,-0.030488,-0.000189,0.005531,-0.007232,-0.000090,-0.094932,-0.034526,0.013412,23.637083,23.637083,23.639580,0.502030,1.212707,-0.375782,-0.015138,0.942556
9.700000,1,0,0,2.400000,9.810000,0.900000,30.000000,60.000000,6.000000,0.000000,0.000000,1.500000,0.012238,0.017278,1.494309,0.000000,0.000000,0.000000,-0.008438,-0.016042,0.012121,0.999511,-0.006045,-0.030677,-0.000186,0.006314,-0.007862,-0.000095,-0.120060,-0.022241,-0.005868,23.639580,23.639580,23.641881,0.502079,1.161465,-0.339330,-0.063442,0.943673
9.750000,1,0,0,2.400000,9.810000,0.900000,30.000000,60.000000,6.000000,0.000000,0.000000,1.500000,0.011769,0.016418,1.494929,0.000000,0.000000,0.000000,-0.010340,-0.018343,0.012686,0.999506,-0.005878,-0.030881,-0.000182,0.007096,-0.008445,-0.000099,-0.109834,-0.033183,0.012145,23.641881,23.641881,23.644001,0.502124,1.195778,-0.357692,-0.022009,0.944794
9.800000,1,0,0,2.400000,9.810000,0.900000,30.000000,60.000000,6.000000,0.000000,0.000000,1.500000,0.011205,0.015446,1.495576,0.000000,0.000000,0.000000,-0.012197,-0.020485,0.013196,0.999500,-0.005691,-0.031098,-0.000177,0.007862,-0.008974,-0.000102,-0.104521,-0.050468,0.029859,23.644001,23.644001,23.645951,0.502165,1.218950,-0.390358,0.018924,0.945914
9.850000,1,0,0,2.400000,9.810000,0.900000,30.000000,60.000000,6.000000,0.000000,0.000000,1.500000,0.010550,0.014372,1.496248,0.000000,0.000000,0.000000,-0.013993,-0.022450,0.013647,0.999494,-0.005485,-0.031329,-0.000172,0.008600,-0.009441,-0.000104,-0.073614,-0.035868,0.075881,23.645951,23.645951,23.647747,0.502203,1.304124,-0.345605,0.128003,0.947030
9.900000,1,0,0,2.400000,9.810000,0.900000,30.000000,60.000000,6.000000,0.000000,0.000000,1.500000,0.009807,0.013205,1.496940,0.000000,0.000000,0.000000,-0.015710,-0.024218,0.014035,0.999488,-0.005261,-0.031570,-0.000166,0.009298,-0.009841,-0.000104,-0.093465,-0.070365,0.055410,23.647747,23.647747,23.649403,0.502238,1.267986,-0.417831,0.077683,0.948138
9.950000,1,0,0,2.400000,9.810000,0.900000,30.000000,60.000000,6.000000,0.000000,0.000000,1.500000,0.008981,0.011954,1.497650,0.000000,0.000000,0.000000,-0.017332,-0.025773,0.014359,0.999481,-0.005021,-0.031820,-0.000160,0.009943,-0.010166,-0.000102,-0.084024,-0.094456,0.055909,23.649403,23.649403,23.650935,0.502271,1.302568,-0.464288,0.077862,0.949234
10.000000,1,0,0,2.400000,9.810000,0.900000,30.000000,60.000000,6.000000,0.000000,0.000000,1.500000,0.008076,0.010631,1.498375,0.000000,0.000000,0.000000,-0.018843,-0.027104,0.014614,0.999474,-0.004765,-0.032077,-0.000153,0.010525,-0.010413,-0.000099,-0.086620,-0.092763,0.091394,23.650935,23.650935,23.652360,0.502301,1.308594,-0.448130,0.162155,0.950314
10.050000,1,0,0,2.400000,9.810000,0.900000,30.000000,60.000000,6.000000,0.000000,0.000000,1.500000,0.007099,0.009247,1.499110,0.000000,0.000000,0.000000,-0.020228,-0.028197,0.014799,0.999467,-0.004495,-0.032340,-0.000145,0.011034,-0.010577,-0.000095,-0.074363,-0.103264,0.066269,23.652360,23.652360,23.653692,0.502330,1.350505,-0.460593,0.101116,0.951375
10.100000,1,0,0,2.400000,9.810000,0.900000,30.000000,60.000000,6.000000,0.000000,0.000000,1.500000,0.006055,0.007815,1.499853,0.000000,0.000000,0.000000,-0.021473,-0.029044,0.014912,0.999459,-0.004214,-0.032605,-0.000137,0.011462,-0.010654,-0.000090,-0.068334,-0.041512,0.057115,23.653692,23.653692,23.654950,0.502356,1.377605,-0.299089,0.078516,0.952412
10.150000,1,0,0,2.400000,9.810000,0.900000,30.000000,60.000000,6.000000,0.000000,0.000000,1.500000,0.004954,0.006347,1.500600,0.000000,0.000000,0.000000,-0.022566,-0.029640,0.014951,0.999452,-0.003923,-0.032871,-0.000129,0.011801,-0.010641,-0.000084,-0.031479,-0.055559,0.068893,23.654950,23.654950,23.656148,0.502382,1.478721,-0.319045,0.106243,0.953424
10.200000,1,0,0,2.400000,9.810000,0.900000,30.000000,60.000000,6.000000,0.000000,0.000000,1.500000,0.003802,0.004856,1.501347,0.000000,0.000000,0.000000,-0.023495,-0.029981,0.014917,0.999444,-0.003625,-0.033136,-0.000120,0.012047,-0.010536,-0.000076,0.000331,-0.049844,0.050430,23.656148,23.656148,23.657303,0.502406,1.567657,-0.291227,0.061456,0.954406
10.250000,1,0,0,2.400000,9.810000,0.900000,30.000000,60.000000,6.000000,0.000000,0.000000,1.500000,0.002607,0.003353,1.502091,0.000000,0.000000,0.000000,-0.024250,-0.030066,0.014809,0.999437,-0.003322,-0.033397,-0.000111,0.012194,-0.010340,-0.000069,-0.011987,-0.024848,0.068009,23.657303,23.657303,23.658429,0.502430,1.550506,-0.216898,0.103215,0.955355
10.300000,1,0,0,2.400000,9.810000,0.900000,30.000000,60.000000,6.000000,0.000000,0.000000,1.500000,0.001380,0.001853,1.502827,0.000000,0.000000,0.000000,-0.024823,-0.029896,0.014627,0.999429,-0.003016,-0.033652,-0.000102,0.012240,-0.010052,-0.000061,0.003155,-0.000883,0.020417,23.658429,23.658429,23.659542,0.502454,1.598971,-0.144927,-0.011411,0.956268
10.350000,1,0,0,2.400000,9.810000,0.900000,30.000000,60.000000,6.000000,0.000000,0.000000,1.500000,0.000128,0.000368,1.503552,0.000000,0.000000,0.000000,-0.025206,-0.029478,0.014372,0.999422,-0.002711,-0.033899,-0.000092,0.012185,-0.009672,-0.000052,0.049322,0.026859,0.021026,23.659542,23.659542,23.660655,0.502477,1.721499,-0.063896,-0.010355,0.957143
10.400000,1,0,0,2.400000,9.810000,0.900000,30.000000,60.000000,6.000000,0.000000,0.000000,1.500000,-0.001138,-0.001091,1.504263,0.000000,0.000000,0.000000,-0.025394,-0.028818,0.014046,0.999414,-0.002408,-0.034135,-0.000082,0.012028,-0.009203,-0.000044,0.034764,0.012243,-0.004204,23.660655,23.660655,23.661782,0.502501,1.697790,-0.084650,-0.071332,0.957977
10.450000,1,0,0,2.400000,9.810000,0.900000,30.000000,60.000000,6.000000,0.000000,0.000000,1.500000,-0.002408,-0.002510,1.504956,0.000000,0.000000,0.000000,-0.025383,-0.027925,0.013650,0.999407,-0.002111,-0.034358,-0.000073,0.011772,-0.008648,-0.000037,0.009792,0.006860,0.027792,23.661782,23.661782,23.662934,0.502526,1.648480,-0.083486,0.004994,0.958767
10.500000,1,0,0,2.400000,9.810000,0.900000,30.000000,60.000000,6.000000,0.000000,0.000000,1.500000,-0.003673,-0.003879,1.505627,0.000000,0.000000,0.000000,-0.025170,-0.026812,0.013186,0.999401,-0.001821,-0.034566,-0.000063,0.011420,-0.008010,-0.000029,-0.000170,0.053514,0.043138,23.662934,23.662934,23.664124,0.502551,1.634494,0.042207,0.041302,0.959511
10.550000,1,0,0,2.400000,9.810000,0.900000,30.000000,60.000000,6.000000,0.000000,0.000000,1.500000,-0.004922,-0.005188,1.506273,0.000000,0.000000,0.000000,-0.024755,-0.025494,0.012659,0.999395,-0.001541,-0.034758,-0.000054,0.010979,-0.007295,-0.000022,-0.014943,0.070689,0.042474,23.664124,23.664124,23.665363,0.502577,1.608164,0.096682,0.039102,0.960208
10.600000,1,0,0,2.400000,9.810000,0.900000,30.000000,60.000000,6.000000,0.000000,0.000000,1.500000,-0.006145,-0.006426,1.506892,0.000000,0.000000,0.000000,-0.024139,-0.023988,0.012070,0.999389,-0.001273,-0.034930,-0.000044,0.010455,-0.006507,-0.000017,-0.003516,0.038124,0.030785,23.665363,23.665363,23.666658,0.502605,1.643831,0.031213,0.010349,0.960855
10.650000,1,0,0,2.400000,9.810000,0.900000,30.000000,60.000000,6.000000,0.000000,0.000000,1.500000,-0.007332,-0.007584,1.507479,0.000000,0.000000,0.000000,-0.023324,-0.022311,0.011424,0.999384,-0.001019,-0.035082,-0.000036,0.009855,-0.005653,-0.000012,0.006041,0.070021,0.011733,23.666658,23.666658,23.668020,0.502634,1.674042,0.119785,-0.036193,0.961451
10.700000,1,0,0,2.400000,9.810000,0.900000,30.000000,60.000000,6.000000,0.000000,0.000000,1.500000,-0.008474,-0.008654,1.508033,0.000000,0.000000,0.000000,-0.022315,-0.020485,0.010724,0.999380,-0.000781,-0.035212,-0.000028,0.009189,-0.004739,-0.000007,-0.011328,0.059399,0.010123,23.668020,23.668020,23.669457,0.502664,1.638592,0.105564,-0.041005,0.961995
10.750000,1,0,0,2.400000,9.810000,0.900000,30.000000,60.000000,6.000000,0.000000,0.000000,1.500000,-0.009561,-0.009630,1.508551,0.000000,0.000000,0.000000,-0.021118,-0.018531,0.009976,0.999376,-0.000560,-0.035319,-0.000020,0.008468,-0.003773,-0.000004,-0.006194,0.043995,0.003475,23.669457,23.669457,23.670975,0.502697,1.656046,0.079045,-0.058050,0.962487
10.800000,1,0,0,2.400000,9.810000,0.900000,30.000000,60.000000,6.000000,0.000000,0.000000,1.500000,-0.010583,-0.010506,1.509030,0.000000,0.000000,0.000000,-0.019741,-0.016474,0.009183,0.999373,-0.000358,-0.035401,-0.000013,0.007701,-0.002764,-0.000002,0.020266,0.094838,0.002772,23.670975,23.670975,23.672581,0.502731,1.723521,0.210640,-0.060989,0.962924
10.850000,1,0,0,2.400000,9.810000,0.900000,30.000000,60.000000,6.000000,0.000000,0.000000,1.500000,-0.011532,-0.011276,1.509469,0.000000,0.000000,0.000000,-0.018191,-0.014336,0.008352,0.999371,-0.000176,-0.035457,-0.000006,0.006902,-0.001720,-0.000001,-0.002305,0.102546,0.002148,23.672581,23.672581,23.674281,0.502767,1.672114,0.237783,-0.063903,0.963307
10.900000,1,0,0,2.400000,9.810000,0.900000,30.000000,60.000000,6.000000,0.000000,0.000000,1.500000,-0.012399,-0.011938,1.509865,0.000000,0.000000,0.000000,-0.016481,-0.012143,0.007486,0.999370,-0.000014,-0.035486,-0.000000,0.006082,-0.000650,-0.000000,-0.002644,0.088215,-0.005994,23.674281,23.674281,23.676078,0.502805,1.672822,0.211073,-0.085040,0.963637
10.950000,1,0,0,2.400000,9.810000,0.900000,30.000000,60.000000,6.000000,0.000000,0.000000,1.500000,-0.013178,-0.012490,1.510217,0.000000,0.000000,0.000000,-0.014621,-0.009922,0.006593,0.999370,0.000128,-0.035489,0.000005,0.005253,0.000437,-0.000000,0.008650,0.115656,-0.011568,23.676078,23.676078,23.677978,0.502845,1.700181,0.283640,-0.100201,0.963912
11.000000,1,0,0,2.400000,9.810000,0.900000,30.000000,60.000000,6.000000,0.000000,0.000000,1.500000,-0.013859,-0.012931,1.510524,0.000000,0.000000,0.000000,-0.012624,-0.007697,0.005678,0.999371,0.000249,-0.035464,0.000009,0.004429,0.001531,-0.000001,0.007186,0.107750,-0.020166,23.677978,23.677978,23.679982,0.502888,1.695641,0.270398,-0.122813,0.964133
11.050000,1,0,0,2.400000,9.810000,0.900000,30.000000,60.000000,6.000000,0.000000,0.000000,1.500000,-0.014438,-0.013260,1.510784,0.000000,0.000000,0.000000,-0.010506,-0.005495,0.004747,0.999373,0.000349,-0.035412,0.000012,0.003622,0.002623,-0.000002,0.004750,0.121319,-0.006382,23.679982,23.679982,23.682094,0.502933,1.687482,0.307728,-0.091901,0.964302
11.100000,1,0,0,2.400000,9.810000,0.900000,30.000000,60.000000,6.000000,0.000000,0.000000,1.500000,-0.014908,-0.013481,1.510998,0.000000,0.000000,0.000000,-0.008280,-0.003342,0.003805,0.999375,0.000430,-0.035333,0.000015,0.002844,0.003702,-0.000003,0.045717,0.078418,-0.009528,23.682094,23.682094,23.684315,0.502980,1.782216,0.208593,-0.101822,0.964419
11.150000,1,0,0,2.400000,9.810000,0.900000,30.000000,60.000000,6.000000,0.000000,0.000000,1.500000,-0.015264,-0.013596,1.511165,0.000000,0.000000,0.000000,-0.005963,-0.001261,0.002860,0.999379,0.000492,-0.035228,0.000017,0.002107,0.004760,-0.000005,0.049703,0.027274,-0.023668,23.684315,23.684315,23.686644,0.503029,1.786937,0.088776,-0.138322,0.964484
11.200000,1,0,0,2.400000,9.810000,0.900000,30.000000,60.000000,6.000000,0.000000,0.000000,1.500000,-0.015503,-0.013609,1.511284,0.000000,0.000000,0.000000,-0.003572,0.000722,0.001917,0.999384,0.000536,-0.035096,0.000019,0.001422,0.005786,-0.000006,0.038685,0.036587,-0.005200,23.686644,23.686644,23.689083,0.503081,1.754424,0.113214,-0.096759,0.964501
11.250000,1,0,0,2.400000,9.810000,0.900000,30.000000,60.000000,6.000000,0.000000,0.000000,1.500000,-0.015621,-0.013525,1.511357,0.000000,0.000000,0.000000,-0.001125,0.002584,0.000982,0.999389,0.000564,-0.034939,0.000020,0.000799,0.006772,-0.000008,0.017535,0.016146,0.019338,23.689083,23.689083,23.691629,0.503135,1.696412,0.065464,-0.040820,0.964470
11.300000,1,0,0,2.400000,9.810000,0.900000,30.000000,60.000000,6.000000,0.000000,0.000000,1.500000,-0.015615,-0.013353,1.511383,0.000000,0.000000,0.000000,0.001361,0.004305,0.000061,0.999396,0.000576,-0.034758,0.000020,0.000247,0.007708,-0.000009,0.047800,0.018382,0.055810,23.691629,23.691629,23.694280,0.503191,1.760665,0.071446,0.043576,0.964393
11.350000,1,0,0,2.400000,9.810000,0.900000,30.000000,60.000000,6.000000,0.000000,0.000000,1.500000,-0.015484,-0.013098,1.511363,0.000000,0.000000,0.000000,0.003868,0.005864,-0.000840,0.999403,0.000577,-0.034554,0.000020,-0.000226,0.008587,-0.000010,0.062363,-0.003298,0.031120,23.694280,23.694280,23.697031,0.503250,1.786164,0.019421,-0.018995,0.964273
11.400000,1,0,0,2.400000,9.810000,0.900000,30.000000,60.000000,6.000000,0.000000,0.000000,1.500000,-0.015228,-0.012769,1.511299,0.000000,0.000000,0.000000,0.006377,0.007242,-0.001714,0.999410,0.000566,-0.034329,0.000019,-0.000613,0.009400,-0.000011,0.040484,-0.013921,0.023478,23.697031,23.697031,23.699879,0.503310,1.723207,-0.006578,-0.040815,0.964111
11.450000,1,0,0,2.400000,9.810000,0.900000,30.000000,60.000000,6.000000,0.000000,0.000000,1.500000,-0.014847,-0.012377,1.511192,0.000000,0.000000,0.000000,0.008869,0.008424,-0.002557,0.999419,0.000547,-0.034085,0.000019,-0.000909,0.010141,-0.000011,0.025553,-0.027669,0.028743,23.699879,23.699879,23.702816,0.503373,1.676011,-0.040482,-0.031814,0.963912
11.500000,1,0,0,2.400000,9.810000,0.900000,30.000000,60.000000,6.000000,0.000000,0.000000,1.500000,-0.014342,-0.011930,1.511044,0.000000,0.000000,0.000000,0.011326,0.009396,-0.003363,0.999428,0.000521,-0.033823,0.000018,-0.001111,0.010802,-0.000011,0.019879,-0.024249,0.064667,23.702816,23.702816,23.705836,0.503437,1.650203,-0.033477,0.050630,0.963676
11.550000,1,0,0,2.400000,9.810000,0.900000,30.000000,60.000000,6.000000,0.000000,0.000000,1.500000,-0.013715,-0.011441,1.510856,0.000000,0.000000,0.000000,0.013730,0.010146,-0.004127,0.999437,0.000492,-0.033546,0.000017,-0.001215,0.011377,-0.000011,0.014358,-0.014332,0.081870,23.705836,23.705836,23.708929,0.503503,1.624033,-0.011060,0.088018,0.963408
11.600000,1,0,0,2.400000,9.810000,0.900000,30.000000,60.000000,6.000000,0.000000,0.000000,1.500000,-0.012970,-0.010919,1.510632,0.000000,0.000000,0.000000,0.016063,0.010665,-0.004845,0.999447,0.000461,-0.033255,0.000015,-0.001222,0.011863,-0.000011,0.021603,-0.001738,0.044364,23.708929,23.708929,23.712086,0.503570,1.627875,0.017713,-0.006005,0.963109
11.650000,1,0,0,2.400000,9.810000,0.900000,30.000000,60.000000,6.000000,0.000000,0.000000,1.500000,-0.012110,-0.010378,1.510373,0.000000,0.000000,0.000000,0.018308,0.010946,-0.005511,0.999457,0.000432,-0.032954,0.000014,-0.001133,0.012255,-0.000011,0.010012,-0.017484,0.029534,23.712086,23.712086,23.715293,0.503638,1.585993,-0.021478,-0.045694,0.962785
11.700000,1,0,0,2.400000,9.810000,0.900000,30.000000,60.000000,6.000000,0.000000,0.000000,1.500000,-0.011141,-0.009829,1.510082,0.000000,0.000000,0.000000,0.020449,0.010985,-0.006122,0.999467,0.000405,-0.032644,0.000013,-0.000950,0.012549,-0.000010,-0.027523,-0.000978,-0.000849,23.715293,23.715293,23.718540,0.503707,1.481435,0.016894,-0.122780,0.962437
11.750000,1,0,0,2.400000,9.810000,0.900000,30.000000,60.000000,6.000000,0.000000,0.000000,1.500000,-0.010068,-0.009284,1.509762,0.000000,0.000000,0.000000,0.022469,0.010781,-0.006674,0.999477,0.000385,-0.032328,0.000012,-0.000678,0.012744,-0.000010,-0.024848,-0.009995,-0.016605,23.718540,23.718540,23.721811,0.503776,1.473090,-0.005719,-0.164810,0.962070
11.800000,1,0,0,2.400000,9.810000,0.900000,30.000000,60.000000,6.000000,0.000000,0.000000,1.500000,-0.008896,-0.008755,1.509415,0.000000,0.000000,0.000000,0.024355,0.010335,-0.007164,0.999488,0.000372,-0.032008,0.000012,-0.000323,0.012839,-0.000010,-0.011554,0.013569,-0.000984,23.721811,23.721811,23.725092,0.503846,1.490057,0.050235,-0.131561,0.961687
11.850000,1,0,0,2.400000,9.810000,0.900000,30.000000,60.000000,6.000000,0.000000,0.000000,1.500000,-0.007634,-0.008254,1.509046,0.000000,0.000000,0.000000,0.026094,0.009651,-0.007589,0.999498,0.000369,-0.031687,0.000012,0.000108,0.012832,-0.000009,-0.004739,0.002830,0.005486,23.725092,23.725092,23.728366,0.503915,1.491418,0.024328,-0.120277,0.961291
11.900000,1,0,0,2.400000,9.810000,0.900000,30.000000,60.000000,6.000000,0.000000,0.000000,1.500000,-0.006290,-0.007794,1.508658,0.000000,0.000000,0.000000,0.027671,0.008737,-0.007947,0.999508,0.000378,-0.031367,0.000012,0.000607,0.012726,-0.000010,-0.027152,0.012682,-0.034323,23.728366,23.728366,23.731616,0.503984,1.422692,0.048393,-0.220041,0.960886
11.950000,1,0,0,2.400000,9.810000,0.900000,30.000000,60.000000,6.000000,0.000000,0.000000,1.500000,-0.004870,-0.007384,1.508253,0.000000,0.000000,0.000000,0.029077,0.007601,-0.008236,0.999518,0.000400,-0.031052,0.000012,0.001163,0.012521,-0.000010,-0.038614,-0.019922,-0.030510,23.731616,23.731616,23.734824,0.504052,1.380427,-0.028807,-0.215069,0.960476
12.000000,1,0,0,2.400000,9.810000,0.900000,30.000000,60.000000,6.000000,0.000000,0.000000,1.500000,-0.003385,-0.007037,1.507835,0.000000,0.000000,0.000000,0.030302,0.006255,-0.008455,0.999527,0.000437,-0.030742,0.000013,0.001765,0.012221,-0.000011,-0.046684,-0.029856,-0.034892,23.734824,23.734824,23.737971,0.504119,1.346596,-0.050915,-0.229691,0.960065
12.050000,1,0,0,2.400000,9.810000,0.900000,30.000000,60.000000,6.000000,0.000000,0.000000,1.500000,-0.001843,-0.006762,1.507409,0.000000,0.000000,0.000000,0.031338,0.004714,-0.008603,0.999536,0.000489,-0.030442,0.000015,0.002403,0.011829,-0.000012,-0.046421,-0.027149,-0.038569,23.737971,23.737971,23.741037,0.504184,1.333167,-0.041943,-0.242530,0.959656
12.100000,1,0,0,2.400000,9.810000,0.900000,30.000000,60.000000,6.000000,0.000000,0.000000,1.500000,-0.000254,-0.006569,1.506976,0.000000,0.000000,0.000000,0.032178,0.002993,-0.008679,0.999545,0.000557,-0.030152,0.000017,0.003063,0.011350,-0.000013,-0.039945,-0.005503,-0.035327,23.741037,23.741037,23.744003,0.504247,1.335156,0.013252,-0.238639,0.959253
12.150000,1,0,0,2.400000,9.810000,0.900000,30.000000,60.000000,6.000000,0.000000,0.000000,1.500000,0.001371,-0.006465,1.506542,0.000000,0.000000,0.000000,0.032817,0.001110,-0.008685,0.999553,0.000642,-0.029875,0.000019,0.003731,0.010789,-0.000014,-0.043395,-0.046942,-0.012870,23.744003,23.744003,23.746849,0.504308,1.313929,-0.082167,-0.188486,0.958860
12.200000,1,0,0,2.400000,9.810000,0.900000,30.000000,60.000000,6.000000,0.000000,0.000000,1.500000,0.003024,-0.006460,1.506109,0.000000,0.000000,0.000000,0.033252,-0.000913,-0.008620,0.999561,0.000743,-0.029613,0.000022,0.004396,0.010153,-0.000015,0.008962,-0.038041,-0.007368,23.746849,23.746849,23.749556,0.504365,1.427336,-0.055974,-0.178856,0.958479
12.250000,1,0,0,2.400000,9.810000,0.900000,30.000000,60.000000,6.000000,0.000000,0.000000,1.500000,0.004693,-0.006559,1.505681,0.000000,0.000000,0.000000,0.033480,-0.003056,-0.008486,0.999568,0.000861,-0.029368,0.000025,0.005043,0.009449,-0.000016,0.042169,-0.018783,-0.032452,23.749556,23.749556,23.752102,0.504419,1.495568,-0.004144,-0.242437,0.958116
12.300000,1,0,0,2.400000,9.810000,0.900000,30.000000,60.000000,6.000000,0.000000,0.000000,1.500000,0.006369,-0.006767,1.505261,0.000000,0.000000,0.000000,0.033503,-0.005295,-0.008285,0.999575,0.000995,-0.029142,0.000029,0.005659,0.008685,-0.000017,0.027889,-0.010948,-0.006202,23.752102,23.752102,23.754468,0.504470,1.450688,0.021024,-0.182597,0.957772
12.350000,1,0,0,2.400000,9.810000,0.900000,30.000000,60.000000,6.000000,0.000000,0.000000,1.500000,0.008040,-0.007089,1.504853,0.000000,0.000000,0.000000,0.033321,-0.007607,-0.008020,0.999581,0.001144,-0.028935,0.000033,0.006230,0.007870,-0.000018,0.006720,-0.002975,-0.015447,23.754468,23.754468,23.756635,0.504516,1.390201,0.047229,-0.207703,0.957451
12.400000,1,0,0,2.400000,9.810000,0.900000,30.000000,60.000000,6.000000,0.000000,0.000000,1.500000,0.009697,-0.007529,1.504460,0.000000,0.000000,0.000000,0.032938,-0.009965,-0.007691,0.999586,0.001306,-0.028749,0.000038,0.006744,0.007011,-0.000018,-0.003056,-0.020185,0.003047,23.756635,23.756635,23.758583,0.504557,1.358036,0.013640,-0.165972,0.957156
12.450000,1,0,0,2.400000,9.810000,0.900000,30.000000,60.000000,6.000000,0.000000,0.000000,1.500000,0.011331,-0.008086,1.504085,0.000000,0.000000,0.000000,0.032359,-0.012345,-0.007304,0.999590,0.001480,-0.028584,0.000042,0.007189,0.006119,-0.000018,-0.000963,-0.035413,-0.000738,23.758583,23.758583,23.760295,0.504593,1.355381,-0.014619,-0.177426,0.956891
12.500000,1,0,0,2.400000,9.810000,0.900000,30.000000,60.000000,6.000000,0.000000,0.000000,1.500000,0.012930,-0.008763,1.503731,0.000000,0.000000,0.000000,0.031590,-0.014720,-0.006862,0.999594,0.001665,-0.028443,0.000047,0.007555,0.005204,-0.000017,-0.025217,-0.026704,-0.015678,23.760295,23.760295,23.761753,0.504624,1.290552,0.015056,-0.215347,0.956657
12.550000,1,0,0,2.400000,9.810000,0.900000,30.000000,60.000000,6.000000,0.000000,0.000000,1.500000,0.014486,-0.009558,1.503400,0.000000,0.000000,0.000000,0.030639,-0.017065,-0.006367,0.999597,0.001857,-0.028324,0.000053,0.007830,0.004275,-0.000016,-0.057591,-0.070407,0.026850,23.761753,23.761753,23.762939,0.504650,1.207313,-0.080678,-0.115021,0.956458
12.600000,1,0,0,2.400000,9.810000,0.900000,30.000000,60.000000,6.000000,0.000000,0.000000,1.500000,0.015991,-0.010469,1.503095,0.000000,0.000000,0.000000,0.029516,-0.019353,-0.005826,0.999599,0.002055,-0.028229,0.000058,0.008006,0.003343,-0.000014,-0.060626,-0.061795,0.024862,23.762939,23.762939,23.763839,0.504669,1.195573,-0.050587,-0.121196,0.956295
12.650000,1,0,0,2.400000,9.810000,0.900000,30.000000,60.000000,6.000000,0.000000,0.000000,1.500000,0.017435,-0.011492,1.502818,0.000000,0.000000,0.000000,0.028231,-0.021559,-0.005242,0.999601,0.002256,-0.028157,0.000064,0.008076,0.002419,-0.000011,-0.060221,-0.057938,0.018719,23.763839,23.763839,23.764436,0.504681,1.193179,-0.031763,-0.136989,0.956172
12.700000,1,0,0,2.400000,9.810000,0.900000,30.000000,60.000000,6.000000,0.000000,0.000000,1.500000,0.018812,-0.012623,1.502571,0.000000,0.000000,0.000000,0.026797,-0.023660,-0.004621,0.999602,0.002458,-0.028108,0.000069,0.008033,0.001511,-0.000007,-0.057077,-0.039545,0.011186,23.764436,23.764436,23.764718,0.504687,1.198426,0.021966,-0.155751,0.956089
12.750000,1,0,0,2.400000,9.810000,0.900000,30.000000,60.000000,6.000000,0.000000,0.000000,1.500000,0.020113,-0.013856,1.502356,0.000000,0.000000,0.000000,0.025228,-0.025631,-0.003968,0.999602,0.002657,-0.028081,0.000075,0.007875,0.000632,-0.000003,-0.086601,-0.068197,0.017681,23.764718,23.764718,23.764671,0.504686,1.126313,-0.037336,-0.140468,0.956049
12.800000,1,0,0,2.400000,9.810000,0.900000,30.000000,60.000000,6.000000,0.000000,0.000000,1.500000,0.021332,-0.015183,1.502175,0.000000,0.000000,0.000000,0.023537,-0.027450,-0.003289,0.999602,0.002851,-0.028076,0.000080,0.007597,-0.000210,0.000001,-0.126239,-0.054745,0.015737,23.764671,23.764671,23.764285,0.504678,1.030932,0.004152,-0.145049,0.956053
12.850000,1,0,0,2.400000,9.810000,0.900000,30.000000,60.000000,6.000000,0.000000,0.000000,1.500000,0.022465,-0.016598,1.502028,0.000000,0.000000,0.000000,0.021740,-0.029097,-0.002588,0.999601,0.003036,-0.028092,0.000085,0.007200,-0.001005,0.000006,-0.128293,-0.040848,0.018913,23.764285,23.764285,23.763550,0.504663,1.026703,0.046306,-0.136950,0.956102
12.900000,1,0,0,2.400000,9.810000,0.900000,30.000000,60.000000,6.000000,0.000000,0.000000,1.500000,0.023505,-0.018090,1.501916,0.000000,0.000000,0.000000,0.019854,-0.030554,-0.001872,0.999599,0.003209,-0.028126,0.000090,0.006683,-0.001744,0.000011,-0.103015,-0.034065,0.022953,23.763550,23.763550,23.762457,0.504639,1.088963,0.070840,-0.126375,0.956197
12.950000,1,0,0,2.400000,9.810000,0.900000,30.000000,60.000000,6.000000,0.000000,0.000000,1.500000,0.024449,-0.019650,1.501841,0.000000,0.000000,0.000000,0.017895,-0.031802,-0.001148,0.999597,0.003369,-0.028178,0.000095,0.006051,-0.002417,0.000016,-0.086927,-0.048445,-0.004427,23.762457,23.762457,23.761002,0.504608,1.129984,0.043898,-0.190807,0.956339
13.000000,1,0,0,2.400000,9.810000,0.900000,30.000000,60.000000,6.000000,0.000000,0.000000,1.500000,0.025294,-0.021266,1.501802,0.000000,0.000000,0.000000,0.015881,-0.032828,-0.000420,0.999595,0.003517,-0.028246,0.000099,0.023124,-0.003018,0.000021,-0.079674,-0.026479,0.024587,23.761002,23.761002,23.759368,0.504574,1.150536,0.103650,-0.119490,0.956528
13.050000,1,0,0,2.400000,9.810000,0.900000,30.000000,60.000000,6.000000,-0.000000,0.000001,1.500000,0.026036,-0.022934,1.501799,-0.000000,0.000105,0.000000,0.013829,-0.033942,0.000305,0.999590,0.004161,-0.028328,0.000118,0.011025,-0.003536,0.000029,-0.100499,-0.047148,0.017083,23.759368,23.759368,23.757107,0.504526,1.104348,0.084649,-0.135412,0.956765
13.100000,1,0,0,2.400000,9.810000,0.900000,30.000000,60.000000,6.000000,-0.000000,0.000021,1.500000,0.026676,-0.024659,1.501832,-0.000000,0.000809,0.000000,0.011759,-0.034982,0.001021,0.999588,0.004095,-0.028422,0.000116,-0.015696,-0.003955,0.000032,-0.103130,-0.057698,0.010419,23.757107,23.757107,23.754259,0.504465,1.102359,0.056153,-0.148923,0.957048
13.150000,1,0,0,2.400000,9.810000,0.900000,30.000000,60.000000,6.000000,-0.000000,0.000101,1.500000,0.027212,-0.026421,1.501901,-0.000000,0.002624,0.000000,0.009688,-0.035302,0.001721,0.999587,0.003408,-0.028525,0.000097,-0.038670,-0.004256,0.000029,-0.132661,-0.026961,-0.009163,23.754259,23.754259,23.750964,0.504395,1.036218,0.097252,-0.193043,0.957378
13.200000,1,0,0,2.400000,9.810000,0.900000,30.000000,60.000000,6.000000,-0.000000,0.000309,1.500000,0.027645,-0.028168,1.502004,-0.000002,0.005976,0.000000,0.007636,-0.034354,0.002401,0.999588,0.002191,-0.028634,0.000063,-0.058086,-0.004449,0.000020,-0.111981,-0.009674,-0.018434,23.750964,23.750964,23.747415,0.504320,1.090850,0.080925,-0.212030,0.957754
13.250000,1,0,0,2.400000,9.810000,0.900000,30.000000,60.000000,6.000000,-0.000000,0.000730,1.500000,0.027977,-0.029827,1.502140,-0.000008,0.011207,0.000000,0.005622,-0.031684,0.003055,0.999587,0.000533,-0.028747,0.000015,-0.074128,-0.004578,0.000005,-0.105699,0.036877,0.003135,23.747415,23.747415,23.743819,0.504244,1.111088,0.113811,-0.156629,0.958176
13.300000,1,0,0,2.400000,9.810000,0.900000,30.000000,60.000000,6.000000,-0.000001,0.001465,1.500000,0.028208,-0.031302,1.502309,-0.000027,0.018579,0.000000,0.003664,-0.026924,0.003676,0.999582,-0.001487,-0.028863,-0.000043,-0.086979,-0.004726,-0.000014,-0.124186,0.069656,-0.008872,23.743819,23.743819,23.740374,0.504170,1.072014,0.096537,-0.181447,0.958641
13.350000,1,0,0,2.400000,9.810000,0.900000,30.000000,60.000000,6.000000,-0.000003,0.002626,1.500000,0.028344,-0.032480,1.502507,-0.000074,0.028281,0.000000,0.001776,-0.019791,0.004260,0.999573,-0.003789,-0.028984,-0.000110,-0.096821,-0.005009,-0.000038,-0.104176,0.152211,0.000816,23.740374,23.740374,23.737254,0.504104,1.125554,0.185305,-0.153847,0.959148
13.400000,1,0,0,2.400000,9.810000,0.900000,30.000000,60.000000,6.000000,-0.000009,0.004334,1.500000,0.028387,-0.033238,1.502734,-0.000175,0.040435,0.000000,-0.000034,-0.010078,0.004802,0.999556,-0.006302,-0.029115,-0.000184,-0.103831,-0.005568,-0.000070,-0.120049,0.257501,-0.021949,23.737254,23.737254,23.734591,0.504048,1.093440,0.318686,-0.203803,0.959696
13.450000,1,0,0,2.400000,9.810000,0.900000,30.000000,60.000000,6.000000,-0.000023,0.006712,1.500000,0.028342,-0.033443,1.502987,-0.000370,0.055097,0.000000,-0.001770,0.002347,0.005297,0.999532,-0.008957,-0.029265,-0.000262,-0.108186,-0.006547,-0.000117,-0.134881,0.320702,-0.065089,23.734591,23.734591,23.732476,0.504003,1.064704,0.344360,-0.302341,0.960283
13.500000,1,0,0,2.400000,9.810000,0.900000,30.000000,60.000000,6.000000,-0.000049,0.009885,1.500000,0.028211,-0.032957,1.503263,-0.000714,0.072264,0.000000,-0.003447,0.017550,0.005741,0.999498,-0.011688,-0.029446,-0.000344,-0.110060,-0.008087,-0.000189,-0.114503,0.368363,-0.034729,23.732476,23.732476,23.730953,0.503970,1.121935,0.329086,-0.224187,0.960907
13.550000,1,0,0,2.400000,9.810000,0.900000,30.000000,60.000000,6.000000,-0.000098,0.013979,1.500000,0.027998,-0.031642,1.503560,-0.001284,0.091878,0.000000,-0.005101,0.035530,0.006130,0.999455,-0.014437,-0.029673,-0.000429,-0.109622,-0.010305,-0.000298,-0.089970,0.471294,-0.050499,23.730953,23.730953,23.730021,0.503951,1.191342,0.445648,-0.256469,0.961564
13.600000,1,0,0,2.400000,9.810000,0.900000,30.000000,60.000000,6.000000,-0.000183,0.019112,1.500000,0.027701,-0.029359,1.503875,-0.002176,0.113831,0.000000,-0.006785,0.056231,0.006460,0.999404,-0.017148,-0.029965,-0.000514,-0.107031,-0.013285,-0.000456,-0.071163,0.511559,-0.060507,23.730021,23.730021,23.729640,0.503942,1.250073,0.413640,-0.274667,0.962254
13.650000,1,0,0,2.400000,9.810000,0.900000,30.000000,60.000000,6.000000,-0.000323,0.025399,1.500000,0.027317,-0.025975,1.504205,-0.003505,0.137967,0.000000,-0.008578,0.079541,0.006728,0.999344,-0.019769,-0.030341,-0.000600,-0.102441,-0.017062,-0.000675,-0.067610,0.530629,-0.055179,23.729640,23.729640,23.729731,0.503944,1.276193,0.335047,-0.255833,0.962971
13.700000,1,0,0,2.400000,9.810000,0.900000,30.000000,60.000000,6.000000,-0.000543,0.032942,1.500000,0.026840,-0.021364,1.504547,-0.005408,0.164090,0.000000,-0.010578,0.105300,0.006931,0.999277,-0.022251,-0.030821,-0.000686,-0.095993,-0.021619,-0.000963,-0.079829,0.518383,-0.057773,23.729731,23.729731,23.730188,0.503954,1.269398,0.187859,-0.255803,0.963715
13.750000,1,0,0,2.400000,9.810000,0.900000,30.000000,60.000000,6.000000,-0.000876,0.041837,1.500000,0.026254,-0.015408,1.504897,-0.008038,0.191963,0.000000,-0.012910,0.133300,0.007068,0.999204,-0.024550,-0.031425,-0.000772,-0.087820,-0.026877,-0.001322,-0.079472,0.563048,-0.081971,23.730188,23.730188,23.730883,0.503969,1.298616,0.185941,-0.307446,0.964481
13.800000,1,0,0,2.400000,9.810000,0.900000,30.000000,60.000000,6.000000,-0.001361,0.052163,1.500000,0.025541,-0.008001,1.505252,-0.011560,0.221313,0.000000,-0.015718,0.163293,0.007136,0.999127,-0.026624,-0.032167,-0.000857,-0.078046,-0.032700,-0.001744,-0.070065,0.615267,-0.085477,23.730883,23.730883,23.731671,0.503986,1.356144,0.212806,-0.309275,0.965267
13.850000,1,0,0,2.400000,9.810000,0.900000,30.000000,60.000000,6.000000,-0.002049,0.063988,1.500000,0.024672,0.000950,1.505609,-0.016148,0.251837,0.000000,-0.019164,0.194993,0.007134,0.999048,-0.028435,-0.033061,-0.000941,-0.066790,-0.038889,-0.002216,-0.070005,0.662043,-0.046156,23.731671,23.731671,23.732402,0.504001,1.398387,0.239086,-0.208191,0.966069
13.900000,1,0,0,2.400000,9.810000,0.900000,30.000000,60.000000,6.000000,-0.002997,0.077361,1.500000,0.023611,0.011522,1.505965,-0.021974,0.283200,0.000000,-0.023420,0.228079,0.007063,0.998969,-0.029947,-0.034111,-0.001023,-0.054175,-0.045193,-0.002712,-0.055521,0.692622,0.002496,23.732402,23.732402,23.732922,0.504012,1.482692,0.240657,-0.084616,0.966883
13.950000,1,0,0,2.400000,9.810000,0.900000,30.000000,60.000000,6.000000,-0.004270,0.092316,1.500000,0.022313,0.023775,1.506314,-0.029208,0.315044,0.000000,-0.028667,0.262197,0.006920,0.998891,-0.031129,-0.035318,-0.001101,-0.040329,-0.051318,-0.003202,-0.120876,0.700169,-0.003696,23.732922,23.732922,23.733084,0.504016,1.382795,0.202657,-0.092594,0.967706
14.000000,1,0,0,2.400000,9.810000,0.900000,30.000000,60.000000,6.000000,-0.005944,0.108867,1.500000,0.020725,0.037752,1.506655,-0.038002,0.346991,0.000000,-0.035083,0.296969,0.006707,0.998816,-0.031950,-0.036672,-0.001173,-0.025400,-0.056934,-0.003646,-0.166919,0.699673,0.012307,23.733084,23.733084,23.732748,0.504008,1.336254,0.162435,-0.047258,0.968534
14.050000,1,0,0,2.400000,9.810000,0.900000,30.000000,60.000000,6.000000,-0.008099,0.127010,1.500000,0.018782,0.053476,1.506984,-0.048484,0.378645,0.000000,-0.042836,0.331991,0.006425,0.998746,-0.032386,-0.038158,-0.001237,-0.009560,-0.061695,-0.004005,-0.204953,0.682860,-0.016088,23.732748,23.732748,23.731789,0.503988,1.315139,0.101327,-0.108462,0.969363
14.100000,1,0,0,2.400000,9.810000,0.900000,30.000000,60.000000,6.000000,-0.010822,0.146720,1.500000,0.016416,0.070949,1.507297,-0.060754,0.409600,0.000000,-0.052075,0.366841,0.006075,0.998683,-0.032418,-0.039749,-0.001290,0.006984,-0.065255,-0.004241,-0.241218,0.674483,-0.018905,23.731789,23.731789,23.730097,0.503952,1.303246,0.079700,-0.108288,0.970190
14.150000,1,0,0,2.400000,9.810000,0.900000,30.000000,60.000000,6.000000,-0.014205,0.167951,1.500000,0.013548,0.090150,1.507590,-0.074869,0.439446,0.000000,-0.062922,0.401085,0.005659,0.998628,-0.032029,-0.041411,-0.001328,0.023984,-0.067282,-0.004320,-0.294216,0.663961,-0.000398,23.730097,23.730097,23.727584,0.503899,1.254551,0.072860,-0.056976,0.971011
14.200000,1,0,0,2.400000,9.810000,0.900000,30.000000,60.000000,6.000000,-0.018340,0.190639,1.500000,0.010096,0.111040,1.507862,-0.090843,0.467778,0.000000,-0.075463,0.434281,0.005178,0.998582,-0.031214,-0.043102,-0.001347,0.041147,-0.067485,-0.004223,-0.305384,0.641918,-0.024620,23.727584,23.727584,23.724178,0.503826,1.307595,0.058674,-0.108273,0.971822
14.250000,1,0,0,2.400000,9.810000,0.900000,30.000000,60.000000,6.000000,-0.023319,0.214697,1.500000,0.005973,0.133554,1.508107,-0.108637,0.494201,0.000000,-0.089739,0.465988,0.004637,0.998547,-0.029972,-0.044773,-0.001344,0.058136,-0.065631,-0.003943,-0.345340,0.580661,-0.017493,23.724178,23.724178,23.719834,0.503734,1.290584,-0.029320,-0.084423,0.972619
14.300000,1,0,0,2.400000,9.810000,0.900000,30.000000,60.000000,6.000000,-0.029232,0.240021,1.500000,0.001093,0.157607,1.508324,-0.128160,0.518344,0.000000,-0.105743,0.495775,0.004038,0.998522,-0.028312,-0.046370,-0.001315,0.074569,-0.061564,-0.003494,-0.357932,0.533607,-0.031513,23.719834,23.719834,23.714531,0.503622,1.335730,-0.063353,-0.111436,0.973399
14.350000,1,0,0,2.400000,9.810000,0.900000,30.000000,60.000000,6.000000,-0.036162,0.266488,1.500000,-0.004629,0.183092,1.508510,-0.149265,0.539865,0.000000,-0.123413,0.523229,0.003384,0.998509,-0.026253,-0.047837,-0.001258,0.090033,-0.055221,-0.002906,-0.352099,0.476915,0.005640,23.714531,23.714531,23.708273,0.503489,1.418896,-0.101556,-0.015769,0.974158
14.400000,1,0,0,2.400000,9.810000,0.900000,30.000000,60.000000,6.000000,-0.044182,0.293959,1.500000,-0.011274,0.209884,1.508662,-0.171754,0.558466,0.000000,-0.142631,0.547967,0.002681,0.998508,-0.023825,-0.049118,-0.001172,0.104092,-0.046652,-0.002228,-0.365580,0.395234,-0.002432,23.708273,23.708273,23.701093,0.503336,1.446813,-0.182187,-0.028799,0.974892
14.450000,1,0,0,2.400000,9.810000,0.900000,30.000000,60.000000,6.000000,-0.053356,0.322282,1.500000,-0.018915,0.237838,1.508777,-0.195382,0.573898,0.000000,-0.163224,0.569646,0.001931,0.998518,-0.021069,-0.050158,-0.001058,0.116309,-0.036024,-0.001521,-0.448324,0.351723,0.001233,23.701093,23.701093,23.693052,0.503165,1.297044,-0.155605,-0.013838,0.975598
14.500000,1,0,0,2.400000,9.810000,0.900000,30.000000,60.000000,6.000000,-0.063734,0.351293,1.500000,-0.027616,0.266793,1.508854,-0.219862,0.585975,0.000000,-0.184969,0.587974,0.001141,0.998540,-0.018035,-0.050909,-0.000920,0.126260,-0.023627,-0.000854,-0.481040,0.273256,-0.017098,23.693052,23.693052,23.684242,0.502978,1.253599,-0.199772,-0.051859,0.976272
14.550000,1,0,0,2.400000,9.810000,0.900000,30.000000,60.000000,6.000000,-0.075351,0.380821,1.500000,-0.037427,0.296576,1.508891,-0.244881,0.594580,0.000000,-0.207597,0.602720,0.000316,0.998572,-0.014786,-0.051333,-0.000760,0.133561,-0.009875,-0.000292,-0.482135,0.204601,-0.005153,23.684242,23.684242,23.674781,0.502777,1.270433,-0.210188,-0.017434,0.976912
14.600000,1,0,0,2.400000,9.810000,0.900000,30.000000,60.000000,6.000000,-0.088226,0.410692,1.500000,-0.048385,0.327003,1.508885,-0.270111,0.599670,0.000000,-0.230806,0.613724,-0.000541,0.998613,-0.011391,-0.051401,-0.000586,0.137885,0.004704,0.000107,-0.460755,0.153316,-0.034400,23.674781,23.674781,23.664813,0.502566,1.324305,-0.172080,-0.082097,0.977514
14.650000,1,0,0,2.400000,9.810000,0.900000,30.000000,60.000000,6.000000,-0.102360,0.440730,1.500000,-0.060512,0.357885,1.508836,-0.295223,0.601284,0.000000,-0.254272,0.620904,-0.001421,0.998662,-0.007928,-0.051100,-0.000406,0.138987,0.019479,0.000309,-0.457646,0.063984,-0.023993,23.664813,23.664813,23.654502,0.502347,1.316824,-0.222148,-0.051832,0.978075
14.700000,1,0,0,2.400000,9.810000,0.900000,30.000000,60.000000,6.000000,-0.117741,0.470765,1.500000,-0.073811,0.389029,1.508743,-0.319910,0.599542,0.000000,-0.277665,0.624260,-0.002321,0.998717,-0.004479,-0.050435,-0.000226,0.136722,0.033740,0.000303,-0.438679,-0.001649,0.001978,23.654502,23.654502,23.644028,0.502124,1.330100,-0.216136,0.015536,0.978593
14.750000,1,0,0,2.400000,9.810000,0.900000,30.000000,60.000000,6.000000,-0.134340,0.500632,1.500000,-0.088271,0.420248,1.508604,-0.343897,0.594644,0.000000,-0.300666,0.623882,-0.003234,0.998777,-0.001129,-0.049428,-0.000056,0.131054,0.046717,0.000106,-0.420360,-0.064810,0.035856,23.644028,23.644028,23.633579,0.501902,1.325615,-0.209014,0.101615,0.979064
14.800000,1,0,0,2.400000,9.810000,0.900000,30.000000,60.000000,6.000000,-0.152115,0.530181,1.500000,-0.103866,0.451358,1.508419,-0.366968,0.586868,0.000000,-0.322988,0.619944,-0.004154,0.998839,0.002038,-0.048120,0.000098,0.122067,0.057610,-0.000235,-0.417838,-0.166912,0.027126,23.633579,23.633579,23.623343,0.501685,1.269031,-0.304160,0.085167,0.979488
14.850000,1,0,0,2.400000,9.810000,0.900000,30.000000,60.000000,6.000000,-0.171019,0.559276,1.500000,-0.120555,0.482188,1.508189,-0.388981,0.576563,0.000000,-0.344390,0.612706,-0.005075,0.998903,0.004941,-0.046574,0.000230,0.109962,0.065618,-0.000649,-0.416675,-0.206523,-0.002916,23.623343,23.623343,23.613507,0.501476,1.197975,-0.261946,0.017295,0.979861
14.900000,1,0,0,2.400000,9.810000,0.900000,30.000000,60.000000,6.000000,-0.190995,0.587802,1.500000,-0.138287,0.512580,1.507912,-0.409888,0.564138,0.000000,-0.364703,0.602505,-0.005991,0.998964,0.007507,-0.044872,0.000337,0.095058,0.069963,-0.001052,-0.418202,-0.243439,-0.005521,23.613507,23.613507,23.604251,0.501280,1.113155,-0.229364,0.014995,0.980182
14.950000,1,0,0,2.400000,9.810000,0.900000,30.000000,60.000000,6.000000,-0.211990,0.615663,1.500000,-0.157006,0.542396,1.507590,-0.429749,0.550052,0.000000,-0.383842,0.589749,-0.006895,0.999023,0.009671,-0.043114,0.000417,0.077777,0.069914,-0.001354,-0.371456,-0.280928,-0.020311,23.604251,23.604251,23.595772,0.501099,1.141673,-0.217289,-0.016831,0.980449
15.000000,1,0,0,2.400000,9.810000,0.900000,30.000000,60.000000,6.000000,-0.233956,0.642788,1.500000,-0.176652,0.571520,1.507223,-0.448750,0.534800,0.000000,-0.401832,0.574904,-0.007782,0.999077,0.011374,-0.041423,0.000472,0.044820,0.053178,-0.001211,-0.318731,-0.310302,-0.031560,23.595772,23.595772,23.589450,0.500965,1.187807,-0.207565,-0.040437,0.980660
15.050000,1,0,0,2.400000,9.810000,0.900000,30.000000,60.000000,6.000000,-0.256855,0.669131,1.500000,-0.197176,0.599865,1.506812,-0.467141,0.518813,0.000000,-0.419061,0.558742,-0.008646,0.999111,0.012146,-0.040376,0.000491,0.030867,0.042068,-0.001023,-0.330509,-0.318286,-0.038155,23.589450,23.589450,23.583518,0.500839,1.109719,-0.190433,-0.053149,0.980816
15.100000,1,0,0,2.400000,9.810000,0.900000,30.000000,60.000000,6.000000,-0.280660,0.694658,1.500000,-0.218551,0.627380,1.506359,-0.484963,0.502194,0.000000,-0.435844,0.541723,-0.009480,0.999143,0.012920,-0.039318,0.000508,0.031052,0.042638,-0.001103,-0.295652,-0.350392,-0.003230,23.583518,23.583518,23.577975,0.500722,1.143028,-0.231121,0.033517,0.980914
15.150000,1,0,0,2.400000,9.810000,0.900000,30.000000,60.000000,6.000000,-0.305342,0.719340,1.500000,-0.240753,0.654023,1.505864,-0.502194,0.484963,0.000000,-0.452173,0.523883,-0.010280,0.999174,0.013697,-0.038246,0.000524,0.031074,0.043057,-0.001181,-0.288559,-0.378531,-0.013487,23.577975,23.577975,23.572821,0.500612,1.109164,-0.262175,0.011481,0.980955
15.200000,1,0,0,2.400000,9.810000,0.900000,30.000000,60.000000,6.000000,-0.330869,0.743145,1.500000,-0.263760,0.679755,1.505331,-0.518813,0.467141,0.000000,-0.468042,0.505260,-0.011040,0.999204,0.014472,-0.037166,0.000538,0.030918,0.043329,-0.001255,-0.274021,-0.367476,-0.003643,23.572821,23.572821,23.568055,0.500511,1.092806,-0.199247,0.037433,0.980938
15.250000,1,0,0,2.400000,9.810000,0.900000,30.000000,60.000000,6.000000,-0.357212,0.766044,1.500000,-0.287549,0.704537,1.504761,-0.534800,0.448750,0.000000,-0.483445,0.485897,-0.011755,0.999232,0.015241,-0.036081,0.000550,0.030574,0.043457,-0.001326,-0.253375,-0.380771,0.027788,23.568055,23.568055,23.563669,0.500418,1.090911,-0.195057,0.114948,0.980862
15.300000,1,0,0,2.400000,9.810000,0.900000,30.000000,60.000000,6.000000,-0.384339,0.788011,1.500000,-0.312097,0.728333,1.504157,-0.550135,0.429813,0.000000,-0.498374,0.465836,-0.012420,0.999259,0.015999,-0.034994,0.000560,0.030031,0.043446,-0.001392,-0.292015,-0.423421,0.012349,23.563669,23.563669,23.559650,0.500332,0.946703,-0.261848,0.079742,0.980729
15.350000,1,0,0,2.400000,9.810000,0.900000,30.000000,60.000000,6.000000,-0.412215,0.809017,1.500000,-0.337379,0.751110,1.503520,-0.564800,0.410352,0.000000,-0.512820,0.445123,-0.013031,0.999285,0.016741,-0.033909,0.000568,0.029283,0.043302,-0.001451,-0.237422,-0.438652,0.002976,23.559650,23.559650,23.555979,0.500254,1.026381,-0.263594,0.058878,0.980538
15.400000,1,0,0,2.400000,9.810000,0.900000,30.000000,60.000000,6.000000,-0.440807,0.829038,1.500000,-0.363371,0.772835,1.502854,-0.578777,0.390390,0.000000,-0.526777,0.423805,-0.013584,0.999308,0.017462,-0.032830,0.000574,0.028325,0.043033,-0.001504,-0.222032,-0.491017,0.006703,23.555979,23.555979,23.552634,0.500183,1.012248,-0.355465,0.069248,0.980292
15.450000,1,0,0,2.400000,9.810000,0.900000,30.000000,60.000000,6.000000,-0.470081,0.848048,1.500000,-0.390048,0.793481,1.502163,-0.592049,0.369953,0.000000,-0.540235,0.401931,-0.014074,0.999331,0.018156,-0.031758,0.000577,0.027155,0.042646,-0.001550,-0.230129,-0.484580,0.027606,23.552634,23.552634,23.549589,0.500119,0.942168,-0.307467,0.120657,0.979989
15.500000,1,0,0,2.400000,9.810000,0.900000,30.000000,60.000000,6.000000,-0.500000,0.866025,1.500000,-0.417386,0.813020,1.501448,-0.604600,0.349066,0.000000,-0.553185,0.379551,-0.014500,0.999351,0.018818,-0.030697,0.000578,0.025772,0.042151,-0.001588,-0.224544,-0.460340,0.024029,23.549589,23.549589,23.546811,0.500060,0.905470,-0.218241,0.113143,0.979633
15.550000,1,0,0,2.400000,9.810000,0.900000,30.000000,60.000000,6.000000,-0.530528,0.882948,1.500000,-0.445358,0.831428,1.500714,-0.616414,0.327753,0.000000,-0.565616,0.356715,-0.014857,0.999371,0.019443,-0.029650,0.000577,0.024179,0.041558,-0.001618,-0.223661,-0.501086,0.019971,23.546811,23.546811,23.544267,0.500006,0.858155,-0.286733,0.104324,0.979224
15.600000,1,0,0,2.400000,9.810000,0.900000,30.000000,60.000000,6.000000,-0.561629,0.898794,1.500000,-0.473939,0.848685,1.499964,-0.627477,0.306041,0.000000,-0.577517,0.333475,-0.015145,0.999390,0.020026,-0.028619,0.000573,0.022382,0.040876,-0.001639,-0.243108,-0.497494,0.038457,23.544267,23.544267,23.541921,0.499956,0.762820,-0.250806,0.149482,0.978764
15.650000,1,0,0,2.400000,9.810000,0.900000,30.000000,60.000000,6.000000,-0.593263,0.913545,1.500000,-0.503101,0.864770,1.499201,-0.637775,0.283956,0.000000,-0.588878,0.309880,-0.015360,0.999407,0.020561,-0.027606,0.000568,0.020389,0.040118,-0.001651,-0.228478,-0.507205,0.021917,23.541921,23.541921,23.539734,0.499909,0.750140,-0.249038,0.110466,0.978255
15.700000,1,0,0,2.400000,9.810000,0.900000,30.000000,60.000000,6.000000,-0.625393,0.927184,1.500000,-0.532817,0.879668,1.498429,-0.647296,0.261525,0.000000,-0.599686,0.285984,-0.015502,0.999424,0.021044,-0.026613,0.000560,0.018210,0.039296,-0.001656,-0.212774,-0.506853,0.002304,23.539734,23.539734,23.537667,0.499866,0.740985,-0.225570,0.063989,0.977700
15.750000,1,0,0,2.400000,9.810000,0.900000,30.000000,60.000000,6.000000,-0.657980,0.939693,1.500000,-0.563060,0.893364,1.497652,-0.656029,0.238775,0.000000,-0.609927,0.261835,-0.015570,0.999440,0.021471,-0.025641,0.000551,0.015858,0.038420,-0.001651,-0.149761,-0.525139,0.002685,23.537667,23.537667,23.535678,0.499823,0.846390,-0.249498,0.065427,0.977102
15.800000,1,0,0,2.400000,9.810000,0.900000,30.000000,60.000000,6.000000,-0.690983,0.951057,1.500000,-0.593800,0.905848,1.496873,-0.663963,0.215735,0.000000,-0.619587,0.237485,-0.015563,0.999456,0.021836,-0.024691,0.000539,0.013348,0.037504,-0.001640,-0.156701,-0.534551,-0.012381,23.535678,23.535678,23.533729,0.499782,0.784974,-0.254990,0.029748,0.976462
15.850000,1,0,0,2.400000,9.810000,0.900000,30.000000,60.000000,6.000000,-0.724363,0.961262,1.500000,-0.625009,0.917110,1.496097,-0.671087,0.192431,0.000000,-0.628653,0.212982,-0.015483,0.999472,0.022138,-0.023765,0.000526,0.010698,0.036559,-0.001620,-0.116101,-0.481996,-0.017383,23.533729,23.533729,23.531779,0.499740,0.838762,-0.114795,0.018201,0.975783
15.900000,1,0,0,2.400000,9.810000,0.900000,30.000000,60.000000,6.000000,-0.758078,0.970296,1.500000,-0.656655,0.927144,1.495326,-0.677394,0.168893,0.000000,-0.637108,0.188374,-0.015329,0.999488,0.022371,-0.022862,0.000512,0.007927,0.035599,-0.001594,-0.079668,-0.474295,-0.034018,23.531779,23.531779,23.529793,0.499698,0.883681,-0.085443,-0.021271,0.975070
15.950000,1,0,0,2.400000,9.810000,0.900000,30.000000,60.000000,6.000000,-0.792088,0.978148,1.500000,-0.688709,0.935946,1.494565,-0.682876,0.145150,0.000000,-0.644938,0.163707,-0.015103,0.999504,0.022534,-0.021984,0.000496,0.005055,0.034635,-0.001562,-0.088163,-0.487818,0.017612,23.529793,23.529793,23.527735,0.499655,0.821915,-0.110348,0.103115,0.974324
16.000000,1,0,0,2.400000,9.810000,0.900000,30.000000,60.000000,6.000000,-0.826352,0.984808,1.500000,-0.721138,0.943515,1.493817,-0.687526,0.121229,0.000000,-0.652125,0.139025,-0.014807,0.999521,0.022624,-0.021129,0.000478,0.002105,0.033680,-0.001525,-0.105558,-0.509982,0.003821,23.527735,23.527735,23.525573,0.499609,0.739923,-0.159421,0.070529,0.973549
16.050000,1,0,0,2.400000,9.810000,0.900000,30.000000,60.000000,6.000000,-0.860827,0.990268,1.500000,-0.753911,0.949849,1.493085,-0.691338,0.097161,0.000000,-0.658653,0.114372,-0.014443,0.999538,0.022639,-0.020299,0.000460,-0.000900,0.032744,-0.001484,-0.070767,-0.509493,0.034981,23.525573,23.525573,23.523278,0.499560,0.784301,-0.157633,0.145884,0.972749
16.100000,1,0,0,2.400000,9.810000,0.900000,30.000000,60.000000,6.000000,-0.895472,0.994522,1.500000,-0.786992,0.954953,1.492374,-0.694307,0.072975,0.000000,-0.664505,0.089787,-0.014013,0.999555,0.022579,-0.019491,0.000440,-0.003935,0.031839,-0.001439,-0.065347,-0.497474,-0.008645,23.523278,23.523278,23.520827,0.499508,0.759274,-0.131729,0.041831,0.971928
16.150000,1,0,0,2.400000,9.810000,0.900000,30.000000,60.000000,6.000000,-0.930244,0.997564,1.500000,-0.820350,0.958830,1.491685,-0.696431,0.048699,0.000000,-0.669662,0.065309,-0.013521,0.999573,0.022443,-0.018705,0.000420,-0.006975,0.030976,-0.001392,-0.044405,-0.506356,0.013063,23.520827,23.520827,23.518197,0.499452,0.772544,-0.159567,0.094679,0.971088
16.200000,1,0,0,2.400000,9.810000,0.900000,30.000000,60.000000,6.000000,-0.965101,0.999391,1.500000,-0.853947,0.961486,1.491023,-0.697706,0.024364,0.000000,-0.674109,0.040974,-0.012971,0.999592,0.022231,-0.017941,0.000399,-0.009996,0.030164,-0.001342,-0.020759,-0.522537,0.022368,23.518197,23.518197,23.515372,0.499392,0.793296,-0.208492,0.117875,0.970234
16.250000,1,0,0,2.400000,9.810000,0.900000,30.000000,60.000000,6.000000,-1.000000,1.000000,1.500000,-0.887748,0.962930,1.490389,-0.698132,0.000000,0.000000,-0.677826,0.016813,-0.012366,0.999611,0.021945,-0.017196,0.000378,-0.012971,0.029412,-0.001292,-0.026392,-0.509438,-0.010033,23.515372,23.515372,23.512342,0.499328,0.744698,-0.190674,0.041104,0.969369
16.300000,1,0,0,2.400000,9.810000,0.900000,30.000000,60.000000,6.000000,-1.034899,0.999391,1.500000,-0.921717,0.963171,1.489787,-0.697706,-0.024364,0.000000,-0.680796,-0.007141,-0.011712,0.999631,0.021584,-0.016469,0.000356,-0.015876,0.028729,-0.001241,0.036099,-0.489810,0.005663,23.512342,23.512342,23.509097,0.499259,0.860449,-0.160647,0.079913,0.968498
16.350000,1,0,0,2.400000,9.810000,0.900000,30.000000,60.000000,6.000000,-1.069756,0.997564,1.500000,-0.955815,0.962220,1.489218,-0.696431,-0.048699,0.000000,-0.683002,-0.030861,-0.011012,0.999652,0.021152,-0.015758,0.000333,-0.018687,0.028120,-0.001191,0.039373,-0.469496,0.000688,23.509097,23.509097,23.505634,0.499185,0.834840,-0.132338,0.069268,0.967623
16.400000,1,0,0,2.400000,9.810000,0.900000,30.000000,60.000000,6.000000,-1.104528,0.994522,1.500000,-0.990004,0.960089,1.488686,-0.694307,-0.072975,0.000000,-0.684427,-0.054321,-0.010271,0.999673,0.020652,-0.015062,0.000311,-0.021379,0.027593,-0.001141,0.056178,-0.490851,0.016382,23.505634,23.505634,23.501955,0.499107,0.842380,-0.207273,0.108398,0.966750
16.450000,1,0,0,2.400000,9.810000,0.900000,30.000000,60.000000,6.000000,-1.139173,0.990268,1.500000,-1.024245,0.956793,1.488192,-0.691338,-0.097161,0.000000,-0.685055,-0.077500,-0.009496,0.999695,0.020085,-0.014378,0.000289,-0.023931,0.027151,-0.001091,0.083332,-0.500596,0.038926,23.501955,23.501955,23.498063,0.499024,0.875328,-0.257429,0.164148,0.965881
16.500000,1,0,0,2.400000,9.810000,0.900000,30.000000,60.000000,6.000000,-1.173648,0.984808,1.500000,-1.058496,0.952344,1.487737,-0.687526,-0.121229,0.000000,-0.684868,-0.100376,-0.008691,0.999717,0.019457,-0.013703,0.000267,-0.026323,0.026800,-0.001044,0.105297,-0.498290,0.021992,23.498063,23.498063,23.493966,0.498937,0.896293,-0.281567,0.125334,0.965020
16.550000,1,0,0,2.400000,9.810000,0.900000,30.000000,60.000000,6.000000,-1.207912,0.978148,1.500000,-1.092718,0.946760,1.487323,-0.682876,-0.145150,0.000000,-0.683852,-0.122934,-0.007863,0.999739,0.018772,-0.013037,0.000245,-0.028534,0.026540,-0.000997,0.108205,-0.499465,0.036716,23.493966,23.493966,23.489676,0.498846,0.871883,-0.316762,0.162696,0.964171
16.600000,1,0,0,2.400000,9.810000,0.900000,30.000000,60.000000,6.000000,-1.241922,0.970296,1.500000,-1.126867,0.940057,1.486951,-0.677394,-0.168893,0.000000,-0.681994,-0.145157,-0.007016,0.999761,0.018033,-0.012375,0.000223,-0.030548,0.026374,-0.000952,0.153702,-0.495452,0.050463,23.489676,23.489676,23.485206,0.498751,0.949942,-0.341983,0.197907,0.963337
16.650000,1,0,0,2.400000,9.810000,0.900000,30.000000,60.000000,6.000000,-1.275637,0.961262,1.500000,-1.160903,0.932250,1.486622,-0.671087,-0.192431,0.000000,-0.679279,-0.167033,-0.006158,0.999783,0.017247,-0.011717,0.000202,-0.032351,0.026302,-0.000908,0.140950,-0.501099,0.038900,23.485206,23.485206,23.480572,0.498653,0.888349,-0.392626,0.172574,0.962522
16.700000,1,0,0,2.400000,9.810000,0.900000,30.000000,60.000000,6.000000,-1.309017,0.951057,1.500000,-1.194781,0.923359,1.486335,-0.663963,-0.215735,0.000000,-0.675695,-0.188552,-0.005295,0.999804,0.016418,-0.011059,0.000182,-0.033930,0.026321,-0.000865,0.131173,-0.442604,0.051673,23.480572,23.480572,23.475793,0.498551,0.833933,-0.291305,0.205844,0.961730
16.750000,1,0,0,2.400000,9.810000,0.900000,30.000000,60.000000,6.000000,-1.342020,0.939693,1.500000,-1.228458,0.913401,1.486092,-0.656029,-0.238775,0.000000,-0.671233,-0.209705,-0.004431,0.999825,0.015553,-0.010400,0.000162,-0.035275,0.026430,-0.000822,0.157883,-0.435354,0.041051,23.475793,23.475793,23.470887,0.498447,0.867014,-0.314680,0.183164,0.960963
16.800000,1,0,0,2.400000,9.810000,0.900000,30.000000,60.000000,6.000000,-1.374607,0.927184,1.500000,-1.261889,0.902395,1.485892,-0.647296,-0.261525,0.000000,-0.665883,-0.230485,-0.003575,0.999845,0.014657,-0.009737,0.000143,-0.036380,0.026625,-0.000781,0.182455,-0.431508,0.075993,23.470887,23.470887,23.465876,0.498341,0.894794,-0.347653,0.270030,0.960224
16.850000,1,0,0,2.400000,9.810000,0.900000,30.000000,60.000000,6.000000,-1.406737,0.913545,1.500000,-1.295031,0.890359,1.485735,-0.637775,-0.283956,0.000000,-0.659637,-0.250889,-0.002730,0.999865,0.013736,-0.009068,0.000125,-0.037240,0.026901,-0.000739,0.236108,-0.407453,0.057911,23.465876,23.465876,23.460781,0.498233,0.992100,-0.333262,0.229825,0.959517
16.900000,1,0,0,2.400000,9.810000,0.900000,30.000000,60.000000,6.000000,-1.438371,0.898794,1.500000,-1.327838,0.877312,1.485619,-0.627477,-0.306041,0.000000,-0.652490,-0.270912,-0.001905,0.999883,0.012797,-0.008391,0.000107,-0.037855,0.027251,-0.000698,0.232182,-0.386558,0.048955,23.460781,23.460781,23.455623,0.498123,0.950855,-0.327307,0.211700,0.958843
16.950000,1,0,0,2.400000,9.810000,0.900000,30.000000,60.000000,6.000000,-1.469472,0.882948,1.500000,-1.360265,0.863274,1.485544,-0.616414,-0.327753,0.000000,-0.644439,-0.290552,-0.001103,0.999900,0.011846,-0.007705,0.000091,-0.038226,0.027669,-0.000656,0.246314,-0.402648,0.047265,23.455623,23.455623,23.450425,0.498013,0.952507,-0.410680,0.211181,0.958206
17.000000,1,0,0,2.400000,9.810000,0.900000,30.000000,60.000000,6.000000,-1.500000,0.866025,1.500000,-1.392267,0.848264,1.485508,-0.604600,-0.349066,0.000000,-0.635480,-0.309808,-0.000331,0.999916,0.010888,-0.007007,0.000076,-0.038358,0.028147,-0.000613,0.255240,-0.401163,0.040072,23.450425,23.450425,23.445209,0.497902,0.941151,-0.452148,0.197610,0.957608
17.050000,1,0,0,2.400000,9.810000,0.900000,30.000000,60.000000,6.000000,-1.529919,0.848048,1.500000,-1.423798,0.832300,1.485510,-0.592049,-0.369953,0.000000,-0.625615,-0.328679,0.000406,0.999931,0.009930,-0.006297,0.000063,-0.038260,0.028674,-0.000570,0.293140,-0.379838,0.009755,23.445209,23.445209,23.439997,0.497791,0.998754,-0.446002,0.128687,0.957050
17.100000,1,0,0,2.400000,9.810000,0.900000,30.000000,60.000000,6.000000,-1.559193,0.829038,1.500000,-1.454813,0.815402,1.485548,-0.578777,-0.390390,0.000000,-0.614846,-0.347166,0.001102,0.999944,0.008977,-0.005573,0.000050,-0.037940,0.029241,-0.000525,0.308261,-0.381569,0.006911,23.439997,23.439997,23.434810,0.497681,1.001057,-0.494927,0.125824,0.956534
17.150000,1,0,0,2.400000,9.810000,0.900000,30.000000,60.000000,6.000000,-1.587785,0.809017,1.500000,-1.485268,0.797590,1.485620,-0.564800,-0.410352,0.000000,-0.603177,-0.365269,0.001754,0.999956,0.008035,-0.004835,0.000039,-0.037414,0.029836,-0.000480,0.311687,-0.351012,0.015549,23.434810,23.434810,23.429672,0.497572,0.974623,-0.465843,0.150628,0.956063
17.200000,1,0,0,2.400000,9.810000,0.900000,30.000000,60.000000,6.000000,-1.615661,0.788011,1.500000,-1.515116,0.778882,1.485722,-0.550135,-0.429813,0.000000,-0.590616,-0.382987,0.002356,0.999966,0.007108,-0.004081,0.000029,-0.036696,0.030449,-0.000433,0.334699,-0.310811,0.029621,23.429672,23.429672,23.424602,0.497464,0.994499,-0.412866,0.188566,0.955636
17.250000,1,0,0,2.400000,9.810000,0.900000,30.000000,60.000000,6.000000,-1.642788,0.766044,1.500000,-1.544315,0.759297,1.485854,-0.534800,-0.448750,0.000000,-0.577173,-0.400322,0.002905,0.999975,0.006202,-0.003312,0.000021,-0.035806,0.031067,-0.000385,0.307088,-0.292945,0.025088,23.424602,23.424602,23.419623,0.497359,0.892169,-0.412530,0.181924,0.955256
17.300000,1,0,0,2.400000,9.810000,0.900000,30.000000,60.000000,6.000000,-1.669131,0.743145,1.500000,-1.572819,0.738856,1.486012,-0.518813,-0.467141,0.000000,-0.562857,-0.417272,0.003397,0.999983,0.005319,-0.002528,0.000013,-0.034762,0.031678,-0.000337,0.304561,-0.315714,0.032957,23.419623,23.419623,23.414756,0.497255,0.849337,-0.508567,0.205099,0.954923
17.350000,1,0,0,2.400000,9.810000,0.900000,30.000000,60.000000,6.000000,-1.694658,0.719340,1.500000,-1.600586,0.717577,1.486193,-0.502194,-0.484963,0.000000,-0.547685,-0.433836,0.003828,0.999989,0.004465,-0.001728,0.000008,-0.033588,0.032268,-0.000288,0.289145,-0.285698,0.012625,23.414756,23.414756,23.410020,0.497155,0.774882,-0.476599,0.160618,0.954637
17.400000,1,0,0,2.400000,9.810000,0.900000,30.000000,60.000000,6.000000,-1.719340,0.694658,1.500000,-1.627574,0.695479,1.486394,-0.484963,-0.502194,0.000000,-0.531673,-0.450012,0.004196,0.999993,0.003641,-0.000915,0.000003,-0.032307,0.032824,-0.000239,0.310872,-0.314814,0.029468,23.410020,23.410020,23.405438,0.497057,0.788913,-0.585093,0.205363,0.954399
17.450000,1,0,0,2.400000,9.810000,0.900000,30.000000,60.000000,6.000000,-1.743145,0.669131,1.500000,-1.653740,0.672582,1.486611,-0.467141,-0.518813,0.000000,-0.514839,-0.465797,0.004499,0.999996,0.002850,-0.000087,0.000000,-0.030945,0.033334,-0.000190,0.366421,-0.315192,0.038511,23.405438,23.405438,23.401029,0.496964,0.883504,-0.623052,0.231370,0.954209
17.500000,1,0,0,2.400000,9.810000,0.900000,30.000000,60.000000,6.000000,-1.766044,0.642788,1.500000,-1.679044,0.648906,1.486843,-0.448750,-0.534800,0.000000,-0.497206,-0.481186,0.004735,0.999998,0.002094,0.000752,-0.000002,-0.029527,0.033784,-0.000141,0.378510,-0.319039,0.059004,23.401029,23.401029,23.396813,0.496874,0.873245,-0.667691,0.284814,0.954066
17.550000,1,0,0,2.400000,9.810000,0.900000,30.000000,60.000000,6.000000,-1.788011,0.615661,1.500000,-1.703447,0.624470,1.487084,-0.429813,-0.550135,0.000000,-0.478798,-0.496174,0.004902,0.999998,0.001374,0.001601,-0.000002,-0.028080,0.034160,-0.000094,0.379995,-0.338119,0.041062,23.396813,23.396813,23.392811,0.496789,0.837067,-0.747198,0.245944,0.953970
17.600000,1,0,0,2.400000,9.810000,0.900000,30.000000,60.000000,6.000000,-1.809017,0.587785,1.500000,-1.726911,0.599295,1.487332,-0.410352,-0.564800,0.000000,-0.459640,-0.510753,0.005000,0.999997,0.000690,0.002459,-0.000002,-0.026631,0.034452,-0.000048,0.404270,-0.323016,0.031650,23.392811,23.392811,23.389043,0.496709,0.855205,-0.742956,0.227455,0.953919
17.650000,1,0,0,2.400000,9.810000,0.900000,30.000000,60.000000,6.000000,-1.829038,0.559193,1.500000,-1.749399,0.573402,1.487583,-0.390390,-0.578777,0.000000,-0.439761,-0.524914,0.005028,0.999994,0.000042,0.003323,-0.000000,-0.025207,0.034645,-0.000003,0.430304,-0.319539,0.022241,23.389043,23.389043,23.385526,0.496635,0.877291,-0.764925,0.208852,0.953913
17.700000,1,0,0,2.400000,9.810000,0.900000,30.000000,60.000000,6.000000,-1.848048,0.529919,1.500000,-1.770876,0.546811,1.487833,-0.369953,-0.592049,0.000000,-0.419193,-0.538645,0.004987,0.999991,-0.000571,0.004190,0.000002,-0.023834,0.034730,0.000040,0.398166,-0.323922,0.034927,23.385526,23.385526,23.382281,0.496566,0.759616,-0.804109,0.243134,0.953951
17.750000,1,0,0,2.400000,9.810000,0.900000,30.000000,60.000000,6.000000,-1.866025,0.500000,1.500000,-1.791308,0.519544,1.488080,-0.349066,-0.604600,0.000000,-0.397968,-0.551935,0.004876,0.999987,-0.001150,0.005058,0.000006,-0.022537,0.034694,0.000080,0.394562,-0.315853,0.035788,23.382281,23.382281,23.379324,0.496503,0.710401,-0.811838,0.248868,0.954030
17.800000,1,0,0,2.400000,9.810000,0.900000,30.000000,60.000000,6.000000,-1.882948,0.469472,1.500000,-1.810663,0.491625,1.488320,-0.327753,-0.616414,0.000000,-0.376120,-0.564769,0.004699,0.999981,-0.001698,0.005924,0.000010,-0.021341,0.034529,0.000117,0.378477,-0.276028,0.067607,23.379324,23.379324,23.376673,0.496447,0.631358,-0.741886,0.328708,0.954149
17.850000,1,0,0,2.400000,9.810000,0.900000,30.000000,60.000000,6.000000,-1.898794,0.438371,1.500000,-1.828910,0.463075,1.488549,-0.306041,-0.627477,0.000000,-0.353688,-0.577130,0.004455,0.999975,-0.002218,0.006784,0.000015,-0.020269,0.034225,0.000152,0.427908,-0.277500,0.074237,23.376673,23.376673,23.374343,0.496397,0.709832,-0.769715,0.347877,0.954306
17.900000,1,0,0,2.400000,9.810000,0.900000,30.000000,60.000000,6.000000,-1.913545,0.406737,1.500000,-1.846022,0.433920,1.488764,-0.283956,-0.637775,0.000000,-0.330709,-0.589001,0.004149,0.999967,-0.002713,0.007634,0.000021,-0.019341,0.033774,0.000183,0.388520,-0.252035,0.070636,23.374343,23.374343,23.372350,0.496355,0.575588,-0.731721,0.342252,0.954499
17.950000,1,0,0,2.400000,9.810000,0.900000,30.000000,60.000000,6.000000,-1.927184,0.374607,1.500000,-1.861973,0.404184,1.488963,-0.261525,-0.647296,0.000000,-0.307223,-0.600361,0.003781,0.999959,-0.003187,0.008471,0.000027,-0.018576,0.033171,0.000211,0.417852,-0.280924,0.067377,23.372350,23.372350,23.370707,0.496320,0.606891,-0.823180,0.337183,0.954724
18.000000,1,0,0,2.400000,9.810000,0.900000,30.000000,60.000000,6.000000,-1.939693,0.342020,1.500000,-1.876737,0.373893,1.489141,-0.238775,-0.656029,0.000000,-0.283273,-0.611189,0.003355,0.999950,-0.003643,0.009291,0.000034,-0.017990,0.032408,0.000236,0.414116,-0.275289,0.059474,23.370707,23.370707,23.369424,0.496293,0.559628,-0.830992,0.320687,0.954980
18.050000,1,0,0,2.400000,9.810000,0.900000,30.000000,60.000000,6.000000,-1.951057,0.309017,1.500000,-1.890293,0.343074,1.489297,-0.215735,-0.663963,0.000000,-0.258901,-0.621461,0.002876,0.999941,-0.004088,0.010090,0.000041,-0.017598,0.031482,0.000257,0.420176,-0.265380,0.044030,23.369424,23.369424,23.368513,0.496273,0.536864,-0.827974,0.285787,0.955263
18.100000,1,0,0,2.400000,9.810000,0.900000,30.000000,60.000000,6.000000,-1.961262,0.275637,1.500000,-1.902621,0.311756,1.489428,-0.192431,-0.671087,0.000000,-0.234153,-0.631153,0.002346,0.999931,-0.004525,0.010864,0.000049,-0.017409,0.030391,0.000275,0.415566,-0.245860,0.009959,23.368513,23.368513,23.367982,0.496262,0.489665,-0.801547,0.205862,0.955571
18.150000,1,0,0,2.400000,9.810000,0.900000,30.000000,60.000000,6.000000,-1.970296,0.241922,1.500000,-1.913703,0.279969,1.489531,-0.168893,-0.677394,0.000000,-0.209071,-0.640240,0.001771,0.999920,-0.004960,0.011608,0.000058,-0.017432,0.029133,0.000289,0.471637,-0.231100,-0.026635,23.367982,23.367982,23.367837,0.496259,0.589469,-0.786451,0.119541,0.955899
18.200000,1,0,0,2.400000,9.810000,0.900000,30.000000,60.000000,6.000000,-1.978148,0.207912,1.500000,-1.923523,0.247743,1.489605,-0.145150,-0.682876,0.000000,-0.183704,-0.648694,0.001154,0.999910,-0.005398,0.012319,0.000067,-0.017671,0.027708,0.000299,0.508429,-0.258445,-0.028972,23.367837,23.367837,23.368083,0.496264,0.644567,-0.872562,0.115084,0.956246
18.250000,1,0,0,2.400000,9.810000,0.900000,30.000000,60.000000,6.000000,-1.984808,0.173648,1.500000,-1.932069,0.215110,1.489646,-0.121229,-0.687526,0.000000,-0.158097,-0.656487,0.000501,0.999899,-0.005845,0.012992,0.000076,-0.018127,0.026119,0.000305,0.506507,-0.214371,-0.039434,23.368083,23.368083,23.368725,0.496278,0.608501,-0.787679,0.090760,0.956607
18.300000,1,0,0,2.400000,9.810000,0.900000,30.000000,60.000000,6.000000,-1.990268,0.139173,1.500000,-1.939330,0.182106,1.489654,-0.097161,-0.691338,0.000000,-0.132298,-0.663592,-0.000182,0.999887,-0.006306,0.013623,0.000086,-0.018798,0.024367,0.000307,0.502840,-0.210022,-0.040470,23.368725,23.368725,23.369764,0.496300,0.570191,-0.798798,0.088679,0.956979
18.350000,1,0,0,2.400000,9.810000,0.900000,30.000000,60.000000,6.000000,-1.994522,0.104528,1.500000,-1.945296,0.148763,1.489627,-0.072975,-0.694307,0.000000,-0.106353,-0.669978,-0.000891,0.999876,-0.006786,0.014209,0.000096,-0.019679,0.022457,0.000305,0.487201,-0.180690,-0.043661,23.369764,23.369764,23.371200,0.496330,0.505278,-0.750871,0.081039,0.957358
18.400000,1,0,0,2.400000,9.810000,0.900000,30.000000,60.000000,6.000000,-1.997564,0.069756,1.500000,-1.949963,0.115120,1.489565,-0.048699,-0.696431,0.000000,-0.080311,-0.675618,-0.001620,0.999865,-0.007291,0.014745,0.000108,-0.020761,0.020396,0.000297,0.540794,-0.103173,-0.046029,23.371200,23.371200,23.373035,0.496369,0.608825,-0.588456,0.074978,0.957741
18.450000,1,0,0,2.400000,9.810000,0.900000,30.000000,60.000000,6.000000,-1.999391,0.034899,1.500000,-1.953327,0.081214,1.489465,-0.024364,-0.697706,0.000000,-0.054218,-0.680482,-0.002362,0.999853,-0.007826,0.015227,0.000119,-0.022032,0.018192,0.000285,0.537904,-0.084335,-0.059440,23.373035,23.373035,23.375266,0.496417,0.579295,-0.568256,0.042012,0.958123
18.500000,1,0,0,2.400000,9.810000,0.900000,30.000000,60.000000,6.000000,-2.000000,0.000000,1.500000,-1.955385,0.047085,1.489328,-0.000000,-0.698132,0.000000,-0.028121,-0.684541,-0.003112,0.999842,-0.008394,0.015653,0.000131,-0.023477,0.015852,0.000266,0.525722,-0.075377,-0.052458,23.375266,23.375266,23.377892,0.496472,0.530107,-0.573367,0.057584,0.958503
18.550000,1,0,0,2.400000,9.810000,0.900000,30.000000,60.000000,6.000000,-1.999391,-0.034899,1.500000,-1.956139,0.012774,1.489154,0.024364,-0.697706,0.000000,-0.002068,-0.687768,-0.003864,0.999831,-0.009001,0.016019,0.000144,-0.025078,0.013387,0.000241,0.538954,-0.030125,-0.050855,23.377892,23.377892,23.380911,0.496536,0.544705,-0.493165,0.059841,0.958874
18.600000,1,0,0,2.400000,9.810000,0.900000,30.000000,60.000000,6.000000,-1.997564,-0.069756,1.500000,-1.955593,-0.021677,1.488942,0.048699,-0.696431,0.000000,0.023897,-0.690136,-0.004612,0.999820,-0.009649,0.016321,0.000158,-0.026816,0.010809,0.000209,0.549000,-0.050445,-0.065154,23.380911,23.380911,23.384320,0.496609,0.554591,-0.572303,0.023530,0.959235
18.650000,1,0,0,2.400000,9.810000,0.900000,30.000000,60.000000,6.000000,-1.994522,-0.104528,1.500000,-1.953752,-0.056225,1.488693,0.072975,-0.694307,0.000000,0.049728,-0.691619,-0.005350,0.999809,-0.010342,0.016558,0.000171,-0.028666,0.008129,0.000168,0.530592,-0.029032,-0.044185,23.384320,23.384320,23.388119,0.496690,0.499247,-0.553396,0.071462,0.959581
18.700000,1,0,0,2.400000,9.810000,0.900000,30.000000,60.000000,6.000000,-1.990268,-0.139173,1.500000,-1.950623,-0.090824,1.488407,0.097161,-0.691338,0.000000,0.075382,-0.692192,-0.006071,0.999799,-0.011083,0.016727,0.000185,-0.030604,0.005362,0.000119,0.526658,0.005055,-0.050239,23.388119,23.388119,23.392304,0.496778,0.481812,-0.506306,0.054141,0.959909
18.750000,1,0,0,2.400000,9.810000,0.900000,30.000000,60.000000,6.000000,-1.984808,-0.173648,1.500000,-1.946217,-0.125428,1.488086,0.121229,-0.687526,0.000000,0.100815,-0.691833,-0.006770,0.999788,-0.011872,0.016825,0.000200,-0.032602,0.002521,0.000060,0.507641,0.030544,-0.058744,23.392304,23.392304,23.396874,0.496876,0.431446,-0.482175,0.030549,0.960215
18.800000,1,0,0,2.400000,9.810000,0.900000,30.000000,60.000000,6.000000,-1.978148,-0.207912,1.500000,-1.940546,-0.159991,1.487731,0.145150,-0.682876,0.000000,0.125986,-0.690522,-0.007441,0.999777,-0.012713,0.016852,0.000214,-0.034634,-0.000378,-0.000010,0.483842,0.073351,-0.070288,23.396874,23.396874,23.401826,0.496981,0.372948,-0.418861,-0.000713,0.960496
18.850000,1,0,0,2.400000,9.810000,0.900000,30.000000,60.000000,6.000000,-1.970296,-0.241922,1.500000,-1.933624,-0.194464,1.487343,0.168893,-0.677394,0.000000,0.150856,-0.688240,-0.008079,0.999766,-0.013604,0.016806,0.000229,-0.036668,-0.003319,-0.000090,0.507721,0.052730,-0.038463,23.401826,23.401826,23.407160,0.497094,0.432286,-0.510178,0.071742,0.960749
18.900000,1,0,0,2.400000,9.810000,0.900000,30.000000,60.000000,6.000000,-1.961262,-0.275637,1.500000,-1.925466,-0.228799,1.486924,0.192431,-0.671087,0.000000,0.175384,-0.684971,-0.008678,0.999755,-0.014545,0.016686,0.000243,-0.038674,-0.006287,-0.000183,0.503425,0.088547,-0.062479,23.407160,23.407160,23.412873,0.497215,0.427455,-0.468437,0.009828,0.960970
18.950000,1,0,0,2.400000,9.810000,0.900000,30.000000,60.000000,6.000000,-1.951057,-0.309017,1.500000,-1.916092,-0.262945,1.486476,0.215735,-0.663963,0.000000,0.199535,-0.680702,-0.009233,0.999743,-0.015536,0.016491,0.000256,-0.040623,-0.009264,-0.000288,0.500705,0.136151,-0.035252,23.412873,23.412873,23.418963,0.497345,0.429880,-0.400755,0.070558,0.961157
19.000000,1,0,0,2.400000,9.810000,0.900000,30.000000,60.000000,6.000000,-1.939693,-0.342020,1.500000,-1.905520,-0.296852,1.486001,0.238775,-0.656029,0.000000,0.223274,-0.675424,-0.009740,0.999731,-0.016575,0.016222,0.000269,-0.042482,-0.012234,-0.000406,0.478056,0.151992,-0.048758,23.418963,23.418963,23.425427,0.497482,0.387954,-0.411565,0.033212,0.961306
19.050000,1,0,0,2.400000,9.810000,0.900000,30.000000,60.000000,6.000000,-1.927184,-0.374607,1.500000,-1.893772,-0.330470,1.485502,0.261525,-0.647296,0.000000,0.246567,-0.669129,-0.010195,0.999718,-0.017659,0.015879,0.000280,-0.044224,-0.015180,-0.000536,0.459578,0.165732,-0.082217,23.425427,23.425427,23.432260,0.497627,0.359503,-0.429564,-0.052324,0.961416
19.100000,1,0,0,2.400000,9.810000,0.900000,30.000000,60.000000,6.000000,-1.913545,-0.406737,1.500000,-1.880871,-0.363748,1.484983,0.283956,-0.637775,0.000000,0.269384,-0.661814,-0.010592,0.999704,-0.018785,0.015462,0.000291,-0.045817,-0.018084,-0.000680,0.467484,0.204693,-0.074957,23.432260,23.432260,23.439456,0.497780,0.397802,-0.389026,-0.040415,0.961483
19.150000,1,0,0,2.400000,9.810000,0.900000,30.000000,60.000000,6.000000,-1.898794,-0.438371,1.500000,-1.866842,-0.396635,1.484444,0.306041,-0.627477,0.000000,0.291694,-0.653478,-0.010929,0.999689,-0.019948,0.014974,0.000299,-0.047234,-0.020930,-0.000836,0.467728,0.228269,-0.065237,23.439456,23.439456,23.447008,0.497940,0.421087,-0.387219,-0.022859,0.961506
19.200000,1,0,0,2.400000,9.810000,0.900000,30.000000,60.000000,6.000000,-1.882948,-0.469472,1.500000,-1.851710,-0.429079,1.483891,0.327753,-0.616414,0.000000,0.313470,-0.644124,-0.011203,0.999672,-0.021144,0.014415,0.000305,-0.048449,-0.023701,-0.001003,0.482441,0.208469,-0.038542,23.447008,23.447008,23.454904,0.498108,0.482400,-0.491102,0.035202,0.961482
19.250000,1,0,0,2.400000,9.810000,0.900000,30.000000,60.000000,6.000000,-1.866025,-0.500000,1.500000,-1.835504,-0.461030,1.483325,0.349066,-0.604600,0.000000,0.334689,-0.633759,-0.011410,0.999655,-0.022368,0.013788,0.000309,-0.049437,-0.026382,-0.001181,0.461446,0.220011,-0.021300,23.454904,23.454904,23.463132,0.498283,0.461219,-0.521099,0.070365,0.961410
19.300000,1,0,0,2.400000,9.810000,0.900000,30.000000,60.000000,6.000000,-1.848048,-0.529919,1.500000,-1.818251,-0.492438,1.482751,0.369953,-0.592049,0.000000,0.355325,-0.622393,-0.011549,0.999635,-0.023614,0.013095,0.000309,-0.050176,-0.028958,-0.001369,0.466587,0.236732,-0.010920,23.463132,23.463132,23.471673,0.498464,0.505865,-0.539732,0.088874,0.961288
19.350000,1,0,0,2.400000,9.810000,0.900000,30.000000,60.000000,6.000000,-1.829038,-0.559193,1.500000,-1.799981,-0.523253,1.482171,0.390390,-0.578777,0.000000,0.375360,-0.610040,-0.011617,0.999614,-0.024874,0.012339,0.000307,-0.050648,-0.031413,-0.001564,0.469364,0.218048,-0.013190,23.471673,23.471673,23.480507,0.498652,0.547805,-0.644096,0.076863,0.961115
19.400000,1,0,0,2.400000,9.810000,0.900000,30.000000,60.000000,6.000000,-1.809017,-0.587785,1.500000,-1.780726,-0.553426,1.481590,0.410352,-0.564800,0.000000,0.394772,-0.596719,-0.011614,0.999592,-0.026143,0.011524,0.000301,-0.050835,-0.033735,-0.001766,0.459116,0.277603,-0.005225,23.480507,23.480507,23.489608,0.498845,0.561310,-0.561126,0.089285,0.960890
19.450000,1,0,0,2.400000,9.810000,0.900000,30.000000,60.000000,6.000000,-1.788011,-0.615661,1.500000,-1.760515,-0.582909,1.481011,0.429813,-0.550135,0.000000,0.413547,-0.582448,-0.011539,0.999567,-0.027413,0.010651,0.000292,-0.050725,-0.035911,-0.001971,0.433222,0.285070,0.006446,23.489608,23.489608,23.498945,0.499043,0.539930,-0.603266,0.110497,0.960612
19.500000,1,0,0,2.400000,9.810000,0.900000,30.000000,60.000000,6.000000,-1.766044,-0.642788,1.500000,-1.739382,-0.611656,1.480438,0.448750,-0.534800,0.000000,0.431669,-0.567254,-0.011391,0.999541,-0.028676,0.009727,0.000279,-0.050307,-0.037929,-0.002178,0.410723,0.326288,0.006084,23.498945,23.498945,23.508486,0.499246,0.529187,-0.564145,0.102750,0.960281
19.550000,1,0,0,2.400000,9.810000,0.900000,30.000000,60.000000,6.000000,-1.743145,-0.669131,1.500000,-1.717359,-0.639620,1.479873,0.467141,-0.518813,0.000000,0.449125,-0.551164,-0.011171,0.999514,-0.029925,0.008753,0.000262,-0.049575,-0.039781,-0.002384,0.401154,0.327445,0.017229,23.508486,23.508486,23.518190,0.499452,0.551781,-0.620546,0.122570,0.959896
19.600000,1,0,0,2.400000,9.810000,0.900000,30.000000,60.000000,6.000000,-1.719340,-0.694658,1.500000,-1.694480,-0.666758,1.479322,0.484963,-0.502194,0.000000,0.465905,-0.534210,-0.010879,0.999485,-0.031152,0.007736,0.000241,-0.048526,-0.041455,-0.002587,0.328440,0.344261,-0.010795,23.518190,23.518190,23.528014,0.499661,0.424928,-0.638373,0.048362,0.959458
19.650000,1,0,0,2.400000,9.810000,0.900000,30.000000,60.000000,6.000000,-1.694658,-0.719340,1.500000,-1.670780,-0.693027,1.478786,0.502194,-0.484963,0.000000,0.481999,-0.516425,-0.010517,0.999454,-0.032348,0.006679,0.000216,-0.047162,-0.042947,-0.002783,0.297849,0.352220,-0.016086,23.528014,23.528014,23.537911,0.499871,0.401069,-0.676083,0.028717,0.958967
19.700000,1,0,0,2.400000,9.810000,0.900000,30.000000,60.000000,6.000000,-1.669131,-0.743145,1.500000,-1.646292,-0.718387,1.478271,0.518813,-0.467141,0.000000,0.497401,-0.497846,-0.010087,0.999423,-0.033506,0.005586,0.000187,-0.045487,-0.044249,-0.002970,0.297966,0.357514,0.006721,23.537911,23.537911,23.547831,0.500081,0.452588,-0.718448,0.076539,0.958423
19.750000,1,0,0,2.400000,9.810000,0.900000,30.000000,60.000000,6.000000,-1.642788,-0.766044,1.500000,-1.621051,-0.742799,1.477779,0.534800,-0.448750,0.000000,0.512104,-0.478513,-0.009590,0.999391,-0.034619,0.004464,0.000155,-0.043508,-0.045357,-0.003146,0.271728,0.368363,0.008515,23.547831,23.547831,23.557721,0.500291,0.442309,-0.745373,0.073985,0.957828
19.800000,1,0,0,2.400000,9.810000,0.900000,30.000000,60.000000,6.000000,-1.615661,-0.788011,1.500000,-1.595093,-0.766226,1.477313,0.550135,-0.429813,0.000000,0.526104,-0.458470,-0.009030,0.999358,-0.035678,0.003316,0.000118,-0.041239,-0.046269,-0.003308,0.250318,0.421305,-0.006823,23.557721,23.557721,23.567523,0.500500,0.444844,-0.668812,0.030398,0.957182
19.850000,1,0,0,2.400000,9.810000,0.900000,30.000000,60.000000,6.000000,-1.587785,-0.809017,1.500000,-1.568453,-0.788635,1.476877,0.564800,-0.410352,0.000000,0.539399,-0.437759,-0.008410,0.999325,-0.036678,0.002147,0.000079,-0.038694,-0.046983,-0.003453,0.211135,0.454269,0.009905,23.567523,23.567523,23.577183,0.500705,0.405721,-0.637396,0.063874,0.956487
19.900000,1,0,0,2.400000,9.810000,0.900000,30.000000,60.000000,6.000000,-1.559193,-0.829038,1.500000,-1.541165,-0.809992,1.476473,0.578777,-0.390390,0.000000,0.551988,-0.416427,-0.007734,0.999292,-0.037610,0.000963,0.000036,-0.035891,-0.047500,-0.003581,0.206004,0.455847,-0.005467,23.577183,23.577183,23.586643,0.500906,0.449084,-0.678183,0.020439,0.955744
19.950000,1,0,0,2.400000,9.810000,0.900000,30.000000,60.000000,6.000000,-1.529919,-0.848048,1.500000,-1.513266,-0.830268,1.476104,0.592049,-0.369953,0.000000,0.563871,-0.394523,-0.007005,0.999260,-0.038469,-0.000231,-0.000009,-0.032851,-0.047822,-0.003687,0.212064,0.437977,-0.020628,23.586643,23.586643,23.595846,0.501101,0.519839,-0.762222,-0.022337,0.954957
20.000000,1,0,0,2.400000,9.810000,0.900000,30.000000,60.000000,6.000000,-1.500000,-0.866025,1.500000,-1.484790,-0.849436,1.475773,0.604600,-0.349066,0.000000,0.575048,-0.372095,-0.006228,0.999228,-0.039249,-0.001432,-0.000056,-0.029600,-0.047951,-0.003773,0.203955,0.489865,-0.047797,23.595846,23.595846,23.604738,0.501290,0.556892,-0.675145,-0.093763,0.954125
20.050000,1,0,0,2.400000,9.810000,0.900000,30.000000,60.000000,6.000000,-1.469472,-0.882948,1.500000,-1.455773,-0.867470,1.475482,0.616414,-0.327753,0.000000,0.585521,-0.349194,-0.005408,0.999198,-0.039946,-0.002633,-0.000105,-0.026163,-0.047894,-0.003836,0.222469,0.469716,-0.024956,23.604738,23.604738,23.613266,0.501471,0.657920,-0.757020,-0.044973,0.953253
20.100000,1,0,0,2.400000,9.810000,0.900000,30.000000,60.000000,6.000000,-1.438371,-0.898794,1.500000,-1.426249,-0.884348,1.475233,0.627477,-0.306041,0.000000,0.595294,-0.325872,-0.004549,0.999170,-0.040555,-0.003830,-0.000155,-0.022569,-0.047657,-0.003875,0.182975,0.514399,0.001915,23.613266,23.613266,23.621384,0.501643,0.619586,-0.679151,0.013696,0.952342
20.150000,1,0,0,2.400000,9.810000,0.900000,30.000000,60.000000,6.000000,-1.406737,-0.913545,1.500000,-1.396255,-0.900051,1.475028,0.637775,-0.283956,0.000000,0.604369,-0.302179,-0.003658,0.999144,-0.041072,-0.005020,-0.000206,-0.018848,-0.047246,-0.003891,0.178707,0.550467,-0.002075,23.621384,23.621384,23.629047,0.501806,0.665445,-0.617635,-0.001477,0.951395
20.200000,1,0,0,2.400000,9.810000,0.900000,30.000000,60.000000,6.000000,-1.374607,-0.927184,1.500000,-1.365824,-0.914561,1.474868,0.647296,-0.261525,0.000000,0.612751,-0.278168,-0.002740,0.999119,-0.041495,-0.006197,-0.000257,-0.015033,-0.046673,-0.003884,0.175847,0.538764,0.016793,23.629047,23.629047,23.636217,0.501958,0.714133,-0.666304,0.038443,0.950416
20.250000,1,0,0,2.400000,9.810000,0.900000,30.000000,60.000000,6.000000,-1.342020,-0.939693,1.500000,-1.334991,-0.927863,1.474754,0.656029,-0.238775,0.000000,0.620444,-0.253890,-0.001800,0.999098,-0.041822,-0.007358,-0.000308,-0.011157,-0.045946,-0.003853,0.160245,0.547435,0.016622,23.636217,23.636217,23.642862,0.502100,0.731497,-0.661516,0.032920,0.949407
20.300000,1,0,0,2.400000,9.810000,0.900000,30.000000,60.000000,6.000000,-1.309017,-0.951057,1.500000,-1.303791,-0.939946,1.474688,0.663963,-0.215735,0.000000,0.627453,-0.229396,-0.000844,0.999079,-0.042052,-0.008499,-0.000358,-0.007252,-0.045077,-0.003801,0.154958,0.512939,0.004999,23.642862,23.642862,23.648957,0.502229,0.772699,-0.755704,0.000170,0.948372
20.350000,1,0,0,2.400000,9.810000,0.900000,30.000000,60.000000,6.000000,-1.275637,-0.961262,1.500000,-1.272257,-0.950800,1.474670,0.671087,-0.192431,0.000000,0.633782,-0.204736,0.000121,0.999064,-0.042184,-0.009617,-0.000406,-0.003353,-0.044079,-0.003729,0.155813,0.497006,0.002244,23.648957,23.648957,23.654485,0.502346,0.827560,-0.800701,-0.011033,0.947313
20.400000,1,0,0,2.400000,9.810000,0.900000,30.000000,60.000000,6.000000,-1.241922,-0.970296,1.500000,-1.240424,-0.960418,1.474700,0.677394,-0.168893,0.000000,0.639437,-0.179960,0.001089,0.999051,-0.042219,-0.010708,-0.000452,0.000507,-0.042964,-0.003638,0.127492,0.472437,0.004561,23.654485,23.654485,23.659434,0.502451,0.811166,-0.861804,-0.009790,0.946236
20.450000,1,0,0,2.400000,9.810000,0.900000,30.000000,60.000000,6.000000,-1.207912,-0.978148,1.500000,-1.208325,-0.968795,1.474779,0.682876,-0.145150,0.000000,0.644422,-0.155116,0.002054,0.999042,-0.042158,-0.011770,-0.000497,0.004294,-0.041748,-0.003530,0.117516,0.484866,-0.004772,23.659434,23.659434,23.663802,0.502544,0.837437,-0.829555,-0.036233,0.945142
20.500000,1,0,0,2.400000,9.810000,0.900000,30.000000,60.000000,6.000000,-1.173648,-0.984808,1.500000,-1.175993,-0.975929,1.474906,0.687526,-0.121229,0.000000,0.648742,-0.130249,0.003010,0.999035,-0.042004,-0.012800,-0.000538,0.007976,-0.040444,-0.003407,0.062434,0.530788,-0.005066,23.663802,23.663802,23.667594,0.502625,0.753977,-0.712464,-0.040705,0.944036
20.550000,1,0,0,2.400000,9.810000,0.900000,30.000000,60.000000,6.000000,-1.139173,-0.990268,1.500000,-1.143462,-0.981820,1.475080,0.691338,-0.097161,0.000000,0.652402,-0.105405,0.003952,0.999032,-0.041760,-0.013797,-0.000577,0.011521,-0.039068,-0.003272,0.040131,0.490349,-0.003373,23.667594,23.667594,23.670821,0.502693,0.747608,-0.798326,-0.040132,0.942922
20.600000,1,0,0,2.400000,9.810000,0.900000,30.000000,60.000000,6.000000,-1.104528,-0.994522,1.500000,-1.110764,-0.986470,1.475300,0.694307,-0.072975,0.000000,0.655405,-0.080625,0.004872,0.999032,-0.041429,-0.014758,-0.000612,0.014902,-0.037636,-0.003127,0.045873,0.508451,0.008219,23.670821,23.670821,23.673502,0.502750,0.806893,-0.739550,-0.015529,0.941804
20.650000,1,0,0,2.400000,9.810000,0.900000,30.000000,60.000000,6.000000,-1.069756,-0.997564,1.500000,-1.077932,-0.989884,1.475566,0.696431,-0.048699,0.000000,0.657755,-0.055951,0.005766,0.999035,-0.041016,-0.015683,-0.000644,0.018090,-0.036163,-0.002974,0.054384,0.459496,0.021683,23.673502,23.673502,23.675661,0.502796,0.871106,-0.837785,0.013833,0.940685
20.700000,1,0,0,2.400000,9.810000,0.900000,30.000000,60.000000,6.000000,-1.034899,-0.999391,1.500000,-1.044999,-0.992068,1.475876,0.697706,-0.024364,0.000000,0.659456,-0.031421,0.006627,0.999041,-0.040526,-0.016571,-0.000672,0.021060,-0.034665,-0.002817,0.052046,0.468036,0.036210,23.675661,23.675661,23.677331,0.502832,0.907527,-0.794348,0.046012,0.939569
20.750000,1,0,0,2.400000,9.810000,0.900000,30.000000,60.000000,6.000000,-1.000000,-1.000000,1.500000,-1.011997,-0.993029,1.476228,0.698132,-0.000000,0.000000,0.660510,-0.007069,0.007450,0.999049,-0.039965,-0.017421,-0.000697,0.023789,-0.033157,-0.002657,0.024403,0.471874,0.053537,23.677331,23.677331,23.678547,0.502857,0.881434,-0.758787,0.085163,0.938460
20.800000,1,0,0,2.400000,9.810000,0.900000,30.000000,60.000000,6.000000,-0.965101,-0.999391,1.500000,-0.978959,-0.992778,1.476621,0.697706,0.024364,0.000000,0.660918,0.017071,0.008231,0.999059,-0.039338,-0.018233,-0.000718,0.026259,-0.031657,-0.002497,0.024941,0.431578,0.061647,23.678547,23.678547,23.679350,0.502874,0.921193,-0.826033,0.102435,0.937362
20.850000,1,0,0,2.400000,9.810000,0.900000,30.000000,60.000000,6.000000,-0.930244,-0.997564,1.500000,-0.945916,-0.991326,1.477051,0.696431,0.048699,0.000000,0.660684,0.040969,0.008963,0.999072,-0.038654,-0.019008,-0.000735,0.028452,-0.030178,-0.002339,0.024754,0.383349,0.042997,23.679350,23.679350,23.679782,0.502884,0.957444,-0.909529,0.055715,0.936279
20.900000,1,0,0,2.400000,9.810000,0.900000,30.000000,60.000000,6.000000,-0.895472,-0.994522,1.500000,-0.912901,-0.988686,1.477516,0.694307,0.072975,0.000000,0.659806,0.064596,0.009644,0.999085,-0.037918,-0.019747,-0.000749,0.030355,-0.028736,-0.002184,0.019095,0.355190,0.061925,23.679782,23.679782,23.679890,0.502886,0.978829,-0.942405,0.099400,0.935214
20.950000,1,0,0,2.400000,9.810000,0.900000,30.000000,60.000000,6.000000,-0.860827,-0.990268,1.500000,-0.879946,-0.984872,1.478014,0.691338,0.097161,0.000000,0.658286,0.087929,0.010267,0.999101,-0.037139,-0.020450,-0.000760,0.031959,-0.027344,-0.002036,0.001698,0.338594,0.049663,23.679890,23.679890,23.679723,0.502882,0.970358,-0.945426,0.068431,0.934170
21.000000,1,0,0,2.400000,9.810000,0.900000,30.000000,60.000000,6.000000,-0.826352,-0.984808,1.500000,-0.847083,-0.979898,1.478542,0.687526,0.121229,0.000000,0.656123,0.110945,0.010831,0.999117,-0.036323,-0.021118,-0.000768,0.033258,-0.026017,-0.001894,-0.008896,0.353280,0.024186,23.679723,23.679723,23.679330,0.502874,0.976599,-0.871633,0.005930,0.933153
21.050000,1,0,0,2.400000,9.810000,0.900000,30.000000,60.000000,6.000000,-0.792088,-0.978148,1.500000,-0.814345,-0.973783,1.479096,0.682876,0.145150,0.000000,0.653315,0.133624,0.011332,0.999133,-0.035479,-0.021755,-0.000773,0.034249,-0.024767,-0.001761,-0.002120,0.345238,0.040610,23.679330,23.679330,23.678760,0.502862,1.022996,-0.851016,0.044162,0.932164
21.100000,1,0,0,2.400000,9.810000,0.900000,30.000000,60.000000,6.000000,-0.758078,-0.970296,1.500000,-0.781762,-0.966542,1.479674,0.677394,0.168893,0.000000,0.649862,0.155949,0.011766,0.999150,-0.034614,-0.022361,-0.000775,0.034934,-0.023604,-0.001637,-0.009346,0.359819,0.022618,23.678760,23.678760,23.678061,0.502847,1.034353,-0.775098,-0.000056,0.931207
21.150000,1,0,0,2.400000,9.810000,0.900000,30.000000,60.000000,6.000000,-0.724363,-0.961262,1.500000,-0.749369,-0.958194,1.480272,0.671087,0.192431,0.000000,0.645761,0.177905,0.012131,0.999167,-0.033736,-0.022939,-0.000775,0.035318,-0.022541,-0.001524,-0.028311,0.358201,0.048593,23.678061,23.678061,23.677284,0.502831,1.016210,-0.737414,0.061376,0.930285
21.200000,1,0,0,2.400000,9.810000,0.900000,30.000000,60.000000,6.000000,-0.690983,-0.951057,1.500000,-0.717197,-0.948758,1.480886,0.663963,0.215735,0.000000,0.641009,0.199481,0.012426,0.999184,-0.032851,-0.023492,-0.000772,0.035409,-0.021586,-0.001421,-0.048397,0.353403,0.036141,23.677284,23.677284,23.676473,0.502813,0.994180,-0.707077,0.030692,0.929400
21.250000,1,0,0,2.400000,9.810000,0.900000,30.000000,60.000000,6.000000,-0.657980,-0.939693,1.500000,-0.685279,-0.938252,1.481513,0.656029,0.238775,0.000000,0.635603,0.220667,0.012650,0.999200,-0.031968,-0.024022,-0.000769,0.035220,-0.020746,-0.001329,-0.090410,0.344198,0.021178,23.676473,23.676473,23.675674,0.502796,0.918455,-0.687371,-0.005927,0.928557
21.300000,1,0,0,2.400000,9.810000,0.900000,30.000000,60.000000,6.000000,-0.625393,-0.927184,1.500000,-0.653648,-0.926698,1.482150,0.647296,0.261525,0.000000,0.629539,0.241454,0.012800,0.999215,-0.031093,-0.024533,-0.000763,0.034767,-0.020030,-0.001248,-0.089701,0.362014,0.027386,23.675674,23.675674,23.674930,0.502781,0.944341,-0.603193,0.008330,0.927756
21.350000,1,0,0,2.400000,9.810000,0.900000,30.000000,60.000000,6.000000,-0.593263,-0.913545,1.500000,-0.622336,-0.914114,1.482792,0.637775,0.283956,0.000000,0.622815,0.261837,0.012877,0.999229,-0.030232,-0.025027,-0.000757,0.034069,-0.019441,-0.001177,-0.109845,0.337664,0.024946,23.674930,23.674930,23.674280,0.502767,0.919402,-0.620899,0.001876,0.927001
21.400000,1,0,0,2.400000,9.810000,0.900000,30.000000,60.000000,6.000000,-0.561629,-0.898794,1.500000,-0.591377,-0.900521,1.483436,0.627477,0.306041,0.000000,0.615426,0.281811,0.012882,0.999242,-0.029392,-0.025508,-0.000750,0.033147,-0.018983,-0.001118,-0.114236,0.349529,0.013242,23.674280,23.674280,23.673761,0.502756,0.931650,-0.552651,-0.026787,0.926293
21.450000,1,0,0,2.400000,9.810000,0.900000,30.000000,60.000000,6.000000,-0.530528,-0.882948,1.500000,-0.560805,-0.885940,1.484079,0.616414,0.327753,0.000000,0.607368,0.301373,0.012814,0.999254,-0.028577,-0.025979,-0.000743,0.032027,-0.018659,-0.001068,-0.154361,0.342820,0.038113,23.673761,23.673761,23.673409,0.502748,0.857675,-0.530197,0.032333,0.925635
21.500000,1,0,0,2.400000,9.810000,0.900000,30.000000,60.000000,6.000000,-0.500000,-0.866025,1.500000,-0.530652,-0.870390,1.484716,0.604600,0.349066,0.000000,0.598637,0.320522,0.012674,0.999264,-0.027793,-0.026444,-0.000735,0.030735,-0.018469,-0.001028,-0.195251,0.331300,0.038784,23.673409,23.673409,23.673255,0.502745,0.781560,-0.520722,0.033354,0.925027
21.550000,1,0,0,2.400000,9.810000,0.900000,30.000000,60.000000,6.000000,-0.470081,-0.848048,1.500000,-0.500952,-0.853894,1.485345,0.592049,0.369953,0.000000,0.589231,0.339257,0.012466,0.999272,-0.027042,-0.026906,-0.000728,0.029301,-0.018412,-0.000997,-0.190620,0.351521,-0.002168,23.673255,23.673255,23.673328,0.502747,0.814554,-0.436694,-0.065559,0.924471
21.600000,1,0,0,2.400000,9.810000,0.900000,30.000000,60.000000,6.000000,-0.440807,-0.829038,1.500000,-0.471740,-0.836472,1.485962,0.578777,0.390390,0.000000,0.579144,0.357578,0.012190,0.999278,-0.026329,-0.027368,-0.000721,0.027755,-0.018486,-0.000975,-0.195484,0.354301,-0.023645,23.673328,23.673328,23.673654,0.502753,0.824775,-0.396296,-0.117792,0.923968
21.650000,1,0,0,2.400000,9.810000,0.900000,30.000000,60.000000,6.000000,-0.412215,-0.809017,1.500000,-0.443049,-0.818143,1.486563,0.564800,0.410352,0.000000,0.568376,0.375485,0.011850,0.999283,-0.025655,-0.027833,-0.000715,0.026130,-0.018686,-0.000960,-0.191419,0.361624,-0.013332,23.673654,23.673654,23.674256,0.502766,0.856595,-0.346883,-0.093808,0.923519
21.700000,1,0,0,2.400000,9.810000,0.900000,30.000000,60.000000,6.000000,-0.384339,-0.788011,1.500000,-0.414914,-0.798930,1.487146,0.550135,0.429813,0.000000,0.556922,0.392980,0.011448,0.999286,-0.025023,-0.028305,-0.000709,0.024458,-0.019006,-0.000952,-0.232782,0.426230,-0.009123,23.674256,23.674256,23.675156,0.502785,0.779705,-0.161955,-0.084571,0.923124
21.750000,1,0,0,2.400000,9.810000,0.900000,30.000000,60.000000,6.000000,-0.357212,-0.766044,1.500000,-0.387368,-0.778852,1.487707,0.534800,0.448750,0.000000,0.544782,0.410064,0.010988,0.999287,-0.024433,-0.028786,-0.000704,0.022773,-0.019441,-0.000951,-0.237173,0.403258,0.013140,23.675156,23.675156,23.676369,0.502811,0.792005,-0.189210,-0.032118,0.922784
21.800000,1,0,0,2.400000,9.810000,0.900000,30.000000,60.000000,6.000000,-0.330869,-0.743145,1.500000,-0.360447,-0.757930,1.488244,0.518813,0.467141,0.000000,0.531955,0.426736,0.010474,0.999286,-0.023884,-0.029279,-0.000700,0.021108,-0.019980,-0.000956,-0.215580,0.392018,0.007567,23.676369,23.676369,23.677913,0.502844,0.867254,-0.190306,-0.046602,0.922499
21.850000,1,0,0,2.400000,9.810000,0.900000,30.000000,60.000000,6.000000,-0.305342,-0.719340,1.500000,-0.334184,-0.736185,1.488753,0.502194,0.484963,0.000000,0.518441,0.442998,0.009910,0.999283,-0.023377,-0.029787,-0.000697,0.019495,-0.020614,-0.000965,-0.250300,0.411042,0.047183,23.677913,23.677913,23.679798,0.502884,0.808063,-0.120722,0.047221,0.922267
21.900000,1,0,0,2.400000,9.810000,0.900000,30.000000,60.000000,6.000000,-0.280660,-0.694658,1.500000,-0.308614,-0.713637,1.489234,0.484963,0.502194,0.000000,0.504240,0.458848,0.009301,0.999278,-0.022909,-0.030311,-0.000695,0.017966,-0.021333,-0.000979,-0.222546,0.388640,0.060408,23.679798,23.679798,23.682033,0.502931,0.899626,-0.152432,0.077550,0.922089
21.950000,1,0,0,2.400000,9.810000,0.900000,30.000000,60.000000,6.000000,-0.256855,-0.669131,1.500000,-0.283772,-0.690307,1.489683,0.467141,0.518813,0.000000,0.489357,0.474285,0.008653,0.999271,-0.022478,-0.030855,-0.000694,0.016552,-0.022124,-0.000996,-0.252229,0.378027,0.065742,23.682033,23.682033,23.684626,0.502986,0.854252,-0.157604,0.088769,0.921964
22.000000,1,0,0,2.400000,9.810000,0.900000,30.000000,60.000000,6.000000,-0.233956,-0.642788,1.500000,-0.259690,-0.666216,1.490099,0.448750,0.534800,0.000000,0.473793,0.489306,0.007969,0.999262,-0.022080,-0.031419,-0.000694,0.015282,-0.022974,-0.001016,-0.296404,0.329115,0.052716,23.684626,23.684626,23.687579,0.503049,0.775091,-0.256295,0.055745,0.921891
22.050000,1,0,0,2.400000,9.810000,0.900000,30.000000,60.000000,6.000000,-0.211989,-0.615661,1.500000,-0.236404,-0.641384,1.490479,0.429813,0.550135,0.000000,0.457555,0.503908,0.007256,0.999252,-0.021712,-0.032005,-0.000695,0.014181,-0.023869,-0.001038,-0.323211,0.317739,0.041118,23.687579,23.687579,23.690893,0.503120,0.738669,-0.266315,0.025964,0.921868
22.100000,1,0,0,2.400000,9.810000,0.900000,30.000000,60.000000,6.000000,-0.190983,-0.587785,1.500000,-0.213946,-0.615832,1.490824,0.410352,0.564800,0.000000,0.440649,0.518086,0.006519,0.999239,-0.021369,-0.032613,-0.000697,0.013275,-0.024794,-0.001061,-0.353071,0.324797,0.022869,23.690893,23.690893,23.694565,0.503198,0.696020,-0.233293,-0.019975,0.921893
22.150000,1,0,0,2.400000,9.810000,0.900000,30.000000,60.000000,6.000000,-0.170962,-0.559193,1.500000,-0.192350,-0.589582,1.491131,0.390390,0.578777,0.000000,0.423084,0.531832,0.005765,0.999225,-0.021046,-0.033245,-0.000700,0.012584,-0.025734,-0.001085,-0.357372,0.298162,0.035421,23.694565,23.694565,23.698590,0.503283,0.715845,-0.282091,0.007812,0.921966
22.200000,1,0,0,2.400000,9.810000,0.900000,30.000000,60.000000,6.000000,-0.151952,-0.529919,1.500000,-0.171648,-0.562656,1.491400,0.369953,0.592049,0.000000,0.404870,0.545138,0.004999,0.999210,-0.020737,-0.033900,-0.000704,0.012126,-0.026673,-0.001108,-0.364345,0.261942,-0.010680,23.698590,23.698590,23.702957,0.503376,0.730398,-0.354587,-0.105367,0.922083
22.250000,1,0,0,2.400000,9.810000,0.900000,30.000000,60.000000,6.000000,-0.133975,-0.500000,1.500000,-0.151873,-0.535076,1.491631,0.349066,0.604600,0.000000,0.386018,0.557995,0.004227,0.999193,-0.020437,-0.034579,-0.000707,0.011916,-0.027595,-0.001129,-0.387407,0.258981,-0.009997,23.702957,23.702957,23.707656,0.503476,0.707469,-0.347665,-0.106466,0.922242
22.300000,1,0,0,2.400000,9.810000,0.900000,30.000000,60.000000,6.000000,-0.117052,-0.469472,1.500000,-0.133057,-0.506864,1.491823,0.327753,0.616414,0.000000,0.366544,0.570389,0.003455,0.999174,-0.020139,-0.035280,-0.000711,0.011965,-0.028485,-0.001149,-0.386329,0.271169,-0.012948,23.707656,23.707656,23.712670,0.503582,0.743583,-0.304489,-0.116482,0.922441
22.350000,1,0,0,2.400000,9.810000,0.900000,30.000000,60.000000,6.000000,-0.101206,-0.438371,1.500000,-0.115229,-0.478045,1.491976,0.306041,0.627477,0.000000,0.346461,0.582308,0.002689,0.999155,-0.019836,-0.036003,-0.000715,0.012281,-0.029326,-0.001165,-0.404171,0.254946,0.017876,23.712670,23.712670,23.717982,0.503695,0.735346,-0.329291,-0.045634,0.922678
22.400000,1,0,0,2.400000,9.810000,0.900000,30.000000,60.000000,6.000000,-0.086455,-0.406737,1.500000,-0.098420,-0.448642,1.492092,0.283956,0.637775,0.000000,0.325790,0.593736,0.001936,0.999134,-0.019522,-0.036747,-0.000718,0.012867,-0.030101,-0.001177,-0.422940,0.238682,-0.013653,23.717982,23.717982,23.723569,0.503813,0.725876,-0.353661,-0.124618,0.922949
22.450000,1,0,0,2.400000,9.810000,0.900000,30.000000,60.000000,6.000000,-0.072816,-0.374607,1.500000,-0.082659,-0.418680,1.492170,0.261525,0.647296,0.000000,0.304548,0.604655,0.001201,0.999112,-0.019190,-0.037508,-0.000720,0.013723,-0.030797,-0.001183,-0.441171,0.218832,0.006592,23.723569,23.723569,23.729409,0.503937,0.718604,-0.385790,-0.079525,0.923251
22.500000,1,0,0,2.400000,9.810000,0.900000,30.000000,60.000000,6.000000,-0.060307,-0.342020,1.500000,-0.067975,-0.388185,1.492212,0.238775,0.656029,0.000000,0.282759,0.615047,0.000490,0.999089,-0.018833,-0.038286,-0.000722,0.014844,-0.031398,-0.001184,-0.454601,0.208193,0.015116,23.729409,23.729409,23.735473,0.504066,0.723659,-0.394639,-0.062731,0.923581
22.550000,1,0,0,2.400000,9.810000,0.900000,30.000000,60.000000,6.000000,-0.048943,-0.309017,1.500000,-0.054392,-0.357184,1.492220,0.215735,0.663963,0.000000,0.260446,0.624890,-0.000192,0.999066,-0.018445,-0.039077,-0.000721,0.016223,-0.031889,-0.001178,-0.446927,0.270930,0.037972,23.735473,23.735473,23.741734,0.504199,0.780045,-0.225900,-0.011700,0.923936
22.600000,1,0,0,2.400000,9.810000,0.900000,30.000000,60.000000,6.000000,-0.038738,-0.275637,1.500000,-0.041938,-0.325706,1.492194,0.192431,0.671087,0.000000,0.237636,0.634163,-0.000839,0.999042,-0.018020,-0.039879,-0.000719,0.017848,-0.032258,-0.001164,-0.459603,0.250027,0.034271,23.741734,23.741734,23.748161,0.504336,0.788139,-0.256113,-0.024550,0.924312
22.650000,1,0,0,2.400000,9.810000,0.900000,30.000000,60.000000,6.000000,-0.029704,-0.241922,1.500000,-0.030637,-0.293778,1.492136,0.168893,0.677394,0.000000,0.214356,0.642841,-0.001446,0.999017,-0.017551,-0.040689,-0.000715,0.019703,-0.032492,-0.001142,-0.478277,0.238502,0.037370,23.748161,23.748161,23.754721,0.504475,0.782230,-0.261748,-0.021206,0.924706
22.700000,1,0,0,2.400000,9.810000,0.900000,30.000000,60.000000,6.000000,-0.021852,-0.207912,1.500000,-0.020510,-0.261432,1.492050,0.145150,0.682876,0.000000,0.190637,0.650900,-0.002008,0.998993,-0.017033,-0.041503,-0.000708,0.021770,-0.032580,-0.001111,-0.517692,0.204348,0.051967,23.754721,23.754721,23.761381,0.504616,0.726766,-0.319352,0.009618,0.925115
22.750000,1,0,0,2.400000,9.810000,0.900000,30.000000,60.000000,6.000000,-0.015192,-0.173648,1.500000,-0.011580,-0.228699,1.491936,0.121229,0.687526,0.000000,0.166510,0.658314,-0.002521,0.998968,-0.016461,-0.042317,-0.000697,0.024026,-0.032512,-0.001072,-0.495189,0.179723,0.048585,23.761381,23.761381,23.768107,0.504759,0.819949,-0.351509,-0.002801,0.925534
22.800000,1,0,0,2.400000,9.810000,0.900000,30.000000,60.000000,6.000000,-0.009732,-0.139173,1.500000,-0.003865,-0.195612,1.491799,0.097161,0.691338,0.000000,0.142010,0.665056,-0.002982,0.998944,-0.015830,-0.043127,-0.000683,0.026447,-0.032278,-0.001023,-0.468102,0.214191,0.016839,23.768107,23.768107,23.774865,0.504903,0.923982,-0.239047,-0.083366,0.925959
22.850000,1,0,0,2.400000,9.810000,0.900000,30.000000,60.000000,6.000000,-0.005478,-0.104528,1.500000,0.002616,-0.162205,1.491639,0.072975,0.694307,0.000000,0.117172,0.671099,-0.003385,0.998920,-0.015137,-0.043930,-0.000666,0.029006,-0.031873,-0.000966,-0.475348,0.182733,0.018947,23.774865,23.774865,23.781619,0.505046,0.945267,-0.281827,-0.082735,0.926388
22.900000,1,0,0,2.400000,9.810000,0.900000,30.000000,60.000000,6.000000,-0.002436,-0.069756,1.500000,0.007847,-0.128514,1.491461,0.048699,0.696431,0.000000,0.092035,0.676414,-0.003728,0.998896,-0.014379,-0.044719,-0.000644,0.031673,-0.031289,-0.000901,-0.480232,0.170455,-0.008079,23.781619,23.781619,23.788335,0.505189,0.971654,-0.275447,-0.152055,0.926817
22.950000,1,0,0,2.400000,9.810000,0.900000,30.000000,60.000000,6.000000,-0.000609,-0.034899,1.500000,0.011815,-0.094576,1.491267,0.024364,0.697706,0.000000,0.066636,0.680975,-0.004009,0.998873,-0.013554,-0.045492,-0.000617,0.034417,-0.030523,-0.000828,-0.502006,0.170895,-0.019448,23.788335,23.788335,23.794979,0.505330,0.956724,-0.235303,-0.183807,0.927241
23.000000,1,0,0,2.400000,9.810000,0.900000,30.000000,60.000000,6.000000,0.000000,-0.000000,1.500000,0.014507,-0.060429,1.491061,0.000000,0.698132,0.000000,0.041017,0.684752,-0.004225,0.998850,-0.012659,-0.046244,-0.000586,0.037204,-0.029572,-0.000750,-0.535049,0.146804,-0.024248,23.794979,23.794979,23.801518,0.505469,0.913745,-0.250714,-0.199778,0.927657
23.050000,1,0,0,2.400000,9.810000,0.900000,30.000000,60.000000,6.000000,-0.000609,0.034899,1.500000,0.015914,-0.026114,1.490846,-0.024364,0.697706,0.000000,0.015219,0.687720,-0.004373,0.998828,-0.011695,-0.046969,-0.000550,0.040002,-0.028435,-0.000666,-0.519144,0.130238,-0.010272,23.801518,23.801518,23.807919,0.505605,0.987009,-0.244709,-0.170641,0.928062
23.100000,1,0,0,2.400000,9.810000,0.900000,30.000000,60.000000,6.000000,-0.002436,0.069756,1.500000,0.016027,0.008329,1.490625,-0.048699,0.696431,0.000000,-0.010713,0.689850,-0.004454,0.998806,-0.010661,-0.047664,-0.000509,0.042774,-0.027113,-0.000579,-0.515175,0.080085,0.004670,23.807919,23.807919,23.814151,0.505737,1.030172,-0.315968,-0.139122,0.928452
23.150000,1,0,0,2.400000,9.810000,0.900000,30.000000,60.000000,6.000000,-0.005478,0.104528,1.500000,0.014841,0.042857,1.490402,-0.072975,0.694307,0.000000,-0.036737,0.691117,-0.004465,0.998786,-0.009558,-0.048323,-0.000462,0.045488,-0.025608,-0.000490,-0.518336,0.059068,0.005897,23.814151,23.814151,23.820184,0.505865,1.054543,-0.313998,-0.140429,0.928823
23.200000,1,0,0,2.400000,9.810000,0.900000,30.000000,60.000000,6.000000,-0.009732,0.139173,1.500000,0.012352,0.077426,1.490180,-0.097161,0.691338,0.000000,-0.062807,0.691496,-0.004407,0.998766,-0.008389,-0.048943,-0.000411,0.048108,-0.023924,-0.000402,-0.521748,0.030722,0.000595,23.820184,23.820184,23.825988,0.505989,1.076408,-0.326404,-0.157285,0.929173
23.250000,1,0,0,2.400000,9.810000,0.900000,30.000000,60.000000,6.000000,-0.015192,0.173648,1.500000,0.008560,0.111991,1.489962,-0.121229,0.687526,0.000000,-0.088876,0.690965,-0.004279,0.998748,-0.007156,-0.049518,-0.000355,0.050602,-0.022066,-0.000316,-0.516793,-0.030206,-0.004632,23.825988,23.825988,23.831535,0.506106,1.116234,-0.413924,-0.173821,0.929499
23.300000,1,0,0,2.400000,9.810000,0.900000,30.000000,60.000000,6.000000,-0.021852,0.207912,1.500000,0.003465,0.146507,1.489753,-0.145150,0.682876,0.000000,-0.114899,0.689503,-0.004083,0.998730,-0.005863,-0.050044,-0.000294,0.052935,-0.020042,-0.000235,-0.509234,-0.019318,-0.010192,23.831535,23.831535,23.836797,0.506218,1.159984,-0.326175,-0.190989,0.929796
23.350000,1,0,0,2.400000,9.810000,0.900000,30.000000,60.000000,6.000000,-0.029704,0.241922,1.500000,-0.002928,0.180926,1.489555,-0.168893,0.677394,0.000000,-0.140828,0.687089,-0.003820,0.998713,-0.004514,-0.050518,-0.000228,0.055078,-0.017861,-0.000161,-0.509309,-0.020086,0.015238,23.836797,23.836797,23.841747,0.506323,1.182886,-0.263696,-0.133587,0.930063
23.400000,1,0,0,2.400000,9.810000,0.900000,30.000000,60.000000,6.000000,-0.038738,0.275637,1.500000,-0.010615,0.215199,1.489372,-0.192431,0.671087,0.000000,-0.166616,0.683707,-0.003491,0.998697,-0.003115,-0.050935,-0.000159,0.057001,-0.015532,-0.000097,-0.518355,-0.055247,0.013871,23.841747,23.841747,23.846359,0.506421,1.181540,-0.281300,-0.140282,0.930297
23.450000,1,0,0,2.400000,9.810000,0.900000,30.000000,60.000000,6.000000,-0.048943,0.309017,1.500000,-0.019587,0.249280,1.489207,-0.215735,0.663963,0.000000,-0.192217,0.679343,-0.003099,0.998682,-0.001670,-0.051293,-0.000086,0.058678,-0.013067,-0.000044,-0.533799,-0.067247,0.004779,23.846359,23.846359,23.850606,0.506511,1.161952,-0.241140,-0.165277,0.930495
23.500000,1,0,0,2.400000,9.810000,0.900000,30.000000,60.000000,6.000000,-0.060307,0.342020,1.500000,-0.029833,0.283117,1.489063,-0.238775,0.656029,0.000000,-0.217582,0.673984,-0.002646,0.998668,-0.000187,-0.051587,-0.000010,0.060084,-0.010479,-0.000004,-0.528415,-0.084873,-0.006189,23.850606,23.850606,23.854464,0.506593,1.189297,-0.212615,-0.194513,0.930656
23.550000,1,0,0,2.400000,9.810000,0.900000,30.000000,60.000000,6.000000,-0.072816,0.374607,1.500000,-0.041340,0.316662,1.488943,-0.261525,0.647296,0.000000,-0.242665,0.667623,-0.002136,0.998656,0.001328,-0.051815,0.000069,0.061198,-0.007782,0.000021,-0.506955,-0.110513,-0.003249,23.854464,23.854464,23.857905,0.506666,1.252033,-0.201795,-0.190087,0.930776
23.600000,1,0,0,2.400000,9.810000,0.900000,30.000000,60.000000,6.000000,-0.086455,0.406737,1.500000,-0.054094,0.349863,1.488850,-0.283956,0.637775,0.000000,-0.267421,0.660253,-0.001571,0.998644,0.002866,-0.051975,0.000149,0.062002,-0.004991,0.000029,-0.511461,-0.136405,0.007252,23.857905,23.857905,23.860906,0.506730,1.249128,-0.190413,-0.167210,0.930855
23.650000,1,0,0,2.400000,9.810000,0.900000,30.000000,60.000000,6.000000,-0.101206,0.438371,1.500000,-0.068076,0.382670,1.488787,-0.306041,0.627477,0.000000,-0.291803,0.651873,-0.000957,0.998634,0.004421,-0.052063,0.000230,0.062481,-0.002122,0.000019,-0.499682,-0.145213,0.027579,23.860906,23.860906,23.863440,0.506784,1.281879,-0.137248,-0.120428,0.930891
23.700000,1,0,0,2.400000,9.810000,0.900000,30.000000,60.000000,6.000000,-0.117052,0.469472,1.500000,-0.083267,0.415033,1.488756,-0.327753,0.616414,0.000000,-0.315767,0.642482,-0.000297,0.998625,0.005983,-0.052079,0.000312,0.062624,0.000809,-0.000010,-0.495330,-0.161012,0.006364,23.863440,23.863440,23.865482,0.506827,1.293291,-0.100477,-0.173010,0.930882
23.750000,1,0,0,2.400000,9.810000,0.900000,30.000000,60.000000,6.000000,-0.133975,0.500000,1.500000,-0.099645,0.446902,1.488758,-0.349066,0.604600,0.000000,-0.339270,0.632086,0.000404,0.998617,0.007545,-0.052022,0.000393,0.062423,0.003783,-0.000057,-0.487506,-0.183181,0.044492,23.865482,23.865482,23.867007,0.506860,1.309456,-0.079023,-0.082811,0.930827
23.800000,1,0,0,2.400000,9.810000,0.900000,30.000000,60.000000,6.000000,-0.151952,0.529919,1.500000,-0.117186,0.478225,1.488797,-0.369953,0.592049,0.000000,-0.362269,0.620693,0.001141,0.998611,0.009097,-0.051889,0.000473,0.061875,0.006783,-0.000124,-0.502109,-0.200793,0.034776,23.867007,23.867007,23.867991,0.506881,1.268171,-0.047078,-0.107072,0.930727
23.850000,1,0,0,2.400000,9.810000,0.900000,30.000000,60.000000,6.000000,-0.170962,0.559193,1.500000,-0.135863,0.508955,1.488873,-0.390390,0.578777,0.000000,-0.384723,0.608314,0.001909,0.998607,0.010632,-0.051681,0.000550,0.060979,0.009790,-0.000208,-0.440785,-0.224820,0.009182,23.867991,23.867991,23.868412,0.506889,1.405464,-0.031397,-0.169057,0.930579
23.900000,1,0,0,2.400000,9.810000,0.900000,30.000000,60.000000,6.000000,-0.190983,0.587785,1.500000,-0.155648,0.539041,1.488988,-0.410352,0.564800,0.000000,-0.406592,0.594964,0.002702,0.998604,0.012140,-0.051399,0.000625,0.059740,0.012786,-0.000311,-0.404850,-0.278379,0.016399,23.868412,23.868412,23.868246,0.506886,1.478180,-0.087881,-0.151907,0.930385
23.950000,1,0,0,2.400000,9.810000,0.900000,30.000000,60.000000,6.000000,-0.211989,0.615661,1.500000,-0.176512,0.568435,1.489143,-0.429813,0.550135,0.000000,-0.427840,0.580663,0.003514,0.998604,0.013612,-0.051041,0.000696,0.058166,0.015751,-0.000430,-0.373489,-0.323377,0.024287,23.868246,23.868246,23.867475,0.506870,1.536302,-0.125514,-0.132750,0.930143
24.000000,1,0,0,2.400000,9.810000,0.900000,30.000000,60.000000,6.000000,-0.233956,0.642788,1.500000,-0.198421,0.597091,1.489339,-0.448750,0.534800,0.000000,-0.448431,0.565432,0.004340,0.998605,0.015042,-0.050610,0.000762,0.056268,0.018668,-0.000563,-0.346508,-0.338564,0.020368,23.867475,23.867475,23.866080,0.506840,1.580341,-0.093700,-0.141522,0.929855
24.050000,1,0,0,2.400000,9.810000,0.900000,30.000000,60.000000,6.000000,-0.256855,0.669131,1.500000,-0.221343,0.624963,1.489577,-0.467141,0.518813,0.000000,-0.468330,0.549298,0.005173,0.998609,0.016420,-0.050107,0.000824,0.054060,0.021518,-0.000708,-0.369857,-0.328465,0.010267,23.866080,23.866080,23.864046,0.506797,1.500089,-0.003680,-0.164729,0.929520
24.100000,1,0,0,2.400000,9.810000,0.900000,30.000000,60.000000,6.000000,-0.280660,0.694658,1.500000,-0.245242,0.652007,1.489857,-0.484963,0.502194,0.000000,-0.487505,0.532289,0.006008,0.998615,0.017739,-0.049534,0.000880,0.051562,0.024283,-0.000863,-0.358004,-0.368789,0.021604,23.864046,23.864046,23.861362,0.506740,1.500920,-0.037519,-0.136072,0.929140
24.150000,1,0,0,2.400000,9.810000,0.900000,30.000000,60.000000,6.000000,-0.305342,0.719340,1.500000,-0.270081,0.678178,1.490178,-0.502194,0.484963,0.000000,-0.505928,0.514438,0.006838,0.998623,0.018993,-0.048892,0.000930,0.048794,0.026944,-0.001025,-0.350684,-0.381697,0.000950,23.861362,23.861362,23.858021,0.506669,1.487585,-0.008742,-0.183787,0.928717
24.200000,1,0,0,2.400000,9.810000,0.900000,30.000000,60.000000,6.000000,-0.330869,0.743145,1.500000,-0.295822,0.703437,1.490540,-0.518813,0.467141,0.000000,-0.523571,0.495780,0.007658,0.998634,0.020175,-0.048186,0.000973,0.045781,0.029486,-0.001192,-0.312262,-0.403719,-0.037966,23.858021,23.858021,23.854019,0.506584,1.545745,-0.005334,-0.274925,0.928250
24.250000,1,0,0,2.400000,9.810000,0.900000,30.000000,60.000000,6.000000,-0.357212,0.766044,1.500000,-0.322425,0.727743,1.490944,-0.534800,0.448750,0.000000,-0.540408,0.476353,0.008461,0.998648,0.021279,-0.047418,0.001010,0.042550,0.031892,-0.001360,-0.311769,-0.432728,-0.021350,23.854019,23.854019,23.849357,0.506485,1.509885,-0.022465,-0.232387,0.927742
24.300000,1,0,0,2.400000,9.810000,0.900000,30.000000,60.000000,6.000000,-0.384339,0.788011,1.500000,-0.349849,0.751060,1.491386,-0.550135,0.429813,0.000000,-0.556417,0.456198,0.009242,0.998665,0.022300,-0.046591,0.001040,0.039130,0.034146,-0.001526,-0.268983,-0.436280,-0.034059,23.849357,23.849357,23.844044,0.506372,1.572716,0.017484,-0.259836,0.927195
24.350000,1,0,0,2.400000,9.810000,0.900000,30.000000,60.000000,6.000000,-0.412215,0.809017,1.500000,-0.378053,0.773352,1.491867,-0.564800,0.410352,0.000000,-0.571579,0.435359,0.009994,0.998684,0.023233,-0.045711,0.001063,0.035553,0.036236,-0.001687,-0.268464,-0.444162,-0.014877,23.844044,23.844044,23.838090,0.506246,1.531487,0.042814,-0.210366,0.926610
24.400000,1,0,0,2.400000,9.810000,0.900000,30.000000,60.000000,6.000000,-0.440807,0.829038,1.500000,-0.406993,0.794585,1.492385,-0.578777,0.390390,0.000000,-0.585874,0.413880,0.010712,0.998706,0.024076,-0.044780,0.001080,0.031850,0.038147,-0.001840,-0.274748,-0.463296,-0.047690,23.838090,23.838090,23.831515,0.506106,1.471523,0.036751,-0.285309,0.925991
24.450000,1,0,0,2.400000,9.810000,0.900000,30.000000,60.000000,6.000000,-0.470081,0.848048,1.500000,-0.436626,0.814730,1.492938,-0.592049,0.369953,0.000000,-0.599288,0.391810,0.011391,0.998731,0.024825,-0.043803,0.001089,0.028057,0.039868,-0.001983,-0.237436,-0.491315,-0.062909,23.831515,23.831515,23.824343,0.505954,1.514014,0.004846,-0.317671,0.925339
24.500000,1,0,0,2.400000,9.810000,0.900000,30.000000,60.000000,6.000000,-0.500000,0.866025,1.500000,-0.466907,0.833757,1.493523,-0.604600,0.349066,0.000000,-0.611808,0.369196,0.012025,0.998759,0.025479,-0.042786,0.001091,0.024207,0.041389,-0.002113,-0.170898,-0.489027,-0.048582,23.824343,23.824343,23.816602,0.505789,1.624704,0.041074,-0.278778,0.924657
24.550000,1,0,0,2.400000,9.810000,0.900000,30.000000,60.000000,6.000000,-0.530528,0.882948,1.500000,-0.497791,0.851641,1.494139,-0.616414,0.327753,0.000000,-0.623424,0.346089,0.012611,0.998789,0.026036,-0.041734,0.001088,0.020337,0.042702,-0.002228,-0.135052,-0.515650,-0.083623,23.816602,23.816602,23.808328,0.505613,1.660049,0.003272,-0.358045,0.923949
24.600000,1,0,0,2.400000,9.810000,0.900000,30.000000,60.000000,6.000000,-0.561629,0.898794,1.500000,-0.529234,0.868359,1.494783,-0.627477,0.306041,0.000000,-0.634128,0.322540,0.013142,0.998821,0.026497,-0.040652,0.001078,0.016480,0.043798,-0.002325,-0.116821,-0.496552,-0.078080,23.808328,23.808328,23.799562,0.505427,1.651685,0.070557,-0.339600,0.923217
24.650000,1,0,0,2.400000,9.810000,0.900000,30.000000,60.000000,6.000000,-0.593263,0.913545,1.500000,-0.561189,0.883889,1.495453,-0.637775,0.283956,0.000000,-0.643914,0.298602,0.013617,0.998856,0.026862,-0.039545,0.001063,0.012672,0.044673,-0.002404,-0.110320,-0.514939,-0.085169,23.799562,23.799562,23.790347,0.505232,1.614011,0.043276,-0.351188,0.922464
24.700000,1,0,0,2.400000,9.810000,0.900000,30.000000,60.000000,6.000000,-0.625393,0.927184,1.500000,-0.593610,0.898213,1.496144,-0.647296,0.261525,0.000000,-0.652778,0.274325,0.014029,0.998893,0.027133,-0.038419,0.001044,0.008947,0.045322,-0.002464,-0.141035,-0.508330,-0.075339,23.790347,23.790347,23.780733,0.505027,1.486128,0.071473,-0.321906,0.921694
24.750000,1,0,0,2.400000,9.810000,0.900000,30.000000,60.000000,6.000000,-0.657980,0.939693,1.500000,-0.626451,0.911317,1.496855,-0.656029,0.238775,0.000000,-0.660721,0.249763,0.014378,0.998931,0.027312,-0.037279,0.001019,0.005336,0.045745,-0.002503,-0.125113,-0.502400,-0.076334,23.780733,23.780733,23.770773,0.504816,1.469559,0.093650,-0.318359,0.920910
24.800000,1,0,0,2.400000,9.810000,0.900000,30.000000,60.000000,6.000000,-0.690983,0.951057,1.500000,-0.659667,0.923186,1.497581,-0.663963,0.215735,0.000000,-0.667743,0.224967,0.014658,0.998971,0.027403,-0.036132,0.000991,0.001872,0.045939,-0.002522,-0.107119,-0.500167,-0.059278,23.770773,23.770773,23.760522,0.504598,1.457627,0.102724,-0.271275,0.920117
24.850000,1,0,0,2.400000,9.810000,0.900000,30.000000,60.000000,6.000000,-0.724363,0.961262,1.500000,-0.693210,0.933810,1.498319,-0.671087,0.192431,0.000000,-0.673848,0.199990,0.014869,0.999012,0.027409,-0.034983,0.000960,-0.001417,0.045907,-0.002521,-0.083625,-0.530484,-0.044627,23.760522,23.760522,23.750036,0.504376,1.458830,0.029653,-0.229769,0.919316
24.900000,1,0,0,2.400000,9.810000,0.900000,30.000000,60.000000,6.000000,-0.758078,0.970296,1.500000,-0.727036,0.943183,1.499066,-0.677394,0.168893,0.000000,-0.679041,0.174881,0.015009,0.999053,0.027336,-0.033837,0.000926,-0.004505,0.045653,-0.002500,-0.034790,-0.540218,-0.042014,23.750036,23.750036,23.739375,0.504149,1.521059,0.002184,-0.216989,0.918513
24.950000,1,0,0,2.400000,9.810000,0.900000,30.000000,60.000000,6.000000,-0.792088,0.978148,1.500000,-0.761099,0.951297,1.499819,-0.682876,0.145150,0.000000,-0.683328,0.149690,0.015075,0.999095,0.027188,-0.032701,0.000890,-0.007368,0.045181,-0.002461,-0.000292,-0.574755,-0.036358,23.739375,23.739375,23.728596,0.503920,1.549348,-0.088347,-0.196766,0.917711
25.000000,1,0,0,2.400000,9.810000,0.900000,30.000000,60.000000,6.000000,-0.826352,0.984808,1.500000,-0.795354,0.958151,1.500573,-0.687526,0.121229,0.000000,-0.686719,0.124465,0.015068,0.999137,0.026972,-0.031579,0.000852,-0.009983,0.044497,-0.002404,0.029663,-0.572479,-0.043057,23.728596,23.728596,23.717759,0.503690,1.567463,-0.093773,-0.206083,0.916914
25.050000,1,0,0,2.400000,9.810000,0.900000,30.000000,60.000000,6.000000,-0.860827,0.990268,1.500000,-0.829757,0.963744,1.501324,-0.691338,0.097161,0.000000,-0.689225,0.099253,0.014986,0.999179,0.026693,-0.030477,0.000814,-0.012335,0.043612,-0.002332,0.055531,-0.552810,-0.024202,23.717759,23.717759,23.706920,0.503460,1.576745,-0.060394,-0.153984,0.916126
25.100000,1,0,0,2.400000,9.810000,0.900000,30.000000,60.000000,6.000000,-0.895472,0.994522,1.500000,-0.864262,0.968077,1.502070,-0.694307,0.072975,0.000000,-0.690857,0.074099,0.014831,0.999220,0.026360,-0.029399,0.000776,-0.014409,0.042534,-0.002246,0.011568,-0.532406,-0.014272,23.706920,23.706920,23.696135,0.503231,1.419640,-0.027860,-0.123249,0.915349
25.150000,1,0,0,2.400000,9.810000,0.900000,30.000000,60.000000,6.000000,-0.930244,0.997564,1.500000,-0.898828,0.971155,1.502806,-0.696431,0.048699,0.000000,-0.691629,0.049045,0.014602,0.999260,0.025978,-0.028351,0.000737,-0.016193,0.041275,-0.002148,0.004119,-0.492971,-0.022536,23.696135,23.696135,23.685455,0.503004,1.351601,0.048083,-0.136146,0.914589
25.200000,1,0,0,2.400000,9.810000,0.900000,30.000000,60.000000,6.000000,-0.965101,0.999391,1.500000,-0.933411,0.972984,1.503529,-0.697706,0.024364,0.000000,-0.691555,0.024132,0.014302,0.999299,0.025554,-0.027336,0.000699,-0.017682,0.039850,-0.002039,0.020283,-0.510700,-0.007250,23.685455,23.685455,23.674931,0.502781,1.341869,-0.015084,-0.092522,0.913848
25.250000,1,0,0,2.400000,9.810000,0.900000,30.000000,60.000000,6.000000,-1.000000,1.000000,1.500000,-0.967970,0.973572,1.504235,-0.698132,0.000000,0.000000,-0.690650,-0.000603,0.013931,0.999337,0.025098,-0.026359,0.000662,-0.018871,0.038271,-0.001924,0.056437,-0.518602,0.006221,23.674931,23.674931,23.664609,0.502561,1.381940,-0.056224,-0.053277,0.913131
25.300000,1,0,0,2.400000,9.810000,0.900000,30.000000,60.000000,6.000000,-1.034899,0.999391,1.500000,-1.002462,0.972927,1.504921,-0.697706,-0.024364,0.000000,-0.688931,-0.025123,0.013492,0.999373,0.024615,-0.025423,0.000626,-0.019763,0.036554,-0.001802,0.048191,-0.555501,-0.000776,23.664609,23.664609,23.654529,0.502347,1.317443,-0.168157,-0.063202,0.912441
25.350000,1,0,0,2.400000,9.810000,0.900000,30.000000,60.000000,6.000000,-1.069756,0.997564,1.500000,-1.036849,0.971063,1.505583,-0.696431,-0.048699,0.000000,-0.686416,-0.049397,0.012987,0.999408,0.024114,-0.024532,0.000592,-0.020361,0.034718,-0.001676,0.094015,-0.562853,-0.017374,23.654529,23.654529,23.644732,0.502139,1.384861,-0.210025,-0.096247,0.911781
25.400000,1,0,0,2.400000,9.810000,0.900000,30.000000,60.000000,6.000000,-1.104528,0.994522,1.500000,-1.071091,0.967992,1.506219,-0.694307,-0.072975,0.000000,-0.683122,-0.073393,0.012421,0.999441,0.023601,-0.023688,0.000559,-0.020673,0.032778,-0.001549,0.084190,-0.562366,-0.031099,23.644732,23.644732,23.635249,0.501938,1.320996,-0.233585,-0.122494,0.911154
25.450000,1,0,0,2.400000,9.810000,0.900000,30.000000,60.000000,6.000000,-1.139173,0.990268,1.500000,-1.105149,0.963729,1.506824,-0.691338,-0.097161,0.000000,-0.679067,-0.097084,0.011795,0.999471,0.023084,-0.022894,0.000529,-0.020713,0.030753,-0.001421,0.089554,-0.523295,-0.054372,23.635249,23.635249,23.626110,0.501744,1.295968,-0.164717,-0.171777,0.910564
25.500000,1,0,0,2.400000,9.810000,0.900000,30.000000,60.000000,6.000000,-1.173648,0.984808,1.500000,-1.138985,0.958289,1.507397,-0.687526,-0.121229,0.000000,-0.674270,-0.120446,0.011115,0.999500,0.022569,-0.022151,0.000500,-0.020494,0.028662,-0.001295,0.116702,-0.495026,-0.055998,23.626110,23.626110,23.617341,0.501558,1.325692,-0.121629,-0.169253,0.910014
25.550000,1,0,0,2.400000,9.810000,0.900000,30.000000,60.000000,6.000000,-1.207912,0.978148,1.500000,-1.172564,0.951690,1.507935,-0.682876,-0.145150,0.000000,-0.668749,-0.143456,0.010385,0.999526,0.022063,-0.021461,0.000474,-0.020037,0.026525,-0.001172,0.146702,-0.470042,-0.040617,23.617341,23.617341,23.608961,0.501380,1.364793,-0.085994,-0.126077,0.909506
25.600000,1,0,0,2.400000,9.810000,0.900000,30.000000,60.000000,6.000000,-1.241922,0.970296,1.500000,-1.205849,0.943950,1.508435,-0.677394,-0.168893,0.000000,-0.662524,-0.166095,0.009609,0.999550,0.021570,-0.020824,0.000449,-0.019362,0.024361,-0.001052,0.149012,-0.474095,-0.009519,23.608961,23.608961,23.600988,0.501210,1.340012,-0.119344,-0.045361,0.909043
25.650000,1,0,0,2.400000,9.810000,0.900000,30.000000,60.000000,6.000000,-1.275637,0.961262,1.500000,-1.238805,0.935087,1.508895,-0.671087,-0.192431,0.000000,-0.655612,-0.188346,0.008792,0.999572,0.021097,-0.020242,0.000427,-0.018494,0.022189,-0.000937,0.141301,-0.458353,-0.013123,23.600988,23.600988,23.593433,0.501050,1.293770,-0.104239,-0.048133,0.908628
25.700000,1,0,0,2.400000,9.810000,0.900000,30.000000,60.000000,6.000000,-1.309017,0.951057,1.500000,-1.271399,0.925122,1.509314,-0.663963,-0.215735,0.000000,-0.648033,-0.210195,0.007941,0.999592,0.020648,-0.019715,0.000407,-0.017460,0.020029,-0.000828,0.147469,-0.439480,-0.025441,23.593433,23.593433,23.586306,0.500898,1.283424,-0.080468,-0.072035,0.908262
25.750000,1,0,0,2.400000,9.810000,0.900000,30.000000,60.000000,6.000000,-1.342020,0.939693,1.500000,-1.303597,0.914075,1.509689,-0.656029,-0.238775,0.000000,-0.639804,-0.231631,0.007059,0.999610,0.020226,-0.019241,0.000389,-0.016288,0.017900,-0.000725,0.148039,-0.433706,-0.037415,23.586306,23.586306,23.579612,0.500756,1.262198,-0.086798,-0.095340,0.907948
25.800000,1,0,0,2.400000,9.810000,0.900000,30.000000,60.000000,6.000000,-1.374607,0.927184,1.500000,-1.335369,0.901966,1.510019,-0.647296,-0.261525,0.000000,-0.630944,-0.252643,0.006154,0.999626,0.019835,-0.018819,0.000373,-0.015009,0.015820,-0.000628,0.140710,-0.432318,-0.032491,23.579612,23.579612,23.573351,0.500623,1.224521,-0.102182,-0.078335,0.907687
25.850000,1,0,0,2.400000,9.810000,0.900000,30.000000,60.000000,6.000000,-1.406737,0.913545,1.500000,-1.366682,0.888818,1.510304,-0.637775,-0.283956,0.000000,-0.621469,-0.273225,0.005230,0.999640,0.019477,-0.018449,0.000359,-0.013654,0.013807,-0.000538,0.149492,-0.429455,-0.003187,23.573351,23.573351,23.567524,0.500500,1.227947,-0.112445,-0.003069,0.907481
25.900000,1,0,0,2.400000,9.810000,0.900000,30.000000,60.000000,6.000000,-1.438371,0.898794,1.500000,-1.397506,0.874651,1.510542,-0.627477,-0.306041,0.000000,-0.611397,-0.293370,0.004295,0.999652,0.019153,-0.018128,0.000347,-0.012256,0.011879,-0.000455,0.203385,-0.365640,0.008415,23.567524,23.567524,23.562125,0.500385,1.341982,0.025228,0.029453,0.907330
25.950000,1,0,0,2.400000,9.810000,0.900000,30.000000,60.000000,6.000000,-1.469472,0.882948,1.500000,-1.427812,0.859488,1.510733,-0.616414,-0.327753,0.000000,-0.600742,-0.313075,0.003353,0.999663,0.018864,-0.017854,0.000337,-0.010846,0.010050,-0.000379,0.219731,-0.342424,0.014232,23.562125,23.562125,23.557147,0.500279,1.368139,0.067142,0.047823,0.907237
26.000000,1,0,0,2.400000,9.810000,0.900000,30.000000,60.000000,6.000000,-1.500000,0.866025,1.500000,-1.457571,0.843351,1.510877,-0.604600,-0.349066,0.000000,-0.589522,-0.332337,0.002412,0.999671,0.018611,-0.017625,0.000328,-0.009457,0.008335,-0.000310,0.233328,-0.362003,0.008327,23.557147,23.557147,23.552579,0.500182,1.389800,0.008018,0.037793,0.907200
26.050000,1,0,0,2.400000,9.810000,0.900000,30.000000,60.000000,6.000000,-1.529919,0.848048,1.500000,-1.486755,0.826262,1.510975,-0.592049,-0.369953,0.000000,-0.577750,-0.351155,0.001477,0.999679,0.018391,-0.017436,0.000321,-0.008121,0.006748,-0.000248,0.238978,-0.345278,0.009104,23.552579,23.552579,23.548408,0.500094,1.394349,0.037652,0.043525,0.907222
26.100000,1,0,0,2.400000,9.810000,0.900000,30.000000,60.000000,6.000000,-1.559193,0.829038,1.500000,-1.515337,0.808243,1.511025,-0.578777,-0.390390,0.000000,-0.565440,-0.369529,0.000555,0.999685,0.018204,-0.017286,0.000315,-0.006869,0.005301,-0.000193,0.247130,-0.375308,0.015091,23.548408,23.548408,23.544618,0.500013,1.406706,-0.043384,0.061493,0.907302
26.150000,1,0,0,2.400000,9.810000,0.900000,30.000000,60.000000,6.000000,-1.587785,0.809017,1.500000,-1.543290,0.789316,1.511030,-0.564800,-0.410352,0.000000,-0.552606,-0.387459,-0.000349,0.999690,0.018047,-0.017170,0.000310,-0.005729,0.004004,-0.000145,0.249337,-0.350138,0.003417,23.544618,23.544618,23.541191,0.499940,1.406422,0.009490,0.036801,0.907440
26.200000,1,0,0,2.400000,9.810000,0.900000,30.000000,60.000000,6.000000,-1.615661,0.788011,1.500000,-1.570589,0.769504,1.510991,-0.550135,-0.429813,0.000000,-0.539259,-0.404947,-0.001229,0.999693,0.017917,-0.017085,0.000306,-0.004730,0.002866,-0.000103,0.260155,-0.346832,0.005542,23.541191,23.541191,23.538106,0.499875,1.428251,0.011163,0.044967,0.907635
26.250000,1,0,0,2.400000,9.810000,0.900000,30.000000,60.000000,6.000000,-1.642788,0.766044,1.500000,-1.597207,0.748829,1.510908,-0.534800,-0.448750,0.000000,-0.525412,-0.421993,-0.002079,0.999696,0.017810,-0.017025,0.000303,-0.003897,0.001894,-0.000067,0.297393,-0.359123,0.002195,23.538106,23.538106,23.535339,0.499816,1.514740,-0.023501,0.039740,0.907887
26.300000,1,0,0,2.400000,9.810000,0.900000,30.000000,60.000000,6.000000,-1.669131,0.743145,1.500000,-1.623122,0.727312,1.510784,-0.518813,-0.467141,0.000000,-0.511075,-0.438600,-0.002894,0.999699,0.017721,-0.016989,0.000301,-0.003252,0.001092,-0.000039,0.302864,-0.350016,-0.011654,23.535339,23.535339,23.532863,0.499763,1.526042,-0.005927,0.009057,0.908194
26.350000,1,0,0,2.400000,9.810000,0.900000,30.000000,60.000000,6.000000,-1.694658,0.719340,1.500000,-1.648307,0.704976,1.510619,-0.502194,-0.484963,0.000000,-0.496259,-0.454768,-0.003668,0.999700,0.017645,-0.016969,0.000300,-0.002816,0.000464,-0.000016,0.272377,-0.301233,-0.007287,23.532863,23.532863,23.530652,0.499717,1.451897,0.107519,0.021855,0.908557
26.400000,1,0,0,2.400000,9.810000,0.900000,30.000000,60.000000,6.000000,-1.719340,0.694658,1.500000,-1.672740,0.681843,1.510417,-0.484963,-0.502194,0.000000,-0.480972,-0.470497,-0.004397,0.999702,0.017578,-0.016964,0.000298,-0.002606,0.000012,-0.000000,0.311093,-0.323942,0.005993,23.530652,23.530652,23.528674,0.499675,1.544481,0.049773,0.055816,0.908972
26.450000,1,0,0,2.400000,9.810000,0.900000,30.000000,60.000000,6.000000,-1.743145,0.669131,1.500000,-1.696396,0.657934,1.510180,-0.467141,-0.518813,0.000000,-0.465225,-0.485789,-0.005077,0.999703,0.017513,-0.016967,0.000297,-0.002636,-0.000264,0.000009,0.355656,-0.332767,0.014611,23.528674,23.528674,23.526897,0.499637,1.651534,0.025468,0.078372,0.909439
26.500000,1,0,0,2.400000,9.810000,0.900000,30.000000,60.000000,6.000000,-1.766044,0.642788,1.500000,-1.719255,0.633271,1.509911,-0.448750,-0.534800,0.000000,-0.449024,-0.500641,-0.005702,0.999704,0.017444,-0.016976,0.000296,-0.002915,-0.000368,0.000013,0.364160,-0.292126,-0.003292,23.526897,23.526897,23.525289,0.499603,1.672276,0.119705,0.037080,0.909955
26.550000,1,0,0,2.400000,9.810000,0.900000,30.000000,60.000000,6.000000,-1.788011,0.615661,1.500000,-1.741292,0.607877,1.509611,-0.429813,-0.550135,0.000000,-0.432379,-0.515053,-0.006270,0.999705,0.017365,-0.016984,0.000295,-0.003452,-0.000304,0.000011,0.365832,-0.276481,0.002880,23.525289,23.525289,23.523815,0.499571,1.676650,0.153482,0.053384,0.910519
26.600000,1,0,0,2.400000,9.810000,0.900000,30.000000,60.000000,6.000000,-1.809017,0.587785,1.500000,-1.762485,0.581773,1.509285,-0.410352,-0.564800,0.000000,-0.415297,-0.529020,-0.006776,0.999706,0.017269,-0.016990,0.000293,-0.004248,-0.000076,0.000003,0.294694,-0.305237,0.010036,23.523815,23.523815,23.522439,0.499542,1.506111,0.079915,0.071883,0.911127
26.650000,1,0,0,2.400000,9.810000,0.900000,30.000000,60.000000,6.000000,-1.829038,0.559193,1.500000,-1.782814,0.554982,1.508935,-0.390390,-0.578777,0.000000,-0.397785,-0.542538,-0.007219,0.999709,0.017151,-0.016987,0.000291,-0.005303,0.000306,-0.000011,0.316429,-0.284426,-0.016117,23.522439,23.522439,23.521127,0.499514,1.558116,0.124225,0.010295,0.911777
26.700000,1,0,0,2.400000,9.810000,0.900000,30.000000,60.000000,6.000000,-1.848048,0.529919,1.500000,-1.802257,0.527527,1.508564,-0.369953,-0.592049,0.000000,-0.379850,-0.555601,-0.007595,0.999711,0.017002,-0.016973,0.000289,-0.006614,0.000835,-0.000028,0.328054,-0.264311,-0.000504,23.521127,23.521127,23.519844,0.499487,1.585323,0.165477,0.048816,0.912467
26.750000,1,0,0,2.400000,9.810000,0.900000,30.000000,60.000000,6.000000,-1.866025,0.500000,1.500000,-1.820792,0.499430,1.508176,-0.349066,-0.604600,0.000000,-0.361500,-0.568202,-0.007903,0.999715,0.016818,-0.016944,0.000285,-0.008173,0.001498,-0.000050,0.326090,-0.276018,-0.023593,23.519844,23.519844,23.518556,0.499460,1.579217,0.128672,-0.005656,0.913194
26.800000,1,0,0,2.400000,9.810000,0.900000,30.000000,60.000000,6.000000,-1.882948,0.469472,1.500000,-1.838400,0.470715,1.507775,-0.327753,-0.616414,0.000000,-0.342742,-0.580329,-0.008141,0.999720,0.016592,-0.016897,0.000280,-0.009968,0.002284,-0.000076,0.350053,-0.270978,-0.026809,23.518556,23.518556,23.517233,0.499432,1.634485,0.130086,-0.012520,0.913953
26.850000,1,0,0,2.400000,9.810000,0.900000,30.000000,60.000000,6.000000,-1.898794,0.438371,1.500000,-1.855060,0.441405,1.507363,-0.306041,-0.627477,0.000000,-0.323582,-0.591973,-0.008308,0.999725,0.016318,-0.016829,0.000275,-0.011984,0.003179,-0.000104,0.322945,-0.252351,-0.050311,23.517233,23.517233,23.515845,0.499402,1.566197,0.161871,-0.068134,0.914743
26.900000,1,0,0,2.400000,9.810000,0.900000,30.000000,60.000000,6.000000,-1.913545,0.406737,1.500000,-1.870752,0.411526,1.506945,-0.283956,-0.637775,0.000000,-0.304028,-0.603121,-0.008404,0.999732,0.015991,-0.016738,0.000268,-0.014205,0.004168,-0.000133,0.348505,-0.251923,-0.024799,23.515845,23.515845,23.514364,0.499371,1.623203,0.147482,-0.006159,0.915559
26.950000,1,0,0,2.400000,9.810000,0.900000,30.000000,60.000000,6.000000,-1.927184,0.374607,1.500000,-1.885456,0.381101,1.506524,-0.261525,-0.647296,0.000000,-0.284090,-0.613756,-0.008429,0.999740,0.015606,-0.016620,0.000259,-0.016609,0.005235,-0.000163,0.349861,-0.264212,-0.028747,23.514364,23.514364,23.512769,0.499337,1.620909,0.099853,-0.014911,0.916398
27.000000,1,0,0,2.400000,9.810000,0.900000,30.000000,60.000000,6.000000,-1.939693,0.342020,1.500000,-1.899154,0.350159,1.506103,-0.238775,-0.656029,0.000000,-0.263774,-0.623864,-0.008384,0.999749,0.015160,-0.016476,0.000250,-0.019174,0.006364,-0.000193,0.382072,-0.242065,-0.035722,23.512769,23.512769,23.511039,0.499300,1.691375,0.131947,-0.030929,0.917256
27.050000,1,0,0,2.400000,9.810000,0.900000,30.000000,60.000000,6.000000,-1.951057,0.309017,1.500000,-1.911827,0.318724,1.505687,-0.215735,-0.663963,0.000000,-0.243090,-0.633424,-0.008270,0.999760,0.014647,-0.016302,0.000239,-0.021873,0.007537,-0.000221,0.381540,-0.209198,-0.030528,23.511039,23.511039,23.509159,0.499260,1.681903,0.186672,-0.017723,0.918130
27.100000,1,0,0,2.400000,9.810000,0.900000,30.000000,60.000000,6.000000,-1.961262,0.275637,1.500000,-1.923457,0.286826,1.505278,-0.192431,-0.671087,0.000000,-0.222049,-0.642418,-0.008088,0.999771,0.014065,-0.016099,0.000226,-0.024680,0.008736,-0.000246,0.396879,-0.200230,-0.041473,23.509159,23.509159,23.507120,0.499217,1.709123,0.180799,-0.043207,0.919017
27.150000,1,0,0,2.400000,9.810000,0.900000,30.000000,60.000000,6.000000,-1.970296,0.241922,1.500000,-1.934027,0.254492,1.504879,-0.168893,-0.677394,0.000000,-0.200661,-0.650824,-0.007840,0.999784,0.013413,-0.015865,0.000213,-0.027566,0.009942,-0.000267,0.413654,-0.216223,-0.066144,23.507120,23.507120,23.504915,0.499170,1.738371,0.111672,-0.101574,0.919911
27.200000,1,0,0,2.400000,9.810000,0.900000,30.000000,60.000000,6.000000,-1.978148,0.207912,1.500000,-1.943518,0.221753,1.504495,-0.145150,-0.682876,0.000000,-0.178938,-0.658619,-0.007529,0.999798,0.012687,-0.015602,0.000198,-0.030499,0.011138,-0.000283,0.426719,-0.181548,-0.056837,23.504915,23.504915,23.502542,0.499120,1.757304,0.160728,-0.078314,0.920809
27.250000,1,0,0,2.400000,9.810000,0.900000,30.000000,60.000000,6.000000,-1.984808,0.173648,1.500000,-1.951915,0.188641,1.504127,-0.121229,-0.687526,0.000000,-0.156892,-0.665779,-0.007158,0.999812,0.011888,-0.015309,0.000182,-0.033448,0.012304,-0.000293,0.451226,-0.165284,-0.036490,23.502542,23.502542,23.500005,0.499066,1.802305,0.162142,-0.028459,0.921708
27.300000,1,0,0,2.400000,9.810000,0.900000,30.000000,60.000000,6.000000,-1.990268,0.139173,1.500000,-1.959202,0.155187,1.503780,-0.097161,-0.691338,0.000000,-0.134539,-0.672279,-0.006731,0.999827,0.011015,-0.014987,0.000165,-0.036382,0.013421,-0.000296,0.454587,-0.142201,-0.017331,23.500005,23.500005,23.497311,0.499008,1.795210,0.176462,0.018661,0.922604
27.350000,1,0,0,2.400000,9.810000,0.900000,30.000000,60.000000,6.000000,-1.994522,0.104528,1.500000,-1.965364,0.121424,1.503455,-0.072975,-0.694307,0.000000,-0.111892,-0.678094,-0.006251,0.999842,0.010070,-0.014639,0.000147,-0.039268,0.014472,-0.000292,0.472344,-0.117376,-0.020719,23.497311,23.497311,23.494472,0.498948,1.821388,0.191547,0.011799,0.923493
27.400000,1,0,0,2.400000,9.810000,0.900000,30.000000,60.000000,6.000000,-1.997564,0.069756,1.500000,-1.970387,0.087389,1.503156,-0.048699,-0.696431,0.000000,-0.088970,-0.683196,-0.005723,0.999857,0.009053,-0.014265,0.000129,-0.042075,0.015439,-0.000280,0.466970,-0.128858,-0.005064,23.494472,23.494472,23.491503,0.498885,1.790865,0.116154,0.050787,0.924371
27.450000,1,0,0,2.400000,9.810000,0.900000,30.000000,60.000000,6.000000,-1.999391,0.034899,1.500000,-1.974257,0.053117,1.502883,-0.024364,-0.697706,0.000000,-0.065790,-0.687558,-0.005151,0.999872,0.007967,-0.013868,0.000111,-0.044771,0.016304,-0.000260,0.509190,-0.091302,-0.007922,23.491503,23.491503,23.488420,0.498820,1.873486,0.155226,0.045502,0.925235
27.500000,1,0,0,2.400000,9.810000,0.900000,30.000000,60.000000,6.000000,-2.000000,0.000000,1.500000,-1.976962,0.018646,1.502641,-0.000000,-0.698132,0.000000,-0.042372,-0.691155,-0.004541,0.999886,0.006816,-0.013451,0.000092,-0.047327,0.017052,-0.000232,0.503626,-0.094588,-0.018806,23.488420,23.488420,23.485245,0.498752,1.840477,0.093202,0.021127,0.926081
27.550000,1,0,0,2.400000,9.810000,0.900000,30.000000,60.000000,6.000000,-1.999391,-0.034899,1.500000,-1.978490,-0.015985,1.502430,0.024364,-0.697706,0.000000,-0.018737,-0.693959,-0.003897,0.999900,0.005603,-0.013017,0.000073,-0.049713,0.017667,-0.000198,0.529705,-0.103643,-0.027234,23.485245,23.485245,23.481997,0.498683,1.882610,0.014436,0.002826,0.926906
27.600000,1,0,0,2.400000,9.810000,0.900000,30.000000,60.000000,6.000000,-1.997564,-0.069756,1.500000,-1.978832,-0.050736,1.502252,0.048699,-0.696431,0.000000,0.005092,-0.695943,-0.003224,0.999912,0.004332,-0.012569,0.000054,-0.051903,0.018135,-0.000157,0.557806,-0.085045,-0.042963,23.481997,23.481997,23.478699,0.498613,1.928957,-0.000635,-0.032808,0.927707
27.650000,1,0,0,2.400000,9.810000,0.900000,30.000000,60.000000,6.000000,-1.994522,-0.104528,1.500000,-1.977978,-0.085566,1.502108,0.072975,-0.694307,0.000000,0.029092,-0.697083,-0.002530,0.999922,0.003010,-0.012111,0.000036,-0.053872,0.018444,-0.000111,0.509043,-0.085208,-0.058724,23.478699,23.478699,23.475373,0.498543,1.790373,-0.063163,-0.068324,0.928480
27.700000,1,0,0,2.400000,9.810000,0.900000,30.000000,60.000000,6.000000,-1.990268,-0.139173,1.500000,-1.975921,-0.120430,1.501999,0.097161,-0.691338,0.000000,0.053235,-0.697353,-0.001818,0.999931,0.001641,-0.011648,0.000019,-0.055597,0.018581,-0.000061,0.510506,-0.039176,-0.053649,23.475373,23.475373,23.472040,0.498472,1.772071,-0.016976,-0.053633,0.929223
27.750000,1,0,0,2.400000,9.810000,0.900000,30.000000,60.000000,6.000000,-1.984808,-0.173648,1.500000,-1.972653,-0.155286,1.501926,0.121229,-0.687526,0.000000,0.077495,-0.696730,-0.001096,0.999937,0.000232,-0.011184,0.000003,-0.057059,0.018538,-0.000009,0.498156,-0.000278,-0.027336,23.472040,23.472040,23.468719,0.498401,1.720561,0.010235,0.012228,0.929932
27.800000,1,0,0,2.400000,9.810000,0.900000,30.000000,60.000000,6.000000,-1.978148,-0.207912,1.500000,-1.968170,-0.190088,1.501890,0.145150,-0.682876,0.000000,0.101842,-0.695193,-0.000369,0.999942,-0.001210,-0.010723,-0.000013,-0.058242,0.018306,0.000044,0.503255,0.022065,-0.039979,23.468719,23.468719,23.465428,0.498331,1.711093,-0.003821,-0.015203,0.930607
27.850000,1,0,0,2.400000,9.810000,0.900000,30.000000,60.000000,6.000000,-1.970296,-0.241922,1.500000,-1.962468,-0.224790,1.501889,0.168893,-0.677394,0.000000,0.126246,-0.692720,0.000356,0.999944,-0.002677,-0.010270,-0.000027,-0.059130,0.017878,0.000096,0.515768,0.032232,-0.062319,23.465428,23.465428,23.462182,0.498262,1.719807,-0.048296,-0.065707,0.931243
27.900000,1,0,0,2.400000,9.810000,0.900000,30.000000,60.000000,6.000000,-1.961262,-0.275637,1.500000,-1.955545,-0.259344,1.501925,0.192431,-0.671087,0.000000,0.150675,-0.689295,0.001074,0.999943,-0.004163,-0.009831,-0.000041,-0.059715,0.017250,0.000144,0.523829,0.086004,-0.070193,23.462182,23.462182,23.458993,0.498195,1.718456,0.011036,-0.081296,0.931839
27.950000,1,0,0,2.400000,9.810000,0.900000,30.000000,60.000000,6.000000,-1.951057,-0.309017,1.500000,-1.947400,-0.293703,1.501996,0.215735,-0.663963,0.000000,0.175096,-0.684901,0.001779,0.999940,-0.005660,-0.009409,-0.000053,-0.059989,0.016419,0.000186,0.511240,0.117523,-0.047215,23.458993,23.458993,23.455871,0.498128,1.668402,0.016477,-0.022653,0.932393
28.000000,1,0,0,2.400000,9.810000,0.900000,30.000000,60.000000,6.000000,-1.939693,-0.342020,1.500000,-1.938036,-0.327818,1.502103,0.238775,-0.656029,0.000000,0.199472,-0.679525,0.002465,0.999934,-0.007160,-0.009011,-0.000065,-0.059949,0.015385,0.000220,0.535065,0.110893,-0.078168,23.455871,23.455871,23.452821,0.498064,1.706842,-0.069755,-0.093260,0.932903
28.050000,1,0,0,2.400000,9.810000,0.900000,30.000000,60.000000,6.000000,-1.927184,-0.374607,1.500000,-1.927454,-0.361639,1.502242,0.261525,-0.647296,0.000000,0.223769,-0.673158,0.003125,0.999925,-0.008655,-0.008642,-0.000075,-0.059595,0.014148,0.000245,0.530778,0.095670,-0.068278,23.452821,23.452821,23.449847,0.498000,1.679146,-0.176359,-0.065671,0.933368
28.100000,1,0,0,2.400000,9.810000,0.900000,30.000000,60.000000,6.000000,-1.913545,-0.406737,1.500000,-1.915661,-0.395117,1.502415,0.283956,-0.637775,0.000000,0.247949,-0.665790,0.003755,0.999914,-0.010137,-0.008305,-0.000084,-0.058930,0.012711,0.000258,0.549659,0.087774,-0.077129,23.449847,23.449847,23.446948,0.497939,1.708624,-0.264762,-0.082902,0.933788
28.150000,1,0,0,2.400000,9.810000,0.900000,30.000000,60.000000,6.000000,-1.898794,-0.438371,1.500000,-1.902662,-0.428201,1.502617,0.306041,-0.627477,0.000000,0.271973,-0.657419,0.004350,0.999901,-0.011599,-0.008007,-0.000093,-0.057962,0.011080,0.000257,0.511272,0.125864,-0.048791,23.446948,23.446948,23.444124,0.497879,1.602461,-0.241819,-0.010731,0.934160
28.200000,1,0,0,2.400000,9.810000,0.900000,30.000000,60.000000,6.000000,-1.882948,-0.469472,1.500000,-1.888467,-0.460842,1.502849,0.327753,-0.616414,0.000000,0.295802,-0.648043,0.004903,0.999885,-0.013033,-0.007753,-0.000101,-0.056701,0.009260,0.000241,0.487054,0.156805,-0.049254,23.444124,23.444124,23.441369,0.497820,1.532328,-0.234708,-0.007551,0.934485
28.250000,1,0,0,2.400000,9.810000,0.900000,30.000000,60.000000,6.000000,-1.866025,-0.500000,1.500000,-1.873086,-0.492989,1.503107,0.349066,-0.604600,0.000000,0.319396,-0.637665,0.005411,0.999867,-0.014431,-0.007545,-0.000109,-0.055161,0.007262,0.000210,0.505054,0.202731,-0.032140,23.441369,23.441369,23.438679,0.497763,1.565759,-0.189971,0.037928,0.934762
28.300000,1,0,0,2.400000,9.810000,0.900000,30.000000,60.000000,6.000000,-1.848048,-0.529919,1.500000,-1.856532,-0.524592,1.503389,0.369953,-0.592049,0.000000,0.342714,-0.626289,0.005868,0.999848,-0.015788,-0.007390,-0.000117,-0.053358,0.005096,0.000161,0.459297,0.213072,-0.023143,23.438679,23.438679,23.436048,0.497707,1.448616,-0.228660,0.064022,0.934990
28.350000,1,0,0,2.400000,9.810000,0.900000,30.000000,60.000000,6.000000,-1.829038,-0.559193,1.500000,-1.838820,-0.555602,1.503693,0.390390,-0.578777,0.000000,0.365715,-0.613926,0.006272,0.999827,-0.017097,-0.007292,-0.000125,-0.051311,0.002773,0.000095,0.448960,0.232996,-0.040741,23.436048,23.436048,23.433470,0.497653,1.419115,-0.242073,0.026367,0.935172
28.400000,1,0,0,2.400000,9.810000,0.900000,30.000000,60.000000,6.000000,-1.809017,-0.587785,1.500000,-1.819966,-0.585968,1.504015,0.410352,-0.564800,0.000000,0.388356,-0.600588,0.006617,0.999805,-0.018351,-0.007253,-0.000133,-0.049042,0.000307,0.000011,0.480348,0.246579,-0.044735,23.433470,23.433470,23.430940,0.497599,1.492562,-0.268162,0.021415,0.935306
28.450000,1,0,0,2.400000,9.810000,0.900000,30.000000,60.000000,6.000000,-1.788011,-0.615661,1.500000,-1.799991,-0.615644,1.504354,0.429813,-0.550135,0.000000,0.410597,-0.586292,0.006902,0.999782,-0.019547,-0.007277,-0.000142,-0.046576,-0.002285,-0.000089,0.485398,0.273835,-0.049125,23.430940,23.430940,23.428455,0.497546,1.505761,-0.258642,0.015546,0.935393
28.500000,1,0,0,2.400000,9.810000,0.900000,30.000000,60.000000,6.000000,-1.766044,-0.642788,1.500000,-1.778914,-0.644582,1.504705,0.448750,-0.534800,0.000000,0.432394,-0.571058,0.007122,0.999759,-0.020678,-0.007368,-0.000152,-0.043937,-0.004988,-0.000206,0.450749,0.327750,-0.056820,23.428455,23.428455,23.426015,0.497494,1.426785,-0.182135,0.001755,0.935435
28.550000,1,0,0,2.400000,9.810000,0.900000,30.000000,60.000000,6.000000,-1.743145,-0.669131,1.500000,-1.756759,-0.672735,1.505065,0.467141,-0.518813,0.000000,0.453707,-0.554910,0.007277,0.999735,-0.021742,-0.007527,-0.000164,-0.041153,-0.007784,-0.000339,0.443054,0.342048,-0.053078,23.426015,23.426015,23.423620,0.497444,1.415722,-0.197519,0.015399,0.935432
28.600000,1,0,0,2.400000,9.810000,0.900000,30.000000,60.000000,6.000000,-1.719340,-0.694658,1.500000,-1.733552,-0.700058,1.505431,0.484963,-0.502194,0.000000,0.474493,-0.537874,0.007363,0.999711,-0.022734,-0.007757,-0.000176,-0.038253,-0.010653,-0.000485,0.465845,0.378443,-0.022980,23.423620,23.423620,23.421277,0.497394,1.481140,-0.156530,0.092259,0.935387
28.650000,1,0,0,2.400000,9.810000,0.900000,30.000000,60.000000,6.000000,-1.694658,-0.719340,1.500000,-1.709319,-0.726508,1.505800,0.502194,-0.484963,0.000000,0.494712,-0.519980,0.007380,0.999688,-0.023653,-0.008060,-0.000191,-0.035265,-0.013575,-0.000643,0.423930,0.351929,-0.001479,23.421277,23.421277,23.418995,0.497345,1.394655,-0.263067,0.148424,0.935301
28.700000,1,0,0,2.400000,9.810000,0.900000,30.000000,60.000000,6.000000,-1.669131,-0.743145,1.500000,-1.684091,-0.752043,1.506168,0.518813,-0.467141,0.000000,0.514323,-0.501263,0.007326,0.999664,-0.024496,-0.008436,-0.000207,-0.032221,-0.016530,-0.000811,0.426913,0.400071,-0.027936,23.418995,23.418995,23.416788,0.497298,1.419368,-0.186889,0.089398,0.935177
28.750000,1,0,0,2.400000,9.810000,0.900000,30.000000,60.000000,6.000000,-1.642788,-0.766044,1.500000,-1.657898,-0.776621,1.506531,0.534800,-0.448750,0.000000,0.533287,-0.481759,0.007202,0.999641,-0.025263,-0.008887,-0.000225,-0.029149,-0.019496,-0.000986,0.454001,0.435100,-0.039521,23.416788,23.416788,23.414673,0.497253,1.505398,-0.138594,0.065952,0.935015
28.800000,1,0,0,2.400000,9.810000,0.900000,30.000000,60.000000,6.000000,-1.615661,-0.788011,1.500000,-1.630774,-0.800206,1.506887,0.550135,-0.429813,0.000000,0.551565,-0.461506,0.007007,0.999619,-0.025953,-0.009412,-0.000244,-0.026079,-0.022453,-0.001167,0.420925,0.429030,-0.040062,23.414673,23.414673,23.412672,0.497211,1.450503,-0.185338,0.068868,0.934819
28.850000,1,0,0,2.400000,9.810000,0.900000,30.000000,60.000000,6.000000,-1.587785,-0.809017,1.500000,-1.602754,-0.822760,1.507231,0.564800,-0.410352,0.000000,0.569120,-0.440547,0.006742,0.999597,-0.026567,-0.010010,-0.000266,-0.023039,-0.025377,-0.001350,0.413282,0.427529,-0.023284,23.412672,23.412672,23.410811,0.497171,1.460087,-0.217542,0.113186,0.934591
28.900000,1,0,0,2.400000,9.810000,0.900000,30.000000,60.000000,6.000000,-1.559193,-0.829038,1.500000,-1.573874,-0.844250,1.507560,0.578777,-0.390390,0.000000,0.585917,-0.418926,0.006409,0.999575,-0.027105,-0.010681,-0.000290,-0.020059,-0.028247,-0.001533,0.373123,0.434953,-0.065021,23.410811,23.410811,23.409120,0.497136,1.395023,-0.224808,0.016879,0.934335
28.950000,1,0,0,2.400000,9.810000,0.900000,30.000000,60.000000,6.000000,-1.529919,-0.848048,1.500000,-1.544175,-0.864643,1.507871,0.592049,-0.369953,0.000000,0.601920,-0.396690,0.006009,0.999555,-0.027569,-0.011423,-0.000315,-0.017164,-0.031041,-0.001714,0.383008,0.454420,-0.091460,23.409120,23.409120,23.407632,0.497104,1.453382,-0.199738,-0.042929,0.934053
29.000000,1,0,0,2.400000,9.810000,0.900000,30.000000,60.000000,6.000000,-1.500000,-0.866025,1.500000,-1.513696,-0.883909,1.508160,0.604600,-0.349066,0.000000,0.617098,-0.373885,0.005544,0.999534,-0.027963,-0.012234,-0.000342,-0.014380,-0.033738,-0.001889,0.347017,0.477572,-0.092627,23.407632,23.407632,23.406382,0.497077,1.404854,-0.162508,-0.042324,0.933748
29.050000,1,0,0,2.400000,9.810000,0.900000,30.000000,60.000000,6.000000,-1.469472,-0.882948,1.500000,-1.482479,-0.902022,1.508424,0.616414,-0.327753,0.000000,0.631420,-0.350563,0.005017,0.999514,-0.028289,-0.013111,-0.000371,-0.011729,-0.036317,-0.002057,0.330726,0.508993,-0.054967,23.406382,23.406382,23.405407,0.497057,1.406696,-0.102267,0.051207,0.933423
29.100000,1,0,0,2.400000,9.810000,0.900000,30.000000,60.000000,6.000000,-1.438371,-0.898794,1.500000,-1.450569,-0.918958,1.508660,0.627477,-0.306041,0.000000,0.644856,-0.326774,0.004431,0.999494,-0.028550,-0.014050,-0.000401,-0.009232,-0.038758,-0.002216,0.359161,0.512276,-0.052463,23.405407,23.405407,23.404745,0.497043,1.518823,-0.106564,0.060078,0.933082
29.150000,1,0,0,2.400000,9.810000,0.900000,30.000000,60.000000,6.000000,-1.406737,-0.913545,1.500000,-1.418009,-0.934693,1.508866,0.637775,-0.283956,0.000000,0.657381,-0.302570,0.003789,0.999473,-0.028751,-0.015049,-0.000433,-0.006909,-0.041042,-0.002363,0.332208,0.502066,-0.036574,23.404745,23.404745,23.404435,0.497036,1.500791,-0.140441,0.100772,0.932729
29.200000,1,0,0,2.400000,9.810000,0.900000,30.000000,60.000000,6.000000,-1.374607,-0.927184,1.500000,-1.384846,-0.949209,1.509038,0.647296,-0.261525,0.000000,0.668969,-0.278003,0.003096,0.999453,-0.028896,-0.016103,-0.000466,-0.004774,-0.043150,-0.002497,0.315223,0.492688,-0.020410,23.404435,23.404435,23.404514,0.497038,1.509261,-0.169735,0.141801,0.932367
29.250000,1,0,0,2.400000,9.810000,0.900000,30.000000,60.000000,6.000000,-1.342020,-0.939693,1.500000,-1.351128,-0.962488,1.509175,0.656029,-0.238775,0.000000,0.679599,-0.253126,0.002357,0.999431,-0.028990,-0.017207,-0.000499,-0.002840,-0.045067,-0.002617,0.292289,0.484138,0.007985,23.404514,23.404514,23.405018,0.497048,1.505821,-0.194687,0.211850,0.931999
29.300000,1,0,0,2.400000,9.810000,0.900000,30.000000,60.000000,6.000000,-1.309017,-0.951057,1.500000,-1.316903,-0.974517,1.509273,0.663963,-0.215735,0.000000,0.689251,-0.227992,0.001574,0.999410,-0.029038,-0.018357,-0.000533,-0.001119,-0.046777,-0.002721,0.267797,0.515196,0.002374,23.405018,23.405018,23.405980,0.497069,1.500779,-0.122467,0.199926,0.931629
29.350000,1,0,0,2.400000,9.810000,0.900000,30.000000,60.000000,6.000000,-1.275637,-0.961262,1.500000,-1.282220,-0.985284,1.509332,0.671087,-0.192431,0.000000,0.697907,-0.202654,0.000755,0.999387,-0.029046,-0.019547,-0.000568,0.000384,-0.048266,-0.002808,0.266627,0.542926,-0.036096,23.405980,23.405980,23.407429,0.497100,1.553601,-0.056379,0.108772,0.931261
29.400000,1,0,0,2.400000,9.810000,0.900000,30.000000,60.000000,6.000000,-1.241922,-0.970296,1.500000,-1.247129,-0.994780,1.509348,0.677394,-0.168893,0.000000,0.705554,-0.177164,-0.000097,0.999363,-0.029020,-0.020771,-0.000603,0.001664,-0.049522,-0.002878,0.244580,0.570183,-0.033924,23.407429,23.407429,23.409391,0.497141,1.557949,0.010172,0.114775,0.930899
29.450000,1,0,0,2.400000,9.810000,0.900000,30.000000,60.000000,6.000000,-1.207912,-0.978148,1.500000,-1.211681,-1.002999,1.509322,0.682876,-0.145150,0.000000,0.712179,-0.151571,-0.000975,0.999338,-0.028964,-0.022024,-0.000638,0.002721,-0.050535,-0.002932,0.225086,0.586222,-0.049366,23.409391,23.409391,23.411887,0.497194,1.569780,0.051136,0.078115,0.930546
29.500000,1,0,0,2.400000,9.810000,0.900000,30.000000,60.000000,6.000000,-1.173648,-0.984808,1.500000,-1.175928,-1.009936,1.509250,0.687526,-0.121229,0.000000,0.717773,-0.125928,-0.001874,0.999311,-0.028884,-0.023298,-0.000673,0.003556,-0.051298,-0.002968,0.174620,0.592100,-0.024986,23.411887,23.411887,23.414931,0.497259,1.508345,0.068788,0.136626,0.930206
29.550000,1,0,0,2.400000,9.810000,0.900000,30.000000,60.000000,6.000000,-1.139173,-0.990268,1.500000,-1.139921,-1.015591,1.509134,0.691338,-0.097161,0.000000,0.722329,-0.100281,-0.002788,0.999283,-0.028786,-0.024589,-0.000708,0.004175,-0.051804,-0.002987,0.125793,0.574265,-0.019830,23.414931,23.414931,23.418532,0.497335,1.451626,0.030345,0.148595,0.929882
29.600000,1,0,0,2.400000,9.810000,0.900000,30.000000,60.000000,6.000000,-1.104528,-0.994522,1.500000,-1.103713,-1.019965,1.508971,0.694307,-0.072975,0.000000,0.725843,-0.074677,-0.003711,0.999253,-0.028675,-0.025889,-0.000743,0.004586,-0.052050,-0.002990,0.108046,0.543195,-0.036841,23.418532,23.418532,23.422693,0.497424,1.469975,-0.039289,0.106955,0.929579
29.650000,1,0,0,2.400000,9.810000,0.900000,30.000000,60.000000,6.000000,-1.069756,-0.997564,1.500000,-1.067354,-1.023060,1.508763,0.696431,-0.048699,0.000000,0.728314,-0.049162,-0.004637,0.999222,-0.028557,-0.027192,-0.000777,0.004799,-0.052033,-0.002977,0.118692,0.544836,-0.051935,23.422693,23.422693,23.427411,0.497524,1.556644,-0.030084,0.069501,0.929299
29.700000,1,0,0,2.400000,9.810000,0.900000,30.000000,60.000000,6.000000,-1.034899,-0.999391,1.500000,-1.030898,-1.024883,1.508508,0.697706,-0.024364,0.000000,0.729744,-0.023779,-0.005559,0.999189,-0.028435,-0.028491,-0.000811,0.004829,-0.051754,-0.002948,0.116777,0.544395,-0.041702,23.427411,23.427411,23.432675,0.497636,1.613042,-0.025766,0.092421,0.929045
29.750000,1,0,0,2.400000,9.810000,0.900000,30.000000,60.000000,6.000000,-1.000000,-1.000000,1.500000,-0.994397,-1.025441,1.508207,0.698132,-0.000000,0.000000,0.730136,0.001433,-0.006472,0.999155,-0.028315,-0.029780,-0.000844,0.004692,-0.051216,-0.002905,0.091828,0.539890,-0.018636,23.432675,23.432675,23.438469,0.497759,1.613726,-0.031291,0.145733,0.928822
29.800000,1,0,0,2.400000,9.810000,0.900000,30.000000,60.000000,6.000000,-0.965101,-0.999391,1.500000,-0.957902,-1.024744,1.507861,0.697706,0.024364,0.000000,0.729497,0.026435,-0.007369,0.999120,-0.028200,-0.031052,-0.000876,0.004404,-0.050423,-0.002849,0.039201,0.501880,-0.014090,23.438469,23.438469,23.444769,0.497893,1.547256,-0.117510,0.154192,0.928631
29.850000,1,0,0,2.400000,9.810000,0.900000,30.000000,60.000000,6.000000,-0.930244,-0.997564,1.500000,-0.921464,-1.022802,1.507470,0.696431,0.048699,0.000000,0.727836,0.051192,-0.008245,0.999083,-0.028093,-0.032301,-0.000908,0.003986,-0.049382,-0.002779,0.036326,0.494671,-0.007095,23.444769,23.444769,23.451549,0.498037,1.599168,-0.130244,0.168130,0.928477
29.900000,1,0,0,2.400000,9.810000,0.900000,30.000000,60.000000,6.000000,-0.895472,-0.994522,1.500000,-0.885135,-1.019629,1.507037,0.694307,0.072975,0.000000,0.725165,0.075671,-0.009094,0.999045,-0.027999,-0.033521,-0.000939,0.003459,-0.048101,-0.002698,0.023793,0.514314,-0.030122,23.451549,23.451549,23.458772,0.498190,1.626592,-0.079115,0.109630,0.928360
29.950000,1,0,0,2.400000,9.810000,0.900000,30.000000,60.000000,6.000000,-0.860827,-0.990268,1.500000,-0.848965,-1.015240,1.506562,0.691338,0.097161,0.000000,0.721496,0.099842,-0.009909,0.999007,-0.027919,-0.034706,-0.000970,0.002846,-0.046592,-0.002606,-0.008005,0.505216,0.002936,23.458772,23.458772,23.466401,0.498352,1.606202,-0.097655,0.185357,0.928285
30.000000,1,0,0,2.400000,9.810000,0.900000,30.000000,60.000000,6.000000,-0.826352,-0.984808,1.500000,-0.813002,-1.009650,1.506046,0.687526,0.121229,0.000000,0.716847,0.123677,-0.010687,0.998968,-0.027855,-0.035850,-0.001000,0.002169,-0.044867,-0.002504,-0.034567,0.517146,0.034778,23.466401,23.466401,23.474393,0.498522,1.596535,-0.066508,0.257801,0.928253
30.050000,1,0,0,2.400000,9.810000,0.900000,30.000000,60.000000,6.000000,-0.792088,-0.978148,1.500000,-0.777296,-1.002878,1.505494,0.682876,0.145150,0.000000,0.711235,0.147151,-0.011420,0.998930,-0.027809,-0.036949,-0.001029,0.001453,-0.042940,-0.002393,-0.067927,0.539491,0.010525,23.474393,23.474393,23.482701,0.498698,1.568466,-0.011200,0.195268,0.928267
30.100000,1,0,0,2.400000,9.810000,0.900000,30.000000,60.000000,6.000000,-0.758078,-0.970296,1.500000,-0.741894,-0.994942,1.504905,0.677394,0.168893,0.000000,0.704680,0.170244,-0.012106,0.998891,-0.027781,-0.037997,-0.001057,0.000721,-0.040826,-0.002273,-0.069783,0.508265,-0.001704,23.482701,23.482701,23.491275,0.498880,1.613684,-0.085329,0.161261,0.928328
30.150000,1,0,0,2.400000,9.810000,0.900000,30.000000,60.000000,6.000000,-0.724363,-0.961262,1.500000,-0.706843,-0.985860,1.504284,0.671087,0.192431,0.000000,0.697205,0.192936,-0.012738,0.998853,-0.027771,-0.038989,-0.001084,-0.000002,-0.038543,-0.002145,-0.094384,0.501036,0.026707,23.491275,23.491275,23.500062,0.499067,1.601782,-0.102735,0.224478,0.928437
30.200000,1,0,0,2.400000,9.810000,0.900000,30.000000,60.000000,6.000000,-0.690983,-0.951057,1.500000,-0.672189,-0.975655,1.503632,0.663963,0.215735,0.000000,0.688832,0.215209,-0.013313,0.998816,-0.027778,-0.039923,-0.001110,-0.000693,-0.036109,-0.002010,-0.142428,0.453458,0.017432,23.500062,23.500062,23.509010,0.499257,1.530896,-0.217823,0.196952,0.928597
30.250000,1,0,0,2.400000,9.810000,0.900000,30.000000,60.000000,6.000000,-0.657980,-0.939693,1.500000,-0.637974,-0.964347,1.502954,0.656029,0.238775,0.000000,0.679587,0.237052,-0.013828,0.998780,-0.027803,-0.040794,-0.001136,-0.001330,-0.033543,-0.001869,-0.191964,0.454044,0.011270,23.509010,23.509010,23.518064,0.499449,1.453532,-0.218107,0.176628,0.928808
30.300000,1,0,0,2.400000,9.810000,0.900000,30.000000,60.000000,6.000000,-0.625393,-0.927184,1.500000,-0.604244,-0.951957,1.502251,0.647296,0.261525,0.000000,0.669497,0.258451,-0.014278,0.998746,-0.027842,-0.041600,-0.001160,-0.001891,-0.030866,-0.001722,-0.204296,0.430469,-0.001458,23.518064,23.518064,23.527169,0.499643,1.462414,-0.277091,0.140298,0.929071
30.350000,1,0,0,2.400000,9.810000,0.900000,30.000000,60.000000,6.000000,-0.593263,-0.913545,1.500000,-0.571038,-0.938509,1.501527,0.637775,0.283956,0.000000,0.658588,0.279398,-0.014661,0.998713,-0.027895,-0.042337,-0.001183,-0.002357,-0.028098,-0.001571,-0.190671,0.435901,-0.013857,23.527169,23.527169,23.536270,0.499836,1.530426,-0.267065,0.104529,0.929387
30.400000,1,0,0,2.400000,9.810000,0.900000,30.000000,60.000000,6.000000,-0.561629,-0.898794,1.500000,-0.538398,-0.924025,1.500786,0.627477,0.306041,0.000000,0.646890,0.299886,-0.014975,0.998683,-0.027957,-0.043004,-0.001204,-0.002708,-0.025261,-0.001415,-0.194812,0.404854,-0.009754,23.536270,23.536270,23.545314,0.500028,1.552529,-0.345075,0.108167,0.929757
30.450000,1,0,0,2.400000,9.810000,0.900000,30.000000,60.000000,6.000000,-0.530528,-0.882948,1.500000,-0.506362,-0.908528,1.500031,0.616414,0.327753,0.000000,0.634433,0.319908,-0.015217,0.998655,-0.028027,-0.043600,-0.001224,-0.002928,-0.022377,-0.001257,-0.207921,0.398462,0.010551,23.545314,23.545314,23.554249,0.500218,1.549769,-0.364247,0.150517,0.930179
30.500000,1,0,0,2.400000,9.810000,0.900000,30.000000,60.000000,6.000000,-0.500000,-0.866025,1.500000,-0.474967,-0.892042,1.499265,0.604600,0.349066,0.000000,0.621247,0.339463,-0.015386,0.998630,-0.028101,-0.044123,-0.001242,-0.003003,-0.019466,-0.001096,-0.212150,0.407169,0.041707,23.554249,23.554249,23.563026,0.500404,1.564925,-0.347353,0.218761,0.930654
30.550000,1,0,0,2.400000,9.810000,0.900000,30.000000,60.000000,6.000000,-0.470081,-0.848048,1.500000,-0.444249,-0.874590,1.498493,0.592049,0.369953,0.000000,0.607363,0.358547,-0.015482,0.998608,-0.028175,-0.044573,-0.001258,-0.002921,-0.016552,-0.000935,-0.273623,0.418532,0.049517,23.563026,23.563026,23.571598,0.500586,1.439278,-0.324074,0.230853,0.931182
30.600000,1,0,0,2.400000,9.810000,0.900000,30.000000,60.000000,6.000000,-0.440807,-0.829038,1.500000,-0.414242,-0.856195,1.497718,0.578777,0.390390,0.000000,0.592812,0.377160,-0.015503,0.998589,-0.028244,-0.044951,-0.001271,-0.002672,-0.013654,-0.000773,-0.338032,0.386216,0.060360,23.571598,23.571598,23.579919,0.500763,1.303168,-0.405424,0.250132,0.931761
30.650000,1,0,0,2.400000,9.810000,0.900000,30.000000,60.000000,6.000000,-0.412215,-0.809017,1.500000,-0.384978,-0.836882,1.496944,0.564800,0.410352,0.000000,0.577626,0.395301,-0.015449,0.998573,-0.028306,-0.045256,-0.001283,-0.002248,-0.010795,-0.000612,-0.325266,0.363558,0.054436,23.579919,23.579919,23.587950,0.500933,1.348889,-0.463186,0.229101,0.932390
30.700000,1,0,0,2.400000,9.810000,0.900000,30.000000,60.000000,6.000000,-0.384339,-0.788011,1.500000,-0.356489,-0.816673,1.496175,0.550135,0.429813,0.000000,0.561837,0.412973,-0.015323,0.998561,-0.028354,-0.045491,-0.001292,-0.001646,-0.007994,-0.000454,-0.357677,0.344011,0.045447,23.587950,23.587950,23.595653,0.501097,1.282841,-0.512865,0.200679,0.933069
30.750000,1,0,0,2.400000,9.810000,0.900000,30.000000,60.000000,6.000000,-0.357212,-0.766044,1.500000,-0.328804,-0.795592,1.495413,0.534800,0.448750,0.000000,0.545476,0.430176,-0.015123,0.998553,-0.028386,-0.045657,-0.001298,-0.000864,-0.005270,-0.000300,-0.337080,0.359130,0.025629,23.595653,23.595653,23.602994,0.501253,1.340749,-0.478512,0.146254,0.933796
30.800000,1,0,0,2.400000,9.810000,0.900000,30.000000,60.000000,6.000000,-0.330869,-0.743145,1.500000,-0.301951,-0.773663,1.494663,0.518813,0.467141,0.000000,0.528575,0.446913,-0.014853,0.998548,-0.028396,-0.045755,-0.001301,0.000099,-0.002644,-0.000150,-0.330435,0.325275,0.045308,23.602994,23.602994,23.609946,0.501400,1.362002,-0.560651,0.186637,0.934568
30.850000,1,0,0,2.400000,9.810000,0.900000,30.000000,60.000000,6.000000,-0.305342,-0.719340,1.500000,-0.275955,-0.750909,1.493929,0.502194,0.484963,0.000000,0.511164,0.463184,-0.014515,0.998547,-0.028379,-0.045790,-0.001301,0.001238,-0.000130,-0.000007,-0.333391,0.326225,0.029372,23.609946,23.609946,23.616482,0.501539,1.357166,-0.557995,0.141584,0.935385
30.900000,1,0,0,2.400000,9.810000,0.900000,30.000000,60.000000,6.000000,-0.280660,-0.694658,1.500000,-0.250842,-0.727352,1.493213,0.484963,0.502194,0.000000,0.493276,0.478992,-0.014110,0.998550,-0.028332,-0.045763,-0.001298,0.002548,0.002253,0.000128,-0.362308,0.306359,0.018445,23.616482,23.616482,23.622584,0.501669,1.287113,-0.603828,0.108619,0.936243
30.950000,1,0,0,2.400000,9.810000,0.900000,30.000000,60.000000,6.000000,-0.256855,-0.669131,1.500000,-0.226635,-0.703017,1.492519,0.467141,0.518813,0.000000,0.474939,0.494338,-0.013642,0.998556,-0.028251,-0.045679,-0.001292,0.004020,0.004492,0.000254,-0.395577,0.316445,0.025012,23.622584,23.622584,23.628231,0.501789,1.203862,-0.576111,0.117729,0.937140
31.000000,1,0,0,2.400000,9.810000,0.900000,30.000000,60.000000,6.000000,-0.233956,-0.642788,1.500000,-0.203355,-0.677926,1.491850,0.448750,0.534800,0.000000,0.456183,0.509221,-0.013114,0.998566,-0.028135,-0.045536,-0.001283,-0.008164,0.017985,0.001014,-0.370744,0.293742,0.042583,23.628231,23.628231,23.633337,0.501897,1.257299,-0.625452,0.153365,0.938074
31.050000,1,0,0,2.400000,9.810000,0.900000,30.000000,60.000000,6.000000,-0.211990,-0.615663,1.500000,-0.181020,-0.652098,1.491209,0.429749,0.550052,0.000000,0.437228,0.523902,-0.012531,0.998580,-0.028410,-0.045056,-0.001282,0.000209,0.009789,0.000557,-0.357816,0.266952,0.027323,23.633337,23.633337,23.638592,0.502009,1.266127,-0.702996,0.110341,0.939041
31.100000,1,0,0,2.400000,9.810000,0.900000,30.000000,60.000000,6.000000,-0.190995,-0.587802,1.500000,-0.159638,-0.625541,1.490598,0.409888,0.564138,0.000000,0.417956,0.538297,-0.011896,0.998590,-0.028119,-0.044999,-0.001267,0.023097,-0.004266,-0.000240,-0.384514,0.267008,-0.006209,23.638592,23.638592,23.643395,0.502111,1.199927,-0.689395,0.023622,0.940038
31.150000,1,0,0,2.400000,9.810000,0.900000,30.000000,60.000000,6.000000,-0.171019,-0.559276,1.500000,-0.139235,-0.598282,1.490020,0.388981,0.576563,0.000000,0.398001,0.551887,-0.011214,0.998604,-0.027261,-0.045223,-0.001235,0.045458,-0.012643,-0.000691,-0.385702,0.234361,0.001080,23.643395,23.643395,23.647350,0.502195,1.208199,-0.727470,0.035047,0.941063
31.200000,1,0,0,2.400000,9.810000,0.900000,30.000000,60.000000,6.000000,-0.152115,-0.530181,1.500000,-0.119853,-0.570374,1.489477,0.366968,0.586868,0.000000,0.377145,0.564169,-0.010491,0.998625,-0.025859,-0.045592,-0.001181,0.066609,-0.015883,-0.000823,-0.382783,0.207326,-0.031925,23.647350,23.647350,23.650231,0.502256,1.233152,-0.726261,-0.050038,0.942112
31.250000,1,0,0,2.400000,9.810000,0.900000,30.000000,60.000000,6.000000,-0.134340,-0.500632,1.500000,-0.101538,-0.541894,1.488971,0.343897,0.594644,0.000000,0.355295,0.574668,-0.009731,0.998654,-0.023950,-0.045984,-0.001103,0.085941,-0.014602,-0.000701,-0.422788,0.154710,-0.010967,23.650231,23.650231,23.651948,0.502292,1.156175,-0.762397,-0.005405,0.943181
31.300000,1,0,0,2.400000,9.810000,0.900000,30.000000,60.000000,6.000000,-0.117741,-0.470765,1.500000,-0.084339,-0.512944,1.488504,0.319910,0.599542,0.000000,0.332477,0.582955,-0.008940,0.998694,-0.021586,-0.046294,-0.001001,0.102928,-0.009482,-0.000410,-0.443984,0.133748,-0.004618,23.651948,23.651948,23.652518,0.502305,1.120455,-0.700974,0.004391,0.944267
31.350000,1,0,0,2.400000,9.810000,0.900000,30.000000,60.000000,6.000000,-0.102360,-0.440730,1.500000,-0.068304,-0.483642,1.488078,0.295223,0.601284,0.000000,0.308815,0.588655,-0.008124,0.998743,-0.018833,-0.046437,-0.000876,0.117136,-0.001265,-0.000048,-0.476350,0.062028,0.014788,23.652518,23.652518,23.652042,0.502294,1.049913,-0.742812,0.045759,0.945366
31.400000,1,0,0,2.400000,9.810000,0.900000,30.000000,60.000000,6.000000,-0.088226,-0.410692,1.500000,-0.053469,-0.454126,1.487692,0.270111,0.599670,0.000000,0.284514,0.591463,-0.007288,0.998801,-0.015762,-0.046343,-0.000731,0.128240,0.009274,0.000293,-0.541575,0.013575,0.027159,23.652042,23.652042,23.650681,0.502266,0.889271,-0.713760,0.070488,0.946475
31.450000,1,0,0,2.400000,9.810000,0.900000,30.000000,60.000000,6.000000,-0.075351,-0.380821,1.500000,-0.039859,-0.424548,1.487349,0.244881,0.594580,0.000000,0.259839,0.591148,-0.006438,0.998865,-0.012456,-0.045965,-0.000573,0.136026,0.021342,0.000532,-0.532100,-0.076371,-0.000774,23.650681,23.650681,23.648630,0.502222,0.894379,-0.773064,-0.001261,0.947589
31.500000,1,0,0,2.400000,9.810000,0.900000,30.000000,60.000000,6.000000,-0.063734,-0.351293,1.500000,-0.027486,-0.395066,1.487049,0.219862,0.585975,0.000000,0.235098,0.587558,-0.005581,0.998934,-0.008998,-0.045275,-0.000408,0.140399,0.034162,0.000615,-0.541517,-0.140143,0.014694,23.648630,23.648630,23.646101,0.502168,0.839271,-0.762338,0.031415,0.948705
31.550000,1,0,0,2.400000,9.810000,0.900000,30.000000,60.000000,6.000000,-0.053356,-0.322282,1.500000,-0.016345,-0.365848,1.486791,0.195382,0.573898,0.000000,0.210621,0.580623,-0.004723,0.999005,-0.005473,-0.044262,-0.000242,0.141383,0.046996,0.000515,-0.534336,-0.216707,0.030522,23.646101,23.646101,23.643302,0.502109,0.808676,-0.779157,0.065218,0.949819
31.600000,1,0,0,2.400000,9.810000,0.900000,30.000000,60.000000,6.000000,-0.044182,-0.293959,1.500000,-0.006414,-0.337059,1.486576,0.171754,0.558466,0.000000,0.186741,0.570355,-0.003869,0.999076,-0.001963,-0.042934,-0.000084,0.139109,0.059173,0.000233,-0.522506,-0.269165,0.054358,23.643302,23.643302,23.640419,0.502048,0.774318,-0.738923,0.118504,0.950927
31.650000,1,0,0,2.400000,9.810000,0.900000,30.000000,60.000000,6.000000,-0.036162,-0.266488,1.500000,0.002345,-0.308866,1.486404,0.149265,0.539865,0.000000,0.163778,0.556841,-0.003026,0.999145,0.001451,-0.041317,0.000060,0.133805,0.070108,-0.000204,-0.491412,-0.308142,0.044385,23.640419,23.640419,23.637600,0.501988,0.772419,-0.670876,0.090916,0.952025
31.700000,1,0,0,2.400000,9.810000,0.900000,30.000000,60.000000,6.000000,-0.029232,-0.240021,1.500000,0.009984,-0.281427,1.486274,0.128160,0.518344,0.000000,0.142026,0.540239,-0.002199,0.999211,0.004699,-0.039446,0.000185,0.125774,0.079327,-0.000746,-0.452315,-0.373699,0.070138,23.637600,23.637600,23.634954,0.501932,0.777736,-0.674577,0.149333,0.953109
31.750000,1,0,0,2.400000,9.810000,0.900000,30.000000,60.000000,6.000000,-0.023319,-0.214697,1.500000,0.016572,-0.254890,1.486184,0.108637,0.494201,0.000000,0.121739,0.520770,-0.001396,0.999272,0.007716,-0.037369,0.000289,0.115381,0.086473,-0.001335,-0.396104,-0.415932,0.068865,23.634954,23.634954,23.632538,0.501880,0.814402,-0.633266,0.143148,0.954177
31.800000,1,0,0,2.400000,9.810000,0.900000,30.000000,60.000000,6.000000,-0.018340,-0.190639,1.500000,0.022186,-0.229393,1.486134,0.090843,0.467778,0.000000,0.103122,0.498708,-0.000620,0.999328,0.010448,-0.035142,0.000367,0.103025,0.091315,-0.001910,-0.383437,-0.483133,0.057654,23.632538,23.632538,23.630366,0.501834,0.739454,-0.665396,0.113363,0.955223
31.850000,1,0,0,2.400000,9.810000,0.900000,30.000000,60.000000,6.000000,-0.014205,-0.167951,1.500000,0.026914,-0.205057,1.486121,0.074869,0.439446,0.000000,0.086326,0.474372,0.000122,0.999378,0.012852,-0.032824,0.000422,0.089120,0.093748,-0.002412,-0.353297,-0.526895,0.046690,23.630366,23.630366,23.628408,0.501793,0.702142,-0.656857,0.084416,0.956245
31.900000,1,0,0,2.400000,9.810000,0.900000,30.000000,60.000000,6.000000,-0.010822,-0.146720,1.500000,0.030850,-0.181988,1.486145,0.060754,0.409600,0.000000,0.071444,0.448112,0.000826,0.999424,0.014894,-0.030474,0.000454,0.074074,0.093784,-0.002796,-0.337434,-0.545099,0.034151,23.628408,23.628408,23.626607,0.501754,0.629129,-0.604140,0.051924,0.957239
31.950000,1,0,0,2.400000,9.810000,0.900000,30.000000,60.000000,6.000000,-0.008099,-0.127010,1.500000,0.034091,-0.160272,1.486203,0.048484,0.378645,0.000000,0.058513,0.420301,0.001486,0.999467,0.016550,-0.028152,0.000466,0.058277,0.091546,-0.003033,-0.292947,-0.597873,0.037901,23.626607,23.626607,23.624884,0.501718,0.626149,-0.652660,0.058750,0.958202
32.000000,1,0,0,2.400000,9.810000,0.900000,30.000000,60.000000,6.000000,-0.005944,-0.108867,1.500000,0.036734,-0.139977,1.486293,0.038002,0.346991,0.000000,0.047516,0.391327,0.002098,0.999506,0.017805,-0.025913,0.000462,0.042085,0.087244,-0.003109,-0.268780,-0.613592,0.074032,23.624884,23.624884,23.623158,0.501681,0.578309,-0.631180,0.143499,0.959131
32.050000,1,0,0,2.400000,9.810000,0.900000,30.000000,60.000000,6.000000,-0.004270,-0.092316,1.500000,0.038874,-0.121152,1.486412,0.029208,0.315044,0.000000,0.038386,0.361582,0.002658,0.999542,0.018654,-0.023804,0.000444,0.025816,0.081165,-0.003031,-0.187575,-0.600767,0.073371,23.623158,23.623158,23.621355,0.501643,0.673543,-0.560393,0.140144,0.960022
32.100000,1,0,0,2.400000,9.810000,0.900000,30.000000,60.000000,6.000000,-0.002997,-0.077361,1.500000,0.040602,-0.103825,1.486558,0.021974,0.283200,0.000000,0.031013,0.331454,0.003161,0.999578,0.019099,-0.021865,0.000418,0.009746,0.073646,-0.002815,-0.130773,-0.602776,0.044653,23.621355,23.621355,23.619421,0.501602,0.718295,-0.544327,0.069630,0.960874
32.150000,1,0,0,2.400000,9.810000,0.900000,30.000000,60.000000,6.000000,-0.002049,-0.063988,1.500000,0.042002,-0.088007,1.486727,0.016148,0.251837,0.000000,0.025251,0.301323,0.003606,0.999614,0.019147,-0.020129,0.000386,-0.005890,0.065058,-0.002493,-0.103355,-0.606887,0.045624,23.619421,23.619421,23.617333,0.501557,0.702093,-0.552046,0.070533,0.961683
32.200000,1,0,0,2.400000,9.810000,0.900000,30.000000,60.000000,6.000000,-0.001361,-0.052163,1.500000,0.043151,-0.073687,1.486917,0.011560,0.221313,0.000000,0.020931,0.271552,0.003988,0.999650,0.018811,-0.018617,0.000350,-0.020890,0.055780,-0.002100,-0.077947,-0.571326,0.043440,23.617333,23.617333,23.615101,0.501510,0.691670,-0.482653,0.064009,0.962447
32.250000,1,0,0,2.400000,9.810000,0.900000,30.000000,60.000000,6.000000,-0.000876,-0.041837,1.500000,0.044116,-0.060840,1.487125,0.008038,0.191963,0.000000,0.017864,0.242487,0.004305,0.999686,0.018110,-0.017342,0.000314,-0.035081,0.046187,-0.001674,-0.063986,-0.559998,0.041991,23.615101,23.615101,23.612775,0.501461,0.664963,-0.488659,0.059372,0.963165
32.300000,1,0,0,2.400000,9.810000,0.900000,30.000000,60.000000,6.000000,-0.000543,-0.032942,1.500000,0.044955,-0.049421,1.487347,0.005408,0.164090,0.000000,0.015853,0.214448,0.004556,0.999721,0.017066,-0.016307,0.000278,-0.048306,0.036628,-0.001251,-0.058003,-0.549276,0.039156,23.612775,23.612775,23.610436,0.501411,0.630461,-0.512307,0.051514,0.963833
32.350000,1,0,0,2.400000,9.810000,0.900000,30.000000,60.000000,6.000000,-0.000323,-0.025399,1.500000,0.045716,-0.039373,1.487579,0.003505,0.137967,0.000000,0.014703,0.187729,0.004738,0.999756,0.015705,-0.015508,0.000244,-0.060420,0.027414,-0.000862,-0.015563,-0.530892,0.022749,23.610436,23.610436,23.608198,0.501363,0.694574,-0.532524,0.011165,0.964451
32.400000,1,0,0,2.400000,9.810000,0.900000,30.000000,60.000000,6.000000,-0.000183,-0.019112,1.500000,0.046436,-0.030622,1.487819,0.002176,0.113831,0.000000,0.014222,0.162594,0.004852,0.999790,0.014057,-0.014932,0.000210,-0.071279,0.018809,-0.000529,-0.000672,-0.472563,0.008439,23.608198,23.608198,23.606194,0.501321,0.703115,-0.470431,-0.024089,0.965017
32.450000,1,0,0,2.400000,9.810000,0.900000,30.000000,60.000000,6.000000,-0.000098,-0.013979,1.500000,0.047146,-0.023083,1.488063,0.001284,0.091878,0.000000,0.014236,0.139274,0.004895,0.999820,0.012154,-0.014561,0.000177,-0.080736,0.011016,-0.000268,-0.006580,-0.428230,0.006075,23.606194,23.606194,23.604563,0.501286,0.671439,-0.453916,-0.030629,0.965530
32.500000,1,0,0,2.400000,9.810000,0.900000,30.000000,60.000000,6.000000,-0.000049,-0.009885,1.500000,0.047866,-0.016661,1.488308,0.000714,0.072264,0.000000,0.014585,0.117962,0.004870,0.999846,0.010034,-0.014373,0.000144,-0.088634,0.004179,-0.000084,-0.000454,-0.404769,-0.014736,23.604563,23.604563,23.603446,0.501262,0.677296,-0.497734,-0.081424,0.965989
32.550000,1,0,0,2.400000,9.810000,0.900000,30.000000,60.000000,6.000000,-0.000023,-0.006712,1.500000,0.048608,-0.011251,1.488549,0.000370,0.055097,0.000000,0.015132,0.098813,0.004775,0.999867,0.007737,-0.014344,0.000111,-0.094803,-0.001625,0.000025,0.014026,-0.350666,-0.002926,23.603446,23.603446,23.602963,0.501252,0.710667,-0.476316,-0.053930,0.966393
32.600000,1,0,0,2.400000,9.810000,0.900000,30.000000,60.000000,6.000000,-0.000009,-0.004334,1.500000,0.049380,-0.006742,1.488784,0.000175,0.040435,0.000000,0.015763,0.081940,0.004612,0.999882,0.005310,-0.014446,0.000077,-0.099064,-0.006375,0.000068,0.023697,-0.292870,0.001985,23.602963,23.602963,23.603205,0.501257,0.738729,-0.452195,-0.043016,0.966743
32.650000,1,0,0,2.400000,9.810000,0.900000,30.000000,60.000000,6.000000,-0.000003,-0.002626,1.500000,0.050184,-0.003018,1.489009,0.000074,0.028281,0.000000,0.016385,0.067407,0.004384,0.999889,0.002802,-0.014655,0.000041,-0.101225,-0.010109,0.000057,0.015719,-0.248470,0.020363,23.603205,23.603205,23.604222,0.501279,0.729438,-0.464034,0.000176,0.967038
32.700000,1,0,0,2.400000,9.810000,0.900000,30.000000,60.000000,6.000000,-0.000001,-0.001465,1.500000,0.051017,0.000038,1.489221,0.000027,0.018579,0.000000,0.016929,0.055228,0.004091,0.999888,0.000269,-0.014944,0.000004,-0.101086,-0.012910,0.000007,0.030628,-0.198662,0.031878,23.604222,23.604222,23.606016,0.501317,0.778924,-0.464108,0.026832,0.967278
32.750000,1,0,0,2.400000,9.810000,0.900000,30.000000,60.000000,6.000000,-0.000000,-0.000730,1.500000,0.051875,0.002543,1.489417,0.000008,0.011207,0.000000,0.017345,0.045361,0.003736,0.999881,-0.002231,-0.015293,-0.000034,-0.098440,-0.014894,-0.000066,0.047541,-0.180040,0.035504,23.606016,23.606016,23.608528,0.501370,0.836036,-0.537422,0.034470,0.967464
32.800000,1,0,0,2.400000,9.810000,0.900000,30.000000,60.000000,6.000000,-0.000000,-0.000309,1.500000,0.052749,0.004611,1.489594,0.000002,0.005976,0.000000,0.017599,0.037706,0.003323,0.999866,-0.004630,-0.015683,-0.000073,-0.093077,-0.016196,-0.000150,0.047528,-0.111628,0.033345,23.608528,23.608528,23.611645,0.501437,0.854460,-0.486558,0.028124,0.967596
32.850000,1,0,0,2.400000,9.810000,0.900000,30.000000,60.000000,6.000000,-0.000000,-0.000101,1.500000,0.053632,0.006348,1.489749,0.000000,0.002624,0.000000,0.017671,0.032097,0.002854,0.999847,-0.006860,-0.016098,-0.000110,-0.084786,-0.016956,-0.000233,0.061246,-0.087454,0.045900,23.611645,23.611645,23.615196,0.501512,0.907047,-0.533851,0.056974,0.967676
32.900000,1,0,0,2.400000,9.810000,0.900000,30.000000,60.000000,6.000000,-0.000000,-0.000021,1.500000,0.054513,0.007851,1.489879,0.000000,0.000809,0.000000,0.017549,0.028300,0.002335,0.999824,-0.008843,-0.016527,-0.000146,-0.073354,-0.017303,-0.000306,0.038430,-0.012634,0.046826,23.615196,23.615196,23.618964,0.501592,0.872606,-0.448003,0.057781,0.967704
32.950000,1,0,0,2.400000,9.810000,0.900000,30.000000,60.000000,6.000000,-0.000000,-0.000001,1.500000,0.055383,0.009203,1.489981,0.000000,0.000105,0.000000,0.017230,0.026006,0.001768,0.999801,-0.010499,-0.016960,-0.000178,-0.058571,-0.017340,-0.000364,0.048123,0.000175,0.050992,23.618964,23.618964,23.622694,0.501671,0.916413,-0.495553,0.066212,0.967683
33.000000,1,0,0,2.400000,9.810000,0.900000,30.000000,60.000000,6.000000,0.000000,-0.000000,1.500000,0.056233,0.010470,1.490055,0.000000,0.000000,0.000000,0.016713,0.024827,0.001159,0.999780,-0.011735,-0.017391,-0.000204,-0.022182,-0.017132,-0.000402,0.035833,0.044733,0.040306,23.622694,23.622694,23.625424,0.501729,0.907368,-0.447099,0.038835,0.967614
33.050000,1,0,0,2.400000,9.810000,0.900000,30.000000,60.000000,6.000000,0.000000,-0.000000,1.500000,0.057051,0.011690,1.490097,0.000000,0.000000,0.000000,0.016001,0.023932,0.000512,0.999771,-0.011843,-0.017815,-0.000211,-0.004528,-0.016707,-0.000396,0.010530,0.044791,0.030702,23.625424,23.625424,23.628351,0.501791,0.866726,-0.452149,0.013882,0.967500
33.100000,1,0,0,2.400000,9.810000,0.900000,30.000000,60.000000,6.000000,0.000000,-0.000000,1.500000,0.057830,0.012859,1.490105,0.000000,0.000000,0.000000,0.015097,0.022796,-0.000167,0.999762,-0.011966,-0.018225,-0.000218,-0.005325,-0.016070,-0.000385,0.021821,0.039679,0.016399,23.628351,23.628351,23.631477,0.501858,0.913292,-0.470315,-0.022532,0.967341
33.150000,1,0,0,2.400000,9.810000,0.900000,30.000000,60.000000,6.000000,0.000000,-0.000000,1.500000,0.058558,0.013966,1.490079,0.000000,0.000000,0.000000,0.014007,0.021426,-0.000873,0.999753,-0.012108,-0.018617,-0.000225,-0.006026,-0.015229,-0.000369,0.000198,0.033206,-0.004611,23.631477,23.631477,23.634795,0.501928,0.880004,-0.492639,-0.075234,0.967141
33.200000,1,0,0,2.400000,9.810000,0.900000,30.000000,60.000000,6.000000,0.000000,-0.000000,1.500000,0.059227,0.014998,1.490018,0.000000,0.000000,0.000000,0.012737,0.019833,-0.001600,0.999744,-0.012267,-0.018985,-0.000233,-0.006620,-0.014192,-0.000348,-0.023243,-0.010063,-0.029999,23.634795,23.634795,23.638294,0.502003,0.841251,-0.604047,-0.138642,0.966903
33.250000,1,0,0,2.400000,9.810000,0.900000,30.000000,60.000000,6.000000,0.000000,-0.000000,1.500000,0.059829,0.015946,1.489919,0.000000,0.000000,0.000000,0.011297,0.018032,-0.002343,0.999736,-0.012438,-0.019325,-0.000240,-0.007100,-0.012969,-0.000323,-0.013888,-0.015581,-0.038379,23.638294,23.638294,23.641965,0.502080,0.879885,-0.625493,-0.161436,0.966629
33.300000,1,0,0,2.400000,9.810000,0.900000,30.000000,60.000000,6.000000,0.000000,-0.000000,1.500000,0.060354,0.016798,1.489783,0.000000,0.000000,0.000000,0.009696,0.016039,-0.003095,0.999728,-0.012620,-0.019632,-0.000248,-0.007458,-0.011573,-0.000292,0.000360,-0.019697,-0.037412,23.641965,23.641965,23.645792,0.502162,0.928725,-0.644076,-0.162000,0.966322
33.350000,1,0,0,2.400000,9.810000,0.900000,30.000000,60.000000,6.000000,0.000000,-0.000000,1.500000,0.060796,0.017547,1.489610,0.000000,0.000000,0.000000,0.007946,0.013872,-0.003850,0.999720,-0.012810,-0.019902,-0.000255,-0.007688,-0.010017,-0.000257,0.041119,-0.026642,-0.051925,23.645792,23.645792,23.649761,0.502246,1.039456,-0.669805,-0.199921,0.965986
33.400000,1,0,0,2.400000,9.810000,0.900000,30.000000,60.000000,6.000000,0.000000,-0.000000,1.500000,0.061147,0.018183,1.489398,0.000000,0.000000,0.000000,0.006060,0.011550,-0.004604,0.999713,-0.013003,-0.020131,-0.000262,-0.007789,-0.008317,-0.000216,0.021810,-0.040206,-0.059411,23.649761,23.649761,23.653855,0.502333,1.004108,-0.711620,-0.221181,0.965623
33.450000,1,0,0,2.400000,9.810000,0.900000,30.000000,60.000000,6.000000,0.000000,-0.000000,1.500000,0.061400,0.018699,1.489149,0.000000,0.000000,0.000000,0.004051,0.009094,-0.005348,0.999706,-0.013198,-0.020317,-0.000268,-0.007759,-0.006490,-0.000171,-0.032505,-0.027177,-0.064179,23.653855,23.653855,23.658056,0.502422,0.882668,-0.689660,-0.236118,0.965237
33.500000,1,0,0,2.400000,9.810000,0.900000,30.000000,60.000000,6.000000,0.000000,-0.000000,1.500000,0.061550,0.019090,1.488864,0.000000,0.000000,0.000000,0.001934,0.006530,-0.006078,0.999701,-0.013390,-0.020455,-0.000274,-0.007599,-0.004552,-0.000122,-0.049057,-0.048125,-0.064571,23.658056,23.658056,23.662345,0.502513,0.849639,-0.749140,-0.240745,0.964831
33.550000,1,0,0,2.400000,9.810000,0.900000,30.000000,60.000000,6.000000,0.000000,-0.000000,1.500000,0.061592,0.019351,1.488542,0.000000,0.000000,0.000000,-0.000275,0.003879,-0.006787,0.999697,-0.013577,-0.020543,-0.000279,-0.007311,-0.002523,-0.000069,-0.039514,-0.025553,-0.032547,23.662345,23.662345,23.666702,0.502606,0.876897,-0.703912,-0.167763,0.964410
33.600000,1,0,0,2.400000,9.810000,0.900000,30.000000,60.000000,6.000000,0.000000,-0.000000,1.500000,0.061521,0.019477,1.488185,0.000000,0.000000,0.000000,-0.002560,0.001167,-0.007470,0.999694,-0.013754,-0.020580,-0.000283,-0.006901,-0.000423,-0.000012,-0.050294,-0.051754,-0.025065,23.666702,23.666702,23.671108,0.502699,0.852944,-0.775330,-0.153855,0.963977
33.650000,1,0,0,2.400000,9.810000,0.900000,30.000000,60.000000,6.000000,0.000000,-0.000000,1.500000,0.061335,0.019467,1.487795,0.000000,0.000000,0.000000,-0.004903,-0.001579,-0.008122,0.999692,-0.013921,-0.020564,-0.000286,-0.006374,0.001729,0.000048,-0.028257,-0.089826,-0.010084,23.671108,23.671108,23.675543,0.502794,0.905238,-0.874688,-0.122115,0.963534
33.700000,1,0,0,2.400000,9.810000,0.900000,30.000000,60.000000,6.000000,0.000000,-0.000000,1.500000,0.061030,0.019319,1.487374,0.000000,0.000000,0.000000,-0.007286,-0.004334,-0.008736,0.999691,-0.014072,-0.020493,-0.000288,-0.005738,0.003911,0.000110,-0.071817,-0.109603,-0.001782,23.675543,23.675543,23.679989,0.502888,0.797534,-0.929451,-0.106557,0.963087
33.750000,1,0,0,2.400000,9.810000,0.900000,30.000000,60.000000,6.000000,0.000000,-0.000000,1.500000,0.060606,0.019034,1.486923,0.000000,0.000000,0.000000,-0.009691,-0.007071,-0.009307,0.999692,-0.014207,-0.020368,-0.000289,-0.005003,0.006103,0.000173,-0.070302,-0.113882,-0.027706,23.679989,23.679989,23.684425,0.502982,0.795421,-0.946213,-0.173277,0.962639
33.800000,1,0,0,2.400000,9.810000,0.900000,30.000000,60.000000,6.000000,0.000000,-0.000000,1.500000,0.060061,0.018613,1.486444,0.000000,0.000000,0.000000,-0.012100,-0.009764,-0.009832,0.999694,-0.014322,-0.020188,-0.000289,-0.004180,0.008283,0.000237,-0.086111,-0.124348,-0.034358,23.684425,23.684425,23.688835,0.503076,0.749141,-0.976900,-0.193864,0.962193
33.850000,1,0,0,2.400000,9.810000,0.900000,30.000000,60.000000,6.000000,0.000000,-0.000000,1.500000,0.059396,0.018059,1.485940,0.000000,0.000000,0.000000,-0.014494,-0.012388,-0.010305,0.999697,-0.014415,-0.019954,-0.000288,-0.003280,0.010431,0.000301,-0.110505,-0.135928,-0.008080,23.688835,23.688835,23.693200,0.503169,0.679691,-1.009243,-0.135517,0.961753
33.900000,1,0,0,2.400000,9.810000,0.900000,30.000000,60.000000,6.000000,0.000000,-0.000000,1.500000,0.058612,0.017376,1.485414,0.000000,0.000000,0.000000,-0.016855,-0.014918,-0.010722,0.999702,-0.014485,-0.019667,-0.000285,-0.002317,0.012526,0.000363,-0.080307,-0.136281,0.002501,23.693200,23.693200,23.697505,0.503260,0.738744,-1.013534,-0.114927,0.961323
33.950000,1,0,0,2.400000,9.810000,0.900000,30.000000,60.000000,6.000000,0.000000,-0.000000,1.500000,0.057711,0.016569,1.484869,0.000000,0.000000,0.000000,-0.019166,-0.017329,-0.011080,0.999708,-0.014531,-0.019328,-0.000281,-0.001303,0.014548,0.000423,-0.068477,-0.132276,-0.019241,23.697505,23.697505,23.701734,0.503350,0.751265,-1.006195,-0.171971,0.960907
34.000000,1,0,0,2.400000,9.810000,0.900000,30.000000,60.000000,6.000000,0.000000,-0.000000,1.500000,0.056697,0.015645,1.484307,0.000000,0.000000,0.000000,-0.021407,-0.019599,-0.011375,0.999715,-0.014550,-0.018940,-0.000276,-0.000254,0.016477,0.000480,-0.084311,-0.144530,0.003403,23.701734,23.701734,23.705871,0.503438,0.695047,-1.036653,-0.122526,0.960507
34.050000,1,0,0,2.400000,9.810000,0.900000,30.000000,60.000000,6.000000,0.000000,-0.000000,1.500000,0.055572,0.014612,1.483733,0.000000,0.000000,0.000000,-0.023561,-0.021707,-0.011604,0.999723,-0.014543,-0.018505,-0.000269,0.000817,0.018295,0.000532,-0.112823,-0.130865,0.021504,23.705871,23.705871,23.709905,0.503523,0.606169,-1.003645,-0.083998,0.960127
34.100000,1,0,0,2.400000,9.810000,0.900000,30.000000,60.000000,6.000000,0.000000,-0.000000,1.500000,0.054342,0.013477,1.483148,0.000000,0.000000,0.000000,-0.025613,-0.023633,-0.011766,0.999732,-0.014510,-0.018027,-0.000262,0.001895,0.019985,0.000580,-0.116776,-0.117778,0.027270,23.709905,23.709905,23.713822,0.503606,0.574143,-0.970745,-0.075064,0.959770
34.150000,1,0,0,2.400000,9.810000,0.900000,30.000000,60.000000,6.000000,0.000000,-0.000000,1.500000,0.053013,0.012252,1.482557,0.000000,0.000000,0.000000,-0.027546,-0.025360,-0.011857,0.999742,-0.014449,-0.017507,-0.000253,0.002965,0.021529,0.000622,-0.110826,-0.113482,0.021633,23.713822,23.713822,23.717609,0.503687,0.563957,-0.957667,-0.093463,0.959440
34.200000,1,0,0,2.400000,9.810000,0.900000,30.000000,60.000000,6.000000,0.000000,-0.000000,1.500000,0.051590,0.010945,1.481964,0.000000,0.000000,0.000000,-0.029346,-0.026871,-0.011877,0.999753,-0.014362,-0.016951,-0.000244,0.004013,0.022913,0.000658,-0.106160,-0.098265,0.038758,23.717609,23.717609,23.721255,0.503764,0.548938,-0.917117,-0.057176,0.959139
34.250000,1,0,0,2.400000,9.810000,0.900000,30.000000,60.000000,6.000000,0.000000,-0.000000,1.500000,0.050081,0.009568,1.481371,0.000000,0.000000,0.000000,-0.030999,-0.028155,-0.011825,0.999765,-0.014249,-0.016363,-0.000233,0.005026,0.024123,0.000688,-0.089912,-0.070787,0.028632,23.721255,23.721255,23.724748,0.503839,0.560166,-0.845912,-0.086203,0.958870
34.300000,1,0,0,2.400000,9.810000,0.900000,30.000000,60.000000,6.000000,0.000000,-0.000000,1.500000,0.048493,0.008134,1.480782,0.000000,0.000000,0.000000,-0.032492,-0.029199,-0.011700,0.999776,-0.014111,-0.015747,-0.000222,0.005991,0.025147,0.000710,-0.080919,-0.080327,0.023506,23.724748,23.724748,23.728078,0.503909,0.552643,-0.862370,-0.103121,0.958635
34.350000,1,0,0,2.400000,9.810000,0.900000,30.000000,60.000000,6.000000,0.000000,-0.000000,1.500000,0.046834,0.006653,1.480202,0.000000,0.000000,0.000000,-0.033813,-0.029997,-0.011503,0.999789,-0.013950,-0.015107,-0.000211,0.006895,0.025975,0.000725,-0.056630,-0.093021,0.028759,23.728078,23.728078,23.731233,0.503976,0.580717,-0.885284,-0.094992,0.958438
34.400000,1,0,0,2.400000,9.810000,0.900000,30.000000,60.000000,6.000000,0.000000,-0.000000,1.500000,0.045114,0.005138,1.479633,0.000000,0.000000,0.000000,-0.034954,-0.030541,-0.011234,0.999801,-0.013767,-0.014449,-0.000199,0.007728,0.026598,0.000733,-0.034624,-0.073245,0.023706,23.731233,23.731233,23.734202,0.504039,0.602437,-0.829230,-0.111433,0.958279
34.450000,1,0,0,2.400000,9.810000,0.900000,30.000000,60.000000,6.000000,0.000000,-0.000000,1.500000,0.043342,0.003603,1.479080,0.000000,0.000000,0.000000,-0.035904,-0.030829,-0.010893,0.999813,-0.013565,-0.013779,-0.000187,0.008479,0.027009,0.000733,-0.041568,-0.048194,0.034886,23.734202,23.734202,23.736974,0.504098,0.554049,-0.759567,-0.088731,0.958161
34.500000,1,0,0,2.400000,9.810000,0.900000,30.000000,60.000000,6.000000,0.000000,-0.000000,1.500000,0.041527,0.002059,1.478545,0.000000,0.000000,0.000000,-0.036659,-0.030861,-0.010484,0.999825,-0.013345,-0.013101,-0.000175,0.009142,0.027204,0.000726,-0.048771,-0.031640,0.019992,23.736974,23.736974,23.739535,0.504153,0.504664,-0.709450,-0.128392,0.958085
34.550000,1,0,0,2.400000,9.810000,0.900000,30.000000,60.000000,6.000000,0.000000,-0.000000,1.500000,0.039680,0.000521,1.478032,0.000000,0.000000,0.000000,-0.037211,-0.030639,-0.010008,0.999837,-0.013109,-0.012420,-0.000163,0.009708,0.027180,0.000713,-0.047809,-0.011213,0.033372,23.739535,23.739535,23.741875,0.504202,0.474759,-0.649302,-0.099961,0.958053
34.600000,1,0,0,2.400000,9.810000,0.900000,30.000000,60.000000,6.000000,0.000000,-0.000000,1.500000,0.037810,-0.001000,1.477545,0.000000,0.000000,0.000000,-0.037557,-0.030168,-0.009468,0.999848,-0.012860,-0.011743,-0.000151,0.010173,0.026935,0.000693,-0.080466,-0.012403,0.048857,23.741875,23.741875,23.743980,0.504247,0.364317,-0.640413,-0.066218,0.958066
34.650000,1,0,0,2.400000,9.810000,0.900000,30.000000,60.000000,6.000000,0.000000,-0.000000,1.500000,0.035927,-0.002492,1.477087,0.000000,0.000000,0.000000,-0.037696,-0.029456,-0.008866,0.999859,-0.012601,-0.011075,-0.000140,0.010533,0.026472,0.000667,-0.081063,-0.022607,0.056383,23.743980,23.743980,23.745838,0.504286,0.331225,-0.652659,-0.051297,0.958125
34.700000,1,0,0,2.400000,9.810000,0.900000,30.000000,60.000000,6.000000,0.000000,-0.000000,1.500000,0.034043,-0.003942,1.476660,0.000000,0.000000,0.000000,-0.037626,-0.028513,-0.008206,0.999870,-0.012335,-0.010421,-0.000129,0.010785,0.025792,0.000636,-0.030007,-0.052748,0.065130,23.745838,23.745838,23.747434,0.504320,0.422766,-0.712381,-0.033142,0.958230
34.750000,1,0,0,2.400000,9.810000,0.900000,30.000000,60.000000,6.000000,0.000000,-0.000000,1.500000,0.032168,-0.005340,1.476267,0.000000,0.000000,0.000000,-0.037349,-0.027351,-0.007493,0.999879,-0.012063,-0.009787,-0.000118,0.010930,0.024902,0.000601,0.003546,-0.038051,0.080052,23.747434,23.747434,23.748757,0.504348,0.473222,-0.664249,0.000150,0.958382
34.800000,1,0,0,2.400000,9.810000,0.900000,30.000000,60.000000,6.000000,0.000000,-0.000000,1.500000,0.030312,-0.006674,1.475911,0.000000,0.000000,0.000000,-0.036868,-0.025986,-0.006730,0.999888,-0.011789,-0.009178,-0.000108,0.010969,0.023808,0.000561,0.020217,-0.053357,0.075027,23.748757,23.748757,23.749791,0.504370,0.484330,-0.688008,-0.014089,0.958581
34.850000,1,0,0,2.400000,9.810000,0.900000,30.000000,60.000000,6.000000,0.000000,-0.000000,1.500000,0.028485,-0.007935,1.475595,0.000000,0.000000,0.000000,-0.036187,-0.024435,-0.005923,0.999897,-0.011516,-0.008598,-0.000099,0.010905,0.022518,0.000519,0.000670,-0.040327,0.044119,23.749791,23.749791,23.750526,0.504386,0.409921,-0.643766,-0.090095,0.958827
34.900000,1,0,0,2.400000,9.810000,0.900000,30.000000,60.000000,6.000000,0.000000,-0.000000,1.500000,0.026696,-0.009114,1.475320,0.000000,0.000000,0.000000,-0.035312,-0.022716,-0.005075,0.999904,-0.011245,-0.008053,-0.000091,0.010742,0.021044,0.000473,-0.012274,-0.024403,0.021109,23.750526,23.750526,23.750947,0.504395,0.352994,-0.592705,-0.146777,0.959119
34.950000,1,0,0,2.400000,9.810000,0.900000,30.000000,60.000000,6.000000,0.000000,-0.000000,1.500000,0.024957,-0.010204,1.475088,0.000000,0.000000,0.000000,-0.034252,-0.020850,-0.004193,0.999911,-0.010980,-0.007547,-0.000083,0.010487,0.019397,0.000426,-0.027738,-0.007344,0.017181,23.750947,23.750947,23.751043,0.504397,0.291864,-0.539163,-0.157279,0.959456
35.000000,1,0,0,2.400000,9.810000,0.900000,30.000000,60.000000,6.000000,0.000000,-0.000000,1.500000,0.023274,-0.011197,1.474901,0.000000,0.000000,0.000000,-0.033015,-0.018860,-0.003282,0.999917,-0.010722,-0.007085,-0.000076,0.010146,0.017590,0.000377,-0.042175,0.031990,0.038776,23.751043,23.751043,23.750805,0.504392,0.235247,-0.432506,-0.106136,0.959838
35.050000,1,0,0,2.400000,9.810000,0.900000,30.000000,60.000000,6.000000,0.000000,-0.000000,1.500000,0.021658,-0.012089,1.474760,0.000000,0.000000,0.000000,-0.031612,-0.016769,-0.002348,0.999923,-0.010473,-0.006669,-0.000070,0.009729,0.015640,0.000328,-0.055959,0.063676,0.024238,23.750805,23.750805,23.750223,0.504380,0.182423,-0.344648,-0.141310,0.960263
35.100000,1,0,0,2.400000,9.810000,0.900000,30.000000,60.000000,6.000000,0.000000,-0.000000,1.500000,0.020116,-0.012873,1.474666,0.000000,0.000000,0.000000,-0.030055,-0.014601,-0.001396,0.999928,-0.010236,-0.006304,-0.000065,0.009245,0.013561,0.000278,-0.055837,0.032227,-0.005772,23.750223,23.750223,23.749290,0.504360,0.165362,-0.408845,-0.213211,0.960729
35.150000,1,0,0,2.400000,9.810000,0.900000,30.000000,60.000000,6.000000,0.000000,-0.000000,1.500000,0.018655,-0.013548,1.474620,0.000000,0.000000,0.000000,-0.028357,-0.012382,-0.000433,0.999932,-0.010011,-0.005992,-0.000060,0.008705,0.011373,0.000228,-0.054190,0.097882,-0.015446,23.749290,23.749290,23.748000,0.504332,0.154494,-0.240594,-0.235895,0.961236
35.200000,1,0,0,2.400000,9.810000,0.900000,30.000000,60.000000,6.000000,0.000000,-0.000000,1.500000,0.017282,-0.014111,1.474623,0.000000,0.000000,0.000000,-0.026532,-0.010138,0.000535,0.999936,-0.009801,-0.005736,-0.000056,0.008120,0.009092,0.000178,-0.006906,0.097415,0.001020,23.748000,23.748000,23.746352,0.504297,0.255805,-0.231698,-0.195429,0.961781
35.250000,1,0,0,2.400000,9.810000,0.900000,30.000000,60.000000,6.000000,0.000000,-0.000000,1.500000,0.016003,-0.014562,1.474674,0.000000,0.000000,0.000000,-0.024595,-0.007894,0.001502,0.999939,-0.009606,-0.005538,-0.000053,0.007502,0.006739,0.000129,-0.005164,0.136238,-0.016055,23.746352,23.746352,23.744344,0.504255,0.250564,-0.129216,-0.235046,0.962361
35.300000,1,0,0,2.400000,9.810000,0.900000,30.000000,60.000000,6.000000,0.000000,-0.000000,1.500000,0.014824,-0.014901,1.474773,0.000000,0.000000,0.000000,-0.022563,-0.005676,0.002463,0.999941,-0.009426,-0.005399,-0.000051,0.006865,0.004332,0.000082,0.011093,0.117658,-0.029591,23.744344,23.744344,23.741978,0.504204,0.282985,-0.165241,-0.265758,0.962975
35.350000,1,0,0,2.400000,9.810000,0.900000,30.000000,60.000000,6.000000,0.000000,-0.000000,1.500000,0.013748,-0.015130,1.474920,0.000000,0.000000,0.000000,-0.020453,-0.003510,0.003410,0.999943,-0.009263,-0.005321,-0.000049,0.006219,0.001893,0.000035,-0.010798,0.098724,-0.021873,23.741978,23.741978,23.739259,0.504147,0.226726,-0.202873,-0.245054,0.963619
35.400000,1,0,0,2.400000,9.810000,0.900000,30.000000,60.000000,6.000000,0.000000,-0.000000,1.500000,0.012780,-0.015253,1.475114,0.000000,0.000000,0.000000,-0.018281,-0.001420,0.004338,0.999944,-0.009115,-0.005305,-0.000048,0.005579,-0.000558,-0.000010,-0.019914,0.068366,-0.001688,23.739259,23.739259,23.736196,0.504082,0.204028,-0.268683,-0.194030,0.964291
35.450000,1,0,0,2.400000,9.810000,0.900000,30.000000,60.000000,6.000000,0.000000,-0.000000,1.500000,0.011921,-0.015274,1.475353,0.000000,0.000000,0.000000,-0.016067,0.000569,0.005242,0.999945,-0.008983,-0.005349,-0.000048,0.004956,-0.003000,-0.000054,-0.052128,0.047516,0.024686,23.736196,23.736196,23.732797,0.504009,0.128795,-0.312417,-0.127760,0.964989
35.500000,1,0,0,2.400000,9.810000,0.900000,30.000000,60.000000,6.000000,0.000000,-0.000000,1.500000,0.011174,-0.015198,1.475637,0.000000,0.000000,0.000000,-0.013827,0.002434,0.006114,0.999946,-0.008867,-0.005454,-0.000048,0.004362,-0.005414,-0.000096,-0.041791,0.063712,0.045471,23.732797,23.732797,23.729076,0.503930,0.158565,-0.267962,-0.074521,0.965707
35.550000,1,0,0,2.400000,9.810000,0.900000,30.000000,60.000000,6.000000,0.000000,-0.000000,1.500000,0.010538,-0.015033,1.475964,0.000000,0.000000,0.000000,-0.011581,0.004154,0.006951,0.999946,-0.008765,-0.005619,-0.000049,0.003809,-0.007778,-0.000136,-0.041722,0.035560,0.034343,23.729076,23.729076,23.725047,0.503845,0.166521,-0.330620,-0.097509,0.966445
35.600000,1,0,0,2.400000,9.810000,0.900000,30.000000,60.000000,6.000000,0.000000,-0.000000,1.500000,0.010015,-0.014785,1.476332,0.000000,0.000000,0.000000,-0.009347,0.005710,0.007746,0.999945,-0.008676,-0.005843,-0.000051,0.003307,-0.010072,-0.000175,-0.043473,0.044099,0.065820,23.725047,23.725047,23.720730,0.503753,0.172869,-0.305841,-0.017887,0.967197
35.650000,1,0,0,2.400000,9.810000,0.900000,30.000000,60.000000,6.000000,0.000000,-0.000000,1.500000,0.009603,-0.014465,1.476738,0.000000,0.000000,0.000000,-0.007143,0.007084,0.008494,0.999944,-0.008599,-0.006122,-0.000053,0.002867,-0.012278,-0.000211,-0.037677,0.105039,0.071452,23.720730,23.720730,23.716142,0.503656,0.199994,-0.155856,0.000041,0.967960
35.700000,1,0,0,2.400000,9.810000,0.900000,30.000000,60.000000,6.000000,0.000000,-0.000000,1.500000,0.009300,-0.014080,1.477180,0.000000,0.000000,0.000000,-0.004986,0.008259,0.009192,0.999943,-0.008532,-0.006456,-0.000055,0.002497,-0.014377,-0.000245,-0.004817,0.129269,0.068795,23.716142,23.716142,23.711306,0.503553,0.294617,-0.094453,-0.001604,0.968732
35.750000,1,0,0,2.400000,9.810000,0.900000,30.000000,60.000000,6.000000,0.000000,-0.000000,1.500000,0.009104,-0.013642,1.477656,0.000000,0.000000,0.000000,-0.002895,0.009222,0.009835,0.999941,-0.008474,-0.006840,-0.000058,0.002203,-0.016351,-0.000277,0.002092,0.127667,0.086269,23.711306,23.711306,23.706244,0.503446,0.329362,-0.095436,0.045363,0.969507
35.800000,1,0,0,2.400000,9.810000,0.900000,30.000000,60.000000,6.000000,0.000000,-0.000000,1.500000,0.009009,-0.013162,1.478163,0.000000,0.000000,0.000000,-0.000887,0.009962,0.010419,0.999938,-0.008421,-0.007272,-0.000061,0.001994,-0.018184,-0.000306,-0.009537,0.124188,0.121580,23.706244,23.706244,23.700980,0.503334,0.321864,-0.101222,0.135417,0.970284
35.850000,1,0,0,2.400000,9.810000,0.900000,30.000000,60.000000,6.000000,0.000000,-0.000000,1.500000,0.009013,-0.012650,1.478697,0.000000,0.000000,0.000000,0.001023,0.010469,0.010940,0.999935,-0.008373,-0.007748,-0.000065,0.001872,-0.019861,-0.000333,-0.013714,0.094127,0.091470,23.700980,23.700980,23.695538,0.503218,0.334318,-0.170998,0.068718,0.971056
35.900000,1,0,0,2.400000,9.810000,0.900000,30.000000,60.000000,6.000000,0.000000,-0.000000,1.500000,0.009110,-0.012119,1.479256,0.000000,0.000000,0.000000,0.002820,0.010738,0.011397,0.999931,-0.008327,-0.008264,-0.000069,0.001841,-0.021367,-0.000356,-0.031936,0.081201,0.067291,23.695538,23.695538,23.689945,0.503099,0.314939,-0.199739,0.016483,0.971822
35.950000,1,0,0,2.400000,9.810000,0.900000,30.000000,60.000000,6.000000,0.000000,-0.000000,1.500000,0.009293,-0.011580,1.479836,0.000000,0.000000,0.000000,0.004488,0.010765,0.011785,0.999927,-0.008280,-0.008815,-0.000073,0.001903,-0.022692,-0.000376,-0.007537,0.079304,0.054242,23.689945,23.689945,23.684223,0.502978,0.399514,-0.201991,-0.008834,0.972576
36.000000,1,0,0,2.400000,9.810000,0.900000,30.000000,60.000000,6.000000,0.000000,-0.000000,1.500000,0.009556,-0.011046,1.480433,0.000000,0.000000,0.000000,0.006016,0.010550,0.012103,0.999922,-0.008231,-0.009397,-0.000077,0.002058,-0.023824,-0.000392,-0.028508,0.047563,0.057556,23.684223,23.684223,23.678400,0.502854,0.376640,-0.275739,0.005302,0.973316
36.050000,1,0,0,2.400000,9.810000,0.900000,30.000000,60.000000,6.000000,0.000000,-0.000000,1.500000,0.009892,-0.010529,1.481045,0.000000,0.000000,0.000000,0.007390,0.010093,0.012350,0.999917,-0.008177,-0.010005,-0.000082,0.002303,-0.024754,-0.000405,0.015087,0.046747,0.018223,23.678400,23.678400,23.672499,0.502729,0.509931,-0.275030,-0.082759,0.974038
36.100000,1,0,0,2.400000,9.810000,0.900000,30.000000,60.000000,6.000000,0.000000,-0.000000,1.500000,0.010293,-0.010041,1.481667,0.000000,0.000000,0.000000,0.008601,0.009399,0.012525,0.999911,-0.008115,-0.010633,-0.000086,0.002637,-0.025476,-0.000414,0.031443,0.013982,0.020263,23.672499,23.672499,23.666543,0.502602,0.578809,-0.350655,-0.071396,0.974738
36.150000,1,0,0,2.400000,9.810000,0.900000,30.000000,60.000000,6.000000,0.000000,-0.000000,1.500000,0.010749,-0.009593,1.482296,0.000000,0.000000,0.000000,0.009639,0.008476,0.012627,0.999904,-0.008044,-0.011277,-0.000091,0.003054,-0.025984,-0.000418,-0.010131,-0.014189,0.022069,23.666543,23.666543,23.660556,0.502475,0.509366,-0.414811,-0.060495,0.975412
36.200000,1,0,0,2.400000,9.810000,0.900000,30.000000,60.000000,6.000000,0.000000,-0.000000,1.500000,0.011254,-0.009197,1.482928,0.000000,0.000000,0.000000,0.010496,0.007333,0.012655,0.999897,-0.007962,-0.011931,-0.000095,0.003547,-0.026275,-0.000418,-0.013296,-0.040056,0.004328,23.660556,23.660556,23.654558,0.502348,0.532563,-0.472899,-0.096433,0.976057
36.250000,1,0,0,2.400000,9.810000,0.900000,30.000000,60.000000,6.000000,0.000000,-0.000000,1.500000,0.011796,-0.008863,1.483560,0.000000,0.000000,0.000000,0.011167,0.005982,0.012611,0.999890,-0.007866,-0.012589,-0.000099,0.004110,-0.026347,-0.000415,-0.028783,-0.037593,-0.003773,23.654558,23.654558,23.648570,0.502221,0.526384,-0.462368,-0.109190,0.976670
36.300000,1,0,0,2.400000,9.810000,0.900000,30.000000,60.000000,6.000000,0.000000,-0.000000,1.500000,0.012367,-0.008602,1.484188,0.000000,0.000000,0.000000,0.011646,0.004437,0.012496,0.999882,-0.007755,-0.013246,-0.000103,0.004734,-0.026203,-0.000406,-0.016983,-0.039994,0.000587,23.648570,23.648570,23.642611,0.502094,0.585634,-0.462815,-0.092019,0.977247
36.350000,1,0,0,2.400000,9.810000,0.900000,30.000000,60.000000,6.000000,0.000000,-0.000000,1.500000,0.012957,-0.008423,1.484809,0.000000,0.000000,0.000000,0.011931,0.002716,0.012311,0.999874,-0.007629,-0.013897,-0.000106,0.005409,-0.025844,-0.000394,0.000770,-0.013613,-0.019565,23.642611,23.642611,23.636698,0.501969,0.658859,-0.393418,-0.133683,0.977786
36.400000,1,0,0,2.400000,9.810000,0.900000,30.000000,60.000000,6.000000,0.000000,-0.000000,1.500000,0.013557,-0.008333,1.485418,0.000000,0.000000,0.000000,0.012020,0.000836,0.012058,0.999866,-0.007485,-0.014537,-0.000109,0.006123,-0.025275,-0.000378,0.007391,-0.053314,-0.021032,23.636698,23.636698,23.630846,0.501844,0.704801,-0.481801,-0.130537,0.978283
36.450000,1,0,0,2.400000,9.810000,0.900000,30.000000,60.000000,6.000000,0.000000,-0.000000,1.500000,0.014156,-0.008341,1.486014,0.000000,0.000000,0.000000,0.011914,-0.001181,0.011740,0.999858,-0.007322,-0.015159,-0.000111,0.006865,-0.024502,-0.000359,0.005252,-0.092490,0.008744,23.630846,23.630846,23.625071,0.501722,0.728914,-0.568065,-0.052466,0.978737
36.500000,1,0,0,2.400000,9.810000,0.900000,30.000000,60.000000,6.000000,0.000000,-0.000000,1.500000,0.014745,-0.008453,1.486591,0.000000,0.000000,0.000000,0.011615,-0.003315,0.011359,0.999850,-0.007141,-0.015760,-0.000113,0.007623,-0.023535,-0.000336,0.025625,-0.080860,0.008501,23.625071,23.625071,23.619385,0.501601,0.806017,-0.531513,-0.046523,0.979144
36.550000,1,0,0,2.400000,9.810000,0.900000,30.000000,60.000000,6.000000,0.000000,-0.000000,1.500000,0.015314,-0.008674,1.487148,0.000000,0.000000,0.000000,0.011127,-0.005541,0.010919,0.999842,-0.006941,-0.016334,-0.000113,0.008384,-0.022383,-0.000311,-0.004938,-0.091916,0.025887,23.619385,23.619385,23.613801,0.501482,0.759609,-0.548516,0.001624,0.979502
36.600000,1,0,0,2.400000,9.810000,0.900000,30.000000,60.000000,6.000000,0.000000,-0.000000,1.500000,0.015855,-0.009008,1.487682,0.000000,0.000000,0.000000,0.010455,-0.007836,0.010424,0.999835,-0.006722,-0.016878,-0.000113,0.009136,-0.021059,-0.000283,-0.029648,-0.080696,0.003834,23.613801,23.613801,23.608328,0.501366,0.725773,-0.511165,-0.045012,0.979810
36.650000,1,0,0,2.400000,9.810000,0.900000,30.000000,60.000000,6.000000,0.000000,-0.000000,1.500000,0.016357,-0.009459,1.488190,0.000000,0.000000,0.000000,0.009605,-0.010174,0.009879,0.999828,-0.006484,-0.017386,-0.000113,0.009864,-0.019575,-0.000254,-0.027581,-0.061845,-0.013194,23.608328,23.608328,23.602977,0.501252,0.754538,-0.454635,-0.079737,0.980065
36.700000,1,0,0,2.400000,9.810000,0.900000,30.000000,60.000000,6.000000,0.000000,-0.000000,1.500000,0.016812,-0.010026,1.488669,0.000000,0.000000,0.000000,0.008587,-0.012530,0.009286,0.999821,-0.006229,-0.017855,-0.000111,0.010557,-0.017948,-0.000224,-0.043727,-0.096092,-0.023115,23.602977,23.602977,23.597756,0.501142,0.737749,-0.524704,-0.097570,0.980265
36.750000,1,0,0,2.400000,9.810000,0.900000,30.000000,60.000000,6.000000,0.000000,-0.000000,1.500000,0.017213,-0.010711,1.489118,0.000000,0.000000,0.000000,0.007410,-0.014877,0.008653,0.999815,-0.005957,-0.018282,-0.000109,0.011202,-0.016192,-0.000193,-0.049299,-0.116148,-0.063308,23.597756,23.597756,23.592672,0.501034,0.744336,-0.559932,-0.188245,0.980411
36.800000,1,0,0,2.400000,9.810000,0.900000,30.000000,60.000000,6.000000,0.000000,-0.000000,1.500000,0.017551,-0.011513,1.489534,0.000000,0.000000,0.000000,0.006085,-0.017190,0.007983,0.999810,-0.005669,-0.018664,-0.000106,0.011788,-0.014326,-0.000162,-0.041982,-0.097970,-0.046911,23.592672,23.592672,23.587733,0.500929,0.779714,-0.502679,-0.143306,0.980500
36.850000,1,0,0,2.400000,9.810000,0.900000,30.000000,60.000000,6.000000,0.000000,-0.000000,1.500000,0.017819,-0.012429,1.489916,0.000000,0.000000,0.000000,0.004625,-0.019442,0.007282,0.999805,-0.005368,-0.018998,-0.000102,0.012302,-0.012368,-0.000133,-0.032763,-0.102390,-0.036626,23.587733,23.587733,23.582944,0.500827,0.817399,-0.499018,-0.113249,0.980531
36.900000,1,0,0,2.400000,9.810000,0.900000,30.000000,60.000000,6.000000,0.000000,-0.000000,1.500000,0.018011,-0.013456,1.490262,0.000000,0.000000,0.000000,0.003043,-0.021610,0.006556,0.999801,-0.005055,-0.019282,-0.000097,0.012736,-0.010337,-0.000105,-0.046614,-0.100567,-0.002647,23.582944,23.582944,23.578311,0.500729,0.797362,-0.479823,-0.026556,0.980505
36.950000,1,0,0,2.400000,9.810000,0.900000,30.000000,60.000000,6.000000,0.000000,-0.000000,1.500000,0.018122,-0.014589,1.490571,0.000000,0.000000,0.000000,0.001355,-0.023668,0.005810,0.999798,-0.004732,-0.019514,-0.000092,0.013080,-0.008253,-0.000078,-0.026244,-0.035519,-0.008659,23.578311,23.578311,23.573840,0.500634,0.857031,-0.308435,-0.036080,0.980421
37.000000,1,0,0,2.400000,9.810000,0.900000,30.000000,60.000000,6.000000,0.000000,-0.000000,1.500000,0.018145,-0.015821,1.490843,0.000000,0.000000,0.000000,-0.000425,-0.025593,0.005051,0.999796,-0.004402,-0.019694,-0.000087,0.013326,-0.006136,-0.000054,-0.004847,-0.047345,-0.036439,23.573840,23.573840,23.569534,0.500542,0.916691,-0.321202,-0.098093,0.980280
37.050000,1,0,0,2.400000,9.810000,0.900000,30.000000,60.000000,6.000000,0.000000,-0.000000,1.500000,0.018078,-0.017145,1.491076,0.000000,0.000000,0.000000,-0.002279,-0.027363,0.004284,0.999795,-0.004067,-0.019821,-0.000081,0.013469,-0.004007,-0.000033,-0.049001,-0.064728,-0.034317,23.569534,23.569534,23.565396,0.500454,0.816529,-0.347085,-0.088596,0.980080
37.100000,1,0,0,2.400000,9.810000,0.900000,30.000000,60.000000,6.000000,0.000000,-0.000000,1.500000,0.017916,-0.018554,1.491271,0.000000,0.000000,0.000000,-0.004192,-0.028959,0.003516,0.999795,-0.003729,-0.019895,-0.000074,0.013504,-0.001886,-0.000014,-0.035833,-0.042844,0.022305,23.565396,23.565396,23.561431,0.500370,0.851440,-0.278627,0.051446,0.979824
37.150000,1,0,0,2.400000,9.810000,0.900000,30.000000,60.000000,6.000000,0.000000,-0.000000,1.500000,0.017658,-0.020038,1.491428,0.000000,0.000000,0.000000,-0.006144,-0.030361,0.002753,0.999796,-0.003393,-0.019915,-0.000068,0.013428,0.000205,0.000001,-0.078280,-0.043038,-0.000895,23.561431,23.561431,23.557640,0.500290,0.750399,-0.263188,-0.000347,0.979511
37.200000,1,0,0,2.400000,9.810000,0.900000,30.000000,60.000000,6.000000,0.000000,-0.000000,1.500000,0.017302,-0.021587,1.491546,0.000000,0.000000,0.000000,-0.008119,-0.031554,0.002000,0.999798,-0.003059,-0.019885,-0.000061,0.013238,0.002246,0.000014,-0.113556,0.013186,-0.038207,23.557640,23.557640,23.554024,0.500213,0.664142,-0.112510,-0.086267,0.979144
37.250000,1,0,0,2.400000,9.810000,0.900000,30.000000,60.000000,6.000000,0.000000,-0.000000,1.500000,0.016846,-0.023190,1.491628,0.000000,0.000000,0.000000,-0.010097,-0.032522,0.001263,0.999800,-0.002732,-0.019804,-0.000054,0.012937,0.004219,0.000023,-0.103581,0.009599,-0.049509,23.554024,23.554024,23.550586,0.500140,0.684130,-0.105673,-0.110020,0.978723
37.300000,1,0,0,2.400000,9.810000,0.900000,30.000000,60.000000,6.000000,0.000000,-0.000000,1.500000,0.016292,-0.024835,1.491673,0.000000,0.000000,0.000000,-0.012061,-0.033254,0.000549,0.999804,-0.002413,-0.019675,-0.000047,0.012525,0.006104,0.000029,-0.096320,-0.004900,-0.029086,23.550586,23.550586,23.547325,0.500071,0.695340,-0.125450,-0.057885,0.978249
37.350000,1,0,0,2.400000,9.810000,0.900000,30.000000,60.000000,6.000000,0.000000,-0.000000,1.500000,0.015641,-0.026511,1.491683,0.000000,0.000000,0.000000,-0.013993,-0.033740,-0.000137,0.999808,-0.002107,-0.019500,-0.000041,0.012006,0.007881,0.000033,-0.095175,-0.017024,-0.002705,23.547325,23.547325,23.544240,0.500005,0.689724,-0.140082,0.008299,0.977726
37.400000,1,0,0,2.400000,9.810000,0.900000,30.000000,60.000000,6.000000,0.000000,-0.000000,1.500000,0.014894,-0.028205,1.491660,0.000000,0.000000,0.000000,-0.015875,-0.033973,-0.000790,0.999812,-0.001814,-0.019282,-0.000035,0.011386,0.009536,0.000035,-0.086737,-0.019176,0.018253,23.544240,23.544240,23.541329,0.499943,0.699600,-0.131455,0.061229,0.977155
37.450000,1,0,0,2.400000,9.810000,0.900000,30.000000,60.000000,6.000000,0.000000,-0.000000,1.500000,0.014054,-0.029904,1.491605,0.000000,0.000000,0.000000,-0.017688,-0.033950,-0.001404,0.999818,-0.001538,-0.019024,-0.000029,0.010673,0.011050,0.000034,-0.081772,0.022186,-0.009097,23.541329,23.541329,23.538588,0.499885,0.699285,-0.019186,-0.002011,0.976538
37.500000,1,0,0,2.400000,9.810000,0.900000,30.000000,60.000000,6.000000,0.000000,-0.000000,1.500000,0.013126,-0.031595,1.491520,0.000000,0.000000,0.000000,-0.019417,-0.033668,-0.001976,0.999824,-0.001281,-0.018731,-0.000024,0.009874,0.012410,0.000032,-0.068286,0.032593,-0.003785,23.538588,23.538588,23.536015,0.499830,0.717737,0.017899,0.012921,0.975878
37.550000,1,0,0,2.400000,9.810000,0.900000,30.000000,60.000000,6.000000,0.000000,-0.000000,1.500000,0.012114,-0.033266,1.491408,0.000000,0.000000,0.000000,-0.021044,-0.033128,-0.002499,0.999830,-0.001045,-0.018405,-0.000019,0.008999,0.013602,0.000028,-0.073958,0.030201,-0.012711,23.536015,23.536015,23.533603,0.499779,0.688718,0.023275,-0.006525,0.975177
37.600000,1,0,0,2.400000,9.810000,0.900000,30.000000,60.000000,6.000000,0.000000,-0.000000,1.500000,0.011024,-0.034904,1.491271,0.000000,0.000000,0.000000,-0.022554,-0.032334,-0.002970,0.999837,-0.000832,-0.018052,-0.000015,0.008061,0.014615,0.000024,-0.058997,0.004969,-0.014612,23.533603,23.533603,23.531345,0.499731,0.707927,-0.027232,-0.009300,0.974439
37.650000,1,0,0,2.400000,9.810000,0.900000,30.000000,60.000000,6.000000,0.000000,-0.000000,1.500000,0.009861,-0.036496,1.491112,0.000000,0.000000,0.000000,-0.023933,-0.031293,-0.003386,0.999844,-0.000643,-0.017676,-0.000011,0.007071,0.015439,0.000020,-0.049960,0.017888,-0.014765,23.531345,23.531345,23.529233,0.499686,0.711847,0.012682,-0.008058,0.973667
37.700000,1,0,0,2.400000,9.810000,0.900000,30.000000,60.000000,6.000000,0.000000,-0.000000,1.500000,0.008633,-0.038029,1.490934,0.000000,0.000000,0.000000,-0.025167,-0.030013,-0.003742,0.999851,-0.000479,-0.017282,-0.000008,0.006042,0.016065,0.000015,-0.060799,0.044800,-0.009682,23.529233,23.529233,23.527259,0.499644,0.667219,0.084991,0.005595,0.972864
37.750000,1,0,0,2.400000,9.810000,0.900000,30.000000,60.000000,6.000000,0.000000,-0.000000,1.500000,0.007347,-0.039493,1.490739,0.000000,0.000000,0.000000,-0.026244,-0.028507,-0.004037,0.999858,-0.000341,-0.016875,-0.000006,0.004990,0.016487,0.000011,-0.029190,0.052152,-0.032929,23.527259,23.527259,23.525411,0.499605,0.723857,0.109128,-0.048885,0.972032
37.800000,1,0,0,2.400000,9.810000,0.900000,30.000000,60.000000,6.000000,0.000000,-0.000000,1.500000,0.006011,-0.040876,1.490531,0.000000,0.000000,0.000000,-0.027152,-0.026787,-0.004266,0.999865,-0.000229,-0.016459,-0.000004,0.003928,0.016700,0.000008,-0.019076,0.041500,-0.034790,23.525411,23.525411,23.523676,0.499568,0.728541,0.088809,-0.052156,0.971177
37.850000,1,0,0,2.400000,9.810000,0.900000,30.000000,60.000000,6.000000,0.000000,-0.000000,1.500000,0.004635,-0.042169,1.490313,0.000000,0.000000,0.000000,-0.027882,-0.024871,-0.004430,0.999871,-0.000144,-0.016041,-0.000002,0.002872,0.016703,0.000005,0.023850,0.048289,-0.004011,23.523676,23.523676,23.522043,0.499534,0.811852,0.109102,0.022804,0.970301
37.900000,1,0,0,2.400000,9.810000,0.900000,30.000000,60.000000,6.000000,0.000000,-0.000000,1.500000,0.003226,-0.043361,1.490089,0.000000,0.000000,0.000000,-0.028426,-0.022776,-0.004525,0.999878,-0.000086,-0.015626,-0.000001,0.001837,0.016494,0.000003,0.007042,0.059212,0.044055,23.522043,23.522043,23.520497,0.499501,0.751927,0.138084,0.139175,0.969408
37.950000,1,0,0,2.400000,9.810000,0.900000,30.000000,60.000000,6.000000,0.000000,-0.000000,1.500000,0.001795,-0.044444,1.489862,0.000000,0.000000,0.000000,-0.028776,-0.020521,-0.004552,0.999884,-0.000052,-0.015219,-0.000001,0.000837,0.016075,0.000002,0.018987,0.039295,0.072071,23.520497,23.520497,23.519022,0.499470,0.761385,0.091850,0.207369,0.968502
38.000000,1,0,0,2.400000,9.810000,0.900000,30.000000,60.000000,6.000000,0.000000,-0.000000,1.500000,0.000352,-0.045410,1.489635,0.000000,0.000000,0.000000,-0.028929,-0.018130,-0.004509,0.999890,-0.000043,-0.014824,-0.000001,-0.000112,0.015450,0.000001,0.054437,0.029517,0.073116,23.519022,23.519022,23.517602,0.499439,0.827871,0.068806,0.210794,0.967586
