t,flight_active,online_update_configured,online_update_enabled,mass_kg,gravity_m_s2,anomaly_similarity_threshold,force_clip_norm_n,force_reject_norm_n,residual_consistency_threshold_n,pd_x,pd_y,pd_z,p_x,p_y,p_z,vd_x,vd_y,vd_z,v_x,v_y,v_z,q_w,q_x,q_y,q_z,omega_x,omega_y,omega_z,accel_world_x,accel_world_y,accel_world_z,previous_commanded_thrust_n,residual_model_thrust_n,thrust_n,thrust_norm,residual_x,residual_y,residual_z,max_similarity
0.000000,1,0,0,2.400000,9.810000,0.900000,30.000000,60.000000,6.000000,0.000000,0.000000,0.000000,0.000000,0.000000,0.000000,0.000000,0.000000,0.000000,0.000000,-0.000000,-0.000005,1.000000,0.000000,0.000000,-0.000000,0.000043,0.000135,-0.000000,0.006669,-0.020156,-0.022566,23.531641,23.531641,23.540529,0.499926,0.016004,-0.048373,-0.041800,0.949519
0.050000,1,0,0,2.400000,9.810000,0.900000,30.000000,60.000000,6.000000,0.000000,0.000000,0.000004,0.000000,-0.000000,-0.000009,0.000000,0.000000,0.000217,0.000003,-0.000001,-0.000295,1.000000,0.000001,0.000006,-0.000000,0.000007,0.000227,-0.000000,0.021006,-0.004770,-0.039467,23.540529,23.540529,23.561264,0.500367,0.050121,-0.011392,-0.091249,0.949880
0.100000,1,0,0,2.400000,9.810000,0.900000,30.000000,60.000000,6.000000,0.000000,0.000000,0.000029,0.000000,-0.000000,-0.000022,0.000000,0.000000,0.000857,0.000012,-0.000002,-0.000150,1.000000,0.000000,0.000011,-0.000000,-0.000079,0.000166,-0.000000,0.018869,-0.009726,-0.040579,23.561264,23.561264,23.581210,0.500790,0.044758,-0.023327,-0.114653,0.950289
0.150000,1,0,0,2.400000,9.810000,0.900000,30.000000,60.000000,6.000000,0.000000,0.000000,0.000096,0.000001,-0.000000,-0.000017,0.000000,0.000000,0.001904,0.000025,-0.000001,0.000419,1.000000,-0.000003,0.000014,0.000000,-0.000169,0.000087,0.000000,0.023355,0.011092,-0.001386,23.581210,23.581210,23.600381,0.501197,0.055371,0.026491,-0.040536,0.950747
0.200000,1,0,0,2.400000,9.810000,0.900000,30.000000,60.000000,6.000000,0.000000,0.000000,0.000226,0.000003,-0.000000,0.000026,0.000000,0.000000,0.003342,0.000042,0.000003,0.001395,1.000000,-0.000008,0.000015,0.000000,-0.000261,-0.000009,-0.000000,-0.005643,0.057137,0.042915,23.600381,23.600381,23.618791,0.501588,-0.014272,0.136744,0.046615,0.951251
0.250000,1,0,0,2.400000,9.810000,0.900000,30.000000,60.000000,6.000000,0.000000,0.000000,0.000437,0.000006,0.000000,0.000129,0.000000,0.000000,0.005155,0.000060,0.000013,0.002763,1.000000,-0.000016,0.000014,0.000000,-0.000354,-0.000122,-0.000000,-0.013097,0.085445,0.039330,23.618791,23.618791,23.636455,0.501963,-0.032088,0.204320,0.019600,0.951802
0.300000,1,0,0,2.400000,9.810000,0.900000,30.000000,60.000000,6.000000,0.000000,0.000000,0.000747,0.000009,0.000001,0.000309,0.000000,0.000000,0.007328,0.000079,0.000029,0.004508,1.000000,-0.000026,0.000009,0.000000,-0.000445,-0.000249,-0.000000,-0.001325,0.068240,0.047760,23.636455,23.636455,23.653385,0.502323,-0.003617,0.162555,0.022170,0.952398
0.350000,1,0,0,2.400000,9.810000,0.900000,30.000000,60.000000,6.000000,0.000000,0.000000,0.001175,0.000013,0.000003,0.000586,0.000000,0.000000,0.009845,0.000095,0.000053,0.006613,1.000000,-0.000038,0.000001,0.000000,-0.000533,-0.000391,-0.000000,0.007000,0.041600,0.074133,23.653385,23.653385,23.669593,0.502667,0.016739,0.098040,0.068535,0.953037
0.400000,1,0,0,2.400000,9.810000,0.900000,30.000000,60.000000,6.000000,0.000000,0.000000,0.001737,0.000019,0.000007,0.000976,0.000000,0.000000,0.012691,0.000109,0.000086,0.009063,1.000000,-0.000052,-0.000010,-0.000000,-0.000616,-0.000544,-0.000000,-0.007827,0.046358,0.074008,23.669593,23.669593,23.685091,0.502996,-0.018292,0.108778,0.052026,0.953717
0.450000,1,0,0,2.400000,9.810000,0.900000,30.000000,60.000000,6.000000,0.000000,0.000000,0.002449,0.000024,0.000012,0.001497,0.000000,0.000000,0.015852,0.000117,0.000129,0.011845,1.000000,-0.000069,-0.000026,-0.000000,-0.000691,-0.000707,-0.000000,-0.020249,0.020677,0.101627,23.685091,23.685091,23.699891,0.503311,-0.047366,0.046365,0.102814,0.954437
0.500000,1,0,0,2.400000,9.810000,0.900000,30.000000,60.000000,6.000000,0.000000,0.000000,0.003327,0.000030,0.000020,0.002166,0.000000,0.000000,0.019312,0.000118,0.000181,0.014943,1.000000,-0.000087,-0.000046,-0.000000,-0.000758,-0.000879,-0.000000,-0.032763,0.015543,0.096449,23.699891,23.699891,23.714003,0.503610,-0.076460,0.033183,0.075588,0.955194
0.550000,1,0,0,2.400000,9.810000,0.900000,30.000000,60.000000,6.000000,0.000000,0.000000,0.004385,0.000036,0.000030,0.002997,0.000000,0.000000,0.023057,0.000112,0.000243,0.018343,1.000000,-0.000107,-0.000070,-0.000000,-0.000815,-0.001055,-0.000000,-0.020625,-0.005048,0.072479,23.714003,23.714003,23.727436,0.503896,-0.046179,-0.017172,0.003948,0.955985
0.600000,1,0,0,2.400000,9.810000,0.900000,30.000000,60.000000,6.000000,0.000000,0.000000,0.005638,0.000041,0.000044,0.004005,0.000000,0.000000,0.027073,0.000095,0.000314,0.022031,1.000000,-0.000128,-0.000099,-0.000000,-0.000861,-0.001236,-0.000000,-0.045019,-0.005549,0.081873,23.727436,23.727436,23.740199,0.504167,-0.103365,-0.019373,0.013060,0.956808
0.650000,1,0,0,2.400000,9.810000,0.900000,30.000000,60.000000,6.000000,0.000000,0.000000,0.007097,0.000045,0.000062,0.005204,0.000000,0.000000,0.031345,0.000068,0.000392,0.025993,1.000000,-0.000150,-0.000132,-0.000000,-0.000895,-0.001417,-0.000000,-0.014913,-0.015136,0.107795,23.740199,23.740199,23.752301,0.504424,-0.029533,-0.043427,0.062510,0.957661
0.700000,1,0,0,2.400000,9.810000,0.900000,30.000000,60.000000,6.000000,0.000000,0.000000,0.008776,0.000048,0.000084,0.006609,0.000000,0.000000,0.035860,0.000029,0.000477,0.030216,1.000000,-0.000172,-0.000169,-0.000000,-0.000916,-0.001596,-0.000001,0.010893,-0.036490,0.103808,23.752301,23.752301,23.763749,0.504667,0.034194,-0.095756,0.040840,0.958539
0.750000,1,0,0,2.400000,9.810000,0.900000,30.000000,60.000000,6.000000,0.000000,0.000000,0.010687,0.000048,0.000110,0.008230,0.000000,0.000000,0.040603,-0.000023,0.000566,0.034685,1.000000,-0.000195,-0.000212,-0.000000,-0.000924,-0.001771,-0.000001,0.011173,-0.024369,0.137483,23.763749,23.763749,23.774549,0.504896,0.036871,-0.067764,0.110215,0.959440
0.800000,1,0,0,2.400000,9.810000,0.900000,30.000000,60.000000,6.000000,0.000000,0.000000,0.012840,0.000045,0.000140,0.010081,0.000000,0.000000,0.045563,-0.000087,0.000657,0.039387,1.000000,-0.000218,-0.000258,-0.000000,-0.000920,-0.001940,-0.000001,0.011897,-0.038531,0.141070,23.774549,23.774549,23.784709,0.505112,0.040818,-0.102855,0.108023,0.960360
0.850000,1,0,0,2.400000,9.810000,0.900000,30.000000,60.000000,6.000000,0.000000,0.000000,0.015246,0.000039,0.000175,0.012172,0.000000,0.000000,0.050724,-0.000164,0.000748,0.044308,1.000000,-0.000241,-0.000308,-0.000000,-0.000904,-0.002100,-0.000001,-0.004585,-0.027534,0.148806,23.784709,23.784709,23.794235,0.505314,0.003670,-0.077552,0.116432,0.961297
0.900000,1,0,0,2.400000,9.810000,0.900000,30.000000,60.000000,6.000000,0.000000,0.000000,0.017916,0.000029,0.000215,0.014515,0.000000,0.000000,0.056074,-0.000253,0.000835,0.049436,1.000000,-0.000263,-0.000363,-0.000000,-0.000877,-0.002248,-0.000001,-0.016965,0.000945,0.149003,23.794235,23.794235,23.803131,0.505503,-0.023450,-0.010267,0.107383,0.962245
0.950000,1,0,0,2.400000,9.810000,0.900000,30.000000,60.000000,6.000000,0.000000,0.000000,0.020857,0.000014,0.000259,0.017119,0.000000,0.000000,0.061601,-0.000353,0.000916,0.054757,1.000000,-0.000285,-0.000421,-0.000000,-0.000841,-0.002384,-0.000001,-0.026327,0.017632,0.161545,23.803131,23.803131,23.811403,0.505679,-0.043153,0.028753,0.128589,0.963203
1.000000,1,0,0,2.400000,9.810000,0.900000,30.000000,60.000000,6.000000,0.000000,0.000000,0.024078,-0.000007,0.000306,0.019994,0.000000,0.000000,0.067291,-0.000464,0.000988,0.060258,1.000000,-0.000305,-0.000482,-0.000000,-0.000797,-0.002505,-0.000002,-0.017591,0.020531,0.136741,23.811403,23.811403,23.819058,0.505841,-0.019266,0.034730,0.060791,0.964165
1.050000,1,0,0,2.400000,9.810000,0.900000,30.000000,60.000000,6.000000,0.000000,0.000000,0.027588,-0.000033,0.000357,0.023148,0.000000,0.000000,0.073133,-0.000584,0.001048,0.065926,1.000000,-0.000325,-0.000546,-0.000000,-0.000749,-0.002611,-0.000002,0.009964,0.008697,0.137876,23.819058,23.819058,23.826099,0.505991,0.049919,0.005403,0.055864,0.965128
1.100000,1,0,0,2.400000,9.810000,0.900000,30.000000,60.000000,6.000000,0.000000,0.000000,0.031394,-0.000065,0.000411,0.026589,0.000000,0.000000,0.079113,-0.000710,0.001092,0.071747,1.000000,-0.000343,-0.000612,-0.000000,-0.000699,-0.002699,-0.000002,0.017701,-0.023509,0.146914,23.826099,23.826099,23.832533,0.506128,0.071661,-0.072759,0.070518,0.966089
1.150000,1,0,0,2.400000,9.810000,0.900000,30.000000,60.000000,6.000000,0.000000,0.000000,0.035502,-0.000104,0.000466,0.030325,0.000000,0.000000,0.085220,-0.000841,0.001118,0.077709,1.000000,-0.000360,-0.000681,-0.000000,-0.000650,-0.002770,-0.000002,0.005567,-0.035800,0.148258,23.832533,23.832533,23.838366,0.506251,0.045808,-0.103063,0.067315,0.967044
1.200000,1,0,0,2.400000,9.810000,0.900000,30.000000,60.000000,6.000000,0.000000,0.000000,0.039918,-0.000150,0.000522,0.034362,0.000000,0.000000,0.091441,-0.000974,0.001124,0.083799,1.000000,-0.000375,-0.000751,-0.000000,-0.000605,-0.002823,-0.000002,-0.025593,-0.061719,0.188340,23.838366,23.838366,23.843604,0.506363,-0.025632,-0.166021,0.157684,0.967988
1.250000,1,0,0,2.400000,9.810000,0.900000,30.000000,60.000000,6.000000,0.000000,0.000000,0.044648,-0.000202,0.000578,0.038707,0.000000,0.000000,0.097767,-0.001106,0.001108,0.090005,1.000000,-0.000390,-0.000822,-0.000000,-0.000569,-0.002859,-0.000002,-0.013063,-0.053462,0.163430,23.843604,23.843604,23.848253,0.506461,0.007835,-0.146906,0.092667,0.968918
1.300000,1,0,0,2.400000,9.810000,0.900000,30.000000,60.000000,6.000000,0.000000,0.000000,0.049696,-0.000260,0.000633,0.043364,0.000000,0.000000,0.104183,-0.001234,0.001067,0.096312,1.000000,-0.000404,-0.000894,-0.000000,-0.000546,-0.002879,-0.000002,-0.037846,-0.037085,0.154369,23.848253,23.848253,23.852323,0.506548,-0.048212,-0.108270,0.066278,0.969830
1.350000,1,0,0,2.400000,9.810000,0.900000,30.000000,60.000000,6.000000,0.000000,0.000000,0.055067,-0.000325,0.000684,0.048340,0.000000,0.000000,0.110681,-0.001355,0.001000,0.102710,0.999999,-0.000417,-0.000966,-0.000000,-0.000539,-0.002883,-0.000002,-0.041043,-0.055039,0.187231,23.852323,23.852323,23.855821,0.506622,-0.052442,-0.152008,0.141085,0.970721
1.400000,1,0,0,2.400000,9.810000,0.900000,30.000000,60.000000,6.000000,0.000000,0.000000,0.060765,-0.000395,0.000732,0.053637,0.000000,0.000000,0.117248,-0.001465,0.000907,0.109185,0.999999,-0.000431,-0.001038,-0.000000,-0.000553,-0.002873,-0.000002,-0.056328,-0.048024,0.198721,23.855821,23.855821,23.858756,0.506684,-0.085686,-0.135824,0.165170,0.971586
1.450000,1,0,0,2.400000,9.810000,0.900000,30.000000,60.000000,6.000000,0.000000,0.000000,0.066793,-0.000471,0.000775,0.059259,0.000000,0.000000,0.123874,-0.001561,0.000789,0.115724,0.999999,-0.000445,-0.001109,-0.000000,-0.000593,-0.002852,-0.000003,-0.011548,-0.046062,0.169402,23.858756,23.858756,23.861139,0.506735,0.025208,-0.131799,0.091876,0.972424
1.500000,1,0,0,2.400000,9.810000,0.900000,30.000000,60.000000,6.000000,0.000000,0.000000,0.073153,-0.000551,0.000811,0.065210,0.000000,0.000000,0.130548,-0.001639,0.000644,0.122317,0.999999,-0.000461,-0.001180,-0.000001,-0.000661,-0.002823,-0.000003,0.009209,-0.066114,0.178859,23.861139,23.861139,23.862983,0.506774,0.078416,-0.180670,0.112200,0.973229
1.550000,1,0,0,2.400000,9.810000,0.900000,30.000000,60.000000,6.000000,0.000000,0.000000,0.079849,-0.000635,0.000839,0.071491,0.000000,0.000000,0.137260,-0.001696,0.000476,0.128950,0.999999,-0.000479,-0.001250,-0.000001,-0.000762,-0.002788,-0.000003,-0.019694,-0.097370,0.192447,23.862983,23.862983,23.864298,0.506802,0.012402,-0.256531,0.142977,0.973999
1.600000,1,0,0,2.400000,9.810000,0.900000,30.000000,60.000000,6.000000,0.000000,0.000000,0.086880,-0.000720,0.000858,0.078105,0.000000,0.000000,0.144000,-0.001729,0.000285,0.135612,0.999999,-0.000499,-0.001319,-0.000001,-0.000899,-0.002752,-0.000003,-0.039005,-0.086397,0.147526,23.864298,23.864298,23.865100,0.506819,-0.030635,-0.231185,0.033860,0.974731
1.650000,1,0,0,2.400000,9.810000,0.900000,30.000000,60.000000,6.000000,0.000000,0.000000,0.094249,-0.000807,0.000867,0.085053,0.000000,0.000000,0.150757,-0.001735,0.000074,0.142291,0.999999,-0.000524,-0.001388,-0.000001,-0.001076,-0.002718,-0.000003,-0.044985,-0.101708,0.153808,23.865100,23.865100,23.865403,0.506826,-0.041723,-0.269107,0.048144,0.975422
1.700000,1,0,0,2.400000,9.810000,0.900000,30.000000,60.000000,6.000000,0.000000,0.000000,0.101956,-0.000893,0.000865,0.092335,0.000000,0.000000,0.157522,-0.001711,-0.000152,0.148976,0.999999,-0.000553,-0.001455,-0.000001,-0.001293,-0.002690,-0.000003,-0.055591,-0.091686,0.124902,23.865403,23.865403,23.865225,0.506822,-0.063951,-0.246463,-0.021522,0.976070
1.750000,1,0,0,2.400000,9.810000,0.900000,30.000000,60.000000,6.000000,0.000000,0.000000,0.110001,-0.000978,0.000852,0.099950,0.000000,0.000000,0.164285,-0.001654,-0.000391,0.155656,0.999999,-0.000589,-0.001522,-0.000001,-0.001555,-0.002673,-0.000003,-0.057939,-0.065751,0.151347,23.865225,23.865225,23.864582,0.506808,-0.066389,-0.185915,0.042134,0.976671
1.800000,1,0,0,2.400000,9.810000,0.900000,30.000000,60.000000,6.000000,0.000000,0.000000,0.118384,-0.001058,0.000826,0.107900,0.000000,0.000000,0.171037,-0.001563,-0.000638,0.162319,0.999999,-0.000632,-0.001589,-0.000001,-0.001860,-0.002672,-0.000003,-0.042382,-0.052057,0.124292,23.864582,23.864582,23.863494,0.506785,-0.025866,-0.155079,-0.022141,0.977224
1.850000,1,0,0,2.400000,9.810000,0.900000,30.000000,60.000000,6.000000,0.000000,0.000000,0.127104,-0.001133,0.000788,0.116182,0.000000,0.000000,0.177769,-0.001435,-0.000887,0.168957,0.999998,-0.000682,-0.001656,-0.000001,-0.002209,-0.002691,-0.000004,-0.062771,-0.018095,0.128790,23.863494,23.863494,23.861981,0.506753,-0.071606,-0.075994,-0.010245,0.977726
1.900000,1,0,0,2.400000,9.810000,0.900000,30.000000,60.000000,6.000000,0.000000,0.000000,0.136161,-0.001201,0.000737,0.124795,0.000000,0.000000,0.184472,-0.001270,-0.001134,0.175557,0.999998,-0.000742,-0.001724,-0.000001,-0.002602,-0.002737,-0.000004,-0.029674,-0.035585,0.135244,23.861981,23.861981,23.860063,0.506712,0.011055,-0.120832,0.006774,0.978176
1.950000,1,0,0,2.400000,9.810000,0.900000,30.000000,60.000000,6.000000,0.000000,0.000000,0.145551,-0.001260,0.000674,0.133737,0.000000,0.000000,0.191136,-0.001068,-0.001371,0.182112,0.999998,-0.000813,-0.001793,-0.000001,-0.003037,-0.002812,-0.000005,-0.043442,-0.038720,0.134412,23.860063,23.860063,23.857764,0.506663,-0.018686,-0.131714,0.006711,0.978573
2.000000,1,0,0,2.400000,9.810000,0.900000,30.000000,60.000000,6.000000,0.000000,0.000000,0.155273,-0.001307,0.000600,0.143005,0.000000,0.000000,0.197754,-0.000828,-0.001595,0.188611,0.999998,-0.000895,-0.001865,-0.000002,-0.003511,-0.002923,-0.000005,-0.011707,-0.045881,0.119190,23.857764,23.857764,23.855106,0.506607,0.060885,-0.152798,-0.027504,0.978914
2.050000,1,0,0,2.400000,9.810000,0.900000,30.000000,60.000000,6.000000,0.000000,0.000000,0.165325,-0.001342,0.000515,0.152597,0.000000,0.000000,0.204317,-0.000551,-0.001798,0.195045,0.999998,-0.000989,-0.001940,-0.000002,-0.004019,-0.003073,-0.000006,-0.042830,-0.007815,0.105983,23.855106,23.855106,23.852113,0.506543,-0.010248,-0.065924,-0.056521,0.979198
2.100000,1,0,0,2.400000,9.810000,0.900000,30.000000,60.000000,6.000000,0.000000,0.000000,0.175704,-0.001362,0.000421,0.162508,0.000000,0.000000,0.210817,-0.000238,-0.001975,0.201407,0.999997,-0.001096,-0.002019,-0.000002,-0.004558,-0.003268,-0.000007,-0.038775,-0.005597,0.088508,23.852113,23.852113,23.848810,0.506473,0.003249,-0.065705,-0.095442,0.979426
2.150000,1,0,0,2.400000,9.810000,0.900000,30.000000,60.000000,6.000000,0.000000,0.000000,0.186406,-0.001365,0.000318,0.172736,0.000000,0.000000,0.217246,0.000108,-0.002119,0.207687,0.999997,-0.001217,-0.002104,-0.000003,-0.005122,-0.003510,-0.000009,-0.025516,0.013289,0.082300,23.848810,23.848810,23.845222,0.506397,0.039094,-0.026141,-0.107008,0.979597
2.200000,1,0,0,2.400000,9.810000,0.900000,30.000000,60.000000,6.000000,0.000000,0.000000,0.197427,-0.001350,0.000210,0.183276,0.000000,0.000000,0.223596,0.000485,-0.002225,0.213879,0.999997,-0.001352,-0.002195,-0.000003,-0.005703,-0.003804,-0.000010,-0.029809,0.011933,0.086168,23.845222,23.845222,23.841374,0.506315,0.033131,-0.035837,-0.094102,0.979709
2.250000,1,0,0,2.400000,9.810000,0.900000,30.000000,60.000000,6.000000,0.000000,0.000000,0.208764,-0.001316,0.000097,0.194122,0.000000,0.000000,0.229860,0.000889,-0.002289,0.219976,0.999996,-0.001502,-0.002294,-0.000003,-0.006294,-0.004152,-0.000012,-0.041338,0.022102,0.082447,23.841374,23.841374,23.837292,0.506229,0.010180,-0.018572,-0.099142,0.979764
2.300000,1,0,0,2.400000,9.810000,0.900000,30.000000,60.000000,6.000000,0.000000,0.000000,0.220412,-0.001261,-0.000019,0.205272,0.000000,0.000000,0.236030,0.001318,-0.002306,0.225971,0.999996,-0.001667,-0.002403,-0.000004,-0.006887,-0.004556,-0.000015,-0.004962,0.045855,0.057923,23.837292,23.837292,23.833002,0.506137,0.102647,0.030592,-0.153870,0.979761
2.350000,1,0,0,2.400000,9.810000,0.900000,30.000000,60.000000,6.000000,0.000000,0.000000,0.232365,-0.001184,-0.000133,0.216718,0.000000,0.000000,0.242100,0.001765,-0.002272,0.231857,0.999995,-0.001846,-0.002522,-0.000005,-0.007472,-0.005018,-0.000019,-0.003920,0.055846,0.034284,23.833002,23.833002,23.828527,0.506042,0.110825,0.046027,-0.206254,0.979702
2.400000,1,0,0,2.400000,9.810000,0.900000,30.000000,60.000000,6.000000,0.000000,0.000000,0.244620,-0.001084,-0.000245,0.228455,0.000000,0.000000,0.248062,0.002227,-0.002185,0.237630,0.999994,-0.002040,-0.002654,-0.000005,-0.008041,-0.005538,-0.000023,0.008660,0.047390,0.060364,23.828527,23.828527,23.823893,0.505944,0.147276,0.016507,-0.139120,0.979586
2.450000,1,0,0,2.400000,9.810000,0.900000,30.000000,60.000000,6.000000,0.000000,0.000000,0.257170,-0.000961,-0.000351,0.240479,0.000000,0.000000,0.253911,0.002697,-0.002041,0.243284,0.999994,-0.002248,-0.002800,-0.000006,-0.008581,-0.006117,-0.000028,0.025266,0.044554,0.050990,23.823893,23.823893,23.819125,0.505843,0.194041,-0.000183,-0.156902,0.979416
2.500000,1,0,0,2.400000,9.810000,0.900000,30.000000,60.000000,6.000000,0.000000,0.000000,0.270009,-0.000815,-0.000448,0.252782,0.000000,0.000000,0.259638,0.003171,-0.001842,0.248815,0.999993,-0.002469,-0.002961,-0.000007,-0.009085,-0.006753,-0.000033,0.053239,0.037186,0.074928,23.819125,23.819125,23.814244,0.505739,0.268807,-0.028370,-0.094589,0.979192
2.550000,1,0,0,2.400000,9.810000,0.900000,30.000000,60.000000,6.000000,0.000000,0.000000,0.283131,-0.000644,-0.000534,0.265358,0.000000,0.000000,0.265238,0.003641,-0.001586,0.254218,0.999991,-0.002702,-0.003138,-0.000008,-0.009540,-0.007445,-0.000040,0.071558,0.031732,0.104497,23.814244,23.814244,23.809274,0.505634,0.321191,-0.052529,-0.018634,0.978916
2.600000,1,0,0,2.400000,9.810000,0.900000,30.000000,60.000000,6.000000,0.000000,0.000000,0.296531,-0.000451,-0.000606,0.278201,0.000000,0.000000,0.270705,0.004101,-0.001275,0.259490,0.999990,-0.002945,-0.003333,-0.000010,-0.009937,-0.008189,-0.000048,0.049546,0.045470,0.090023,23.809274,23.809274,23.804233,0.505527,0.277631,-0.031128,-0.048277,0.978591
2.650000,1,0,0,2.400000,9.810000,0.900000,30.000000,60.000000,6.000000,0.000000,0.000000,0.310200,-0.000234,-0.000661,0.291305,0.000000,0.000000,0.276034,0.004545,-0.000913,0.264627,0.999989,-0.003198,-0.003548,-0.000011,-0.010265,-0.008983,-0.000057,0.060901,0.003165,0.106839,23.804233,23.804233,23.799143,0.505418,0.315065,-0.144662,-0.002733,0.978217
2.700000,1,0,0,2.400000,9.810000,0.900000,30.000000,60.000000,6.000000,0.000000,0.000000,0.324132,0.000004,-0.000696,0.304662,0.000000,0.000000,0.281217,0.004966,-0.000502,0.269626,0.999987,-0.003458,-0.003783,-0.000013,-0.010517,-0.009822,-0.000068,0.065761,-0.026090,0.107160,23.799143,23.799143,23.794018,0.505310,0.337875,-0.227213,0.003292,0.977797
2.750000,1,0,0,2.400000,9.810000,0.900000,30.000000,60.000000,6.000000,0.000000,0.000000,0.338319,0.000262,-0.000710,0.318265,0.000000,0.000000,0.286251,0.005357,-0.000048,0.274486,0.999985,-0.003723,-0.004039,-0.000015,-0.010681,-0.010700,-0.000080,0.037999,0.015872,0.103213,23.794018,23.794018,23.788876,0.505200,0.283410,-0.139087,-0.000871,0.977335
2.800000,1,0,0,2.400000,9.810000,0.900000,30.000000,60.000000,6.000000,0.000000,0.000000,0.352754,0.000539,-0.000700,0.332108,0.000000,0.000000,0.291129,0.005712,0.000442,0.279203,0.999983,-0.003991,-0.004318,-0.000017,-0.010753,-0.011610,-0.000093,0.030358,0.003491,0.085394,23.788876,23.788876,23.783729,0.505091,0.278294,-0.181520,-0.038284,0.976832
2.850000,1,0,0,2.400000,9.810000,0.900000,30.000000,60.000000,6.000000,0.000000,0.000000,0.367429,0.000832,-0.000665,0.346183,0.000000,0.000000,0.295847,0.006025,0.000961,0.283775,0.999980,-0.004260,-0.004620,-0.000020,-0.010723,-0.012547,-0.000107,-0.006502,-0.006251,0.097247,23.783729,23.783729,23.778588,0.504982,0.204147,-0.217639,-0.004458,0.976292
2.900000,1,0,0,2.400000,9.810000,0.900000,30.000000,60.000000,6.000000,0.000000,0.000000,0.382336,0.001140,-0.000604,0.360483,0.000000,0.000000,0.300399,0.006288,0.001501,0.288202,0.999978,-0.004527,-0.004946,-0.000022,-0.010588,-0.013502,-0.000122,-0.005612,-0.016970,0.119276,23.778588,23.778588,23.773462,0.504873,0.221717,-0.255999,0.053811,0.975717
2.950000,1,0,0,2.400000,9.810000,0.900000,30.000000,60.000000,6.000000,0.000000,0.000000,0.397466,0.001460,-0.000515,0.375001,0.000000,0.000000,0.304782,0.006498,0.002052,0.292480,0.999975,-0.004788,-0.005295,-0.000025,-0.010344,-0.014466,-0.000139,0.016339,-0.012880,0.101893,23.773462,23.773462,23.768357,0.504765,0.290969,-0.258588,0.017506,0.975111
3.000000,1,0,0,2.400000,9.810000,0.900000,30.000000,60.000000,6.000000,0.000000,0.000000,0.412811,0.001789,-0.000399,0.389729,0.000000,0.000000,0.308990,0.006649,0.002603,0.296611,0.999971,-0.005043,-0.005669,-0.000029,-0.009989,-0.015431,-0.000156,-0.000569,-0.038082,0.075957,23.768357,23.768357,23.763277,0.504657,0.268097,-0.331118,-0.039323,0.974477
3.050000,1,0,0,2.400000,9.810000,0.900000,30.000000,60.000000,6.000000,0.000000,0.000000,0.428362,0.002124,-0.000255,0.404659,0.000000,0.000000,0.313020,0.006737,0.003143,0.300591,0.999968,-0.005287,-0.006067,-0.000032,-0.009522,-0.016387,-0.000173,0.032127,-0.023849,0.090122,23.763277,23.763277,23.758224,0.504549,0.365410,-0.308509,0.000094,0.973819
3.100000,1,0,0,2.400000,9.810000,0.900000,30.000000,60.000000,6.000000,0.000000,0.000000,0.444110,0.002462,-0.000085,0.419785,0.000000,0.000000,0.316868,0.006757,0.003661,0.304420,0.999964,-0.005518,-0.006488,-0.000036,-0.008945,-0.017324,-0.000191,0.039847,-0.058495,0.049529,23.758224,23.758224,23.753197,0.504443,0.403900,-0.402585,-0.091908,0.973140
3.150000,1,0,0,2.400000,9.810000,0.900000,30.000000,60.000000,6.000000,0.000000,0.000000,0.460046,0.002799,0.000110,0.435099,0.000000,0.000000,0.320529,0.006708,0.004143,0.308096,0.999960,-0.005733,-0.006933,-0.000040,-0.008262,-0.018233,-0.000209,0.030382,-0.061381,0.034121,23.753197,23.753197,23.748192,0.504336,0.402232,-0.419684,-0.123461,0.972443
3.200000,1,0,0,2.400000,9.810000,0.900000,30.000000,60.000000,6.000000,0.000000,0.000000,0.476160,0.003131,0.000329,0.450592,0.000000,0.000000,0.324000,0.006588,0.004578,0.311620,0.999955,-0.005930,-0.007399,-0.000044,-0.007478,-0.019103,-0.000227,-0.008492,-0.006869,0.051877,23.748192,23.748192,23.743203,0.504230,0.331033,-0.298151,-0.075417,0.971734
3.250000,1,0,0,2.400000,9.810000,0.900000,30.000000,60.000000,6.000000,0.000000,0.000000,0.492443,0.003456,0.000567,0.466258,0.000000,0.000000,0.327278,0.006395,0.004954,0.314990,0.999950,-0.006106,-0.007887,-0.000048,-0.006600,-0.019925,-0.000243,-0.037902,-0.015440,0.003080,23.743203,23.743203,23.738224,0.504125,0.283543,-0.327026,-0.187087,0.971014
3.300000,1,0,0,2.400000,9.810000,0.900000,30.000000,60.000000,6.000000,0.000000,0.000000,0.508885,0.003770,0.000823,0.482089,0.000000,0.000000,0.330359,0.006129,0.005257,0.318205,0.999945,-0.006259,-0.008395,-0.000053,-0.005637,-0.020689,-0.000259,-0.030768,-0.017545,0.022769,23.738224,23.738224,23.733245,0.504019,0.324689,-0.339287,-0.134373,0.970289
3.350000,1,0,0,2.400000,9.810000,0.900000,30.000000,60.000000,6.000000,0.000000,0.000000,0.525475,0.004068,0.001092,0.498076,0.000000,0.000000,0.333241,0.005793,0.005476,0.321263,0.999940,-0.006387,-0.008921,-0.000057,-0.004602,-0.021385,-0.000273,0.017417,-0.023271,0.027066,23.733245,23.733245,23.728253,0.503913,0.465217,-0.359048,-0.118571,0.969561
3.400000,1,0,0,2.400000,9.810000,0.900000,30.000000,60.000000,6.000000,0.000000,0.000000,0.542205,0.004348,0.001369,0.514212,0.000000,0.000000,0.335920,0.005386,0.005600,0.324163,0.999934,-0.006489,-0.009464,-0.000061,-0.003506,-0.022005,-0.000286,0.012021,0.009420,-0.005483,23.728253,23.728253,23.723235,0.503806,0.477920,-0.285339,-0.191164,0.968835
3.450000,1,0,0,2.400000,9.810000,0.900000,30.000000,60.000000,6.000000,0.000000,0.000000,0.559064,0.004606,0.001650,0.530490,0.000000,0.000000,0.338395,0.004914,0.005618,0.326905,0.999928,-0.006562,-0.010021,-0.000066,-0.002364,-0.022539,-0.000296,0.006147,-0.009668,-0.008772,23.723235,23.723235,23.718177,0.503699,0.490148,-0.334569,-0.193480,0.968114
3.500000,1,0,0,2.400000,9.810000,0.900000,30.000000,60.000000,6.000000,0.000000,0.000000,0.576041,0.004838,0.001929,0.546900,0.000000,0.000000,0.340662,0.004380,0.005521,0.329486,0.999922,-0.006607,-0.010590,-0.000070,-0.001191,-0.022981,-0.000304,-0.006168,0.010911,0.001344,23.718177,23.718177,23.713063,0.503590,0.487485,-0.287225,-0.163562,0.967403
3.550000,1,0,0,2.400000,9.810000,0.900000,30.000000,60.000000,6.000000,0.000000,0.000000,0.593127,0.005043,0.002200,0.563436,0.000000,0.000000,0.342720,0.003790,0.005301,0.331904,0.999916,-0.006622,-0.011169,-0.000074,-0.000005,-0.023324,-0.000309,0.017303,0.015813,0.020980,23.713063,23.713063,23.707875,0.503480,0.571161,-0.276102,-0.110715,0.966703
3.600000,1,0,0,2.400000,9.810000,0.900000,30.000000,60.000000,6.000000,0.000000,0.000000,0.610310,0.005216,0.002457,0.580088,0.000000,0.000000,0.344566,0.003149,0.004951,0.334157,0.999909,-0.006607,-0.011755,-0.000078,0.001176,-0.023562,-0.000311,0.017011,0.039017,0.015333,23.707875,23.707875,23.702595,0.503368,0.598139,-0.219648,-0.118453,0.966020
3.650000,1,0,0,2.400000,9.810000,0.900000,30.000000,60.000000,6.000000,0.000000,0.000000,0.627580,0.005357,0.002693,0.596848,0.000000,0.000000,0.346200,0.002465,0.004466,0.336243,0.999902,-0.006563,-0.012346,-0.000081,0.002335,-0.023691,-0.000311,0.024172,0.020009,0.033452,23.702595,23.702595,23.697206,0.503254,0.643204,-0.263112,-0.069042,0.965356
3.700000,1,0,0,2.400000,9.810000,0.900000,30.000000,60.000000,6.000000,0.000000,0.000000,0.644926,0.005462,0.002901,0.613709,0.000000,0.000000,0.347619,0.001747,0.003842,0.338160,0.999895,-0.006490,-0.012939,-0.000084,0.003453,-0.023706,-0.000308,0.032561,0.033168,0.027200,23.697206,23.697206,23.691688,0.503136,0.691287,-0.228028,-0.077994,0.964715
3.750000,1,0,0,2.400000,9.810000,0.900000,30.000000,60.000000,6.000000,0.000000,0.000000,0.662338,0.005531,0.003075,0.630662,0.000000,0.000000,0.348821,0.001003,0.003078,0.339904,0.999888,-0.006391,-0.013531,-0.000086,0.004511,-0.023607,-0.000302,-0.002450,0.028558,0.006479,23.691688,23.691688,23.686021,0.503016,0.635145,-0.234294,-0.121528,0.964099
3.800000,1,0,0,2.400000,9.810000,0.900000,30.000000,60.000000,6.000000,0.000000,0.000000,0.679805,0.005562,0.003207,0.647697,0.000000,0.000000,0.349807,0.000242,0.002174,0.341472,0.999881,-0.006265,-0.014118,-0.000088,0.005490,-0.023392,-0.000293,-0.019353,0.046641,0.008011,23.686021,23.686021,23.680188,0.502892,0.622257,-0.184893,-0.111492,0.963512
3.850000,1,0,0,2.400000,9.810000,0.900000,30.000000,60.000000,6.000000,0.000000,0.000000,0.697315,0.005555,0.003290,0.664806,0.000000,0.000000,0.350574,-0.000524,0.001133,0.342862,0.999873,-0.006117,-0.014699,-0.000090,0.006374,-0.023061,-0.000282,-0.027890,0.047665,0.024965,23.680188,23.680188,23.674170,0.502764,0.629108,-0.175328,-0.064267,0.962956
3.900000,1,0,0,2.400000,9.810000,0.900000,30.000000,60.000000,6.000000,0.000000,0.000000,0.714858,0.005510,0.003318,0.681980,0.000000,0.000000,0.351123,-0.001285,-0.000041,0.344068,0.999866,-0.005948,-0.015270,-0.000091,0.007144,-0.022618,-0.000269,-0.010922,0.039062,0.052142,23.674170,23.674170,23.667949,0.502632,0.696690,-0.187890,0.007686,0.962434
3.950000,1,0,0,2.400000,9.810000,0.900000,30.000000,60.000000,6.000000,0.000000,0.000000,0.732424,0.005427,0.003284,0.699210,0.000000,0.000000,0.351453,-0.002029,-0.001341,0.345089,0.999858,-0.005761,-0.015829,-0.000091,0.007786,-0.022064,-0.000254,-0.033403,0.011405,0.049238,23.667949,23.667949,23.661507,0.502495,0.668986,-0.245346,0.007655,0.961949
4.000000,1,0,0,2.400000,9.810000,0.900000,30.000000,60.000000,6.000000,0.000000,0.000000,0.750000,0.005307,0.003182,0.716486,0.000000,0.000000,0.351563,-0.002746,-0.002759,0.345919,0.999850,-0.005560,-0.016373,-0.000091,0.008285,-0.021406,-0.000238,-0.028201,-0.015833,0.077764,23.661507,23.661507,23.654829,0.502354,0.706981,-0.301122,0.083275,0.961502
4.050000,1,0,0,2.400000,9.810000,0.900000,30.000000,60.000000,6.000000,0.000000,0.000000,0.767576,0.005153,0.003006,0.733798,0.000000,0.000000,0.351453,-0.003423,-0.004284,0.346555,0.999843,-0.005348,-0.016898,-0.000090,0.008631,-0.020648,-0.000221,-0.008534,-0.009999,0.073268,23.654829,23.654829,23.647901,0.502207,0.778832,-0.277029,0.079876,0.961096
4.100000,1,0,0,2.400000,9.810000,0.900000,30.000000,60.000000,6.000000,0.000000,0.000000,0.785142,0.004966,0.002752,0.751138,0.000000,0.000000,0.351123,-0.004049,-0.005904,0.346992,0.999835,-0.005129,-0.017404,-0.000089,0.008812,-0.019799,-0.000203,0.014633,-0.014234,0.059463,23.647901,23.647901,23.640710,0.502054,0.858109,-0.276789,0.054380,0.960731
4.150000,1,0,0,2.400000,9.810000,0.900000,30.000000,60.000000,6.000000,0.000000,0.000000,0.802685,0.004749,0.002414,0.768494,0.000000,0.000000,0.350574,-0.004612,-0.007604,0.347227,0.999828,-0.004909,-0.017888,-0.000088,0.008822,-0.018868,-0.000185,0.000004,0.018099,0.048107,23.640710,23.640710,23.633245,0.501895,0.845600,-0.188678,0.035015,0.960410
4.200000,1,0,0,2.400000,9.810000,0.900000,30.000000,60.000000,6.000000,0.000000,0.000000,0.820195,0.004506,0.001990,0.785857,0.000000,0.000000,0.349807,-0.005102,-0.009368,0.347253,0.999821,-0.004690,-0.018347,-0.000086,0.008655,-0.017864,-0.000168,0.027136,-0.018287,0.063184,23.633245,23.633245,23.625498,0.501731,0.932148,-0.265589,0.079345,0.960133
4.250000,1,0,0,2.400000,9.810000,0.900000,30.000000,60.000000,6.000000,0.000000,0.000000,0.837662,0.004240,0.001477,0.803216,0.000000,0.000000,0.348821,-0.005507,-0.011179,0.347068,0.999814,-0.004477,-0.018780,-0.000084,0.008310,-0.016799,-0.000150,0.032893,-0.023994,0.055459,23.625498,23.625498,23.617462,0.501560,0.966148,-0.269177,0.069217,0.959902
4.300000,1,0,0,2.400000,9.810000,0.900000,30.000000,60.000000,6.000000,0.000000,0.000000,0.855074,0.003957,0.000872,0.820560,0.000000,0.000000,0.347619,-0.005818,-0.013018,0.346667,0.999807,-0.004276,-0.019186,-0.000082,0.007787,-0.015685,-0.000134,0.054190,-0.029086,0.060880,23.617462,23.617462,23.609135,0.501383,1.036134,-0.271804,0.090902,0.959717
4.350000,1,0,0,2.400000,9.810000,0.900000,30.000000,60.000000,6.000000,0.000000,0.000000,0.872420,0.003660,0.000175,0.837879,0.000000,0.000000,0.346200,-0.006026,-0.014865,0.346045,0.999800,-0.004089,-0.019564,-0.000080,0.007091,-0.014534,-0.000119,0.044446,-0.024980,0.020449,23.609135,23.609135,23.600516,0.501200,1.030258,-0.253079,0.002805,0.959579
4.400000,1,0,0,2.400000,9.810000,0.900000,30.000000,60.000000,6.000000,0.000000,0.000000,0.889690,0.003356,-0.000615,0.855161,0.000000,0.000000,0.344566,-0.006121,-0.016700,0.345198,0.999794,-0.003923,-0.019913,-0.000078,0.006229,-0.013361,-0.000105,-0.011874,-0.049827,0.023878,23.600516,23.600516,23.591610,0.501011,0.911202,-0.304767,0.020234,0.959487
4.450000,1,0,0,2.400000,9.810000,0.900000,30.000000,60.000000,6.000000,0.000000,0.000000,0.906873,0.003050,-0.001495,0.872395,0.000000,0.000000,0.342720,-0.006097,-0.018501,0.344124,0.999788,-0.003779,-0.020232,-0.000076,0.005209,-0.012180,-0.000092,-0.045109,-0.079199,0.021321,23.591610,23.591610,23.582422,0.500816,0.846137,-0.368429,0.023548,0.959442
4.500000,1,0,0,2.400000,9.810000,0.900000,30.000000,60.000000,6.000000,0.000000,0.000000,0.923959,0.002748,-0.002464,0.889569,0.000000,0.000000,0.340662,-0.005948,-0.020247,0.342816,0.999783,-0.003663,-0.020522,-0.000075,0.004046,-0.011004,-0.000081,0.002201,-0.086098,-0.005746,23.582422,23.582422,23.572963,0.500615,0.972967,-0.379448,-0.031717,0.959442
4.550000,1,0,0,2.400000,9.810000,0.900000,30.000000,60.000000,6.000000,0.000000,0.000000,0.940936,0.002457,-0.003518,0.906673,0.000000,0.000000,0.338395,-0.005668,-0.021918,0.341274,0.999778,-0.003578,-0.020782,-0.000074,0.002755,-0.009850,-0.000070,0.015726,-0.059417,-0.007151,23.572963,23.572963,23.563248,0.500409,1.017315,-0.311323,-0.025159,0.959488
4.600000,1,0,0,2.400000,9.810000,0.900000,30.000000,60.000000,6.000000,0.000000,0.000000,0.957795,0.002184,-0.004654,0.923693,0.000000,0.000000,0.335920,-0.005254,-0.023492,0.339493,0.999773,-0.003526,-0.021014,-0.000074,0.001355,-0.008731,-0.000062,0.022914,-0.025472,-0.026860,23.563248,23.563248,23.553295,0.500197,1.045095,-0.227355,-0.062315,0.959578
4.650000,1,0,0,2.400000,9.810000,0.900000,30.000000,60.000000,6.000000,0.000000,0.000000,0.974525,0.001934,-0.005865,0.940618,0.000000,0.000000,0.333241,-0.004704,-0.024948,0.337471,0.999769,-0.003511,-0.021219,-0.000075,-0.000135,-0.007662,-0.000054,0.063081,-0.021392,-0.033000,23.553295,23.553295,23.543125,0.499981,1.150718,-0.216766,-0.066703,0.959711
4.700000,1,0,0,2.400000,9.810000,0.900000,30.000000,60.000000,6.000000,0.000000,0.000000,0.991115,0.001716,-0.007146,0.957436,0.000000,0.000000,0.330359,-0.004016,-0.026269,0.335206,0.999765,-0.003534,-0.021398,-0.000076,-0.001691,-0.006659,-0.000047,0.074388,-0.004181,-0.050930,23.543125,23.543125,23.532766,0.499761,1.185837,-0.176457,-0.099209,0.959886
4.750000,1,0,0,2.400000,9.810000,0.900000,30.000000,60.000000,6.000000,0.000000,0.000000,1.007557,0.001535,-0.008490,0.974134,0.000000,0.000000,0.327278,-0.003193,-0.027435,0.332696,0.999761,-0.003596,-0.021553,-0.000078,-0.003287,-0.005733,-0.000041,0.057755,-0.009728,-0.061530,23.532766,23.532766,23.522246,0.499538,1.152749,-0.192624,-0.113966,0.960101
4.800000,1,0,0,2.400000,9.810000,0.900000,30.000000,60.000000,6.000000,0.000000,0.000000,1.023840,0.001399,-0.009887,0.990701,0.000000,0.000000,0.324000,-0.002236,-0.028430,0.329941,0.999758,-0.003698,-0.021685,-0.000080,-0.004899,-0.004899,-0.000036,0.015416,0.002383,-0.082445,23.522246,23.522246,23.511598,0.499312,1.056918,-0.168295,-0.153348,0.960353
4.850000,1,0,0,2.400000,9.810000,0.900000,30.000000,60.000000,6.000000,0.000000,0.000000,1.039954,0.001314,-0.011330,1.007125,0.000000,0.000000,0.320529,-0.001150,-0.029239,0.326941,0.999755,-0.003841,-0.021799,-0.000084,-0.006498,-0.004169,-0.000032,0.025981,-0.033908,-0.053729,23.511598,23.511598,23.500858,0.499084,1.087125,-0.262015,-0.073511,0.960642
4.900000,1,0,0,2.400000,9.810000,0.900000,30.000000,60.000000,6.000000,0.000000,0.000000,1.055890,0.001286,-0.012808,1.023391,0.000000,0.000000,0.316868,0.000061,-0.029851,0.323695,0.999752,-0.004023,-0.021895,-0.000088,-0.008056,-0.003553,-0.000029,0.039110,-0.000753,-0.049762,23.500858,23.500858,23.490066,0.498855,1.122683,-0.190917,-0.052995,0.960963
4.950000,1,0,0,2.400000,9.810000,0.900000,30.000000,60.000000,6.000000,0.000000,0.000000,1.071638,0.001322,-0.014311,1.039490,0.000000,0.000000,0.313020,0.001388,-0.030254,0.320205,0.999749,-0.004243,-0.021977,-0.000093,-0.009545,-0.003062,-0.000026,0.043626,0.025499,-0.049369,23.490066,23.490066,23.479262,0.498625,1.136914,-0.138169,-0.041014,0.961316
5.000000,1,0,0,2.400000,9.810000,0.900000,30.000000,60.000000,6.000000,0.000000,0.000000,1.087189,0.001426,-0.015830,1.055408,0.000000,0.000000,0.308990,0.002825,-0.030440,0.316472,0.999747,-0.004499,-0.022049,-0.000099,-0.010936,-0.002703,-0.000024,0.056284,0.046337,-0.055128,23.479262,23.479262,23.468488,0.498396,1.170180,-0.100097,-0.043789,0.961696
5.050000,1,0,0,2.400000,9.810000,0.900000,30.000000,60.000000,6.000000,0.000000,0.000000,1.102534,0.001606,-0.017352,1.071133,0.000000,0.000000,0.304782,0.004359,-0.030405,0.312500,0.999744,-0.004788,-0.022113,-0.000106,-0.012204,-0.002483,-0.000024,0.078622,0.068624,-0.047129,23.468488,23.468488,23.457788,0.498169,1.226337,-0.060103,-0.013569,0.962101
5.100000,1,0,0,2.400000,9.810000,0.900000,30.000000,60.000000,6.000000,0.000000,0.000000,1.117664,0.001864,-0.018866,1.086654,0.000000,0.000000,0.300399,0.005981,-0.030145,0.308291,0.999741,-0.005108,-0.022174,-0.000113,-0.013320,-0.002409,-0.000025,0.057408,0.053913,-0.047272,23.457788,23.457788,23.447208,0.497944,1.177794,-0.110289,-0.002949,0.962528
5.150000,1,0,0,2.400000,9.810000,0.900000,30.000000,60.000000,6.000000,0.000000,0.000000,1.132571,0.002205,-0.020362,1.101959,0.000000,0.000000,0.295847,0.007677,-0.029660,0.303851,0.999738,-0.005453,-0.022235,-0.000121,-0.014260,-0.002482,-0.000027,0.027381,0.091396,-0.052340,23.447208,23.447208,23.436792,0.497723,1.108103,-0.036407,-0.004245,0.962973
5.200000,1,0,0,2.400000,9.810000,0.900000,30.000000,60.000000,6.000000,0.000000,0.000000,1.147246,0.002632,-0.021829,1.117035,0.000000,0.000000,0.291129,0.009433,-0.028955,0.299182,0.999734,-0.005819,-0.022299,-0.000130,-0.015002,-0.002705,-0.000031,0.032199,0.092304,-0.054071,23.436792,23.436792,23.426583,0.497506,1.122216,-0.051277,0.002334,0.963434
5.250000,1,0,0,2.400000,9.810000,0.900000,30.000000,60.000000,6.000000,0.000000,0.000000,1.161681,0.003149,-0.023254,1.131873,0.000000,0.000000,0.286251,0.011236,-0.028033,0.294293,0.999730,-0.006201,-0.022371,-0.000139,-0.015525,-0.003078,-0.000038,0.043962,0.105759,-0.074646,23.426583,23.426583,23.416624,0.497295,1.153353,-0.036765,-0.036483,0.963907
5.300000,1,0,0,2.400000,9.810000,0.900000,30.000000,60.000000,6.000000,0.000000,0.000000,1.175868,0.003757,-0.024628,1.146461,0.000000,0.000000,0.281217,0.013069,-0.026905,0.289189,0.999726,-0.006593,-0.022454,-0.000148,-0.015813,-0.003597,-0.000047,0.061512,0.089593,-0.107874,23.416624,23.416624,23.406958,0.497090,1.198905,-0.093809,-0.105873,0.964387
5.350000,1,0,0,2.400000,9.810000,0.900000,30.000000,60.000000,6.000000,0.000000,0.000000,1.189800,0.004456,-0.025941,1.160788,0.000000,0.000000,0.276034,0.014917,-0.025581,0.283877,0.999721,-0.006989,-0.022552,-0.000158,-0.015851,-0.004260,-0.000060,0.058026,0.090692,-0.106777,23.406958,23.406958,23.397624,0.496891,1.194673,-0.109595,-0.093128,0.964873
5.400000,1,0,0,2.400000,9.810000,0.900000,30.000000,60.000000,6.000000,0.000000,0.000000,1.203469,0.005248,-0.027184,1.174845,0.000000,0.000000,0.270705,0.016762,-0.024075,0.278366,0.999716,-0.007383,-0.022668,-0.000167,-0.015629,-0.005059,-0.000075,0.048228,0.090041,-0.111215,23.397624,23.397624,23.388658,0.496701,1.176157,-0.129465,-0.093943,0.965359
5.450000,1,0,0,2.400000,9.810000,0.900000,30.000000,60.000000,6.000000,0.000000,0.000000,1.216869,0.006132,-0.028346,1.188622,0.000000,0.000000,0.265238,0.018587,-0.022405,0.272665,0.999710,-0.007768,-0.022806,-0.000177,-0.015140,-0.005987,-0.000093,0.012214,0.111320,-0.125276,23.388658,23.388658,23.380097,0.496519,1.095745,-0.096279,-0.118168,0.965842
5.500000,1,0,0,2.400000,9.810000,0.900000,30.000000,60.000000,6.000000,0.000000,0.000000,1.229991,0.007106,-0.029422,1.202109,0.000000,0.000000,0.259638,0.020375,-0.020588,0.266783,0.999703,-0.008137,-0.022968,-0.000187,-0.014382,-0.007033,-0.000115,0.000093,0.075090,-0.121948,23.380097,23.380097,23.371972,0.496347,1.073844,-0.200377,-0.101006,0.966318
5.550000,1,0,0,2.400000,9.810000,0.900000,30.000000,60.000000,6.000000,0.000000,0.000000,1.242830,0.008169,-0.030403,1.215297,0.000000,0.000000,0.253911,0.022110,-0.018645,0.260731,0.999696,-0.008484,-0.023158,-0.000197,-0.013356,-0.008187,-0.000139,-0.006584,0.090936,-0.132676,23.371972,23.371972,23.364312,0.496184,1.066307,-0.178445,-0.117959,0.966785
5.600000,1,0,0,2.400000,9.810000,0.900000,30.000000,60.000000,6.000000,0.000000,0.000000,1.255380,0.009316,-0.031284,1.228179,0.000000,0.000000,0.248063,0.023773,-0.016599,0.254520,0.999688,-0.008803,-0.023378,-0.000206,-0.012068,-0.009435,-0.000166,0.003645,0.079905,-0.149914,23.364312,23.364312,23.357144,0.496032,1.100764,-0.219662,-0.150945,0.967237
5.650000,1,0,0,2.400000,9.810000,0.900000,30.000000,60.000000,6.000000,0.000000,0.000000,1.267635,0.010545,-0.032061,1.240747,0.000000,0.000000,0.242100,0.025348,-0.014474,0.248162,0.999679,-0.009086,-0.023631,-0.000215,-0.010529,-0.010763,-0.000196,0.014778,0.077464,-0.149861,23.357144,23.357144,23.350492,0.495890,1.138909,-0.238612,-0.142869,0.967672
5.700000,1,0,0,2.400000,9.810000,0.900000,30.000000,60.000000,6.000000,0.000000,0.000000,1.279588,0.011849,-0.032731,1.252993,0.000000,0.000000,0.236030,0.026819,-0.012295,0.241667,0.999670,-0.009327,-0.023917,-0.000223,-0.008751,-0.012154,-0.000227,0.016669,0.026328,-0.143639,23.350492,23.350492,23.344376,0.495761,1.156482,-0.372492,-0.120448,0.968086
5.750000,1,0,0,2.400000,9.810000,0.900000,30.000000,60.000000,6.000000,0.000000,0.000000,1.291236,0.013224,-0.033290,1.264912,0.000000,0.000000,0.229860,0.028172,-0.010088,0.235051,0.999661,-0.009521,-0.024239,-0.000231,-0.006755,-0.013592,-0.000259,0.016688,0.052320,-0.114116,23.344376,23.344376,23.338817,0.495643,1.171232,-0.319065,-0.042594,0.968475
5.800000,1,0,0,2.400000,9.810000,0.900000,30.000000,60.000000,6.000000,0.000000,0.000000,1.302573,0.014664,-0.033740,1.276496,0.000000,0.000000,0.223596,0.029390,-0.007880,0.228324,0.999651,-0.009663,-0.024596,-0.000238,-0.004560,-0.015058,-0.000291,-0.006840,0.048653,-0.147868,23.338817,23.338817,23.333829,0.495537,1.131183,-0.334378,-0.117102,0.968836
5.850000,1,0,0,2.400000,9.810000,0.900000,30.000000,60.000000,6.000000,0.000000,0.000000,1.313594,0.016161,-0.034079,1.287742,0.000000,0.000000,0.217246,0.030463,-0.005698,0.221501,0.999640,-0.009747,-0.024991,-0.000244,-0.002194,-0.016534,-0.000322,-0.055458,0.015596,-0.132846,23.333829,23.333829,23.329427,0.495443,1.032656,-0.417575,-0.075079,0.969166
5.900000,1,0,0,2.400000,9.810000,0.900000,30.000000,60.000000,6.000000,0.000000,0.000000,1.324296,0.017708,-0.034310,1.298645,0.000000,0.000000,0.210817,0.031377,-0.003569,0.214596,0.999629,-0.009771,-0.025423,-0.000248,0.000316,-0.018001,-0.000352,-0.056248,0.028434,-0.135355,23.329427,23.329427,23.325624,0.495362,1.050657,-0.387785,-0.075668,0.969461
5.950000,1,0,0,2.400000,9.810000,0.900000,30.000000,60.000000,6.000000,0.000000,0.000000,1.334675,0.019296,-0.034437,1.309201,0.000000,0.000000,0.204317,0.032122,-0.001517,0.207622,0.999617,-0.009730,-0.025891,-0.000252,0.002938,-0.019439,-0.000378,-0.058762,0.037706,-0.168678,23.325624,23.325624,23.322428,0.495295,1.066239,-0.363571,-0.150761,0.969719
6.000000,1,0,0,2.400000,9.810000,0.900000,30.000000,60.000000,6.000000,0.000000,0.000000,1.344727,0.020917,-0.034464,1.319407,0.000000,0.000000,0.197754,0.032688,0.000431,0.200595,0.999605,-0.009623,-0.026394,-0.000254,0.005638,-0.020829,-0.000401,-0.054634,0.026829,-0.163876,23.322428,23.322428,23.319850,0.495240,1.099439,-0.384620,-0.134915,0.969938
6.050000,1,0,0,2.400000,9.810000,0.900000,30.000000,60.000000,6.000000,0.000000,0.000000,1.354449,0.022562,-0.034396,1.329260,0.000000,0.000000,0.191136,0.033070,0.002251,0.193527,0.999593,-0.009448,-0.026932,-0.000255,0.008381,-0.022152,-0.000419,-0.079089,0.049011,-0.185982,23.319850,23.319850,23.317895,0.495198,1.065649,-0.323164,-0.184216,0.970113
6.100000,1,0,0,2.400000,9.810000,0.900000,30.000000,60.000000,6.000000,0.000000,0.000000,1.363839,0.024221,-0.034241,1.338759,0.000000,0.000000,0.184472,0.033261,0.003922,0.186433,0.999579,-0.009204,-0.027501,-0.000253,0.011131,-0.023390,-0.000431,-0.067076,0.016510,-0.153630,23.317895,23.317895,23.316567,0.495170,1.120905,-0.389755,-0.103385,0.970244
6.150000,1,0,0,2.400000,9.810000,0.900000,30.000000,60.000000,6.000000,0.000000,0.000000,1.372896,0.025885,-0.034007,1.347903,0.000000,0.000000,0.177769,0.033257,0.005422,0.179329,0.999566,-0.008892,-0.028100,-0.000250,0.013849,-0.024524,-0.000436,-0.078697,0.024696,-0.157942,23.316567,23.316567,23.315870,0.495155,1.120852,-0.355521,-0.111120,0.970328
6.200000,1,0,0,2.400000,9.810000,0.900000,30.000000,60.000000,6.000000,0.000000,0.000000,1.381616,0.027543,-0.033702,1.356692,0.000000,0.000000,0.171037,0.033057,0.006734,0.172227,0.999551,-0.008512,-0.028726,-0.000245,0.016499,-0.025537,-0.000435,-0.110178,0.030553,-0.169453,23.315870,23.315870,23.315802,0.495154,1.074423,-0.323757,-0.136699,0.970362
6.250000,1,0,0,2.400000,9.810000,0.900000,30.000000,60.000000,6.000000,0.000000,0.000000,1.389999,0.029187,-0.033337,1.365126,0.000000,0.000000,0.164285,0.032660,0.007842,0.165143,0.999536,-0.008068,-0.029376,-0.000237,0.019042,-0.026414,-0.000426,-0.148706,0.017751,-0.169251,23.315802,23.315802,23.316361,0.495166,1.012218,-0.333754,-0.134730,0.970346
6.300000,1,0,0,2.400000,9.810000,0.900000,30.000000,60.000000,6.000000,0.000000,0.000000,1.398044,0.030806,-0.032921,1.373207,0.000000,0.000000,0.157522,0.032069,0.008733,0.158089,0.999520,-0.007561,-0.030045,-0.000227,0.021444,-0.027140,-0.000411,-0.127915,-0.017389,-0.156051,23.316361,23.316361,23.317543,0.495191,1.093347,-0.394486,-0.102122,0.970278
6.350000,1,0,0,2.400000,9.810000,0.900000,30.000000,60.000000,6.000000,0.000000,0.000000,1.405751,0.032391,-0.032467,1.380936,0.000000,0.000000,0.150757,0.031287,0.009396,0.151080,0.999503,-0.006997,-0.030731,-0.000215,0.023670,-0.027703,-0.000388,-0.095320,-0.012765,-0.129740,23.317543,23.317543,23.319337,0.495229,1.203598,-0.357093,-0.038594,0.970156
6.400000,1,0,0,2.400000,9.810000,0.900000,30.000000,60.000000,6.000000,0.000000,0.000000,1.413120,0.033932,-0.031986,1.388316,0.000000,0.000000,0.144000,0.030320,0.009823,0.144130,0.999486,-0.006380,-0.031429,-0.000201,0.025687,-0.028091,-0.000359,-0.063406,-0.019115,-0.130329,23.319337,23.319337,23.321734,0.495280,1.312806,-0.343565,-0.040162,0.969979
6.450000,1,0,0,2.400000,9.810000,0.900000,30.000000,60.000000,6.000000,0.000000,0.000000,1.420151,0.035420,-0.031489,1.395350,0.000000,0.000000,0.137260,0.029175,0.010012,0.137250,0.999467,-0.005715,-0.032134,-0.000184,0.027466,-0.028296,-0.000324,-0.079473,-0.013843,-0.122996,23.321734,23.321734,23.324716,0.495343,1.307249,-0.299928,-0.023238,0.969748
6.500000,1,0,0,2.400000,9.810000,0.900000,30.000000,60.000000,6.000000,0.000000,0.000000,1.426847,0.036846,-0.030989,1.402042,0.000000,0.000000,0.130548,0.027862,0.009960,0.130454,0.999448,-0.005009,-0.032842,-0.000165,0.028981,-0.028310,-0.000284,-0.028819,-0.039865,-0.134936,23.324716,23.324716,23.328264,0.495418,1.461989,-0.329475,-0.053077,0.969462
6.550000,1,0,0,2.400000,9.810000,0.900000,30.000000,60.000000,6.000000,0.000000,0.000000,1.433207,0.038203,-0.030497,1.408397,0.000000,0.000000,0.123874,0.026391,0.009669,0.123754,0.999428,-0.004269,-0.033547,-0.000143,0.030209,-0.028128,-0.000240,-0.011057,-0.024494,-0.118747,23.328264,23.328264,23.332355,0.495505,1.537733,-0.258073,-0.015899,0.969119
6.600000,1,0,0,2.400000,9.810000,0.900000,30.000000,60.000000,6.000000,0.000000,0.000000,1.439235,0.039483,-0.030026,1.414419,0.000000,0.000000,0.117248,0.024776,0.009146,0.117162,0.999407,-0.003502,-0.034246,-0.000120,0.031131,-0.027747,-0.000194,-0.030943,-0.032830,-0.115837,23.332355,23.332355,23.336963,0.495603,1.522837,-0.242305,-0.011064,0.968722
6.650000,1,0,0,2.400000,9.810000,0.900000,30.000000,60.000000,6.000000,0.000000,0.000000,1.444933,0.040679,-0.029586,1.420115,0.000000,0.000000,0.110681,0.023029,0.008397,0.110689,0.999386,-0.002716,-0.034932,-0.000095,0.031733,-0.027166,-0.000148,-0.036363,-0.053633,-0.139651,23.336963,23.336963,23.342056,0.495711,1.542140,-0.255556,-0.070826,0.968269
6.700000,1,0,0,2.400000,9.810000,0.900000,30.000000,60.000000,6.000000,0.000000,0.000000,1.450304,0.041784,-0.029189,1.425490,0.000000,0.000000,0.104183,0.021166,0.007435,0.104346,0.999364,-0.001919,-0.035602,-0.000068,0.032005,-0.026387,-0.000101,-0.082235,-0.072207,-0.098579,23.342056,23.342056,23.347601,0.495829,1.463608,-0.262935,0.024697,0.967762
6.750000,1,0,0,2.400000,9.810000,0.900000,30.000000,60.000000,6.000000,0.000000,0.000000,1.455352,0.042794,-0.028846,1.430552,0.000000,0.000000,0.097767,0.019204,0.006274,0.098143,0.999342,-0.001119,-0.036249,-0.000041,0.031942,-0.025414,-0.000057,-0.084926,-0.093377,-0.113307,23.347601,23.347601,23.353560,0.495956,1.487729,-0.276407,-0.014122,0.967202
6.800000,1,0,0,2.400000,9.810000,0.900000,30.000000,60.000000,6.000000,0.000000,0.000000,1.460082,0.043703,-0.028565,1.435307,0.000000,0.000000,0.091441,0.017159,0.004929,0.092091,0.999320,-0.000326,-0.036870,-0.000012,0.031543,-0.024252,-0.000016,-0.084013,-0.122457,-0.133614,23.353560,23.353560,23.359896,0.496090,1.519293,-0.309116,-0.066736,0.966590
6.850000,1,0,0,2.400000,9.810000,0.900000,30.000000,60.000000,6.000000,0.000000,0.000000,1.464498,0.044508,-0.028356,1.439764,0.000000,0.000000,0.085220,0.015049,0.003421,0.086199,0.999298,0.000454,-0.037460,0.000017,0.030812,-0.022910,0.000021,-0.092844,-0.113675,-0.138831,23.359896,23.359896,23.366567,0.496232,1.526049,-0.251596,-0.083522,0.965927
6.900000,1,0,0,2.400000,9.810000,0.900000,30.000000,60.000000,6.000000,0.000000,0.000000,1.468606,0.045207,-0.028225,1.443930,0.000000,0.000000,0.079113,0.012894,0.001770,0.080475,0.999276,0.001211,-0.038013,0.000046,0.029760,-0.021397,0.000052,-0.045722,-0.085660,-0.114253,23.366567,23.366567,23.373533,0.496380,1.665461,-0.148938,-0.029175,0.965215
6.950000,1,0,0,2.400000,9.810000,0.900000,30.000000,60.000000,6.000000,0.000000,0.000000,1.472412,0.045797,-0.028181,1.447814,0.000000,0.000000,0.073133,0.010711,0.000000,0.074929,0.999256,0.001938,-0.038527,0.000075,0.028399,-0.019725,0.000077,-0.007307,-0.069127,-0.128741,23.373533,23.373533,23.380753,0.496533,1.782152,-0.075228,-0.068948,0.964456
7.000000,1,0,0,2.400000,9.810000,0.900000,30.000000,60.000000,6.000000,0.000000,0.000000,1.475922,0.046278,-0.028227,1.451426,0.000000,0.000000,0.067291,0.008520,-0.001864,0.069569,0.999236,0.002628,-0.038998,0.000103,0.026747,-0.017907,0.000094,-0.026351,-0.062371,-0.135639,23.380753,23.380753,23.388189,0.496691,1.758935,-0.026725,-0.090848,0.963652
7.050000,1,0,0,2.400000,9.810000,0.900000,30.000000,60.000000,6.000000,0.000000,0.000000,1.479143,0.046650,-0.028368,1.454774,0.000000,0.000000,0.061601,0.006340,-0.003797,0.064403,0.999217,0.003272,-0.039421,0.000129,0.024826,-0.015959,0.000105,-0.064207,-0.058428,-0.113119,23.388189,23.388189,23.395804,0.496853,1.688400,0.012956,-0.042483,0.962806
7.100000,1,0,0,2.400000,9.810000,0.900000,30.000000,60.000000,6.000000,0.000000,0.000000,1.482084,0.046913,-0.028607,1.457869,0.000000,0.000000,0.056074,0.004191,-0.005773,0.059438,0.999200,0.003866,-0.039794,0.000154,0.022662,-0.013896,0.000108,-0.009402,-0.079768,-0.098514,23.395804,23.395804,23.403565,0.497018,1.837933,-0.010412,-0.013440,0.961920
7.150000,1,0,0,2.400000,9.810000,0.900000,30.000000,60.000000,6.000000,0.000000,0.000000,1.484754,0.047069,-0.028946,1.460721,0.000000,0.000000,0.050724,0.002090,-0.007763,0.054681,0.999185,0.004403,-0.040114,0.000177,0.020285,-0.011737,0.000103,-0.023937,-0.087289,-0.103188,23.403565,23.403565,23.411444,0.497185,1.818608,-0.003258,-0.030991,0.960997
7.200000,1,0,0,2.400000,9.810000,0.900000,30.000000,60.000000,6.000000,0.000000,0.000000,1.487160,0.047123,-0.029383,1.463341,0.000000,0.000000,0.045562,0.000057,-0.009740,0.050141,0.999172,0.004878,-0.040379,0.000197,0.017726,-0.009500,0.000093,-0.002421,-0.096687,-0.118542,23.411444,23.411444,23.419419,0.497354,1.883258,-0.003481,-0.074486,0.960041
7.250000,1,0,0,2.400000,9.810000,0.900000,30.000000,60.000000,6.000000,0.000000,0.000000,1.489313,0.047076,-0.029919,1.465739,0.000000,0.000000,0.040603,-0.001893,-0.011676,0.045823,0.999162,0.005287,-0.040588,0.000215,0.015019,-0.007204,0.000076,0.008881,-0.094725,-0.096338,23.419419,23.419419,23.427474,0.497525,1.920765,0.020489,-0.028160,0.959053
7.300000,1,0,0,2.400000,9.810000,0.900000,30.000000,60.000000,6.000000,0.000000,0.000000,1.491224,0.046935,-0.030550,1.467927,0.000000,0.000000,0.035860,-0.003743,-0.013546,0.041734,0.999154,0.005627,-0.040739,0.000229,0.012200,-0.004869,0.000055,0.010904,-0.132830,-0.109310,23.427474,23.427474,23.435598,0.497698,1.933309,-0.054927,-0.066571,0.958038
7.350000,1,0,0,2.400000,9.810000,0.900000,30.000000,60.000000,6.000000,0.000000,0.000000,1.492903,0.046704,-0.031272,1.469917,0.000000,0.000000,0.031345,-0.005476,-0.015324,0.037882,0.999149,0.005896,-0.040831,0.000241,0.009308,-0.002515,0.000030,-0.001630,-0.124983,-0.146200,23.435598,23.435598,23.443791,0.497872,1.908190,-0.023399,-0.162707,0.957000
7.400000,1,0,0,2.400000,9.810000,0.900000,30.000000,60.000000,6.000000,0.000000,0.000000,1.494362,0.046390,-0.032080,1.471719,0.000000,0.000000,0.027073,-0.007080,-0.016983,0.034272,0.999146,0.006092,-0.040864,0.000249,0.006380,-0.000163,0.000002,0.001302,-0.133713,-0.136378,23.443791,23.443791,23.452058,0.498047,1.917450,-0.035058,-0.147060,0.955940
7.450000,1,0,0,2.400000,9.810000,0.900000,30.000000,60.000000,6.000000,0.000000,0.000000,1.495615,0.045999,-0.032968,1.473348,0.000000,0.000000,0.023057,-0.008540,-0.018503,0.030913,0.999146,0.006214,-0.040839,0.000254,0.003455,0.002168,-0.000027,-0.012518,-0.137798,-0.127240,23.452058,23.452058,23.460412,0.498225,1.883774,-0.038998,-0.133393,0.954864
7.500000,1,0,0,2.400000,9.810000,0.900000,30.000000,60.000000,6.000000,0.000000,0.000000,1.496673,0.045538,-0.033928,1.474815,0.000000,0.000000,0.019312,-0.009847,-0.019860,0.027810,0.999149,0.006265,-0.040756,0.000256,0.000571,0.004456,-0.000056,0.016270,-0.113308,-0.095943,23.460412,23.460412,23.468876,0.498405,1.949670,0.022237,-0.066895,0.953775
7.550000,1,0,0,2.400000,9.810000,0.900000,30.000000,60.000000,6.000000,0.000000,0.000000,1.497551,0.045017,-0.034951,1.476133,0.000000,0.000000,0.015852,-0.010990,-0.021037,0.024972,0.999155,0.006244,-0.040617,0.000254,-0.002234,0.006684,-0.000084,0.017142,-0.091044,-0.060244,23.468876,23.468876,23.477479,0.498587,1.945930,0.074791,0.009804,0.952677
7.600000,1,0,0,2.400000,9.810000,0.900000,30.000000,60.000000,6.000000,0.000000,0.000000,1.498263,0.044442,-0.036028,1.477317,0.000000,0.000000,0.012691,-0.011960,-0.022015,0.022405,0.999164,0.006154,-0.040423,0.000249,-0.004924,0.008832,-0.000109,0.035831,-0.081164,-0.048939,23.477479,23.477479,23.486256,0.498774,1.982400,0.094398,0.027572,0.951573
7.650000,1,0,0,2.400000,9.810000,0.900000,30.000000,60.000000,6.000000,0.000000,0.000000,1.498825,0.043824,-0.037149,1.478379,0.000000,0.000000,0.009845,-0.012752,-0.022781,0.020118,0.999175,0.005999,-0.040177,0.000241,-0.007465,0.010882,-0.000131,0.049825,-0.087654,-0.035605,23.486256,23.486256,23.495249,0.498965,2.005154,0.071639,0.049803,0.950468
7.700000,1,0,0,2.400000,9.810000,0.900000,30.000000,60.000000,6.000000,0.000000,0.000000,1.499253,0.043170,-0.038303,1.479333,0.000000,0.000000,0.007328,-0.013359,-0.023323,0.018118,0.999188,0.005783,-0.039880,0.000231,-0.009826,0.012818,-0.000148,0.040142,-0.063832,-0.025335,23.495249,23.495249,23.504507,0.499161,1.968757,0.118746,0.064254,0.949365
7.750000,1,0,0,2.400000,9.810000,0.900000,30.000000,60.000000,6.000000,0.000000,0.000000,1.499563,0.042491,-0.039477,1.480195,0.000000,0.000000,0.005155,-0.013780,-0.023631,0.016414,0.999203,0.005510,-0.039537,0.000218,-0.011977,0.014624,-0.000161,0.031231,-0.043622,-0.024870,23.504507,23.504507,23.514081,0.499365,1.932034,0.154524,0.054716,0.948268
7.800000,1,0,0,2.400000,9.810000,0.900000,30.000000,60.000000,6.000000,0.000000,0.000000,1.499774,0.041795,-0.040662,1.480980,0.000000,0.000000,0.003342,-0.014012,-0.023699,0.015016,0.999220,0.005186,-0.039151,0.000203,-0.013892,0.016285,-0.000169,0.018527,-0.051530,-0.000339,23.514081,23.514081,23.524028,0.499576,1.884184,0.120419,0.102456,0.947181
7.850000,1,0,0,2.400000,9.810000,0.900000,30.000000,60.000000,6.000000,0.000000,0.000000,1.499904,0.041093,-0.041843,1.481702,0.000000,0.000000,0.001904,-0.014055,-0.023525,0.013932,0.999238,0.004818,-0.038725,0.000187,-0.015549,0.017790,-0.000172,0.012690,-0.062422,-0.011072,23.524028,23.524028,23.534406,0.499796,1.850973,0.077042,0.065047,0.946108
7.900000,1,0,0,2.400000,9.810000,0.900000,30.000000,60.000000,6.000000,0.000000,0.000000,1.499971,0.040393,-0.043010,1.482378,0.000000,0.000000,0.000857,-0.013911,-0.023107,0.013174,0.999258,0.004412,-0.038264,0.000169,-0.016929,0.019126,-0.000169,0.016849,-0.028918,-0.028948,23.534406,23.534406,23.545276,0.500027,1.840099,0.138416,0.009949,0.945052
7.950000,1,0,0,2.400000,9.810000,0.900000,30.000000,60.000000,6.000000,0.000000,0.000000,1.499996,0.039705,-0.044150,1.483025,0.000000,0.000000,0.000217,-0.013583,-0.022447,0.012752,0.999278,0.003975,-0.037771,0.000150,-0.018018,0.020284,-0.000161,0.013859,-0.027388,-0.006635,23.545276,23.545276,23.569037,0.500532,1.810618,0.121585,0.050726,0.944016
8.000000,1,0,0,2.400000,9.810000,0.900000,30.000000,60.000000,6.000000,0.000000,0.000000,1.500000,0.039037,-0.045251,1.483659,0.000000,0.000000,0.000000,-0.013077,-0.021552,0.012683,0.999300,0.003513,-0.037233,0.000131,-0.020865,0.040125,-0.000282,0.006717,-0.018264,0.013435,23.569037,23.569037,23.573437,0.500625,1.769943,0.121854,0.073134,0.943005
8.050000,1,0,0,2.400000,9.810000,0.900000,30.000000,60.000000,6.000000,0.000000,0.000000,1.500000,0.038400,-0.046301,1.484308,0.000000,0.000000,0.000000,-0.012404,-0.020421,0.013274,0.999321,0.003023,-0.036715,0.000111,-0.019780,0.020301,-0.000123,-0.017434,-0.012322,-0.006240,23.573437,23.573437,23.565084,0.500448,1.687962,0.113056,0.019572,0.942022
8.100000,1,0,0,2.400000,9.810000,0.900000,30.000000,60.000000,6.000000,0.000000,0.000000,1.500000,0.037800,-0.047289,1.484986,0.000000,0.000000,0.000000,-0.011577,-0.019057,0.013811,0.999341,0.002525,-0.036200,0.000091,-0.020043,0.020914,-0.000106,-0.015892,-0.033958,0.016628,23.565084,23.565084,23.556624,0.500268,1.666824,0.037589,0.080885,0.941070
8.150000,1,0,0,2.400000,9.810000,0.900000,30.000000,60.000000,6.000000,0.000000,0.000000,1.500000,0.037244,-0.048203,1.485689,0.000000,0.000000,0.000000,-0.010604,-0.017471,0.014285,0.999362,0.002024,-0.035671,0.000072,-0.019990,0.021347,-0.000086,-0.034011,-0.005784,-0.006042,23.556624,23.556624,23.548100,0.500087,1.597893,0.081556,0.033017,0.940151
8.200000,1,0,0,2.400000,9.810000,0.900000,30.000000,60.000000,6.000000,0.000000,0.000000,1.500000,0.036741,-0.049033,1.486413,0.000000,0.000000,0.000000,-0.009495,-0.015676,0.014694,0.999381,0.001529,-0.035135,0.000054,-0.019621,0.021596,-0.000066,-0.012753,-0.007064,-0.004874,23.548100,23.548100,23.539554,0.499906,1.623074,0.055099,0.042451,0.939269
8.250000,1,0,0,2.400000,9.810000,0.900000,30.000000,60.000000,6.000000,0.000000,0.000000,1.500000,0.036297,-0.049768,1.487157,0.000000,0.000000,0.000000,-0.008262,-0.013689,0.015033,0.999401,0.001047,-0.034594,0.000036,-0.018943,0.021659,-0.000045,0.004939,0.003509,-0.013593,23.539554,23.539554,23.531025,0.499724,1.639527,0.057723,0.028217,0.938426
8.300000,1,0,0,2.400000,9.810000,0.900000,30.000000,60.000000,6.000000,0.000000,0.000000,1.500000,0.035917,-0.050399,1.487915,0.000000,0.000000,0.000000,-0.006916,-0.011526,0.015301,0.999420,0.000585,-0.034054,0.000020,-0.017964,0.021536,-0.000025,-0.027578,0.004037,0.006911,23.531025,23.531025,23.522553,0.499545,1.535529,0.037233,0.084154,0.937625
8.350000,1,0,0,2.400000,9.810000,0.900000,30.000000,60.000000,6.000000,0.000000,0.000000,1.500000,0.035607,-0.050918,1.488686,0.000000,0.000000,0.000000,-0.005469,-0.009208,0.015497,0.999438,0.000151,-0.033519,0.000005,-0.016697,0.021228,-0.000006,0.017917,0.003099,0.003721,23.522553,23.522553,23.514173,0.499367,1.619033,0.014561,0.083235,0.936867
8.400000,1,0,0,2.400000,9.810000,0.900000,30.000000,60.000000,6.000000,0.000000,0.000000,1.500000,0.035372,-0.051317,1.489464,0.000000,0.000000,0.000000,-0.003937,-0.006756,0.015619,0.999455,-0.000247,-0.032995,-0.000008,-0.015159,0.020739,0.000010,0.038183,0.017249,0.014652,23.514173,23.514173,23.505922,0.499191,1.642476,0.029766,0.116191,0.936155
8.450000,1,0,0,2.400000,9.810000,0.900000,30.000000,60.000000,6.000000,0.000000,0.000000,1.500000,0.035215,-0.051591,1.490246,0.000000,0.000000,0.000000,-0.002332,-0.004193,0.015666,0.999472,-0.000604,-0.032484,-0.000020,-0.013369,0.020073,0.000024,0.041366,-0.014210,0.022834,23.505922,23.505922,23.497833,0.499020,1.625622,-0.062519,0.142504,0.935491
8.500000,1,0,0,2.400000,9.810000,0.900000,30.000000,60.000000,6.000000,0.000000,0.000000,1.500000,0.035139,-0.051735,1.491029,0.000000,0.000000,0.000000,-0.000671,-0.001544,0.015638,0.999488,-0.000913,-0.031993,-0.000029,-0.011353,0.019237,0.000035,0.033025,-0.038607,-0.024882,23.497833,23.497833,23.489938,0.498852,1.582015,-0.135605,0.034592,0.934876
8.550000,1,0,0,2.400000,9.810000,0.900000,30.000000,60.000000,6.000000,0.000000,0.000000,1.500000,0.035148,-0.051745,1.491809,0.000000,0.000000,0.000000,0.001031,0.001168,0.015535,0.999502,-0.001170,-0.031524,-0.000037,-0.009135,0.018239,0.000043,0.045003,-0.053065,-0.021357,23.489938,23.489938,23.482268,0.498689,1.588278,-0.182342,0.049558,0.934311
8.600000,1,0,0,2.400000,9.810000,0.900000,30.000000,60.000000,6.000000,0.000000,0.000000,1.500000,0.035243,-0.051618,1.492581,0.000000,0.000000,0.000000,0.002759,0.003916,0.015359,0.999516,-0.001369,-0.031083,-0.000043,-0.006746,0.017089,0.000047,0.052935,-0.051914,0.012364,23.482268,23.482268,23.474853,0.498532,1.586116,-0.188900,0.136868,0.933797
8.650000,1,0,0,2.400000,9.810000,0.900000,30.000000,60.000000,6.000000,0.000000,0.000000,1.500000,0.035424,-0.051353,1.493343,0.000000,0.000000,0.000000,0.004495,0.006674,0.015110,0.999528,-0.001506,-0.030671,-0.000046,-0.004218,0.015799,0.000048,-0.000793,-0.018549,-0.001715,23.474853,23.474853,23.467723,0.498380,1.437429,-0.115250,0.109305,0.933335
8.700000,1,0,0,2.400000,9.810000,0.900000,30.000000,60.000000,6.000000,0.000000,0.000000,1.500000,0.035692,-0.050951,1.494091,0.000000,0.000000,0.000000,0.006224,0.009416,0.014791,0.999540,-0.001579,-0.030294,-0.000048,-0.001584,0.014379,0.000045,0.029628,-0.036703,0.010723,23.467723,23.467723,23.460906,0.498235,1.492316,-0.162210,0.145203,0.932926
8.750000,1,0,0,2.400000,9.810000,0.900000,30.000000,60.000000,6.000000,0.000000,0.000000,1.500000,0.036046,-0.050412,1.494821,0.000000,0.000000,0.000000,0.007930,0.012115,0.014404,0.999550,-0.001584,-0.029954,-0.000047,0.001121,0.012846,0.000041,0.040611,-0.054378,-0.023180,23.460906,23.460906,23.454430,0.498098,1.502314,-0.204884,0.069678,0.932568
8.800000,1,0,0,2.400000,9.810000,0.900000,30.000000,60.000000,6.000000,0.000000,0.000000,1.500000,0.036485,-0.049740,1.495531,0.000000,0.000000,0.000000,0.009596,0.014746,0.013951,0.999559,-0.001522,-0.029653,-0.000045,0.003860,0.011213,0.000034,0.034370,-0.012067,-0.038828,23.454430,23.454430,23.448322,0.497968,1.472856,-0.100400,0.037737,0.932263
8.850000,1,0,0,2.400000,9.810000,0.900000,30.000000,60.000000,6.000000,0.000000,0.000000,1.500000,0.037005,-0.048939,1.496216,0.000000,0.000000,0.000000,0.011207,0.017284,0.013436,0.999567,-0.001392,-0.029394,-0.000041,0.006596,0.009496,0.000026,0.041073,-0.029263,-0.025280,23.448322,23.448322,23.442608,0.497847,1.476457,-0.135519,0.075616,0.932010
8.900000,1,0,0,2.400000,9.810000,0.900000,30.000000,60.000000,6.000000,0.000000,0.000000,1.500000,0.037604,-0.048014,1.496873,0.000000,0.000000,0.000000,0.012747,0.019704,0.012863,0.999573,-0.001193,-0.029179,-0.000035,0.009293,0.007712,0.000018,0.051146,-0.027984,-0.064784,23.442608,23.442608,23.437315,0.497734,1.490225,-0.123116,-0.014104,0.931808
8.950000,1,0,0,2.400000,9.810000,0.900000,30.000000,60.000000,6.000000,0.000000,0.000000,1.500000,0.038278,-0.046971,1.497501,0.000000,0.000000,0.000000,0.014202,0.021984,0.012236,0.999579,-0.000928,-0.029009,-0.000027,0.011913,0.005879,0.000011,0.043709,-0.005682,-0.048044,23.437315,23.437315,23.432466,0.497631,1.464115,-0.057145,0.030865,0.931657
9.000000,1,0,0,2.400000,9.810000,0.900000,30.000000,60.000000,6.000000,0.000000,0.000000,1.500000,0.039023,-0.045818,1.498096,0.000000,0.000000,0.000000,0.015558,0.024103,0.011559,0.999583,-0.000598,-0.028885,-0.000017,0.014421,0.004015,0.000005,0.032513,0.002514,-0.050294,23.432466,23.432466,23.428086,0.497538,1.431176,-0.022026,0.029948,0.931554
9.050000,1,0,0,2.400000,9.810000,0.900000,30.000000,60.000000,6.000000,0.000000,0.000000,1.500000,0.039832,-0.044564,1.498656,0.000000,0.000000,0.000000,0.016801,0.026040,0.010837,0.999585,-0.000208,-0.028808,-0.000006,0.016782,0.002138,0.000001,0.034094,0.034687,-0.051460,23.428086,23.428086,23.424194,0.497456,1.431121,0.073487,0.031300,0.931499
9.100000,1,0,0,2.400000,9.810000,0.900000,30.000000,60.000000,6.000000,0.000000,0.000000,1.500000,0.040701,-0.043217,1.499179,0.000000,0.000000,0.000000,0.017920,0.027777,0.010075,0.999586,0.000239,-0.028778,0.000007,0.018963,0.000266,-0.000000,0.023737,0.050639,-0.082105,23.424194,23.424194,23.420811,0.497384,1.404634,0.132723,-0.038445,0.931490
9.150000,1,0,0,2.400000,9.810000,0.900000,30.000000,60.000000,6.000000,0.000000,0.000000,1.500000,0.041622,-0.041790,1.499663,0.000000,0.000000,0.000000,0.018902,0.029300,0.009278,0.999585,0.000738,-0.028795,0.000021,0.020933,-0.001581,0.000002,-0.027433,0.027830,-0.065564,23.420811,23.420811,23.417952,0.497323,1.282402,0.101362,0.004700,0.931526
9.200000,1,0,0,2.400000,9.810000,0.900000,30.000000,60.000000,6.000000,0.000000,0.000000,1.500000,0.042589,-0.040291,1.500106,0.000000,0.000000,0.000000,0.019738,0.030594,0.008453,0.999583,0.001283,-0.028857,0.000037,0.022664,-0.003386,0.000009,-0.031086,0.016752,-0.050484,23.417952,23.417952,23.415630,0.497274,1.276375,0.100319,0.043965,0.931603
9.250000,1,0,0,2.400000,9.810000,0.900000,30.000000,60.000000,6.000000,0.000000,0.000000,1.500000,0.043593,-0.038734,1.500508,0.000000,0.000000,0.000000,0.020420,0.031649,0.007605,0.999579,0.001868,-0.028964,0.000054,0.024132,-0.005130,0.000019,-0.016427,0.002393,-0.063852,23.415630,23.415630,23.413854,0.497236,1.316402,0.093274,0.014575,0.931719
9.300000,1,0,0,2.400000,9.810000,0.900000,30.000000,60.000000,6.000000,0.000000,0.000000,1.500000,0.044628,-0.037131,1.500867,0.000000,0.000000,0.000000,0.020939,0.032455,0.006740,0.999573,0.002487,-0.029113,0.000072,0.025313,-0.006796,0.000034,0.001522,-0.011381,-0.041626,23.413854,23.413854,23.412628,0.497210,1.366347,0.089180,0.070223,0.931873
9.350000,1,0,0,2.400000,9.810000,0.900000,30.000000,60.000000,6.000000,0.000000,0.000000,1.500000,0.045684,-0.035493,1.501182,0.000000,0.000000,0.000000,0.021288,0.033006,0.005864,0.999566,0.003131,-0.029302,0.000092,0.026191,-0.008368,0.000052,-0.012881,0.033143,-0.042402,23.412628,23.412628,23.411954,0.497196,1.340570,0.226209,0.070271,0.932060
9.400000,1,0,0,2.400000,9.810000,0.900000,30.000000,60.000000,6.000000,0.000000,0.000000,1.500000,0.046754,-0.033834,1.501453,0.000000,0.000000,0.000000,0.021464,0.033301,0.004983,0.999557,0.003793,-0.029530,0.000112,0.026750,-0.009828,0.000075,-0.002360,0.018354,-0.008687,23.411954,23.411954,23.411826,0.497193,1.376412,0.221729,0.152702,0.932279
9.450000,1,0,0,2.400000,9.810000,0.900000,30.000000,60.000000,6.000000,0.000000,0.000000,1.500000,0.047828,-0.032167,1.501680,0.000000,0.000000,0.000000,0.021463,0.033336,0.004103,0.999546,0.004465,-0.029792,0.000133,0.026981,-0.011163,0.000100,0.012317,-0.001527,0.018181,23.411826,23.411826,23.412234,0.497202,1.423892,0.205494,0.218302,0.932527
9.500000,1,0,0,2.400000,9.810000,0.900000,30.000000,60.000000,6.000000,0.000000,0.000000,1.500000,0.048897,-0.030505,1.501863,0.000000,0.000000,0.000000,0.021283,0.033116,0.003231,0.999534,0.005139,-0.030087,0.000155,0.026877,-0.012358,0.000127,0.037982,-0.062881,0.020922,23.412234,23.412234,23.413162,0.497221,1.499250,0.089802,0.225601,0.932799
9.550000,1,0,0,2.400000,9.810000,0.900000,30.000000,60.000000,6.000000,0.000000,0.000000,1.500000,0.049953,-0.028860,1.502003,0.000000,0.000000,0.000000,0.020922,0.032644,0.002372,0.999521,0.005805,-0.030409,0.000177,0.026436,-0.013402,0.000156,-0.017622,-0.051080,0.025652,23.413162,23.413162,23.414591,0.497252,1.380900,0.149370,0.237279,0.933093
9.600000,1,0,0,2.400000,9.810000,0.900000,30.000000,60.000000,6.000000,0.000000,0.000000,1.500000,0.050986,-0.027244,1.502101,0.000000,0.000000,0.000000,0.020383,0.031929,0.001533,0.999506,0.006457,-0.030755,0.000199,0.025661,-0.014282,0.000185,-0.021824,-0.054179,0.028214,23.414591,23.414591,23.416493,0.497292,1.387070,0.172475,0.243369,0.933405
9.650000,1,0,0,2.400000,9.810000,0.900000,30.000000,60.000000,6.000000,0.000000,0.000000,1.500000,0.051988,-0.025671,1.502157,0.000000,0.000000,0.000000,0.019668,0.030979,0.000719,0.999490,0.007085,-0.031121,0.000221,0.024559,-0.014990,0.000213,-0.000290,-0.068321,0.004532,23.416493,23.416493,23.418838,0.497342,1.455966,0.167988,0.186092,0.933732
9.700000,1,0,0,2.400000,9.810000,0.900000,30.000000,60.000000,6.000000,0.000000,0.000000,1.500000,0.052950,-0.024150,1.502173,0.000000,0.000000,0.000000,0.018781,0.029807,-0.000064,0.999474,0.007681,-0.031502,0.000242,0.023140,-0.015518,0.000239,0.004652,-0.053880,-0.019612,23.418838,23.418838,23.421592,0.497400,1.485791,0.230633,0.127339,0.934069
9.750000,1,0,0,2.400000,9.810000,0.900000,30.000000,60.000000,6.000000,0.000000,0.000000,1.500000,0.053864,-0.022694,1.502151,0.000000,0.000000,0.000000,0.017726,0.028428,-0.000811,0.999457,0.008239,-0.031894,0.000263,0.021421,-0.015859,0.000261,-0.019314,-0.062049,-0.055754,23.421592,23.421592,23.424715,0.497467,1.446774,0.237187,0.039429,0.934415
9.800000,1,0,0,2.400000,9.810000,0.900000,30.000000,60.000000,6.000000,0.000000,0.000000,1.500000,0.054720,-0.021311,1.502093,0.000000,0.000000,0.000000,0.016512,0.026860,-0.001517,0.999440,0.008749,-0.032293,0.000283,0.019418,-0.016009,0.000280,-0.042254,-0.064210,-0.049197,23.424715,23.424715,23.428167,0.497540,1.410534,0.255991,0.053654,0.934763
9.850000,1,0,0,2.400000,9.810000,0.900000,30.000000,60.000000,6.000000,0.000000,0.000000,1.500000,0.055512,-0.020010,1.502000,0.000000,0.000000,0.000000,0.015145,0.025119,-0.002176,0.999423,0.009207,-0.032693,0.000301,0.017156,-0.015966,0.000294,-0.046765,-0.075726,-0.053118,23.428167,23.428167,23.431901,0.497619,1.418612,0.249855,0.042402,0.935112
9.900000,1,0,0,2.400000,9.810000,0.900000,30.000000,60.000000,6.000000,0.000000,0.000000,1.500000,0.056233,-0.018801,1.501876,0.000000,0.000000,0.000000,0.013636,0.023228,-0.002785,0.999406,0.009604,-0.033089,0.000318,0.014661,-0.015729,0.000302,0.013180,-0.073358,-0.033975,23.431901,23.431901,23.435873,0.497704,1.581246,0.274264,0.086193,0.935458
9.950000,1,0,0,2.400000,9.810000,0.900000,30.000000,60.000000,6.000000,0.000000,0.000000,1.500000,0.056874,-0.017690,1.501723,0.000000,0.000000,0.000000,0.011995,0.021208,-0.003340,0.999390,0.009937,-0.033477,0.000333,0.011959,-0.015298,0.000304,0.010690,-0.050256,-0.037090,23.435873,23.435873,23.440035,0.497792,1.593670,0.345397,0.076269,0.935796
10.000000,1,0,0,2.400000,9.810000,0.900000,30.000000,60.000000,6.000000,0.000000,0.000000,1.500000,0.057430,-0.016682,1.501543,0.000000,0.000000,0.000000,0.010233,0.019082,-0.003837,0.999375,0.010200,-0.033852,0.000346,0.009085,-0.014677,0.000300,0.007058,-0.052226,-0.037582,23.440035,23.440035,23.444341,0.497884,1.602759,0.353096,0.072368,0.936123
10.050000,1,0,0,2.400000,9.810000,0.900000,30.000000,60.000000,6.000000,0.000000,0.000000,1.500000,0.057895,-0.015783,1.501340,0.000000,0.000000,0.000000,0.008364,0.016876,-0.004272,0.999361,0.010390,-0.034209,0.000356,0.006069,-0.013871,0.000288,0.027425,0.033252,-0.044598,23.444341,23.444341,23.448744,0.497977,1.668629,0.567223,0.052557,0.936436
10.100000,1,0,0,2.400000,9.810000,0.900000,30.000000,60.000000,6.000000,0.000000,0.000000,1.500000,0.058265,-0.014996,1.501117,0.000000,0.000000,0.000000,0.006400,0.014613,-0.004643,0.999348,0.010502,-0.034543,0.000363,0.002949,-0.012885,0.000271,0.021416,-0.002102,-0.057815,23.448744,23.448744,23.453201,0.498072,1.670167,0.487759,0.017633,0.936731
10.150000,1,0,0,2.400000,9.810000,0.900000,30.000000,60.000000,6.000000,0.000000,0.000000,1.500000,0.058534,-0.014322,1.500877,0.000000,0.000000,0.000000,0.004357,0.012321,-0.004948,0.999337,0.010536,-0.034851,0.000367,-0.000239,-0.011728,0.000247,-0.001534,-0.003546,-0.044382,23.453201,23.453201,23.457669,0.498167,1.629805,0.485982,0.046463,0.937004
10.200000,1,0,0,2.400000,9.810000,0.900000,30.000000,60.000000,6.000000,0.000000,0.000000,1.500000,0.058699,-0.013763,1.500623,0.000000,0.000000,0.000000,0.002249,0.010025,-0.005185,0.999328,0.010490,-0.035128,0.000369,-0.003457,-0.010409,0.000219,-0.014033,0.009672,-0.037097,23.457669,23.457669,23.462108,0.498261,1.613087,0.515634,0.060354,0.937254
10.250000,1,0,0,2.400000,9.810000,0.900000,30.000000,60.000000,6.000000,0.000000,0.000000,1.500000,0.058758,-0.013319,1.500360,0.000000,0.000000,0.000000,0.000092,0.007750,-0.005353,0.999320,0.010363,-0.035370,0.000367,-0.006669,-0.008940,0.000185,-0.027778,-0.000731,-0.005863,23.462108,23.462108,23.466482,0.498354,1.591755,0.484818,0.131566,0.937475
10.300000,1,0,0,2.400000,9.810000,0.900000,30.000000,60.000000,6.000000,0.000000,0.000000,1.500000,0.058708,-0.012988,1.500089,0.000000,0.000000,0.000000,-0.002098,0.005524,-0.005450,0.999315,0.010157,-0.035574,0.000362,-0.009836,-0.007333,0.000149,-0.072442,0.016967,-0.025612,23.466482,23.466482,23.470759,0.498445,1.494420,0.517698,0.080284,0.937667
10.350000,1,0,0,2.400000,9.810000,0.900000,30.000000,60.000000,6.000000,0.000000,0.000000,1.500000,0.058548,-0.012766,1.499816,0.000000,0.000000,0.000000,-0.004304,0.003369,-0.005477,0.999312,0.009873,-0.035736,0.000353,-0.012920,-0.005602,0.000111,-0.041040,0.022823,-0.009353,23.470759,23.470759,23.474910,0.498533,1.577691,0.518480,0.115317,0.937825
10.400000,1,0,0,2.400000,9.810000,0.900000,30.000000,60.000000,6.000000,0.000000,0.000000,1.500000,0.058278,-0.012649,1.499543,0.000000,0.000000,0.000000,-0.006511,0.001311,-0.005434,0.999312,0.009512,-0.035853,0.000341,-0.015886,-0.003762,0.000072,-0.038228,-0.013917,0.021775,23.474910,23.474910,23.478909,0.498618,1.590251,0.413470,0.185951,0.937948
10.450000,1,0,0,2.400000,9.810000,0.900000,30.000000,60.000000,6.000000,0.000000,0.000000,1.500000,0.057897,-0.012633,1.499274,0.000000,0.000000,0.000000,-0.008702,-0.000627,-0.005321,0.999313,0.009080,-0.035924,0.000326,-0.018699,-0.001829,0.000033,-0.062333,-0.033863,0.028900,23.478909,23.478909,23.482737,0.498699,1.535993,0.345364,0.198921,0.938032
10.500000,1,0,0,2.400000,9.810000,0.900000,30.000000,60.000000,6.000000,0.000000,0.000000,1.500000,0.057408,-0.012709,1.499012,0.000000,0.000000,0.000000,-0.010860,-0.002423,-0.005141,0.999317,0.008580,-0.035944,0.000309,-0.021326,0.000180,-0.000003,-0.080595,-0.041473,0.030494,23.482737,23.482737,23.486375,0.498776,1.493442,0.303654,0.198586,0.938077
10.550000,1,0,0,2.400000,9.810000,0.900000,30.000000,60.000000,6.000000,0.000000,0.000000,1.500000,0.056812,-0.012872,1.498761,0.000000,0.000000,0.000000,-0.012969,-0.004059,-0.004894,0.999323,0.008016,-0.035914,0.000288,-0.023737,0.002248,-0.000036,-0.074615,-0.039977,0.014551,23.486375,23.486375,23.489810,0.498849,1.506669,0.280831,0.156153,0.938079
10.600000,1,0,0,2.400000,9.810000,0.900000,30.000000,60.000000,6.000000,0.000000,0.000000,1.500000,0.056112,-0.013112,1.498523,0.000000,0.000000,0.000000,-0.015014,-0.005515,-0.004584,0.999330,0.007396,-0.035832,0.000265,-0.025903,0.004356,-0.000064,-0.045143,-0.028014,0.017655,23.489810,23.489810,23.493031,0.498918,1.573815,0.280424,0.159450,0.938037
10.650000,1,0,0,2.400000,9.810000,0.900000,30.000000,60.000000,6.000000,0.000000,0.000000,1.500000,0.055312,-0.013420,1.498303,0.000000,0.000000,0.000000,-0.016979,-0.006775,-0.004212,0.999340,0.006724,-0.035697,0.000240,-0.027801,0.006486,-0.000087,-0.030551,-0.027285,0.030916,23.493031,23.493031,23.496031,0.498981,1.602748,0.250654,0.187166,0.937950
10.700000,1,0,0,2.400000,9.810000,0.900000,30.000000,60.000000,6.000000,0.000000,0.000000,1.500000,0.054416,-0.013786,1.498103,0.000000,0.000000,0.000000,-0.018850,-0.007825,-0.003783,0.999351,0.006009,-0.035508,0.000214,-0.029408,0.008619,-0.000104,-0.048032,-0.031631,0.010531,23.496031,23.496031,23.498804,0.499040,1.552188,0.206634,0.134191,0.937817
10.750000,1,0,0,2.400000,9.810000,0.900000,30.000000,60.000000,6.000000,0.000000,0.000000,1.500000,0.053429,-0.014199,1.497926,0.000000,0.000000,0.000000,-0.020612,-0.008654,-0.003299,0.999364,0.005257,-0.035267,0.000186,-0.030707,0.010735,-0.000113,-0.059092,-0.063378,0.005418,23.498804,23.498804,23.501347,0.499094,1.514525,0.095128,0.117951,0.937637
10.800000,1,0,0,2.400000,9.810000,0.900000,30.000000,60.000000,6.000000,0.000000,0.000000,1.500000,0.052357,-0.014648,1.497774,0.000000,0.000000,0.000000,-0.022254,-0.009253,-0.002765,0.999378,0.004477,-0.034972,0.000157,-0.031684,0.012817,-0.000115,-0.054658,-0.051316,-0.012336,23.501347,23.501347,23.503660,0.499143,1.511563,0.087416,0.071477,0.937408
10.850000,1,0,0,2.400000,9.810000,0.900000,30.000000,60.000000,6.000000,0.000000,0.000000,1.500000,0.051206,-0.015121,1.497650,0.000000,0.000000,0.000000,-0.023762,-0.009614,-0.002186,0.999394,0.003677,-0.034627,0.000127,-0.032329,0.014846,-0.000109,-0.057703,-0.050260,-0.011308,23.503660,23.503660,23.505741,0.499188,1.488215,0.052326,0.070200,0.937131
10.900000,1,0,0,2.400000,9.810000,0.900000,30.000000,60.000000,6.000000,0.000000,0.000000,1.500000,0.049983,-0.015605,1.497556,0.000000,0.000000,0.000000,-0.025126,-0.009735,-0.001565,0.999410,0.002865,-0.034231,0.000098,-0.032636,0.016803,-0.000096,-0.033706,-0.025551,-0.030892,23.505741,23.505741,23.507593,0.499227,1.527409,0.073435,0.019591,0.936806
10.950000,1,0,0,2.400000,9.810000,0.900000,30.000000,60.000000,6.000000,0.000000,0.000000,1.500000,0.048696,-0.016090,1.497494,0.000000,0.000000,0.000000,-0.026337,-0.009613,-0.000909,0.999427,0.002049,-0.033788,0.000069,-0.032602,0.018671,-0.000077,-0.039145,-0.005748,-0.017422,23.507593,23.507593,23.509217,0.499261,1.493686,0.082600,0.048466,0.936432
11.000000,1,0,0,2.400000,9.810000,0.900000,30.000000,60.000000,6.000000,0.000000,0.000000,1.500000,0.047352,-0.016563,1.497466,0.000000,0.000000,0.000000,-0.027385,-0.009250,-0.000222,0.999445,0.001238,-0.033299,0.000041,-0.032231,0.020433,-0.000051,-0.023687,0.003633,0.001503,23.509217,23.509217,23.510616,0.499291,1.507961,0.066983,0.090598,0.936010
11.050000,1,0,0,2.400000,9.810000,0.900000,30.000000,60.000000,6.000000,0.000000,0.000000,1.500000,0.045960,-0.017011,1.497472,0.000000,0.000000,0.000000,-0.028264,-0.008650,0.000490,0.999463,0.000441,-0.032768,0.000014,-0.031530,0.022073,-0.000019,0.020901,0.028415,0.006570,23.510616,23.510616,23.511792,0.499316,1.590127,0.088956,0.099650,0.935541
11.100000,1,0,0,2.400000,9.810000,0.900000,30.000000,60.000000,6.000000,0.000000,0.000000,1.500000,0.044528,-0.017424,1.497515,0.000000,0.000000,0.000000,-0.028968,-0.007820,0.001222,0.999481,-0.000334,-0.032197,-0.000011,-0.030508,0.023577,0.000016,0.019208,0.014978,0.035348,23.511792,23.511792,23.512750,0.499336,1.559350,0.020211,0.165798,0.935026
11.150000,1,0,0,2.400000,9.810000,0.900000,30.000000,60.000000,6.000000,0.000000,0.000000,1.500000,0.043066,-0.017789,1.497595,0.000000,0.000000,0.000000,-0.029492,-0.006769,0.001966,0.999500,-0.001081,-0.031591,-0.000034,-0.029181,0.024931,0.000054,0.029801,0.039259,0.024510,23.512750,23.512750,23.513495,0.499352,1.556362,0.043369,0.137060,0.934466
11.200000,1,0,0,2.400000,9.810000,0.900000,30.000000,60.000000,6.000000,0.000000,0.000000,1.500000,0.041582,-0.018097,1.497712,0.000000,0.000000,0.000000,-0.029834,-0.005509,0.002718,0.999519,-0.001790,-0.030953,-0.000055,-0.027567,0.026122,0.000094,0.009554,0.054903,0.038640,23.513495,23.513495,23.514030,0.499364,1.477842,0.047527,0.168448,0.933862
11.250000,1,0,0,2.400000,9.810000,0.900000,30.000000,60.000000,6.000000,0.000000,0.000000,1.500000,0.040086,-0.018337,1.497867,0.000000,0.000000,0.000000,-0.029992,-0.004054,0.003471,0.999538,-0.002456,-0.030287,-0.000074,-0.025688,0.027140,0.000133,0.013739,0.078755,0.065892,23.514030,23.514030,23.514363,0.499371,1.456641,0.073439,0.231533,0.933216
11.300000,1,0,0,2.400000,9.810000,0.900000,30.000000,60.000000,6.000000,0.000000,0.000000,1.500000,0.038586,-0.018500,1.498059,0.000000,0.000000,0.000000,-0.029966,-0.002421,0.004220,0.999557,-0.003072,-0.029598,-0.000091,-0.023570,0.027975,0.000172,0.008109,0.063988,0.087094,23.514363,23.514363,23.514500,0.499374,1.410779,0.009018,0.280306,0.932530
11.350000,1,0,0,2.400000,9.810000,0.900000,30.000000,60.000000,6.000000,0.000000,0.000000,1.500000,0.037092,-0.018576,1.498288,0.000000,0.000000,0.000000,-0.029758,-0.000627,0.004957,0.999576,-0.003633,-0.028890,-0.000105,-0.021241,0.028619,0.000208,0.020231,0.088549,0.101004,23.514500,23.514500,23.514449,0.499372,1.406638,0.041602,0.311782,0.931807
11.400000,1,0,0,2.400000,9.810000,0.900000,30.000000,60.000000,6.000000,0.000000,0.000000,1.500000,0.035613,-0.018560,1.498554,0.000000,0.000000,0.000000,-0.029371,0.001307,0.005677,0.999595,-0.004133,-0.028169,-0.000116,-0.018731,0.029067,0.000240,0.045179,0.103140,0.088663,23.514449,23.514449,23.514220,0.499368,1.432623,0.053108,0.280463,0.931048
11.450000,1,0,0,2.400000,9.810000,0.900000,30.000000,60.000000,6.000000,0.000000,0.000000,1.500000,0.034158,-0.018444,1.498856,0.000000,0.000000,0.000000,-0.028808,0.003360,0.006375,0.999613,-0.004568,-0.027439,-0.000125,-0.016073,0.029313,0.000268,0.067503,0.095596,0.057907,23.514220,23.514220,23.513825,0.499359,1.451893,0.014533,0.205145,0.930257
11.500000,1,0,0,2.400000,9.810000,0.900000,30.000000,60.000000,6.000000,0.000000,0.000000,1.500000,0.032735,-0.018222,1.499191,0.000000,0.000000,0.000000,-0.028078,0.005509,0.007044,0.999631,-0.004935,-0.026705,-0.000132,-0.013303,0.029355,0.000290,-0.004127,0.096631,0.033262,23.513825,23.513825,23.513277,0.499348,1.245493,-0.000257,0.144689,0.929435
11.550000,1,0,0,2.400000,9.810000,0.900000,30.000000,60.000000,6.000000,0.000000,0.000000,1.500000,0.031353,-0.017892,1.499560,0.000000,0.000000,0.000000,-0.027185,0.007728,0.007679,0.999649,-0.005232,-0.025973,-0.000136,-0.010457,0.029194,0.000306,-0.023016,0.091373,0.018764,23.513277,23.513277,23.512591,0.499333,1.165734,-0.026843,0.108769,0.928587
11.600000,1,0,0,2.400000,9.810000,0.900000,30.000000,60.000000,6.000000,0.000000,0.000000,1.500000,0.030019,-0.017449,1.499959,0.000000,0.000000,0.000000,-0.026140,0.009994,0.008275,0.999666,-0.005458,-0.025248,-0.000138,-0.007571,0.028828,0.000315,-0.035992,0.062997,0.024505,23.512591,23.512591,23.511785,0.499316,1.100468,-0.105538,0.121597,0.927715
11.650000,1,0,0,2.400000,9.810000,0.900000,30.000000,60.000000,6.000000,0.000000,0.000000,1.500000,0.028741,-0.016892,1.500386,0.000000,0.000000,0.000000,-0.024951,0.012281,0.008826,0.999683,-0.005611,-0.024534,-0.000138,-0.004684,0.028263,0.000317,-0.017463,0.082067,0.034525,23.511785,23.511785,23.510878,0.499297,1.111357,-0.066961,0.144860,0.926823
11.700000,1,0,0,2.400000,9.810000,0.900000,30.000000,60.000000,6.000000,0.000000,0.000000,1.500000,0.027526,-0.016221,1.500840,0.000000,0.000000,0.000000,-0.023630,0.014562,0.009328,0.999700,-0.005692,-0.023837,-0.000136,-0.001832,0.027501,0.000313,-0.036666,0.093261,0.040160,23.510878,23.510878,23.509891,0.499276,1.032467,-0.043911,0.157748,0.925913
11.750000,1,0,0,2.400000,9.810000,0.900000,30.000000,60.000000,6.000000,0.000000,0.000000,1.500000,0.026380,-0.015436,1.501318,0.000000,0.000000,0.000000,-0.022189,0.016812,0.009776,0.999715,-0.005703,-0.023161,-0.000132,0.000947,0.026550,0.000303,-0.027010,0.050960,0.042473,23.509891,23.509891,23.508848,0.499253,1.023843,-0.145933,0.162796,0.924990
11.800000,1,0,0,2.400000,9.810000,0.900000,30.000000,60.000000,6.000000,0.000000,0.000000,1.500000,0.025309,-0.014541,1.501817,0.000000,0.000000,0.000000,-0.020641,0.019005,0.010168,0.999731,-0.005646,-0.022511,-0.000127,0.003618,0.025419,0.000287,-0.014473,0.046952,0.041835,23.508848,23.508848,23.507773,0.499231,1.023356,-0.152845,0.160882,0.924058
11.850000,1,0,0,2.400000,9.810000,0.900000,30.000000,60.000000,6.000000,0.000000,0.000000,1.500000,0.024318,-0.013537,1.502334,0.000000,0.000000,0.000000,-0.018999,0.021116,0.010498,0.999745,-0.005524,-0.021891,-0.000121,0.006145,0.024116,0.000267,-0.026854,0.060533,0.010253,23.507773,23.507773,23.506692,0.499208,0.964496,-0.114485,0.084800,0.923119
11.900000,1,0,0,2.400000,9.810000,0.900000,30.000000,60.000000,6.000000,0.000000,0.000000,1.500000,0.023411,-0.012431,1.502866,0.000000,0.000000,0.000000,-0.017279,0.023120,0.010764,0.999759,-0.005341,-0.021307,-0.000114,0.008497,0.022654,0.000242,-0.019456,0.049185,-0.009897,23.506692,23.506692,23.505633,0.499185,0.954733,-0.133087,0.036239,0.922177
11.950000,1,0,0,2.400000,9.810000,0.900000,30.000000,60.000000,6.000000,0.000000,0.000000,1.500000,0.022591,-0.011227,1.503409,0.000000,0.000000,0.000000,-0.015495,0.024995,0.010963,0.999771,-0.005101,-0.020760,-0.000106,0.010642,0.021045,0.000215,-0.023816,0.027374,0.001358,23.505633,23.505633,23.504622,0.499164,0.918559,-0.174155,0.063111,0.921237
12.000000,1,0,0,2.400000,9.810000,0.900000,30.000000,60.000000,6.000000,0.000000,0.000000,1.500000,0.021862,-0.009934,1.503961,0.000000,0.000000,0.000000,-0.013663,0.026717,0.011093,0.999783,-0.004811,-0.020256,-0.000097,0.012553,0.019304,0.000186,0.012832,-0.011812,0.009659,23.504622,23.504622,23.503689,0.499144,0.982776,-0.254537,0.082935,0.920302
12.050000,1,0,0,2.400000,9.810000,0.900000,30.000000,60.000000,6.000000,0.000000,0.000000,1.500000,0.021225,-0.008558,1.504517,0.000000,0.000000,0.000000,-0.011799,0.028268,0.011152,0.999794,-0.004476,-0.019796,-0.000089,0.014206,0.017446,0.000156,0.054855,-0.004692,0.030956,23.503689,23.503689,23.502859,0.499126,1.062013,-0.221690,0.133970,0.919376
12.100000,1,0,0,2.400000,9.810000,0.900000,30.000000,60.000000,6.000000,0.000000,0.000000,1.500000,0.020682,-0.007110,1.505075,0.000000,0.000000,0.000000,-0.009920,0.029627,0.011140,0.999804,-0.004103,-0.019385,-0.000080,0.015578,0.015487,0.000127,0.016587,-0.001828,0.030333,23.502859,23.502859,23.502162,0.499111,0.950798,-0.197281,0.132394,0.918463
12.150000,1,0,0,2.400000,9.810000,0.900000,30.000000,60.000000,6.000000,0.000000,0.000000,1.500000,0.020233,-0.005599,1.505630,0.000000,0.000000,0.000000,-0.008041,0.030778,0.011054,0.999812,-0.003699,-0.019023,-0.000070,0.016653,0.013446,0.000100,0.020888,0.014158,-0.002374,23.502162,23.502162,23.501622,0.499100,0.944103,-0.139943,0.053792,0.917567
12.200000,1,0,0,2.400000,9.810000,0.900000,30.000000,60.000000,6.000000,0.000000,0.000000,1.500000,0.019878,-0.004036,1.506179,0.000000,0.000000,0.000000,-0.006179,0.031708,0.010896,0.999820,-0.003273,-0.018713,-0.000061,0.017416,0.011341,0.000074,0.007558,0.029780,0.003917,23.501622,23.501622,23.501264,0.499092,0.897538,-0.082399,0.068741,0.916691
12.250000,1,0,0,2.400000,9.810000,0.900000,30.000000,60.000000,6.000000,0.000000,0.000000,1.500000,0.019615,-0.002432,1.506718,0.000000,0.000000,0.000000,-0.004350,0.032403,0.010665,0.999826,-0.002832,-0.018456,-0.000052,0.017857,0.009191,0.000052,-0.016023,0.021673,-0.025216,23.501264,23.501264,23.501112,0.499089,0.828877,-0.081096,-0.001396,0.915838
12.300000,1,0,0,2.400000,9.810000,0.900000,30.000000,60.000000,6.000000,0.000000,0.000000,1.500000,0.019442,-0.000800,1.507244,0.000000,0.000000,0.000000,-0.002570,0.032853,0.010363,0.999831,-0.002383,-0.018254,-0.000044,0.017971,0.007015,0.000033,-0.017179,0.040967,-0.002677,23.501112,23.501112,23.501188,0.499091,0.816583,-0.013709,0.052391,0.915013
12.350000,1,0,0,2.400000,9.810000,0.900000,30.000000,60.000000,6.000000,0.000000,0.000000,1.500000,0.019357,0.000849,1.507754,0.000000,0.000000,0.000000,-0.000854,0.033052,0.009990,0.999834,-0.001936,-0.018106,-0.000035,0.017756,0.004833,0.000019,-0.017854,0.058394,-0.017544,23.501188,23.501188,23.501510,0.499098,0.808014,0.049139,0.016290,0.914219
12.400000,1,0,0,2.400000,9.810000,0.900000,30.000000,60.000000,6.000000,0.000000,0.000000,1.500000,0.019355,0.002501,1.508242,0.000000,0.000000,0.000000,0.000783,0.032995,0.009549,0.999837,-0.001498,-0.018012,-0.000027,0.017214,0.002665,0.000008,-0.028152,0.038544,-0.040845,23.501510,23.501510,23.502097,0.499110,0.778912,0.022075,-0.040183,0.913459
12.450000,1,0,0,2.400000,9.810000,0.900000,30.000000,60.000000,6.000000,0.000000,0.000000,1.500000,0.019434,0.004144,1.508707,0.000000,0.000000,0.000000,0.002327,0.032679,0.009042,0.999838,-0.001078,-0.017972,-0.000019,0.016353,0.000529,0.000001,0.003321,0.034088,-0.029094,23.502097,23.502097,23.502963,0.499128,0.852601,0.031131,-0.012686,0.912736
12.500000,1,0,0,2.400000,9.810000,0.900000,30.000000,60.000000,6.000000,0.000000,0.000000,1.500000,0.019586,0.005765,1.509146,0.000000,0.000000,0.000000,0.003765,0.032107,0.008472,0.999838,-0.000683,-0.017985,-0.000012,0.015184,-0.001553,-0.000002,-0.008299,0.024500,-0.039479,23.502963,23.502963,23.504121,0.499153,0.825351,0.026680,-0.038486,0.912053
12.550000,1,0,0,2.400000,9.810000,0.900000,30.000000,60.000000,6.000000,0.000000,0.000000,1.500000,0.019808,0.007350,1.509554,0.000000,0.000000,0.000000,0.005084,0.031280,0.007842,0.999837,-0.000321,-0.018049,-0.000006,0.013721,-0.003563,-0.000002,-0.042039,0.015017,-0.050772,23.504121,23.504121,23.505584,0.499184,0.747430,0.020931,-0.066656,0.911413
12.600000,1,0,0,2.400000,9.810000,0.900000,30.000000,60.000000,6.000000,0.000000,0.000000,1.500000,0.020093,0.008889,1.509929,0.000000,0.000000,0.000000,0.006273,0.030206,0.007156,0.999835,0.000000,-0.018162,0.000000,0.011983,-0.005484,0.000000,-0.082231,0.030292,-0.037138,23.505584,23.505584,23.507359,0.499222,0.656343,0.072719,-0.035207,0.910818
12.650000,1,0,0,2.400000,9.810000,0.900000,30.000000,60.000000,6.000000,0.000000,0.000000,1.500000,0.020433,0.010367,1.510268,0.000000,0.000000,0.000000,0.007322,0.028893,0.006418,0.999832,0.000276,-0.018322,0.000005,0.009993,-0.007297,0.000004,-0.078327,0.005776,-0.035074,23.507359,23.507359,23.509455,0.499266,0.673295,0.026821,-0.031750,0.910271
12.700000,1,0,0,2.400000,9.810000,0.900000,30.000000,60.000000,6.000000,0.000000,0.000000,1.500000,0.020822,0.011774,1.510570,0.000000,0.000000,0.000000,0.008221,0.027352,0.005632,0.999828,0.000498,-0.018526,0.000009,0.007776,-0.008986,0.000009,-0.049090,-0.028548,-0.029743,23.509455,23.509455,23.511878,0.499318,0.753118,-0.045092,-0.020689,0.909774
12.750000,1,0,0,2.400000,9.810000,0.900000,30.000000,60.000000,6.000000,0.000000,0.000000,1.500000,0.021253,0.013099,1.510831,0.000000,0.000000,0.000000,0.008964,0.025597,0.004803,0.999824,0.000663,-0.018771,0.000012,0.005360,-0.010536,0.000014,-0.070709,-0.076332,-0.007922,23.511878,23.511878,23.514630,0.499376,0.712803,-0.152031,0.029697,0.909328
12.800000,1,0,0,2.400000,9.810000,0.900000,30.000000,60.000000,6.000000,0.000000,0.000000,1.500000,0.021716,0.014331,1.511049,0.000000,0.000000,0.000000,0.009544,0.023644,0.003937,0.999818,0.000765,-0.019052,0.000015,0.002776,-0.011933,0.000018,-0.070598,-0.063588,-0.015819,23.514630,23.514630,23.517715,0.499442,0.726387,-0.116645,0.008502,0.908936
12.850000,1,0,0,2.400000,9.810000,0.900000,30.000000,60.000000,6.000000,0.000000,0.000000,1.500000,0.022204,0.015460,1.511224,0.000000,0.000000,0.000000,0.009956,0.021511,0.003039,0.999812,0.000800,-0.019366,0.000016,0.000057,-0.013164,0.000021,-0.042479,-0.066656,-0.010999,23.517715,23.517715,23.521135,0.499514,0.808752,-0.122327,0.017556,0.908599
12.900000,1,0,0,2.400000,9.810000,0.900000,30.000000,60.000000,6.000000,0.000000,0.000000,1.500000,0.022709,0.016479,1.511353,0.000000,0.000000,0.000000,0.010196,0.019217,0.002114,0.999805,0.000767,-0.019708,0.000015,-0.002762,-0.014218,0.000022,-0.015135,-0.043557,0.010519,23.521135,23.521135,23.524888,0.499594,0.890617,-0.068465,0.066409,0.908318
12.950000,1,0,0,2.400000,9.810000,0.900000,30.000000,60.000000,6.000000,0.000000,0.000000,1.500000,0.023221,0.017380,1.511435,0.000000,0.000000,0.000000,0.010262,0.016785,0.001169,0.999798,0.000662,-0.020075,0.000013,-0.005645,-0.015086,0.000020,-0.020676,-0.072572,0.022084,23.524888,23.524888,23.528975,0.499681,0.894706,-0.143035,0.091096,0.908094
13.000000,1,0,0,2.400000,9.810000,0.900000,30.000000,60.000000,6.000000,0.000000,0.000000,1.500000,0.023732,0.018156,1.511470,0.000000,0.000000,0.000000,0.010155,0.014236,0.000209,0.999791,0.000491,-0.020461,0.000010,0.011857,-0.015760,0.000015,0.005491,-0.067165,0.009744,23.528975,23.528975,23.533425,0.499775,0.975819,-0.138079,0.058123,0.907927
13.050000,1,0,0,2.400000,9.810000,0.900000,30.000000,60.000000,6.000000,-0.000000,0.000001,1.500000,0.024233,0.018795,1.511456,-0.000000,0.000105,0.000000,0.009873,0.011217,-0.000759,0.999782,0.000880,-0.020861,0.000018,-0.000687,-0.016232,0.000029,0.048737,-0.072892,0.008435,23.533425,23.533425,23.538143,0.499876,1.098617,-0.133534,0.051337,0.907818
13.100000,1,0,0,2.400000,9.810000,0.900000,30.000000,60.000000,6.000000,-0.000000,0.000021,1.500000,0.024717,0.019272,1.511394,-0.000000,0.000809,0.000000,0.009421,0.007858,-0.001729,0.999774,0.000485,-0.021270,0.000010,-0.030234,-0.016486,0.000016,0.053965,-0.068667,-0.006163,23.538143,23.538143,23.543198,0.499983,1.130621,-0.141985,0.012375,0.907767
13.150000,1,0,0,2.400000,9.810000,0.900000,30.000000,60.000000,6.000000,-0.000000,0.000101,1.500000,0.025173,0.019586,1.511283,-0.000000,0.002624,0.000000,0.008803,0.004841,-0.002696,0.999765,-0.000598,-0.021683,-0.000013,-0.055768,-0.016502,-0.000020,0.029489,-0.066023,-0.030055,23.543198,23.543198,23.548761,0.500101,1.091515,-0.186640,-0.049175,0.907773
13.200000,1,0,0,2.400000,9.810000,0.900000,30.000000,60.000000,6.000000,-0.000000,0.000309,1.500000,0.025594,0.019771,1.511124,-0.000002,0.005976,0.000000,0.008024,0.002750,-0.003653,0.999753,-0.002271,-0.022093,-0.000050,-0.077453,-0.016287,-0.000074,0.010897,-0.032855,-0.038852,23.548761,23.548761,23.555053,0.500235,1.066431,-0.185844,-0.074773,0.907837
13.250000,1,0,0,2.400000,9.810000,0.900000,30.000000,60.000000,6.000000,-0.000000,0.000730,1.500000,0.025973,0.019885,1.510918,-0.000008,0.011207,0.000000,0.007094,0.002080,-0.004593,0.999737,-0.004439,-0.022496,-0.000100,-0.095457,-0.015887,-0.000141,-0.008331,-0.007443,-0.055547,23.555053,23.555053,23.562300,0.500389,1.039472,-0.227059,-0.119597,0.907957
13.300000,1,0,0,2.400000,9.810000,0.900000,30.000000,60.000000,6.000000,-0.000001,0.001465,1.500000,0.026301,0.020010,1.510665,-0.000027,0.018579,0.000000,0.006022,0.003238,-0.005512,0.999713,-0.007013,-0.022886,-0.000161,-0.109946,-0.015389,-0.000216,0.006877,0.025008,-0.069381,23.562300,23.562300,23.570704,0.500567,1.094644,-0.270563,-0.157813,0.908133
13.350000,1,0,0,2.400000,9.810000,0.900000,30.000000,60.000000,6.000000,-0.000003,0.002626,1.500000,0.026573,0.020245,1.510367,-0.000074,0.028281,0.000000,0.004814,0.006550,-0.006402,0.999680,-0.009907,-0.023264,-0.000231,-0.121093,-0.014916,-0.000296,0.008796,0.086018,-0.043323,23.570704,23.570704,23.580419,0.500773,1.117356,-0.260702,-0.100539,0.908362
13.400000,1,0,0,2.400000,9.810000,0.900000,30.000000,60.000000,6.000000,-0.000009,0.004334,1.500000,0.026780,0.020705,1.510026,-0.000175,0.040435,0.000000,0.003476,0.012266,-0.007259,0.999636,-0.013040,-0.023632,-0.000308,-0.129070,-0.014616,-0.000381,0.007406,0.144376,-0.027727,23.580419,23.580419,23.591536,0.501010,1.131678,-0.268574,-0.068606,0.908645
13.450000,1,0,0,2.400000,9.810000,0.900000,30.000000,60.000000,6.000000,-0.000023,0.006712,1.500000,0.026918,0.021514,1.509642,-0.000370,0.055097,0.000000,0.002003,0.020561,-0.008077,0.999579,-0.016333,-0.023996,-0.000392,-0.134055,-0.014649,-0.000479,-0.009196,0.236914,-0.020103,23.591536,23.591536,23.604080,0.501276,1.109342,-0.202180,-0.056028,0.908978
13.500000,1,0,0,2.400000,9.810000,0.900000,30.000000,60.000000,6.000000,-0.000049,0.009885,1.500000,0.026978,0.022806,1.509219,-0.000714,0.072264,0.000000,0.000379,0.031545,-0.008850,0.999509,-0.019716,-0.024366,-0.000481,-0.136228,-0.015170,-0.000599,-0.022175,0.291966,-0.049360,23.604080,23.604080,23.618006,0.501572,1.096035,-0.230124,-0.132167,0.909360
13.550000,1,0,0,2.400000,9.810000,0.900000,30.000000,60.000000,6.000000,-0.000098,0.013979,1.500000,0.026953,0.024714,1.508758,-0.001284,0.091878,0.000000,-0.001428,0.045263,-0.009575,0.999426,-0.023119,-0.024756,-0.000573,-0.135767,-0.016314,-0.000755,-0.032198,0.355617,-0.031641,23.618006,23.618006,23.633198,0.501894,1.090819,-0.238613,-0.095748,0.909789
13.600000,1,0,0,2.400000,9.810000,0.900000,30.000000,60.000000,6.000000,-0.000183,0.019112,1.500000,0.026832,0.027377,1.508262,-0.002176,0.113831,0.000000,-0.003465,0.061702,-0.010246,0.999332,-0.026479,-0.025184,-0.000667,-0.132848,-0.018181,-0.000964,-0.033818,0.385354,-0.024648,23.633198,23.633198,23.649482,0.502240,1.107569,-0.326690,-0.085234,0.910262
13.650000,1,0,0,2.400000,9.810000,0.900000,30.000000,60.000000,6.000000,-0.000323,0.025399,1.500000,0.026601,0.030929,1.507734,-0.003505,0.137967,0.000000,-0.005804,0.080794,-0.010860,0.999228,-0.029737,-0.025668,-0.000764,-0.127644,-0.020827,-0.001241,-0.028831,0.449030,0.021283,23.649482,23.649482,23.666627,0.502604,1.142870,-0.328717,0.018588,0.910776
13.700000,1,0,0,2.400000,9.810000,0.900000,30.000000,60.000000,6.000000,-0.000543,0.032942,1.500000,0.026245,0.035499,1.507177,-0.005408,0.164090,0.000000,-0.008536,0.102421,-0.011412,0.999116,-0.032838,-0.026228,-0.000862,-0.120317,-0.024253,-0.001596,-0.054385,0.521761,0.030211,23.666627,23.666627,23.684359,0.502981,1.108503,-0.301807,0.033482,0.911330
13.750000,1,0,0,2.400000,9.810000,0.900000,30.000000,60.000000,6.000000,-0.000876,0.041837,1.500000,0.025739,0.041210,1.506594,-0.008038,0.191963,0.000000,-0.011775,0.126419,-0.011900,0.998999,-0.035731,-0.026883,-0.000962,-0.111026,-0.028401,-0.002034,-0.054660,0.566469,0.047780,23.684359,23.684359,23.702374,0.503363,1.139340,-0.332516,0.069020,0.911918
13.800000,1,0,0,2.400000,9.810000,0.900000,30.000000,60.000000,6.000000,-0.001361,0.052163,1.500000,0.025057,0.048177,1.505988,-0.011560,0.221313,0.000000,-0.015653,0.152578,-0.012321,0.998881,-0.038367,-0.027650,-0.001062,-0.099920,-0.033151,-0.002550,-0.061514,0.606617,0.025061,23.702374,23.702374,23.720345,0.503745,1.159718,-0.362276,0.007798,0.912540
13.850000,1,0,0,2.400000,9.810000,0.900000,30.000000,60.000000,6.000000,-0.002049,0.063988,1.500000,0.024161,0.056500,1.505363,-0.016148,0.251837,0.000000,-0.020322,0.180649,-0.012672,0.998763,-0.040705,-0.028542,-0.001163,-0.087146,-0.038322,-0.003129,-0.071138,0.684683,0.023752,23.720345,23.720345,23.737935,0.504119,1.179405,-0.287038,-0.002087,0.913190
13.900000,1,0,0,2.400000,9.810000,0.900000,30.000000,60.000000,6.000000,-0.002997,0.077361,1.500000,0.023009,0.066269,1.504722,-0.021974,0.283200,0.000000,-0.025942,0.210349,-0.012952,0.998649,-0.042704,-0.029567,-0.001264,-0.072848,-0.043681,-0.003743,-0.080842,0.670136,0.042185,23.737935,23.737935,23.754813,0.504477,1.205232,-0.418141,0.035392,0.913867
13.950000,1,0,0,2.400000,9.810000,0.900000,30.000000,60.000000,6.000000,-0.004270,0.092316,1.500000,0.021548,0.077557,1.504069,-0.029208,0.315044,0.000000,-0.032682,0.241357,-0.013159,0.998543,-0.044329,-0.030726,-0.001364,-0.057183,-0.048944,-0.004354,-0.105044,0.674830,0.027611,23.754813,23.754813,23.770660,0.504814,1.202668,-0.485373,-0.006335,0.914565
14.000000,1,0,0,2.400000,9.810000,0.900000,30.000000,60.000000,6.000000,-0.005944,0.108867,1.500000,0.019719,0.090420,1.503408,-0.038002,0.346991,0.000000,-0.040707,0.273323,-0.013293,0.998448,-0.045546,-0.032013,-0.001460,-0.040320,-0.053797,-0.004918,-0.106437,0.727836,0.031950,23.770660,23.770660,23.785183,0.505122,1.260962,-0.417382,-0.002636,0.915282
14.050000,1,0,0,2.400000,9.810000,0.900000,30.000000,60.000000,6.000000,-0.008099,0.127010,1.500000,0.017453,0.104899,1.502741,-0.048484,0.378645,0.000000,-0.050175,0.305871,-0.013352,0.998366,-0.046329,-0.033414,-0.001551,-0.022451,-0.057902,-0.005385,-0.163614,0.715001,0.034184,23.785183,23.785183,23.798121,0.505397,1.190808,-0.486765,-0.003925,0.916015
14.100000,1,0,0,2.400000,9.810000,0.900000,30.000000,60.000000,6.000000,-0.010822,0.146720,1.500000,0.014675,0.121010,1.502074,-0.060754,0.409600,0.000000,-0.061224,0.338602,-0.013338,0.998300,-0.046656,-0.034905,-0.001631,-0.003803,-0.060917,-0.005706,-0.177721,0.766896,0.032634,23.798121,23.798121,23.809257,0.505633,1.228364,-0.379034,-0.014203,0.916758
14.150000,1,0,0,2.400000,9.810000,0.900000,30.000000,60.000000,6.000000,-0.014205,0.167951,1.500000,0.011303,0.138755,1.501408,-0.074869,0.439446,0.000000,-0.073965,0.371098,-0.013252,0.998251,-0.046510,-0.036455,-0.001699,0.015359,-0.062515,-0.005838,-0.216619,0.711522,0.023289,23.809257,23.809257,23.818425,0.505828,1.209267,-0.506157,-0.043071,0.917509
14.200000,1,0,0,2.400000,9.810000,0.900000,30.000000,60.000000,6.000000,-0.018340,0.190639,1.500000,0.007249,0.158109,1.500750,-0.090843,0.467778,0.000000,-0.088472,0.402933,-0.013093,0.998221,-0.045882,-0.038026,-0.001748,0.034728,-0.062404,-0.005749,-0.260161,0.672403,0.020257,23.818425,23.818425,23.825513,0.505978,1.179999,-0.571201,-0.056641,0.918263
14.250000,1,0,0,2.400000,9.810000,0.900000,30.000000,60.000000,6.000000,-0.023319,0.214697,1.500000,0.002426,0.179030,1.500100,-0.108637,0.494201,0.000000,-0.104777,0.433672,-0.012865,0.998212,-0.044772,-0.039570,-0.001775,0.053950,-0.060343,-0.005424,-0.313239,0.641973,0.008034,23.825513,23.825513,23.830470,0.506084,1.126616,-0.592248,-0.092101,0.919017
14.300000,1,0,0,2.400000,9.810000,0.900000,30.000000,60.000000,6.000000,-0.029232,0.240021,1.500000,-0.003258,0.201451,1.499464,-0.128160,0.518344,0.000000,-0.122862,0.462889,-0.012569,0.998222,-0.043189,-0.041037,-0.001775,0.072628,-0.056169,-0.004869,-0.369695,0.558450,0.012366,23.830470,23.830470,23.833309,0.506144,1.061450,-0.717953,-0.087629,0.919768
14.350000,1,0,0,2.400000,9.810000,0.900000,30.000000,60.000000,6.000000,-0.036162,0.266488,1.500000,-0.009889,0.225287,1.498845,-0.149265,0.539865,0.000000,-0.142653,0.490169,-0.012208,0.998253,-0.041151,-0.042372,-0.001747,0.090331,-0.049805,-0.004113,-0.403066,0.513608,0.026272,23.833309,23.833309,23.834104,0.506161,1.045418,-0.728950,-0.059960,0.920511
14.400000,1,0,0,2.400000,9.810000,0.900000,30.000000,60.000000,6.000000,-0.044182,0.293959,1.500000,-0.017550,0.250429,1.498244,-0.171754,0.558466,0.000000,-0.164020,0.515120,-0.011786,0.998302,-0.038688,-0.043521,-0.001687,0.106607,-0.041285,-0.003205,-0.432580,0.468333,0.004045,23.834104,23.834104,23.832993,0.506137,1.029742,-0.720540,-0.118763,0.921242
14.450000,1,0,0,2.400000,9.810000,0.900000,30.000000,60.000000,6.000000,-0.053356,0.322282,1.500000,-0.026314,0.276754,1.497667,-0.195382,0.573898,0.000000,-0.186778,0.537386,-0.011305,0.998368,-0.035841,-0.044431,-0.001595,0.120996,-0.030758,-0.002211,-0.461416,0.374189,-0.023603,23.832993,23.832993,23.830169,0.506077,1.004277,-0.810955,-0.190310,0.921959
14.500000,1,0,0,2.400000,9.810000,0.900000,30.000000,60.000000,6.000000,-0.063734,0.351293,1.500000,-0.036247,0.304118,1.497115,-0.219862,0.585975,0.000000,-0.210687,0.556658,-0.010771,0.998449,-0.032665,-0.045055,-0.001474,0.133049,-0.018494,-0.001211,-0.491808,0.291968,-0.011507,23.830169,23.830169,23.825874,0.505986,0.961397,-0.856838,-0.166183,0.922658
14.550000,1,0,0,2.400000,9.810000,0.900000,30.000000,60.000000,6.000000,-0.075351,0.380821,1.500000,-0.047397,0.332365,1.496591,-0.244881,0.594580,0.000000,-0.235464,0.572681,-0.010187,0.998543,-0.029221,-0.045355,-0.001327,0.142356,-0.004890,-0.000286,-0.515938,0.238604,0.013757,23.825874,23.825874,23.820389,0.505870,0.917999,-0.820609,-0.110147,0.923336
14.600000,1,0,0,2.400000,9.810000,0.900000,30.000000,60.000000,6.000000,-0.088226,0.410692,1.500000,-0.059802,0.361329,1.496097,-0.270111,0.599670,0.000000,-0.260787,0.585266,-0.009558,0.998645,-0.025583,-0.045303,-0.001161,0.148563,0.009545,0.000489,-0.511485,0.139696,-0.022332,23.820389,23.820389,23.814019,0.505734,0.926344,-0.884360,-0.201032,0.923989
14.650000,1,0,0,2.400000,9.810000,0.900000,30.000000,60.000000,6.000000,-0.102360,0.440730,1.500000,-0.073479,0.390833,1.495635,-0.295223,0.601284,0.000000,-0.286311,0.594301,-0.008889,0.998753,-0.021831,-0.044885,-0.000981,0.151395,0.024197,0.001058,-0.506458,0.071289,-0.010502,23.814019,23.814019,23.807081,0.505587,0.918582,-0.869486,-0.176573,0.924614
14.700000,1,0,0,2.400000,9.810000,0.900000,30.000000,60.000000,6.000000,-0.117741,0.470765,1.500000,-0.088431,0.420699,1.495208,-0.319910,0.599542,0.000000,-0.311683,0.599752,-0.008186,0.998863,-0.018053,-0.044104,-0.000797,0.150677,0.038366,0.001387,-0.475838,0.024397,0.006993,23.807081,23.807081,23.799885,0.505434,0.954916,-0.801721,-0.138161,0.925209
14.750000,1,0,0,2.400000,9.810000,0.900000,30.000000,60.000000,6.000000,-0.134340,0.500632,1.500000,-0.104639,0.450749,1.494817,-0.343897,0.594644,0.000000,-0.336558,0.601669,-0.007454,0.998973,-0.014337,-0.042984,-0.000617,0.146345,0.051292,0.001473,-0.449502,-0.015134,0.018789,23.799885,23.799885,23.792717,0.505282,0.964681,-0.719344,-0.113062,0.925771
14.800000,1,0,0,2.400000,9.810000,0.900000,30.000000,60.000000,6.000000,-0.152115,0.530181,1.500000,-0.122073,0.480810,1.494463,-0.366968,0.586868,0.000000,-0.360619,0.600191,-0.006699,0.999078,-0.010774,-0.041563,-0.000448,0.138458,0.062183,0.001341,-0.419606,-0.101390,0.019808,23.792717,23.792717,23.785829,0.505136,0.968680,-0.756454,-0.113451,0.926297
14.850000,1,0,0,2.400000,9.810000,0.900000,30.000000,60.000000,6.000000,-0.171019,0.559276,1.500000,-0.140683,0.510715,1.494148,-0.388981,0.576563,0.000000,-0.383597,0.595536,-0.005926,0.999176,-0.007450,-0.039903,-0.000298,0.127199,0.070239,0.001048,-0.382712,-0.163364,0.037489,23.785829,23.785829,23.779427,0.505000,0.978088,-0.746776,-0.073468,0.926786
14.900000,1,0,0,2.400000,9.810000,0.900000,30.000000,60.000000,6.000000,-0.190995,0.587802,1.500000,-0.160411,0.540315,1.493871,-0.409888,0.564138,0.000000,-0.405290,0.588002,-0.005142,0.999265,-0.004446,-0.038085,-0.000169,0.112867,0.074685,0.000665,-0.386818,-0.215437,0.006995,23.779427,23.779427,23.773669,0.504877,0.881567,-0.728662,-0.148715,0.927235
14.950000,1,0,0,2.400000,9.810000,0.900000,30.000000,60.000000,6.000000,-0.211990,0.615663,1.500000,-0.181189,0.569474,1.493634,-0.429749,0.550052,0.000000,-0.425580,0.577957,-0.004353,0.999343,-0.001834,-0.036209,-0.000066,0.095873,0.074793,0.000275,-0.354162,-0.248839,-0.004496,23.773669,23.773669,23.768686,0.504772,0.870501,-0.684475,-0.177961,0.927642
15.000000,1,0,0,2.400000,9.810000,0.900000,30.000000,60.000000,6.000000,-0.233956,0.642788,1.500000,-0.202946,0.598076,1.493436,-0.448750,0.534800,0.000000,-0.444456,0.565830,-0.003565,0.999408,0.000321,-0.034395,0.000011,0.061184,0.056789,-0.000036,-0.307693,-0.260613,0.035393,23.768686,23.768686,23.766152,0.504718,0.895594,-0.610217,-0.083502,0.928007
15.050000,1,0,0,2.400000,9.810000,0.900000,30.000000,60.000000,6.000000,-0.256855,0.669131,1.500000,-0.225618,0.626036,1.493277,-0.467141,0.518813,0.000000,-0.462315,0.552403,-0.002784,0.999444,0.001454,-0.033305,0.000048,0.045092,0.043284,-0.000126,-0.314135,-0.288726,0.040454,23.766152,23.766152,23.763498,0.504661,0.828276,-0.623773,-0.072236,0.928327
15.100000,1,0,0,2.400000,9.810000,0.900000,30.000000,60.000000,6.000000,-0.280660,0.694658,1.500000,-0.249166,0.653303,1.493157,-0.484963,0.502194,0.000000,-0.479498,0.538145,-0.002017,0.999477,0.002577,-0.032229,0.000083,0.044682,0.042861,-0.000221,-0.359529,-0.314218,0.023009,23.763498,23.763498,23.760723,0.504603,0.668053,-0.631596,-0.114596,0.928601
15.150000,1,0,0,2.400000,9.810000,0.900000,30.000000,60.000000,6.000000,-0.305342,0.719340,1.500000,-0.273556,0.679836,1.493075,-0.502194,0.484963,0.000000,-0.495994,0.523059,-0.001268,0.999507,0.003685,-0.031165,0.000115,0.043950,0.042242,-0.000311,-0.356671,-0.299708,0.030861,23.760723,23.760723,23.757836,0.504541,0.624242,-0.544107,-0.095855,0.928830
15.200000,1,0,0,2.400000,9.810000,0.900000,30.000000,60.000000,6.000000,-0.330869,0.743145,1.500000,-0.298754,0.705595,1.493030,-0.518813,0.467141,0.000000,-0.511791,0.507148,-0.000544,0.999535,0.004771,-0.030119,0.000144,0.042900,0.041437,-0.000396,-0.348794,-0.328834,0.035259,23.757836,23.757836,23.754841,0.504478,0.593315,-0.562416,-0.085030,0.929012
15.250000,1,0,0,2.400000,9.810000,0.900000,30.000000,60.000000,6.000000,-0.357212,0.766044,1.500000,-0.324723,0.730537,1.493020,-0.534800,0.448750,0.000000,-0.526883,0.490419,0.000150,0.999560,0.005827,-0.029095,0.000170,0.041539,0.040460,-0.000472,-0.333428,-0.354491,0.067054,23.754841,23.754841,23.751742,0.504412,0.581413,-0.573850,-0.008081,0.929148
15.300000,1,0,0,2.400000,9.810000,0.900000,30.000000,60.000000,6.000000,-0.384339,0.788011,1.500000,-0.351430,0.754623,1.493044,-0.550135,0.429813,0.000000,-0.541262,0.472883,0.000808,0.999582,0.006845,-0.028098,0.000192,0.039878,0.039325,-0.000539,-0.301081,-0.322997,0.045400,23.751742,23.751742,23.748536,0.504344,0.611517,-0.449928,-0.059054,0.929237
15.350000,1,0,0,2.400000,9.810000,0.900000,30.000000,60.000000,6.000000,-0.412215,0.809017,1.500000,-0.378838,0.777812,1.493100,-0.564800,0.410352,0.000000,-0.554923,0.454552,0.001425,0.999601,0.007818,-0.027130,0.000212,0.037933,0.038046,-0.000595,-0.312825,-0.304577,0.068670,23.748536,23.748536,23.745222,0.504273,0.537233,-0.359544,-0.001866,0.929279
15.400000,1,0,0,2.400000,9.810000,0.900000,30.000000,60.000000,6.000000,-0.440807,0.829038,1.500000,-0.406910,0.800066,1.493186,-0.578777,0.390390,0.000000,-0.567862,0.435443,0.001997,0.999619,0.008739,-0.026196,0.000229,0.035722,0.036641,-0.000641,-0.317749,-0.313876,0.039383,23.745222,23.745222,23.741793,0.504201,0.480913,-0.338172,-0.070485,0.929276
15.450000,1,0,0,2.400000,9.810000,0.900000,30.000000,60.000000,6.000000,-0.470081,0.848048,1.500000,-0.435612,0.821344,1.493299,-0.592049,0.369953,0.000000,-0.580077,0.415577,0.002519,0.999634,0.009601,-0.025299,0.000243,0.033266,0.035126,-0.000675,-0.288040,-0.304441,0.059486,23.741793,23.741793,23.738246,0.504125,0.509446,-0.274625,-0.020259,0.929228
15.500000,1,0,0,2.400000,9.810000,0.900000,30.000000,60.000000,6.000000,-0.500000,0.866025,1.500000,-0.464906,0.841611,1.493437,-0.604600,0.349066,0.000000,-0.591567,0.394975,0.002987,0.999647,0.010400,-0.024441,0.000254,0.030588,0.033520,-0.000698,-0.268664,-0.350623,0.034698,23.738246,23.738246,23.734574,0.504047,0.515035,-0.347621,-0.077476,0.929136
15.550000,1,0,0,2.400000,9.810000,0.900000,30.000000,60.000000,6.000000,-0.530528,0.882948,1.500000,-0.494756,0.860830,1.493597,-0.616414,0.327753,0.000000,-0.602331,0.373666,0.003397,0.999659,0.011129,-0.023624,0.000263,0.027715,0.031841,-0.000709,-0.257137,-0.382329,0.021386,23.734574,23.734574,23.730773,0.503966,0.503741,-0.389187,-0.106876,0.929002
15.600000,1,0,0,2.400000,9.810000,0.900000,30.000000,60.000000,6.000000,-0.561629,0.898794,1.500000,-0.525127,0.878966,1.493776,-0.627477,0.306041,0.000000,-0.612370,0.351677,0.003747,0.999669,0.011784,-0.022849,0.000269,0.024674,0.030108,-0.000710,-0.241523,-0.396185,0.013639,23.730773,23.730773,23.726840,0.503883,0.504284,-0.391438,-0.122671,0.928827
15.650000,1,0,0,2.400000,9.810000,0.900000,30.000000,60.000000,6.000000,-0.593263,0.913545,1.500000,-0.555981,0.895987,1.493970,-0.637775,0.283956,0.000000,-0.621685,0.329043,0.004032,0.999679,0.012362,-0.022118,0.000274,0.021497,0.028341,-0.000701,-0.238419,-0.426512,-0.018457,23.726840,23.726840,23.722772,0.503797,0.476888,-0.436925,-0.196670,0.928613
15.700000,1,0,0,2.400000,9.810000,0.900000,30.000000,60.000000,6.000000,-0.625393,0.927184,1.500000,-0.587284,0.911860,1.494178,-0.647296,0.261525,0.000000,-0.630280,0.305799,0.004253,0.999688,0.012858,-0.021432,0.000276,0.018214,0.026559,-0.000683,-0.205862,-0.466563,-0.012027,23.722772,23.722772,23.718573,0.503707,0.522288,-0.509594,-0.177999,0.928362
15.750000,1,0,0,2.400000,9.810000,0.900000,30.000000,60.000000,6.000000,-0.657980,0.939693,1.500000,-0.618997,0.926557,1.494395,-0.656029,0.238775,0.000000,-0.638155,0.281984,0.004405,0.999696,0.013272,-0.020790,0.000276,0.014858,0.024780,-0.000658,-0.185977,-0.499769,-0.017989,23.718573,23.718573,23.714245,0.503615,0.539398,-0.569787,-0.188888,0.928077
15.800000,1,0,0,2.400000,9.810000,0.900000,30.000000,60.000000,6.000000,-0.690983,0.951057,1.500000,-0.651087,0.940050,1.494617,-0.663963,0.215735,0.000000,-0.645316,0.257639,0.004488,0.999704,0.013601,-0.020192,0.000275,0.011461,0.023025,-0.000627,-0.170942,-0.529701,0.013900,23.714245,23.714245,23.709796,0.503521,0.546971,-0.626139,-0.108774,0.927760
15.850000,1,0,0,2.400000,9.810000,0.900000,30.000000,60.000000,6.000000,-0.724363,0.961262,1.500000,-0.683517,0.952313,1.494842,-0.671087,0.192431,0.000000,-0.651765,0.232809,0.004502,0.999711,0.013845,-0.019638,0.000272,0.008056,0.021311,-0.000590,-0.145450,-0.543459,0.030730,23.709796,23.709796,23.705237,0.503424,0.581703,-0.647716,-0.064667,0.927414
15.900000,1,0,0,2.400000,9.810000,0.900000,30.000000,60.000000,6.000000,-0.758078,0.970296,1.500000,-0.716252,0.963324,1.495066,-0.677394,0.168893,0.000000,-0.657508,0.207541,0.004446,0.999719,0.014004,-0.019126,0.000268,0.004676,0.019656,-0.000551,-0.112549,-0.551324,0.025835,23.705237,23.705237,23.700580,0.503325,0.636225,-0.659180,-0.072592,0.927042
15.950000,1,0,0,2.400000,9.810000,0.900000,30.000000,60.000000,6.000000,-0.792088,0.978148,1.500000,-0.749256,0.973061,1.495286,-0.682876,0.145150,0.000000,-0.662546,0.181883,0.004320,0.999727,0.014079,-0.018654,0.000263,0.001353,0.018078,-0.000509,-0.088620,-0.488988,0.006738,23.700580,23.700580,23.695843,0.503225,0.671139,-0.506141,-0.114518,0.926646
16.000000,1,0,0,2.400000,9.810000,0.900000,30.000000,60.000000,6.000000,-0.826352,0.984808,1.500000,-0.782495,0.981506,1.495497,-0.687526,0.121229,0.000000,-0.666886,0.155885,0.004126,0.999735,0.014073,-0.018221,0.000256,-0.001883,0.016591,-0.000467,-0.095078,-0.474499,0.008834,23.695843,23.695843,23.691046,0.503123,0.634952,-0.471825,-0.105521,0.926230
16.050000,1,0,0,2.400000,9.810000,0.900000,30.000000,60.000000,6.000000,-0.860827,0.990268,1.500000,-0.815933,0.988644,1.495697,-0.691338,0.097161,0.000000,-0.670531,0.129600,0.003863,0.999743,0.013987,-0.017824,0.000249,-0.005001,0.015210,-0.000426,-0.082583,-0.453303,0.004360,23.691046,23.691046,23.686210,0.503020,0.645957,-0.425176,-0.112261,0.925797
16.100000,1,0,0,2.400000,9.810000,0.900000,30.000000,60.000000,6.000000,-0.895472,0.994522,1.500000,-0.849537,0.994462,1.495882,-0.694307,0.072975,0.000000,-0.673485,0.103081,0.003535,0.999752,0.013824,-0.017460,0.000241,-0.007975,0.013950,-0.000386,-0.055583,-0.432332,0.056344,23.686210,23.686210,23.681360,0.502917,0.693348,-0.382679,0.016510,0.925351
16.150000,1,0,0,2.400000,9.810000,0.900000,30.000000,60.000000,6.000000,-0.930244,0.997564,1.500000,-0.883270,0.998950,1.496050,-0.696431,0.048699,0.000000,-0.675752,0.076384,0.003143,0.999761,0.013589,-0.017125,0.000233,-0.010778,0.012823,-0.000349,-0.045113,-0.465805,0.022266,23.681360,23.681360,23.676521,0.502814,0.702489,-0.474264,-0.061286,0.924895
16.200000,1,0,0,2.400000,9.810000,0.900000,30.000000,60.000000,6.000000,-0.965101,0.999391,1.500000,-0.917100,1.002099,1.496196,-0.697706,0.024364,0.000000,-0.677336,0.049563,0.002691,0.999770,0.013287,-0.016817,0.000224,-0.013388,0.011838,-0.000315,-0.049774,-0.498569,0.000034,23.676521,23.676521,23.671718,0.502712,0.676576,-0.567349,-0.110687,0.924433
16.250000,1,0,0,2.400000,9.810000,0.900000,30.000000,60.000000,6.000000,-1.000000,1.000000,1.500000,-0.950993,1.003905,1.496318,-0.698132,0.000000,0.000000,-0.678240,0.022673,0.002181,0.999780,0.012922,-0.016532,0.000214,-0.015784,0.011005,-0.000285,-0.024237,-0.497654,0.023517,23.671718,23.671718,23.666979,0.502612,0.724223,-0.582561,-0.050433,0.923968
16.300000,1,0,0,2.400000,9.810000,0.900000,30.000000,60.000000,6.000000,-1.034899,0.999391,1.500000,-0.984913,1.004366,1.496413,-0.697706,-0.024364,0.000000,-0.678466,-0.004229,0.001617,0.999790,0.012500,-0.016266,0.000203,-0.017949,0.010332,-0.000258,0.008450,-0.501730,0.050885,23.666979,23.666979,23.662329,0.502513,0.789929,-0.612441,0.019065,0.923505
16.350000,1,0,0,2.400000,9.810000,0.900000,30.000000,60.000000,6.000000,-1.069756,0.997564,1.500000,-1.018828,1.003483,1.496479,-0.696431,-0.048699,0.000000,-0.678018,-0.031087,0.001003,0.999799,0.012027,-0.016014,0.000193,-0.019867,0.009823,-0.000236,0.015088,-0.473488,0.043144,23.662329,23.662329,23.657792,0.502417,0.793826,-0.567167,0.004198,0.923046
16.400000,1,0,0,2.400000,9.810000,0.900000,30.000000,60.000000,6.000000,-1.104528,0.994522,1.500000,-1.052704,1.001259,1.496513,-0.694307,-0.072975,0.000000,-0.676897,-0.057847,0.000344,0.999809,0.011509,-0.015774,0.000182,-0.021528,0.009483,-0.000218,0.021420,-0.485004,0.024449,23.657792,23.657792,23.653393,0.502323,0.797500,-0.619415,-0.037076,0.922596
16.450000,1,0,0,2.400000,9.810000,0.900000,30.000000,60.000000,6.000000,-1.139173,0.990268,1.500000,-1.086507,0.997700,1.496512,-0.691338,-0.097161,0.000000,-0.675106,-0.084455,-0.000356,0.999819,0.010953,-0.015539,0.000170,-0.022924,0.009312,-0.000204,0.016503,-0.478670,0.014877,23.653393,23.653393,23.649152,0.502233,0.774488,-0.630622,-0.056591,0.922159
16.500000,1,0,0,2.400000,9.810000,0.900000,30.000000,60.000000,6.000000,-1.173648,0.984808,1.500000,-1.120203,0.992817,1.496476,-0.687526,-0.121229,0.000000,-0.672644,-0.110857,-0.001092,0.999829,0.010365,-0.015307,0.000159,-0.024051,0.009312,-0.000193,0.042647,-0.500854,0.019354,23.649152,23.649152,23.645089,0.502147,0.826130,-0.711749,-0.042539,0.921737
16.550000,1,0,0,2.400000,9.810000,0.900000,30.000000,60.000000,6.000000,-1.207912,0.978148,1.500000,-1.153760,0.986619,1.496403,-0.682876,-0.145150,0.000000,-0.669514,-0.137001,-0.001858,0.999839,0.009753,-0.015072,0.000147,-0.024907,0.009480,-0.000185,0.083072,-0.491286,0.014737,23.645089,23.645089,23.641219,0.502065,0.911957,-0.717831,-0.050478,0.921334
16.600000,1,0,0,2.400000,9.810000,0.900000,30.000000,60.000000,6.000000,-1.241922,0.970296,1.500000,-1.187143,0.979122,1.496290,-0.677394,-0.168893,0.000000,-0.665714,-0.162839,-0.002648,0.999848,0.009123,-0.014831,0.000135,-0.025495,0.009812,-0.000179,0.052068,-0.473182,0.014652,23.641219,23.641219,23.637556,0.501987,0.826068,-0.704266,-0.047719,0.920955
16.650000,1,0,0,2.400000,9.810000,0.900000,30.000000,60.000000,6.000000,-1.275637,0.961262,1.500000,-1.220320,0.970341,1.496138,-0.671087,-0.192431,0.000000,-0.661246,-0.188322,-0.003457,0.999858,0.008481,-0.014580,0.000124,-0.025822,0.010303,-0.000175,0.060259,-0.456033,0.020323,23.637556,23.637556,23.634109,0.501914,0.833765,-0.693523,-0.031330,0.920602
16.700000,1,0,0,2.400000,9.810000,0.900000,30.000000,60.000000,6.000000,-1.309017,0.951057,1.500000,-1.253257,0.960296,1.495944,-0.663963,-0.215735,0.000000,-0.656108,-0.213403,-0.004280,0.999867,0.007834,-0.014315,0.000112,-0.025896,0.010945,-0.000172,0.086665,-0.433078,0.015600,23.634109,23.634109,23.630887,0.501845,0.884520,-0.669066,-0.040083,0.920279
16.750000,1,0,0,2.400000,9.810000,0.900000,30.000000,60.000000,6.000000,-1.342020,0.939693,1.500000,-1.285920,0.949008,1.495709,-0.656029,-0.238775,0.000000,-0.650300,-0.238041,-0.005109,0.999876,0.007188,-0.014032,0.000101,-0.025729,0.011729,-0.000169,0.130738,-0.433288,0.035147,23.630887,23.630887,23.627893,0.501782,0.976839,-0.700138,0.009214,0.919988
16.800000,1,0,0,2.400000,9.810000,0.900000,30.000000,60.000000,6.000000,-1.374607,0.927184,1.500000,-1.318276,0.936500,1.495433,-0.647296,-0.261525,0.000000,-0.643821,-0.262193,-0.005939,0.999884,0.006550,-0.013728,0.000090,-0.025337,0.012643,-0.000166,0.152973,-0.439501,0.041706,23.627893,23.627893,23.625128,0.501723,1.015753,-0.745276,0.027134,0.919734
16.850000,1,0,0,2.400000,9.810000,0.900000,30.000000,60.000000,6.000000,-1.406737,0.913545,1.500000,-1.350291,0.922798,1.495116,-0.637775,-0.283956,0.000000,-0.636669,-0.285822,-0.006764,0.999893,0.005923,-0.013399,0.000079,-0.024737,0.013677,-0.000162,0.157263,-0.443424,0.031421,23.625128,23.625128,23.622592,0.501669,1.010453,-0.784320,0.004423,0.919518
16.900000,1,0,0,2.400000,9.810000,0.900000,30.000000,60.000000,6.000000,-1.438371,0.898794,1.500000,-1.381931,0.907927,1.494757,-0.627477,-0.306041,0.000000,-0.628843,-0.308893,-0.007577,0.999901,0.005314,-0.013043,0.000069,-0.023950,0.014815,-0.000157,0.121407,-0.432662,0.055790,23.622592,23.622592,23.620280,0.501620,0.907528,-0.787290,0.064677,0.919343
16.950000,1,0,0,2.400000,9.810000,0.900000,30.000000,60.000000,6.000000,-1.469472,0.882948,1.500000,-1.413164,0.891918,1.494358,-0.616414,-0.327753,0.000000,-0.620342,-0.331373,-0.008373,0.999909,0.004727,-0.012658,0.000060,-0.022998,0.016044,-0.000152,0.188179,-0.417384,0.036098,23.620280,23.620280,23.618188,0.501576,1.049522,-0.778384,0.018981,0.919212
17.000000,1,0,0,2.400000,9.810000,0.900000,30.000000,60.000000,6.000000,-1.500000,0.866025,1.500000,-1.443954,0.874800,1.493920,-0.604600,-0.349066,0.000000,-0.611164,-0.353234,-0.009146,0.999916,0.004166,-0.012241,0.000051,-0.021905,0.017346,-0.000145,0.189260,-0.436116,0.017524,23.618188,23.618188,23.616308,0.501536,1.032366,-0.849885,-0.024234,0.919127
17.050000,1,0,0,2.400000,9.810000,0.900000,30.000000,60.000000,6.000000,-1.529919,0.848048,1.500000,-1.474269,0.856605,1.493444,-0.592049,-0.369953,0.000000,-0.601308,-0.374450,-0.009889,0.999924,0.003633,-0.011790,0.000043,-0.020697,0.018705,-0.000136,0.181258,-0.391981,0.005612,23.616308,23.616308,23.614632,0.501500,0.991847,-0.769140,-0.051651,0.919090
17.100000,1,0,0,2.400000,9.810000,0.900000,30.000000,60.000000,6.000000,-1.559193,0.829038,1.500000,-1.504074,0.837366,1.492932,-0.578777,-0.390390,0.000000,-0.590773,-0.394997,-0.010598,0.999931,0.003132,-0.011305,0.000035,-0.019400,0.020102,-0.000126,0.209240,-0.361096,-0.003828,23.614632,23.614632,23.613148,0.501468,1.036065,-0.718705,-0.073319,0.919103
17.150000,1,0,0,2.400000,9.810000,0.900000,30.000000,60.000000,6.000000,-1.587785,0.809017,1.500000,-1.533335,0.817117,1.492385,-0.564800,-0.410352,0.000000,-0.579558,-0.414857,-0.011266,0.999938,0.002664,-0.010785,0.000029,-0.018041,0.021520,-0.000115,0.235306,-0.326261,0.044062,23.613148,23.613148,23.611847,0.501441,1.074031,-0.657219,0.042429,0.919168
17.200000,1,0,0,2.400000,9.810000,0.900000,30.000000,60.000000,6.000000,-1.615661,0.788011,1.500000,-1.562018,0.795892,1.491806,-0.550135,-0.429813,0.000000,-0.567664,-0.434013,-0.011889,0.999945,0.002230,-0.010229,0.000023,-0.016648,0.022939,-0.000102,0.237262,-0.353259,0.029083,23.611847,23.611847,23.610716,0.501417,1.052460,-0.742498,0.007129,0.919285
17.250000,1,0,0,2.400000,9.810000,0.900000,30.000000,60.000000,6.000000,-1.642788,0.766044,1.500000,-1.590090,0.773728,1.491197,-0.534800,-0.448750,0.000000,-0.555091,-0.452451,-0.012462,0.999952,0.001832,-0.009638,0.000018,-0.015248,0.024339,-0.000089,0.242096,-0.358558,0.030479,23.610716,23.610716,23.609743,0.501396,1.036137,-0.774047,0.010977,0.919455
17.300000,1,0,0,2.400000,9.810000,0.900000,30.000000,60.000000,6.000000,-1.669131,0.743145,1.500000,-1.617516,0.750659,1.490561,-0.518813,-0.467141,0.000000,-0.541840,-0.470162,-0.012981,0.999958,0.001468,-0.009013,0.000013,-0.013869,0.025703,-0.000075,0.229244,-0.348453,0.026393,23.609743,23.609743,23.608916,0.501379,0.975738,-0.766982,0.001537,0.919680
17.350000,1,0,0,2.400000,9.810000,0.900000,30.000000,60.000000,6.000000,-1.694658,0.719340,1.500000,-1.644263,0.726724,1.489900,-0.502194,-0.484963,0.000000,-0.527913,-0.487137,-0.013441,0.999964,0.001138,-0.008354,0.000010,-0.012536,0.027009,-0.000061,0.248589,-0.319032,0.037024,23.608916,23.608916,23.608220,0.501364,0.991037,-0.711953,0.027297,0.919960
17.400000,1,0,0,2.400000,9.810000,0.900000,30.000000,60.000000,6.000000,-1.719340,0.694658,1.500000,-1.670296,0.701958,1.489217,-0.484963,-0.502194,0.000000,-0.513313,-0.503372,-0.013840,0.999970,0.000840,-0.007663,0.000006,-0.011274,0.028239,-0.000047,0.255722,-0.269445,0.043611,23.608220,23.608220,23.607641,0.501352,0.975533,-0.606990,0.043253,0.920296
17.450000,1,0,0,2.400000,9.810000,0.900000,30.000000,60.000000,6.000000,-1.743145,0.669131,1.500000,-1.695583,0.676399,1.488517,-0.467141,-0.518813,0.000000,-0.498044,-0.518865,-0.014172,0.999976,0.000573,-0.006942,0.000004,-0.010108,0.029375,-0.000034,0.274160,-0.243016,0.019312,23.607641,23.607641,23.607165,0.501341,0.985767,-0.556172,-0.015001,0.920686
17.500000,1,0,0,2.400000,9.810000,0.900000,30.000000,60.000000,6.000000,-1.766044,0.642788,1.500000,-1.720090,0.650084,1.487801,-0.448750,-0.534800,0.000000,-0.482111,-0.533615,-0.014437,0.999981,0.000334,-0.006195,0.000002,-0.009058,0.030399,-0.000020,0.297749,-0.199852,0.028740,23.607165,23.607165,23.606777,0.501333,1.007087,-0.463877,0.007629,0.921131
17.550000,1,0,0,2.400000,9.810000,0.900000,30.000000,60.000000,6.000000,-1.788011,0.615661,1.500000,-1.743783,0.623050,1.487074,-0.429813,-0.550135,0.000000,-0.465521,-0.547626,-0.014632,0.999985,0.000119,-0.005424,0.000001,-0.008145,0.031293,-0.000007,0.289763,-0.215965,0.002973,23.606777,23.606777,23.606461,0.501326,0.951496,-0.512687,-0.054252,0.921631
17.600000,1,0,0,2.400000,9.810000,0.900000,30.000000,60.000000,6.000000,-1.809017,0.587785,1.500000,-1.766631,0.595334,1.486339,-0.410352,-0.564800,0.000000,-0.448281,-0.560900,-0.014754,0.999989,-0.000075,-0.004632,-0.000000,-0.007386,0.032042,0.000005,0.322391,-0.171754,0.009452,23.606461,23.606461,23.606199,0.501321,0.992408,-0.415732,-0.038763,0.922184
17.650000,1,0,0,2.400000,9.810000,0.900000,30.000000,60.000000,6.000000,-1.829038,0.559193,1.500000,-1.788601,0.566972,1.485600,-0.390390,-0.578777,0.000000,-0.430400,-0.573444,-0.014803,0.999993,-0.000251,-0.003823,-0.000001,-0.006795,0.032631,0.000016,0.349867,-0.163336,-0.017396,23.606199,23.606199,23.605975,0.501316,1.020166,-0.403878,-0.103256,0.922789
17.700000,1,0,0,2.400000,9.810000,0.900000,30.000000,60.000000,6.000000,-1.848048,0.529919,1.500000,-1.809660,0.538001,1.484860,-0.369953,-0.592049,0.000000,-0.411889,-0.585266,-0.014777,0.999995,-0.000416,-0.003002,-0.000001,-0.006384,0.033045,0.000027,0.359800,-0.154172,-0.014440,23.605975,23.605975,23.605768,0.501312,1.005228,-0.389645,-0.096196,0.923445
17.750000,1,0,0,2.400000,9.810000,0.900000,30.000000,60.000000,6.000000,-1.866025,0.500000,1.500000,-1.829779,0.508457,1.484124,-0.349066,-0.604600,0.000000,-0.392761,-0.596373,-0.014677,0.999997,-0.000572,-0.002172,-0.000001,-0.006164,0.033273,0.000038,0.407978,-0.118245,-0.042733,23.605768,23.605768,23.605561,0.501307,1.081700,-0.310806,-0.164088,0.924150
17.800000,1,0,0,2.400000,9.810000,0.900000,30.000000,60.000000,6.000000,-1.882948,0.469472,1.500000,-1.848927,0.478376,1.483394,-0.327753,-0.616414,0.000000,-0.373029,-0.606776,-0.014503,0.999999,-0.000726,-0.001340,-0.000001,-0.006139,0.033304,0.000048,0.420547,-0.128561,-0.018625,23.605561,23.605561,23.605331,0.501302,1.072555,-0.342805,-0.106152,0.924903
17.850000,1,0,0,2.400000,9.810000,0.900000,30.000000,60.000000,6.000000,-1.898794,0.438371,1.500000,-1.867072,0.447791,1.482675,-0.306041,-0.627477,0.000000,-0.352710,-0.616484,-0.014255,0.999999,-0.000881,-0.000509,-0.000000,-0.006314,0.033128,0.000058,0.414095,-0.147399,0.015706,23.605331,23.605331,23.605057,0.501297,1.017846,-0.395345,-0.023588,0.925701
17.900000,1,0,0,2.400000,9.810000,0.900000,30.000000,60.000000,6.000000,-1.913545,0.406737,1.500000,-1.884188,0.416739,1.481970,-0.283956,-0.637775,0.000000,-0.331820,-0.625509,-0.013936,0.999999,-0.001043,0.000315,0.000000,-0.006688,0.032740,0.000068,0.406291,-0.158784,0.065341,23.605057,23.605057,23.604717,0.501289,0.960222,-0.430320,0.095816,0.926542
17.950000,1,0,0,2.400000,9.810000,0.900000,30.000000,60.000000,6.000000,-1.927184,0.374607,1.500000,-1.900245,0.385252,1.481282,-0.261525,-0.647296,0.000000,-0.310379,-0.633861,-0.013545,0.999999,-0.001217,0.001126,0.000001,-0.007258,0.032132,0.000078,0.433789,-0.143914,0.060096,23.604717,23.604717,23.604288,0.501280,0.987914,-0.402842,0.083643,0.927424
18.000000,1,0,0,2.400000,9.810000,0.900000,30.000000,60.000000,6.000000,-1.939693,0.342020,1.500000,-1.915217,0.353364,1.480616,-0.238775,-0.656029,0.000000,-0.288408,-0.641550,-0.013087,0.999997,-0.001407,0.001920,0.000003,-0.008020,0.031301,0.000088,0.426357,-0.126208,0.051294,23.604288,23.604288,23.603746,0.501269,0.932624,-0.369345,0.063085,0.928343
18.050000,1,0,0,2.400000,9.810000,0.900000,30.000000,60.000000,6.000000,-1.951057,0.309017,1.500000,-1.929078,0.321107,1.479975,-0.215735,-0.663963,0.000000,-0.265931,-0.648588,-0.012564,0.999995,-0.001619,0.002690,0.000004,-0.008964,0.030246,0.000098,0.410640,-0.130517,0.066019,23.603746,23.603746,23.603068,0.501254,0.858564,-0.389690,0.099166,0.929297
18.100000,1,0,0,2.400000,9.810000,0.900000,30.000000,60.000000,6.000000,-1.961262,0.275637,1.500000,-1.941802,0.288515,1.479361,-0.192431,-0.671087,0.000000,-0.242972,-0.654983,-0.011978,0.999992,-0.001857,0.003430,0.000006,-0.010078,0.028967,0.000108,0.402794,-0.121585,0.051314,23.603068,23.603068,23.602232,0.501237,0.804777,-0.379470,0.064805,0.930282
18.150000,1,0,0,2.400000,9.810000,0.900000,30.000000,60.000000,6.000000,-1.970296,0.241922,1.500000,-1.953367,0.255620,1.478778,-0.168893,-0.677394,0.000000,-0.219558,-0.660746,-0.011334,0.999989,-0.002125,0.004136,0.000009,-0.011350,0.027465,0.000117,0.399343,-0.137273,0.028317,23.602232,23.602232,23.601214,0.501215,0.763182,-0.429748,0.010750,0.931296
18.200000,1,0,0,2.400000,9.810000,0.900000,30.000000,60.000000,6.000000,-1.978148,0.207912,1.500000,-1.963751,0.222451,1.478228,-0.145150,-0.682876,0.000000,-0.195718,-0.665884,-0.010636,0.999986,-0.002426,0.004802,0.000012,-0.012763,0.025746,0.000125,0.440674,-0.117724,-0.006196,23.601214,23.601214,23.599994,0.501189,0.830968,-0.397040,-0.070717,0.932335
18.250000,1,0,0,2.400000,9.810000,0.900000,30.000000,60.000000,6.000000,-1.984808,0.173648,1.500000,-1.972933,0.189041,1.477715,-0.121229,-0.687526,0.000000,-0.171482,-0.670404,-0.009887,0.999981,-0.002764,0.005422,0.000015,-0.014298,0.023813,0.000132,0.470015,-0.062922,0.027207,23.599994,23.599994,23.598552,0.501159,0.872140,-0.281463,0.011051,0.933396
18.300000,1,0,0,2.400000,9.810000,0.900000,30.000000,60.000000,6.000000,-1.990268,0.139173,1.500000,-1.980893,0.155421,1.477240,-0.097161,-0.691338,0.000000,-0.146882,-0.674313,-0.009094,0.999977,-0.003141,0.005991,0.000019,-0.015935,0.021676,0.000136,0.492933,-0.029171,-0.002293,23.598552,23.598552,23.596871,0.501123,0.900305,-0.218281,-0.057895,0.934474
18.350000,1,0,0,2.400000,9.810000,0.900000,30.000000,60.000000,6.000000,-1.994522,0.104528,1.500000,-1.987615,0.121620,1.476806,-0.072975,-0.694307,0.000000,-0.121951,-0.677614,-0.008261,0.999973,-0.003561,0.006504,0.000023,-0.017654,0.019344,0.000138,0.533818,-0.024763,0.033690,23.596871,23.596871,23.594937,0.501082,0.974236,-0.227498,0.030580,0.935566
18.400000,1,0,0,2.400000,9.810000,0.900000,30.000000,60.000000,6.000000,-1.997564,0.069756,1.500000,-1.993083,0.087670,1.476415,-0.048699,-0.696431,0.000000,-0.096727,-0.680311,-0.007393,0.999968,-0.004025,0.006956,0.000028,-0.019431,0.016827,0.000135,0.521891,-0.010500,0.051889,23.594937,23.594937,23.592736,0.501035,0.924288,-0.215124,0.076644,0.936669
18.450000,1,0,0,2.400000,9.810000,0.900000,30.000000,60.000000,6.000000,-1.999391,0.034899,1.500000,-1.997284,0.053599,1.476067,-0.024364,-0.697706,0.000000,-0.071245,-0.682405,-0.006496,0.999963,-0.004533,0.007344,0.000033,-0.021242,0.014139,0.000128,0.523892,0.012913,0.042272,23.592736,23.592736,23.590261,0.500982,0.910845,-0.182902,0.056230,0.937778
18.500000,1,0,0,2.400000,9.810000,0.900000,30.000000,60.000000,6.000000,-2.000000,0.000000,1.500000,-2.000204,0.019439,1.475766,-0.000000,-0.698132,0.000000,-0.045543,-0.683895,-0.005576,0.999958,-0.005087,0.007662,0.000039,-0.023063,0.011294,0.000115,0.508747,0.065217,0.035803,23.590261,23.590261,23.587505,0.500924,0.859525,-0.083478,0.043656,0.938890
18.550000,1,0,0,2.400000,9.810000,0.900000,30.000000,60.000000,6.000000,-1.999391,-0.034899,1.500000,-2.001835,-0.014780,1.475510,0.024364,-0.697706,0.000000,-0.019662,-0.684780,-0.004639,0.999953,-0.005686,0.007907,0.000045,-0.024868,0.008308,0.000094,0.508814,0.051262,0.027821,23.587505,23.587505,23.584468,0.500859,0.848162,-0.145205,0.027741,0.940000
18.600000,1,0,0,2.400000,9.810000,0.900000,30.000000,60.000000,6.000000,-1.997564,-0.069756,1.500000,-2.002168,-0.049029,1.475302,0.048699,-0.696431,0.000000,0.006357,-0.685056,-0.003691,0.999947,-0.006330,0.008076,0.000051,-0.026635,0.005197,0.000066,0.509921,0.046959,0.048768,23.584468,23.584468,23.581151,0.500789,0.842900,-0.185868,0.081540,0.941106
18.650000,1,0,0,2.400000,9.810000,0.900000,30.000000,60.000000,6.000000,-1.994522,-0.104528,1.500000,-2.001198,-0.083276,1.475141,0.072975,-0.694307,0.000000,0.032473,-0.684717,-0.002738,0.999942,-0.007017,0.008166,0.000057,-0.028337,0.001979,0.000028,0.517386,0.055075,0.035707,23.581151,23.581151,23.577561,0.500713,0.856636,-0.198760,0.054012,0.942203
18.700000,1,0,0,2.400000,9.810000,0.900000,30.000000,60.000000,6.000000,-1.990268,-0.139173,1.500000,-1.998920,-0.117490,1.475028,0.097161,-0.691338,0.000000,0.058643,-0.683757,-0.001786,0.999937,-0.007746,0.008174,0.000063,-0.029952,-0.001326,-0.000021,0.530832,0.063084,0.024104,23.577561,23.577561,23.573706,0.500631,0.888582,-0.213852,0.030270,0.943287
18.750000,1,0,0,2.400000,9.810000,0.900000,30.000000,60.000000,6.000000,-1.984808,-0.173648,1.500000,-1.995333,-0.151641,1.474962,0.121229,-0.687526,0.000000,0.084823,-0.682168,-0.000842,0.999931,-0.008514,0.008099,0.000069,-0.031456,-0.004698,-0.000080,0.568720,0.086368,0.033114,23.573706,23.573706,23.569602,0.500544,0.983129,-0.194109,0.056279,0.944355
18.800000,1,0,0,2.400000,9.810000,0.900000,30.000000,60.000000,6.000000,-1.978148,-0.207912,1.500000,-1.990438,-0.185696,1.474944,0.145150,-0.682876,0.000000,0.110969,-0.679939,0.000089,0.999925,-0.009317,0.007939,0.000074,-0.032828,-0.008118,-0.000151,0.551049,0.062336,0.022704,23.569602,23.569602,23.565264,0.500452,0.948342,-0.289600,0.035950,0.945403
18.850000,1,0,0,2.400000,9.810000,0.900000,30.000000,60.000000,6.000000,-1.970296,-0.241922,1.500000,-1.984238,-0.219624,1.474971,0.168893,-0.677394,0.000000,0.137035,-0.677060,0.001001,0.999919,-0.010154,0.007693,0.000078,-0.034049,-0.011564,-0.000235,0.515610,0.077503,0.020675,23.565264,23.565264,23.560713,0.500355,0.874964,-0.292528,0.036004,0.946428
18.900000,1,0,0,2.400000,9.810000,0.900000,30.000000,60.000000,6.000000,-1.961262,-0.275637,1.500000,-1.976737,-0.253391,1.475043,0.192431,-0.671087,0.000000,0.162978,-0.673519,0.001887,0.999912,-0.011018,0.007360,0.000081,-0.035100,-0.015015,-0.000331,0.482609,0.103455,0.001439,23.560713,23.560713,23.555973,0.500254,0.811499,-0.270889,-0.004986,0.947426
18.950000,1,0,0,2.400000,9.810000,0.900000,30.000000,60.000000,6.000000,-1.951057,-0.309017,1.500000,-1.967943,-0.286965,1.475159,0.215735,-0.663963,0.000000,0.188751,-0.669303,0.002742,0.999905,-0.011907,0.006942,0.000083,-0.035965,-0.018449,-0.000439,0.462927,0.124345,0.051052,23.555973,23.555973,23.551069,0.500150,0.784053,-0.262505,0.119500,0.948394
19.000000,1,0,0,2.400000,9.810000,0.900000,30.000000,60.000000,6.000000,-1.939693,-0.342020,1.500000,-1.957865,-0.320310,1.475317,0.238775,-0.656029,0.000000,0.214309,-0.664398,0.003560,0.999897,-0.012815,0.006438,0.000083,-0.036630,-0.021846,-0.000560,0.437838,0.138584,0.039904,23.551069,23.551069,23.546030,0.500043,0.747650,-0.270966,0.098387,0.949329
19.050000,1,0,0,2.400000,9.810000,0.900000,30.000000,60.000000,6.000000,-1.927184,-0.374607,1.500000,-1.946516,-0.353393,1.475515,0.261525,-0.647296,0.000000,0.239608,-0.658791,0.004337,0.999889,-0.013737,0.005850,0.000080,-0.037084,-0.025183,-0.000692,0.457457,0.159463,0.035906,23.546030,23.546030,23.540883,0.499934,0.822502,-0.264123,0.094642,0.950228
19.100000,1,0,0,2.400000,9.810000,0.900000,30.000000,60.000000,6.000000,-1.913545,-0.406737,1.500000,-1.933909,-0.386177,1.475750,0.283956,-0.637775,0.000000,0.264602,-0.652466,0.005068,0.999879,-0.014667,0.005179,0.000076,-0.037317,-0.028440,-0.000835,0.474260,0.185439,0.032507,23.540883,23.540883,23.535661,0.499823,0.894468,-0.245430,0.092524,0.951089
19.150000,1,0,0,2.400000,9.810000,0.900000,30.000000,60.000000,6.000000,-1.898794,-0.438371,1.500000,-1.920062,-0.418627,1.476020,0.306041,-0.627477,0.000000,0.289248,-0.645409,0.005747,0.999868,-0.015600,0.004428,0.000069,-0.037324,-0.031597,-0.000986,0.434301,0.192486,0.002363,23.535661,23.535661,23.530394,0.499711,0.833969,-0.272285,0.026390,0.951908
19.200000,1,0,0,2.400000,9.810000,0.900000,30.000000,60.000000,6.000000,-1.882948,-0.469472,1.500000,-1.904991,-0.450706,1.476324,0.327753,-0.616414,0.000000,0.313502,-0.637607,0.006371,0.999857,-0.016531,0.003599,0.000060,-0.037101,-0.034633,-0.001146,0.429613,0.215979,-0.015395,23.530394,23.530394,23.525114,0.499599,0.861746,-0.259520,-0.009872,0.952684
19.250000,1,0,0,2.400000,9.810000,0.900000,30.000000,60.000000,6.000000,-1.866025,-0.500000,1.500000,-1.888719,-0.482375,1.476657,0.349066,-0.604600,0.000000,0.337321,-0.629045,0.006937,0.999844,-0.017453,0.002697,0.000047,-0.036646,-0.037532,-0.001311,0.462563,0.223644,-0.000633,23.525114,23.525114,23.519852,0.499487,0.983330,-0.284319,0.032041,0.953415
19.300000,1,0,0,2.400000,9.810000,0.900000,30.000000,60.000000,6.000000,-1.848048,-0.529919,1.500000,-1.871267,-0.513597,1.477016,0.369953,-0.592049,0.000000,0.360665,-0.619711,0.007440,0.999830,-0.018361,0.001723,0.000032,-0.035961,-0.040274,-0.001480,0.444179,0.220017,-0.005176,23.519852,23.519852,23.514639,0.499376,0.985008,-0.335528,0.027723,0.954098
19.350000,1,0,0,2.400000,9.810000,0.900000,30.000000,60.000000,6.000000,-1.829038,-0.559193,1.500000,-1.852661,-0.544333,1.477399,0.390390,-0.578777,0.000000,0.383492,-0.609593,0.007878,0.999814,-0.019249,0.000683,0.000013,-0.035052,-0.042844,-0.001650,0.426630,0.251846,0.016223,23.514639,23.514639,23.509504,0.499267,0.991792,-0.300684,0.085745,0.954733
19.400000,1,0,0,2.400000,9.810000,0.900000,30.000000,60.000000,6.000000,-1.809017,-0.587785,1.500000,-1.832927,-0.574544,1.477803,0.410352,-0.564800,0.000000,0.405763,-0.598681,0.008249,0.999798,-0.020112,-0.000419,-0.000008,-0.033925,-0.045226,-0.001820,0.438428,0.260115,0.010475,23.509504,23.509504,23.504476,0.499161,1.071895,-0.321172,0.078663,0.955317
19.450000,1,0,0,2.400000,9.810000,0.900000,30.000000,60.000000,6.000000,-1.788011,-0.615661,1.500000,-1.812094,-0.604188,1.478223,0.429813,-0.550135,0.000000,0.427441,-0.586965,0.008551,0.999779,-0.020944,-0.001578,-0.000033,-0.032589,-0.047407,-0.001987,0.427023,0.259892,0.014487,23.504476,23.504476,23.499581,0.499057,1.098967,-0.360577,0.095031,0.955850
19.500000,1,0,0,2.400000,9.810000,0.900000,30.000000,60.000000,6.000000,-1.766044,-0.642788,1.500000,-1.790193,-0.633227,1.478657,0.448750,-0.534800,0.000000,0.448491,-0.574438,0.008782,0.999760,-0.021739,-0.002789,-0.000061,-0.031058,-0.049375,-0.002148,0.414568,0.301285,-0.001209,23.499581,23.499581,23.494844,0.498956,1.125934,-0.298405,0.064095,0.956331
19.550000,1,0,0,2.400000,9.810000,0.900000,30.000000,60.000000,6.000000,-1.743145,-0.669131,1.500000,-1.767256,-0.661618,1.479100,0.467141,-0.518813,0.000000,0.468877,-0.561094,0.008941,0.999739,-0.022494,-0.004046,-0.000091,-0.029344,-0.051121,-0.002302,0.397235,0.290823,-0.024663,23.494844,23.494844,23.490289,0.498859,1.143347,-0.358769,0.014511,0.956760
19.600000,1,0,0,2.400000,9.810000,0.900000,30.000000,60.000000,6.000000,-1.719340,-0.694658,1.500000,-1.743317,-0.689322,1.479550,0.484963,-0.502194,0.000000,0.488567,-0.546932,0.009028,0.999716,-0.023204,-0.005345,-0.000124,-0.027464,-0.052635,-0.002445,0.340728,0.304288,-0.004999,23.490289,23.490289,23.485936,0.498767,1.068631,-0.359588,0.068352,0.957135
19.650000,1,0,0,2.400000,9.810000,0.900000,30.000000,60.000000,6.000000,-1.694658,-0.719340,1.500000,-1.718412,-0.716298,1.480002,0.502194,-0.484963,0.000000,0.507531,-0.531951,0.009044,0.999693,-0.023866,-0.006678,-0.000159,-0.025436,-0.053911,-0.002576,0.309292,0.350797,-0.010318,23.485936,23.485936,23.481804,0.498679,1.055697,-0.278805,0.062149,0.957458
19.700000,1,0,0,2.400000,9.810000,0.900000,30.000000,60.000000,6.000000,-1.669131,-0.743145,1.500000,-1.692577,-0.742504,1.480453,0.518813,-0.467141,0.000000,0.525741,-0.516152,0.008988,0.999668,-0.024474,-0.008040,-0.000197,-0.023279,-0.054945,-0.002692,0.304442,0.327038,-0.023820,23.481804,23.481804,23.477910,0.498596,1.107903,-0.364205,0.036195,0.957729
19.750000,1,0,0,2.400000,9.810000,0.900000,30.000000,60.000000,6.000000,-1.642788,-0.766044,1.500000,-1.665851,-0.767900,1.480900,0.534800,-0.448750,0.000000,0.543170,-0.499542,0.008863,0.999642,-0.025028,-0.009425,-0.000236,-0.021014,-0.055734,-0.002793,0.279590,0.348306,-0.030353,23.477910,23.477910,23.474268,0.498519,1.113151,-0.338947,0.026826,0.957947
19.800000,1,0,0,2.400000,9.810000,0.900000,30.000000,60.000000,6.000000,-1.615661,-0.788011,1.500000,-1.638273,-0.792445,1.481338,0.550135,-0.429813,0.000000,0.559794,-0.482127,0.008670,0.999616,-0.025523,-0.010827,-0.000276,-0.018663,-0.056278,-0.002876,0.301509,0.356885,-0.037793,23.474268,23.474268,23.470891,0.498447,1.231410,-0.341439,0.015115,0.958115
19.850000,1,0,0,2.400000,9.810000,0.900000,30.000000,60.000000,6.000000,-1.587785,-0.809017,1.500000,-1.609885,-0.816099,1.481765,0.564800,-0.410352,0.000000,0.575591,-0.463919,0.008410,0.999588,-0.025959,-0.012239,-0.000318,-0.016247,-0.056578,-0.002941,0.305465,0.361712,-0.044901,23.470891,23.470891,23.467789,0.498382,1.307033,-0.350143,0.004013,0.958232
19.900000,1,0,0,2.400000,9.810000,0.900000,30.000000,60.000000,6.000000,-1.559193,-0.829038,1.500000,-1.580728,-0.838824,1.482178,0.578777,-0.390390,0.000000,0.590541,-0.444932,0.008087,0.999560,-0.026334,-0.013656,-0.000360,-0.013789,-0.056638,-0.002986,0.313333,0.380198,-0.025916,23.467789,23.467789,23.464970,0.498322,1.392242,-0.323218,0.055315,0.958301
19.950000,1,0,0,2.400000,9.810000,0.900000,30.000000,60.000000,6.000000,-1.529919,-0.848048,1.500000,-1.550845,-0.860580,1.482573,0.592049,-0.369953,0.000000,0.604628,-0.425184,0.007704,0.999531,-0.026647,-0.015072,-0.000402,-0.011312,-0.056463,-0.003013,0.291617,0.388154,-0.037101,23.464970,23.464970,23.462443,0.498268,1.406366,-0.318679,0.033972,0.958323
20.000000,1,0,0,2.400000,9.810000,0.900000,30.000000,60.000000,6.000000,-1.500000,-0.866025,1.500000,-1.520280,-0.881330,1.482948,0.604600,-0.349066,0.000000,0.617835,-0.404695,0.007265,0.999502,-0.026898,-0.016480,-0.000444,-0.008838,-0.056060,-0.003020,0.301483,0.420192,-0.016824,23.462443,23.462443,23.460212,0.498221,1.495940,-0.253456,0.087875,0.958300
20.050000,1,0,0,2.400000,9.810000,0.900000,30.000000,60.000000,6.000000,-1.469472,-0.882948,1.500000,-1.489077,-0.901037,1.483299,0.616414,-0.327753,0.000000,0.630151,-0.383490,0.006773,0.999473,-0.027088,-0.017875,-0.000484,-0.006388,-0.055438,-0.003007,0.262042,0.429726,-0.005026,23.460212,23.460212,23.458281,0.498180,1.466566,-0.239367,0.121145,0.958233
20.100000,1,0,0,2.400000,9.810000,0.900000,30.000000,60.000000,6.000000,-1.438371,-0.898794,1.500000,-1.457280,-0.919667,1.483624,0.627477,-0.306041,0.000000,0.641565,-0.361595,0.006232,0.999444,-0.027217,-0.019253,-0.000524,-0.003983,-0.054609,-0.002976,0.221779,0.444088,-0.013904,23.458281,23.458281,23.456652,0.498145,1.434368,-0.210861,0.104495,0.958126
20.150000,1,0,0,2.400000,9.810000,0.900000,30.000000,60.000000,6.000000,-1.406737,-0.913545,1.500000,-1.424935,-0.937186,1.483921,0.637775,-0.283956,0.000000,0.652069,-0.339042,0.005648,0.999415,-0.027286,-0.020607,-0.000563,-0.001643,-0.053585,-0.002928,0.232706,0.465562,-0.022103,23.456652,23.456652,23.455326,0.498117,1.523937,-0.162522,0.089151,0.957980
20.200000,1,0,0,2.400000,9.810000,0.900000,30.000000,60.000000,6.000000,-1.374607,-0.927184,1.500000,-1.392088,-0.953561,1.484188,0.647296,-0.261525,0.000000,0.661658,-0.315864,0.005025,0.999387,-0.027298,-0.021933,-0.000599,0.000613,-0.052380,-0.002864,0.198485,0.474770,-0.069398,23.455326,23.455326,23.454305,0.498095,1.503848,-0.140944,-0.020358,0.957798
20.250000,1,0,0,2.400000,9.810000,0.900000,30.000000,60.000000,6.000000,-1.342020,-0.939693,1.500000,-1.358785,-0.968762,1.484423,0.656029,-0.238775,0.000000,0.670326,-0.292098,0.004369,0.999358,-0.027255,-0.023227,-0.000633,0.002770,-0.051009,-0.002784,0.179293,0.463966,-0.084787,23.454305,23.454305,23.453586,0.498080,1.518325,-0.164828,-0.053642,0.957584
20.300000,1,0,0,2.400000,9.810000,0.900000,30.000000,60.000000,6.000000,-1.309017,-0.951057,1.500000,-1.325071,-0.982761,1.484625,0.663963,-0.215735,0.000000,0.678073,-0.267783,0.003685,0.999331,-0.027159,-0.024484,-0.000665,0.004812,-0.049488,-0.002692,0.142926,0.489903,-0.064277,23.453586,23.453586,23.453168,0.498071,1.489894,-0.098090,-0.001133,0.957340
20.350000,1,0,0,2.400000,9.810000,0.900000,30.000000,60.000000,6.000000,-1.275637,-0.961262,1.500000,-1.290993,-0.995532,1.484791,0.671087,-0.192431,0.000000,0.684899,-0.242962,0.002978,0.999304,-0.027014,-0.025702,-0.000695,0.006727,-0.047836,-0.002588,0.121761,0.519026,-0.073958,23.453168,23.453168,23.453048,0.498068,1.496101,-0.021402,-0.021452,0.957069
20.400000,1,0,0,2.400000,9.810000,0.900000,30.000000,60.000000,6.000000,-1.241922,-0.970296,1.500000,-1.256596,-1.007050,1.484922,0.677394,-0.168893,0.000000,0.690808,-0.217679,0.002256,0.999279,-0.026822,-0.026877,-0.000721,0.008503,-0.046070,-0.002475,0.086804,0.547012,-0.096209,23.453048,23.453048,23.453222,0.498072,1.467216,0.054701,-0.072320,0.956775
20.450000,1,0,0,2.400000,9.810000,0.900000,30.000000,60.000000,6.000000,-1.207912,-0.978148,1.500000,-1.221927,-1.017293,1.485017,0.682876,-0.145150,0.000000,0.695802,-0.191983,0.001523,0.999254,-0.026588,-0.028007,-0.000745,0.010132,-0.044209,-0.002354,0.051197,0.560589,-0.060044,23.453222,23.453222,23.453687,0.498082,1.434662,0.098203,0.016625,0.956461
20.500000,1,0,0,2.400000,9.810000,0.900000,30.000000,60.000000,6.000000,-1.173648,-0.984808,1.500000,-1.187031,-1.026242,1.485074,0.687526,-0.121229,0.000000,0.699888,-0.165921,0.000787,0.999230,-0.026316,-0.029089,-0.000766,0.011609,-0.042274,-0.002228,0.032142,0.565157,-0.011879,23.453687,23.453687,23.454436,0.498098,1.439627,0.121887,0.133979,0.956130
20.550000,1,0,0,2.400000,9.810000,0.900000,30.000000,60.000000,6.000000,-1.139173,-0.990268,1.500000,-1.151953,-1.033880,1.485095,0.691338,-0.097161,0.000000,0.703074,-0.139546,0.000052,0.999208,-0.026008,-0.030122,-0.000784,0.012928,-0.040284,-0.002099,0.040126,0.563267,-0.005280,23.454436,23.454436,23.455465,0.498120,1.507206,0.131694,0.151183,0.955787
20.600000,1,0,0,2.400000,9.810000,0.900000,30.000000,60.000000,6.000000,-1.104528,-0.994522,1.500000,-1.116739,-1.040192,1.485080,0.694307,-0.072975,0.000000,0.705370,-0.112909,-0.000675,0.999186,-0.025669,-0.031104,-0.000799,0.014089,-0.038259,-0.001967,-0.004491,0.567944,0.027217,23.455465,23.455465,23.456768,0.498147,1.446210,0.158700,0.230152,0.955434
20.650000,1,0,0,2.400000,9.810000,0.900000,30.000000,60.000000,6.000000,-1.069756,-0.997564,1.500000,-1.081431,-1.045168,1.485028,0.696431,-0.048699,0.000000,0.706785,-0.086065,-0.001388,0.999166,-0.025304,-0.032036,-0.000811,0.015092,-0.036219,-0.001836,-0.036709,0.560345,0.039005,23.456768,23.456768,23.458337,0.498181,1.412611,0.157501,0.259030,0.955076
20.700000,1,0,0,2.400000,9.810000,0.900000,30.000000,60.000000,6.000000,-1.034899,-0.999391,1.500000,-1.046074,-1.048796,1.484941,0.697706,-0.024364,0.000000,0.707333,-0.059069,-0.002081,0.999147,-0.024915,-0.032917,-0.000821,0.015940,-0.034184,-0.001706,-0.063162,0.586099,0.029093,23.458337,23.458337,23.460165,0.498220,1.390484,0.237424,0.235447,0.954716
20.750000,1,0,0,2.400000,9.810000,0.900000,30.000000,60.000000,6.000000,-1.000000,-1.000000,1.500000,-1.010712,-1.051073,1.484820,0.698132,-0.000000,0.000000,0.707026,-0.031976,-0.002748,0.999130,-0.024507,-0.033747,-0.000828,0.016639,-0.032172,-0.001579,-0.077217,0.578195,0.039775,23.460165,23.460165,23.462245,0.498264,1.395765,0.237462,0.260910,0.954358
20.800000,1,0,0,2.400000,9.810000,0.900000,30.000000,60.000000,6.000000,-0.965101,-0.999391,1.500000,-0.975386,-1.051993,1.484667,0.697706,0.024364,0.000000,0.705879,-0.004843,-0.003384,0.999113,-0.024084,-0.034527,-0.000832,0.017195,-0.030203,-0.001457,-0.057543,0.558644,0.050907,23.462245,23.462245,23.464568,0.498313,1.479683,0.210272,0.287089,0.954005
20.850000,1,0,0,2.400000,9.810000,0.900000,30.000000,60.000000,6.000000,-0.930244,-0.997564,1.500000,-0.940138,-1.051557,1.484483,0.696431,0.048699,0.000000,0.703906,0.022276,-0.003984,0.999098,-0.023648,-0.035259,-0.000835,0.017619,-0.028295,-0.001340,-0.092002,0.560642,0.036521,23.464568,23.464568,23.467125,0.498367,1.431436,0.235367,0.251668,0.953662
20.900000,1,0,0,2.400000,9.810000,0.900000,30.000000,60.000000,6.000000,-0.895472,-0.994522,1.500000,-0.905009,-1.049767,1.484269,0.694307,0.072975,0.000000,0.701124,0.049323,-0.004542,0.999084,-0.023204,-0.035943,-0.000835,0.017920,-0.026463,-0.001230,-0.133596,0.535786,-0.005075,23.467125,23.467125,23.469908,0.498427,1.363896,0.196430,0.150601,0.953331
20.950000,1,0,0,2.400000,9.810000,0.900000,30.000000,60.000000,6.000000,-0.860827,-0.990268,1.500000,-0.870039,-1.046627,1.484029,0.691338,0.097161,0.000000,0.697550,0.076245,-0.005053,0.999071,-0.022753,-0.036584,-0.000833,0.018111,-0.024725,-0.001127,-0.178114,0.548287,-0.033921,23.469908,23.469908,23.472906,0.498490,1.287268,0.247433,0.079806,0.953016
21.000000,1,0,0,2.400000,9.810000,0.900000,30.000000,60.000000,6.000000,-0.826352,-0.984808,1.500000,-0.835267,-1.042145,1.483765,0.687526,0.121229,0.000000,0.693200,0.102987,-0.005514,0.999059,-0.022299,-0.037182,-0.000830,0.018206,-0.023094,-0.001031,-0.148833,0.551581,-0.034693,23.472906,23.472906,23.476109,0.498558,1.385806,0.276501,0.076075,0.952721
21.050000,1,0,0,2.400000,9.810000,0.900000,30.000000,60.000000,6.000000,-0.792088,-0.978148,1.500000,-0.800731,-1.036332,1.483479,0.682876,0.145150,0.000000,0.688092,0.129495,-0.005920,0.999048,-0.021843,-0.037740,-0.000825,0.018219,-0.021583,-0.000944,-0.178082,0.483658,-0.040996,23.476109,23.476109,23.479507,0.498630,1.342052,0.134707,0.058778,0.952449
21.100000,1,0,0,2.400000,9.810000,0.900000,30.000000,60.000000,6.000000,-0.758078,-0.970296,1.500000,-0.766470,-1.029201,1.483174,0.677394,0.168893,0.000000,0.682244,0.155718,-0.006267,0.999038,-0.021388,-0.038263,-0.000819,0.018166,-0.020204,-0.000866,-0.194934,0.484776,-0.040347,23.479507,23.479507,23.483089,0.498706,1.326377,0.158586,0.057890,0.952202
21.150000,1,0,0,2.400000,9.810000,0.900000,30.000000,60.000000,6.000000,-0.724363,-0.961262,1.500000,-0.732519,-1.020766,1.482853,0.671087,0.192431,0.000000,0.675673,0.181608,-0.006553,0.999029,-0.020935,-0.038752,-0.000812,0.018064,-0.018968,-0.000795,-0.221001,0.514059,-0.058930,23.483089,23.483089,23.486845,0.498786,1.287075,0.249966,0.010594,0.951985
21.200000,1,0,0,2.400000,9.810000,0.900000,30.000000,60.000000,6.000000,-0.690983,-0.951057,1.500000,-0.698914,-1.011046,1.482520,0.663963,0.215735,0.000000,0.668399,0.207114,-0.006774,0.999021,-0.020485,-0.039213,-0.000804,0.017928,-0.017882,-0.000734,-0.180107,0.469406,-0.031270,23.486845,23.486845,23.490761,0.498869,1.407135,0.163759,0.074049,0.951799
21.250000,1,0,0,2.400000,9.810000,0.900000,30.000000,60.000000,6.000000,-0.657980,-0.939693,1.500000,-0.665690,-1.000062,1.482177,0.656029,0.238775,0.000000,0.660438,0.232194,-0.006928,0.999012,-0.020039,-0.039648,-0.000795,0.017774,-0.016954,-0.000680,-0.198969,0.460760,-0.041285,23.490761,23.490761,23.494826,0.498956,1.382620,0.163798,0.046877,0.951648
21.300000,1,0,0,2.400000,9.810000,0.900000,30.000000,60.000000,6.000000,-0.625393,-0.927184,1.500000,-0.632881,-0.987835,1.481828,0.647296,0.261525,0.000000,0.651808,0.256802,-0.007013,0.999005,-0.019597,-0.040062,-0.000786,0.017620,-0.016187,-0.000635,-0.190026,0.492485,-0.042070,23.494826,23.494826,23.499029,0.499045,1.423860,0.260547,0.041670,0.951533
21.350000,1,0,0,2.400000,9.810000,0.900000,30.000000,60.000000,6.000000,-0.593263,-0.913545,1.500000,-0.600520,-0.974390,1.481477,0.637775,0.283956,0.000000,0.642527,0.280899,-0.007029,0.998997,-0.019158,-0.040459,-0.000776,0.017481,-0.015585,-0.000598,-0.185184,0.467826,-0.053797,23.499029,23.499029,23.503356,0.499137,1.454470,0.221803,0.010042,0.951458
21.400000,1,0,0,2.400000,9.810000,0.900000,30.000000,60.000000,6.000000,-0.561629,-0.898794,1.500000,-0.568639,-0.959754,1.481126,0.627477,0.306041,0.000000,0.632612,0.304447,-0.006973,0.998990,-0.018723,-0.040844,-0.000765,0.017371,-0.015149,-0.000568,-0.164401,0.519192,-0.048356,23.503356,23.503356,23.507796,0.499231,1.522743,0.365378,0.019484,0.951423
21.450000,1,0,0,2.400000,9.810000,0.900000,30.000000,60.000000,6.000000,-0.530528,-0.882948,1.500000,-0.537270,-0.943955,1.480780,0.616414,0.327753,0.000000,0.622079,0.327411,-0.006847,0.998982,-0.018290,-0.041219,-0.000755,0.017306,-0.014878,-0.000545,-0.195304,0.473065,-0.054350,23.507796,23.507796,23.512336,0.499328,1.466572,0.274865,0.001369,0.951432
21.500000,1,0,0,2.400000,9.810000,0.900000,30.000000,60.000000,6.000000,-0.500000,-0.866025,1.500000,-0.506441,-0.927023,1.480443,0.604600,0.349066,0.000000,0.610945,0.349760,-0.006650,0.998975,-0.017857,-0.041589,-0.000743,0.017297,-0.014770,-0.000528,-0.203186,0.442328,-0.060692,23.512336,23.512336,23.516963,0.499426,1.465442,0.221251,-0.017664,0.951484
21.550000,1,0,0,2.400000,9.810000,0.900000,30.000000,60.000000,6.000000,-0.470081,-0.848048,1.500000,-0.476185,-0.908990,1.480117,0.592049,0.369953,0.000000,0.599226,0.371466,-0.006383,0.998967,-0.017425,-0.041959,-0.000732,0.017357,-0.014820,-0.000517,-0.212909,0.450601,-0.044390,23.516963,23.516963,23.521664,0.499526,1.459874,0.261295,0.017588,0.951583
21.600000,1,0,0,2.400000,9.810000,0.900000,30.000000,60.000000,6.000000,-0.440807,-0.829038,1.500000,-0.446528,-0.889888,1.479806,0.578777,0.390390,0.000000,0.586936,0.392502,-0.006047,0.998959,-0.016989,-0.042332,-0.000720,0.017495,-0.015022,-0.000511,-0.225785,0.438809,-0.065002,23.521664,23.521664,23.526429,0.499627,1.446896,0.253307,-0.035789,0.951728
21.650000,1,0,0,2.400000,9.810000,0.900000,30.000000,60.000000,6.000000,-0.412215,-0.809017,1.500000,-0.417500,-0.869751,1.479513,0.564800,0.410352,0.000000,0.574091,0.412847,-0.005644,0.998950,-0.016550,-0.042711,-0.000708,0.017720,-0.015368,-0.000509,-0.213638,0.430227,-0.028110,23.526429,23.526429,23.531244,0.499729,1.494307,0.253238,0.048831,0.951921
21.700000,1,0,0,2.400000,9.810000,0.900000,30.000000,60.000000,6.000000,-0.384339,-0.788011,1.500000,-0.389128,-0.848615,1.479242,0.550135,0.429813,0.000000,0.560704,0.432481,-0.005176,0.998941,-0.016103,-0.043102,-0.000695,0.018039,-0.015848,-0.000511,-0.231456,0.397281,-0.015498,23.531244,23.531244,23.536098,0.499832,1.470294,0.195024,0.075196,0.952161
21.750000,1,0,0,2.400000,9.810000,0.900000,30.000000,60.000000,6.000000,-0.357212,-0.766044,1.500000,-0.361439,-0.826515,1.478996,0.534800,0.448750,0.000000,0.546788,0.451390,-0.004647,0.998930,-0.015647,-0.043505,-0.000681,0.018455,-0.016452,-0.000516,-0.277267,0.363747,-0.021713,23.536098,23.536098,23.540982,0.499936,1.379748,0.135840,0.056409,0.952450
21.800000,1,0,0,2.400000,9.810000,0.900000,30.000000,60.000000,6.000000,-0.330869,-0.743145,1.500000,-0.334458,-0.803488,1.478779,0.518813,0.467141,0.000000,0.532358,0.469559,-0.004058,0.998919,-0.015180,-0.043925,-0.000667,0.018973,-0.017168,-0.000522,-0.282426,0.375251,-0.004954,23.540982,23.540982,23.545883,0.500040,1.387552,0.185303,0.092818,0.952787
21.850000,1,0,0,2.400000,9.810000,0.900000,30.000000,60.000000,6.000000,-0.305342,-0.719340,1.500000,-0.308211,-0.779572,1.478591,0.502194,0.484963,0.000000,0.517423,0.486981,-0.003415,0.998907,-0.014698,-0.044364,-0.000653,0.019592,-0.017981,-0.000529,-0.305799,0.340344,-0.019164,23.545883,23.545883,23.550794,0.500144,1.352547,0.124057,0.054982,0.953171
21.900000,1,0,0,2.400000,9.810000,0.900000,30.000000,60.000000,6.000000,-0.280660,-0.694658,1.500000,-0.282724,-0.754803,1.478438,0.484963,0.502194,0.000000,0.501997,0.503646,-0.002720,0.998894,-0.014200,-0.044825,-0.000637,0.020311,-0.018877,-0.000537,-0.332912,0.305605,-0.023503,23.550794,23.550794,23.555705,0.500249,1.309578,0.064013,0.040937,0.953603
21.950000,1,0,0,2.400000,9.810000,0.900000,30.000000,60.000000,6.000000,-0.256855,-0.669131,1.500000,-0.258020,-0.729220,1.478320,0.467141,0.518813,0.000000,0.486091,0.519553,-0.001979,0.998879,-0.013682,-0.045309,-0.000621,0.021127,-0.019840,-0.000544,-0.366836,0.286845,-0.030509,23.555705,23.555705,23.560609,0.500353,1.251362,0.043233,0.020608,0.954082
22.000000,1,0,0,2.400000,9.810000,0.900000,30.000000,60.000000,6.000000,-0.233956,-0.642788,1.500000,-0.234123,-0.702860,1.478241,0.448750,0.534800,0.000000,0.469715,0.534698,-0.001195,0.998863,-0.013143,-0.045817,-0.000603,0.022035,-0.020854,-0.000549,-0.347877,0.275957,-0.000629,23.560609,23.560609,23.565500,0.500457,1.321237,0.042373,0.088940,0.954605
22.050000,1,0,0,2.400000,9.810000,0.900000,30.000000,60.000000,6.000000,-0.211989,-0.615661,1.500000,-0.211056,-0.675762,1.478201,0.429813,0.550135,0.000000,0.452880,0.549082,-0.000375,0.998846,-0.012580,-0.046352,-0.000584,0.023028,-0.021901,-0.000552,-0.343471,0.255284,-0.034640,23.565500,23.565500,23.570371,0.500560,1.357400,0.019160,0.004084,0.955173
22.100000,1,0,0,2.400000,9.810000,0.900000,30.000000,60.000000,6.000000,-0.190983,-0.587785,1.500000,-0.188842,-0.647964,1.478204,0.410352,0.564800,0.000000,0.435594,0.562710,0.000476,0.998827,-0.011992,-0.046912,-0.000563,0.024098,-0.022963,-0.000551,-0.373959,0.238432,-0.038558,23.570371,23.570371,23.575219,0.500663,1.311064,0.006347,-0.008387,0.955782
22.150000,1,0,0,2.400000,9.810000,0.900000,30.000000,60.000000,6.000000,-0.170962,-0.559193,1.500000,-0.167504,-0.619504,1.478249,0.390390,0.578777,0.000000,0.417870,0.575584,0.001354,0.998806,-0.011376,-0.047499,-0.000541,0.025233,-0.024023,-0.000547,-0.368540,0.229332,-0.015611,23.575219,23.575219,23.580041,0.500765,1.352158,0.013450,0.043795,0.956433
22.200000,1,0,0,2.400000,9.810000,0.900000,30.000000,60.000000,6.000000,-0.151952,-0.529919,1.500000,-0.147062,-0.590418,1.478339,0.369953,0.592049,0.000000,0.399715,0.587713,0.002252,0.998784,-0.010731,-0.048113,-0.000517,0.026423,-0.025062,-0.000539,-0.388689,0.195349,-0.030017,23.580041,23.580041,23.584832,0.500867,1.333130,-0.037779,0.006517,0.957121
22.250000,1,0,0,2.400000,9.810000,0.900000,30.000000,60.000000,6.000000,-0.133975,-0.500000,1.500000,-0.127539,-0.560745,1.478475,0.349066,0.604600,0.000000,0.381139,0.599104,0.003163,0.998760,-0.010055,-0.048752,-0.000491,0.027655,-0.026063,-0.000525,-0.407442,0.202658,-0.034988,23.584832,23.584832,23.589591,0.500968,1.318656,0.011533,-0.007924,0.957846
22.300000,1,0,0,2.400000,9.810000,0.900000,30.000000,60.000000,6.000000,-0.117052,-0.469472,1.500000,-0.108955,-0.530520,1.478656,0.327753,0.616414,0.000000,0.362151,0.609766,0.004083,0.998734,-0.009349,-0.049415,-0.000463,0.028914,-0.027006,-0.000506,-0.441737,0.171753,-0.048039,23.589591,23.589591,23.594318,0.501069,1.268026,-0.029382,-0.041558,0.958604
22.350000,1,0,0,2.400000,9.810000,0.900000,30.000000,60.000000,6.000000,-0.101206,-0.438371,1.500000,-0.091331,-0.499780,1.478883,0.306041,0.627477,0.000000,0.342762,0.619710,0.005005,0.998707,-0.008611,-0.050101,-0.000432,0.030185,-0.027874,-0.000481,-0.435633,0.177903,-0.059583,23.594318,23.594318,23.599011,0.501168,1.315425,0.020145,-0.071372,0.959393
22.400000,1,0,0,2.400000,9.810000,0.900000,30.000000,60.000000,6.000000,-0.086455,-0.406737,1.500000,-0.074686,-0.468561,1.479156,0.283956,0.637775,0.000000,0.322981,0.628946,0.005922,0.998678,-0.007841,-0.050807,-0.000399,0.031455,-0.028651,-0.000450,-0.440134,0.151845,-0.051165,23.599011,23.599011,23.603668,0.501267,1.338339,-0.006113,-0.053072,0.960209
22.450000,1,0,0,2.400000,9.810000,0.900000,30.000000,60.000000,6.000000,-0.072816,-0.374607,1.500000,-0.059039,-0.436897,1.479475,0.261525,0.647296,0.000000,0.302817,0.637486,0.006829,0.998647,-0.007040,-0.051531,-0.000363,0.032705,-0.029320,-0.000413,-0.391921,0.167670,-0.057495,23.603668,23.603668,23.608290,0.501365,1.488622,0.069653,-0.069961,0.961051
22.500000,1,0,0,2.400000,9.810000,0.900000,30.000000,60.000000,6.000000,-0.060307,-0.342020,1.500000,-0.044410,-0.404824,1.479839,0.238775,0.656029,0.000000,0.282282,0.645340,0.007719,0.998614,-0.006208,-0.052271,-0.000325,0.033922,-0.029865,-0.000371,-0.423719,0.144664,-0.051587,23.608290,23.608290,23.612876,0.501463,1.447594,0.053695,-0.057274,0.961914
22.550000,1,0,0,2.400000,9.810000,0.900000,30.000000,60.000000,6.000000,-0.048943,-0.309017,1.500000,-0.030817,-0.372374,1.480247,0.215735,0.663963,0.000000,0.261386,0.652522,0.008587,0.998579,-0.005346,-0.053022,-0.000284,0.035088,-0.030273,-0.000324,-0.428938,0.145786,-0.036165,23.612876,23.612876,23.617422,0.501559,1.470913,0.097074,-0.021556,0.962795
22.600000,1,0,0,2.400000,9.810000,0.900000,30.000000,60.000000,6.000000,-0.038738,-0.275637,1.500000,-0.018277,-0.339583,1.480697,0.192431,0.671087,0.000000,0.240140,0.659041,0.009427,0.998543,-0.004456,-0.053781,-0.000240,0.036189,-0.030529,-0.000272,-0.499122,0.108847,-0.040223,23.617422,23.617422,23.621927,0.501655,1.338708,0.050460,-0.032396,0.963691
22.650000,1,0,0,2.400000,9.810000,0.900000,30.000000,60.000000,6.000000,-0.029704,-0.241922,1.500000,-0.006809,-0.306481,1.481189,0.168893,0.677394,0.000000,0.218558,0.664908,0.010233,0.998505,-0.003539,-0.054545,-0.000193,0.037209,-0.030621,-0.000217,-0.479872,0.102436,0.009389,23.621927,23.621927,23.626387,0.501750,1.421346,0.078387,0.085758,0.964598
22.700000,1,0,0,2.400000,9.810000,0.900000,30.000000,60.000000,6.000000,-0.021852,-0.207912,1.500000,0.003573,-0.273103,1.481720,0.145150,0.682876,0.000000,0.196652,0.670133,0.010999,0.998466,-0.002599,-0.055309,-0.000144,0.038134,-0.030540,-0.000159,-0.476703,0.079135,0.025227,23.626387,23.626387,23.630797,0.501843,1.465391,0.066943,0.123027,0.965512
22.750000,1,0,0,2.400000,9.810000,0.900000,30.000000,60.000000,6.000000,-0.015192,-0.173648,1.500000,0.012851,-0.239478,1.482288,0.121229,0.687526,0.000000,0.174435,0.674724,0.011720,0.998426,-0.001636,-0.056069,-0.000092,0.038952,-0.030275,-0.000099,-0.488340,0.040850,0.038272,23.630797,23.630797,23.635149,0.501936,1.473695,0.020588,0.153757,0.966430
22.800000,1,0,0,2.400000,9.810000,0.900000,30.000000,60.000000,6.000000,-0.009732,-0.139173,1.500000,0.021012,-0.205640,1.482891,0.097161,0.691338,0.000000,0.151924,0.678691,0.012393,0.998384,-0.000655,-0.056819,-0.000037,0.039650,-0.029820,-0.000039,-0.499081,-0.000163,0.080788,23.635149,23.635149,23.639436,0.502027,1.483718,-0.031404,0.255369,0.967348
22.850000,1,0,0,2.400000,9.810000,0.900000,30.000000,60.000000,6.000000,-0.005478,-0.104528,1.500000,0.028039,-0.171620,1.483526,0.072975,0.694307,0.000000,0.129133,0.682037,0.013011,0.998342,0.000342,-0.057556,0.000020,0.040217,-0.029168,0.000020,-0.497362,-0.022206,0.090095,23.639436,23.639436,23.643648,0.502116,1.522984,-0.037098,0.277415,0.968262
22.900000,1,0,0,2.400000,9.810000,0.900000,30.000000,60.000000,6.000000,-0.002436,-0.069756,1.500000,0.033921,-0.137447,1.484191,0.048699,0.696431,0.000000,0.106081,0.684770,0.013571,0.998300,0.001351,-0.058273,0.000079,0.040646,-0.028316,0.000077,-0.474747,-0.014210,0.085789,23.643648,23.643648,23.647773,0.502204,1.611505,0.029906,0.266908,0.969168
22.950000,1,0,0,2.400000,9.810000,0.900000,30.000000,60.000000,6.000000,-0.000609,-0.034899,1.500000,0.038643,-0.103153,1.484882,0.024364,0.697706,0.000000,0.082785,0.686892,0.014070,0.998257,0.002369,-0.058967,0.000140,0.040928,-0.027262,0.000129,-0.490697,0.030791,0.059463,23.647773,23.647773,23.651798,0.502289,1.606336,0.186160,0.203657,0.970063
23.000000,1,0,0,2.400000,9.810000,0.900000,30.000000,60.000000,6.000000,0.000000,-0.000000,1.500000,0.042195,-0.068768,1.485597,0.000000,0.698132,0.000000,0.059265,0.688406,0.014503,0.998215,0.003393,-0.059632,0.000203,0.041058,-0.026004,0.000177,-0.457048,0.011603,0.033691,23.651798,23.651798,23.655708,0.502372,1.718829,0.188619,0.141817,0.970942
23.050000,1,0,0,2.400000,9.810000,0.900000,30.000000,60.000000,6.000000,-0.000609,0.034899,1.500000,0.044566,-0.034322,1.486332,-0.024364,0.697706,0.000000,0.035541,0.689311,0.014868,0.998173,0.004417,-0.060263,0.000267,0.041032,-0.024544,0.000217,-0.454595,0.013049,0.044819,23.655708,23.655708,23.659486,0.502453,1.754834,0.240679,0.168600,0.971802
23.100000,1,0,0,2.400000,9.810000,0.900000,30.000000,60.000000,6.000000,-0.002436,0.069756,1.500000,0.045747,0.000153,1.487083,-0.048699,0.696431,0.000000,0.011637,0.689606,0.015163,0.998132,0.005439,-0.060855,0.000332,0.040848,-0.022886,0.000249,-0.496757,-0.001334,0.030138,23.659486,23.659486,23.663115,0.502530,1.681909,0.254636,0.133482,0.972640
23.150000,1,0,0,2.400000,9.810000,0.900000,30.000000,60.000000,6.000000,-0.005478,0.104528,1.500000,0.045727,0.034628,1.487847,-0.072975,0.694307,0.000000,-0.012424,0.689288,0.015386,0.998092,0.006454,-0.061403,0.000397,0.040507,-0.021034,0.000272,-0.475259,-0.015990,0.037913,23.663115,23.663115,23.666579,0.502603,1.759683,0.267642,0.152283,0.973452
23.200000,1,0,0,2.400000,9.810000,0.900000,30.000000,60.000000,6.000000,-0.009732,0.139173,1.500000,0.044502,0.069072,1.488620,-0.097161,0.691338,0.000000,-0.036618,0.688354,0.015535,0.998054,0.007459,-0.061902,0.000463,0.040011,-0.018995,0.000284,-0.509525,-0.031960,0.051449,23.666579,23.666579,23.669858,0.502673,1.701308,0.277008,0.184908,0.974234
23.250000,1,0,0,2.400000,9.810000,0.900000,30.000000,60.000000,6.000000,-0.015192,0.173648,1.500000,0.042064,0.103453,1.489399,-0.121229,0.687526,0.000000,-0.060917,0.686795,0.015609,0.998019,0.008449,-0.062349,0.000528,0.039363,-0.016777,0.000284,-0.499990,-0.035308,0.045585,23.669858,23.669858,23.672935,0.502738,1.745526,0.316000,0.170951,0.974983
23.300000,1,0,0,2.400000,9.810000,0.900000,30.000000,60.000000,6.000000,-0.021852,0.207912,1.500000,0.038409,0.137741,1.490180,-0.145150,0.682876,0.000000,-0.085294,0.684605,0.015609,0.997985,0.009421,-0.062737,0.000592,0.038568,-0.014390,0.000272,-0.469424,-0.054373,0.041372,23.672935,23.672935,23.675793,0.502799,1.837480,0.316425,0.160911,0.975695
23.350000,1,0,0,2.400000,9.810000,0.900000,30.000000,60.000000,6.000000,-0.029704,0.241922,1.500000,0.033534,0.171903,1.490959,-0.168893,0.677394,0.000000,-0.109720,0.681775,0.015534,0.997955,0.010372,-0.063064,0.000655,0.037636,-0.011847,0.000246,-0.503262,-0.028632,0.022787,23.675793,23.675793,23.678416,0.502855,1.771937,0.423365,0.116313,0.976369
23.400000,1,0,0,2.400000,9.810000,0.900000,30.000000,60.000000,6.000000,-0.038738,0.275637,1.500000,0.027437,0.205907,1.491732,-0.192431,0.671087,0.000000,-0.134165,0.678295,0.015385,0.997929,0.011298,-0.063326,0.000717,0.036574,-0.009159,0.000207,-0.507558,-0.064300,0.041121,23.678416,23.678416,23.680790,0.502905,1.774186,0.381748,0.160228,0.977001
23.450000,1,0,0,2.400000,9.810000,0.900000,30.000000,60.000000,6.000000,-0.048943,0.309017,1.500000,0.020117,0.239721,1.492496,-0.215735,0.663963,0.000000,-0.158596,0.674152,0.015163,0.997906,0.012196,-0.063519,0.000776,0.035392,-0.006341,0.000155,-0.511398,-0.047854,0.016126,23.680790,23.680790,23.682902,0.502950,1.774256,0.463876,0.100044,0.977589
23.500000,1,0,0,2.400000,9.810000,0.900000,30.000000,60.000000,6.000000,-0.060307,0.342020,1.500000,0.011578,0.273311,1.493247,-0.238775,0.656029,0.000000,-0.182980,0.669335,0.014870,0.997887,0.013063,-0.063640,0.000833,0.034104,-0.003408,0.000089,-0.515048,-0.071473,-0.001719,23.682902,23.682902,23.684745,0.502989,1.771368,0.448385,0.056890,0.978129
23.550000,1,0,0,2.400000,9.810000,0.900000,30.000000,60.000000,6.000000,-0.072816,0.374607,1.500000,0.001821,0.306643,1.493982,-0.261525,0.647296,0.000000,-0.207284,0.663832,0.014509,0.997873,0.013896,-0.063687,0.000887,0.032720,-0.000378,0.000011,-0.481505,-0.082536,0.001718,23.684745,23.684745,23.686312,0.503022,1.854201,0.461445,0.064657,0.978620
23.600000,1,0,0,2.400000,9.810000,0.900000,30.000000,60.000000,6.000000,-0.086455,0.406737,1.500000,-0.009149,0.339683,1.494697,-0.283956,0.637775,0.000000,-0.231472,0.657628,0.014081,0.997863,0.014694,-0.063657,0.000937,0.031257,0.002733,-0.000080,-0.484269,-0.110735,-0.000874,23.686312,23.686312,23.687600,0.503050,1.846254,0.431687,0.057783,0.979060
23.650000,1,0,0,2.400000,9.810000,0.900000,30.000000,60.000000,6.000000,-0.101206,0.438371,1.500000,-0.021324,0.372394,1.495389,-0.306041,0.627477,0.000000,-0.255508,0.650710,0.013589,0.997859,0.015455,-0.063548,0.000984,0.029727,0.005905,-0.000183,-0.533925,-0.128622,0.011127,23.687600,23.687600,23.688612,0.503071,1.722036,0.424900,0.085742,0.979447
23.700000,1,0,0,2.400000,9.810000,0.900000,30.000000,60.000000,6.000000,-0.117052,0.469472,1.500000,-0.034696,0.404742,1.496055,-0.327753,0.616414,0.000000,-0.279354,0.643064,0.013039,0.997859,0.016177,-0.063360,0.001027,0.028146,0.009121,-0.000296,-0.508038,-0.163260,-0.005880,23.688612,23.688612,23.689353,0.503087,1.775331,0.376060,0.043872,0.979780
23.750000,1,0,0,2.400000,9.810000,0.900000,30.000000,60.000000,6.000000,-0.133975,0.500000,1.500000,-0.049255,0.436688,1.496692,-0.349066,0.604600,0.000000,-0.302973,0.634677,0.012433,0.997865,0.016860,-0.063092,0.001066,0.026530,0.012361,-0.000418,-0.502080,-0.146744,-0.010979,23.689353,23.689353,23.689833,0.503097,1.776968,0.448088,0.030357,0.980057
23.800000,1,0,0,2.400000,9.810000,0.900000,30.000000,60.000000,6.000000,-0.151952,0.529919,1.500000,-0.064989,0.468197,1.497297,-0.369953,0.592049,0.000000,-0.326326,0.625537,0.011775,0.997876,0.017502,-0.062742,0.001100,0.024893,0.015604,-0.000548,-0.487956,-0.175920,-0.006242,23.689833,23.689833,23.690065,0.503102,1.794363,0.408521,0.040211,0.980277
23.850000,1,0,0,2.400000,9.810000,0.900000,30.000000,60.000000,6.000000,-0.170962,0.559193,1.500000,-0.081883,0.499229,1.497869,-0.390390,0.578777,0.000000,-0.349375,0.615630,0.011071,0.997892,0.018103,-0.062311,0.001130,0.023251,0.018832,-0.000683,-0.485193,-0.198875,-0.009940,23.690065,23.690065,23.690070,0.503102,1.780659,0.381930,0.029567,0.980440
23.900000,1,0,0,2.400000,9.810000,0.900000,30.000000,60.000000,6.000000,-0.190983,0.587785,1.500000,-0.099921,0.529747,1.498404,-0.410352,0.564800,0.000000,-0.372079,0.604947,0.010326,0.997913,0.018663,-0.061801,0.001156,0.021619,0.022023,-0.000824,-0.477023,-0.219213,-0.018079,23.690070,23.690070,23.689867,0.503098,1.776132,0.359674,0.008002,0.980545
23.950000,1,0,0,2.400000,9.810000,0.900000,30.000000,60.000000,6.000000,-0.211989,0.615661,1.500000,-0.119085,0.559711,1.498901,-0.429813,0.550135,0.000000,-0.394399,0.593477,0.009545,0.997940,0.019183,-0.061211,0.001177,0.020011,0.025159,-0.000968,-0.475732,-0.221018,-0.005770,23.689867,23.689867,23.689485,0.503090,1.751352,0.379970,0.035239,0.980592
24.000000,1,0,0,2.400000,9.810000,0.900000,30.000000,60.000000,6.000000,-0.233956,0.642788,1.500000,-0.139354,0.589081,1.499358,-0.448750,0.534800,0.000000,-0.416295,0.581212,0.008733,0.997971,0.019663,-0.060544,0.001193,0.018441,0.028219,-0.001112,-0.442269,-0.291035,0.000025,23.689485,23.689485,23.688951,0.503078,1.800124,0.234666,0.046565,0.980582
24.050000,1,0,0,2.400000,9.810000,0.900000,30.000000,60.000000,6.000000,-0.256855,0.669131,1.500000,-0.160706,0.617819,1.499773,-0.467141,0.518813,0.000000,-0.437727,0.568145,0.007897,0.998007,0.020105,-0.059801,0.001205,0.016921,0.031185,-0.001257,-0.445820,-0.283186,-0.016012,23.688951,23.688951,23.688299,0.503064,1.756501,0.274402,0.005203,0.980513
24.100000,1,0,0,2.400000,9.810000,0.900000,30.000000,60.000000,6.000000,-0.280660,0.694658,1.500000,-0.183118,0.645883,1.500147,-0.484963,0.502194,0.000000,-0.458656,0.554274,0.007042,0.998047,0.020510,-0.058986,0.001212,0.015462,0.034039,-0.001400,-0.453771,-0.291383,-0.014953,23.688299,23.688299,23.687562,0.503049,1.698883,0.273856,0.004583,0.980388
24.150000,1,0,0,2.400000,9.810000,0.900000,30.000000,60.000000,6.000000,-0.305342,0.719340,1.500000,-0.206563,0.673233,1.500477,-0.502194,0.484963,0.000000,-0.479042,0.539594,0.006174,0.998092,0.020879,-0.058101,0.001215,0.014075,0.036763,-0.001539,-0.447363,-0.274845,-0.037633,23.687562,23.687562,23.686776,0.503032,1.672436,0.330986,-0.053301,0.980207
24.200000,1,0,0,2.400000,9.810000,0.900000,30.000000,60.000000,6.000000,-0.330869,0.743145,1.500000,-0.231013,0.699829,1.500764,-0.518813,0.467141,0.000000,-0.498848,0.524108,0.005299,0.998139,0.021215,-0.057150,0.001215,0.012768,0.039340,-0.001673,-0.455046,-0.238667,-0.033013,23.686776,23.686776,23.685979,0.503015,1.609047,0.433653,-0.045955,0.979972
24.250000,1,0,0,2.400000,9.810000,0.900000,30.000000,60.000000,6.000000,-0.357212,0.766044,1.500000,-0.256437,0.725630,1.501007,-0.534800,0.448750,0.000000,-0.518034,0.507817,0.004424,0.998190,0.021520,-0.056137,0.001210,0.011547,0.041756,-0.001801,-0.428352,-0.234466,-0.042851,23.685979,23.685979,23.685208,0.502999,1.625223,0.458079,-0.073599,0.979683
24.300000,1,0,0,2.400000,9.810000,0.900000,30.000000,60.000000,6.000000,-0.384339,0.788011,1.500000,-0.282805,0.750597,1.501207,-0.550135,0.429813,0.000000,-0.536565,0.490728,0.003554,0.998244,0.021795,-0.055065,0.001202,0.010419,0.043996,-0.001922,-0.416723,-0.262293,-0.053724,23.685208,23.685208,23.684500,0.502984,1.602505,0.404245,-0.104009,0.979342
24.350000,1,0,0,2.400000,9.810000,0.900000,30.000000,60.000000,6.000000,-0.412215,0.809017,1.500000,-0.310082,0.774690,1.501363,-0.564800,0.410352,0.000000,-0.554403,0.472849,0.002696,0.998300,0.022043,-0.053940,0.001191,0.009385,0.046047,-0.002034,-0.390800,-0.247192,-0.041630,23.684500,23.684500,23.683891,0.502971,1.611567,0.452163,-0.079574,0.978952
24.400000,1,0,0,2.400000,9.810000,0.900000,30.000000,60.000000,6.000000,-0.440807,0.829038,1.500000,-0.338233,0.797869,1.501477,-0.578777,0.390390,0.000000,-0.571515,0.454193,0.001856,0.998358,0.022267,-0.052766,0.001177,0.008449,0.047898,-0.002138,-0.356339,-0.284411,-0.029314,23.683891,23.683891,23.683414,0.502961,1.638832,0.373350,-0.054878,0.978514
24.450000,1,0,0,2.400000,9.810000,0.900000,30.000000,60.000000,6.000000,-0.470081,0.848048,1.500000,-0.367221,0.820096,1.501549,-0.592049,0.369953,0.000000,-0.587866,0.434774,0.001039,0.998417,0.022468,-0.051548,0.001160,0.007609,0.049539,-0.002231,-0.366464,-0.290344,-0.015337,23.683414,23.683414,23.683102,0.502954,1.557038,0.368580,-0.026449,0.978030
24.500000,1,0,0,2.400000,9.810000,0.900000,30.000000,60.000000,6.000000,-0.500000,0.866025,1.500000,-0.397007,0.841334,1.501581,-0.604600,0.349066,0.000000,-0.603424,0.414611,0.000251,0.998477,0.022650,-0.050291,0.001141,0.006864,0.050962,-0.002313,-0.329763,-0.332075,0.004568,23.683102,23.683102,23.682983,0.502952,1.585832,0.276961,0.015961,0.977505
24.550000,1,0,0,2.400000,9.810000,0.900000,30.000000,60.000000,6.000000,-0.530528,0.882948,1.500000,-0.427550,0.861545,1.501575,-0.616414,0.327753,0.000000,-0.618160,0.393726,-0.000502,0.998537,0.022815,-0.049002,0.001120,0.006209,0.052162,-0.002385,-0.305819,-0.366896,0.011050,23.682983,23.682983,23.683081,0.502954,1.582472,0.201109,0.025927,0.976939
24.600000,1,0,0,2.400000,9.810000,0.900000,30.000000,60.000000,6.000000,-0.561629,0.898794,1.500000,-0.458809,0.880695,1.501531,-0.627477,0.306041,0.000000,-0.632044,0.372142,-0.001215,0.998598,0.022964,-0.047686,0.001097,0.005639,0.053133,-0.002445,-0.281210,-0.399427,0.018402,23.683081,23.683081,23.683419,0.502961,1.579439,0.130039,0.037770,0.976337
24.650000,1,0,0,2.400000,9.810000,0.900000,30.000000,60.000000,6.000000,-0.593263,0.913545,1.500000,-0.490740,0.898748,1.501454,-0.637775,0.283956,0.000000,-0.645050,0.349889,-0.001883,0.998658,0.023100,-0.046348,0.001072,0.005146,0.053873,-0.002494,-0.260784,-0.419006,0.046319,23.683419,23.683419,23.684011,0.502973,1.565366,0.089438,0.098773,0.975700
24.700000,1,0,0,2.400000,9.810000,0.900000,30.000000,60.000000,6.000000,-0.625393,0.927184,1.500000,-0.523299,0.915673,1.501344,-0.647296,0.261525,0.000000,-0.657153,0.326997,-0.002503,0.998717,0.023224,-0.044995,0.001046,0.004721,0.054381,-0.002531,-0.256500,-0.428173,0.024071,23.684011,23.684011,23.684869,0.502992,1.511825,0.073293,0.039206,0.975034
24.750000,1,0,0,2.400000,9.810000,0.900000,30.000000,60.000000,6.000000,-0.657980,0.939693,1.500000,-0.556440,0.931438,1.501204,-0.656029,0.238775,0.000000,-0.668331,0.303501,-0.003069,0.998775,0.023339,-0.043631,0.001020,0.004354,0.054659,-0.002556,-0.227022,-0.462491,0.047260,23.684869,23.684869,23.686000,0.503016,1.518293,-0.003667,0.088536,0.974340
24.800000,1,0,0,2.400000,9.810000,0.900000,30.000000,60.000000,6.000000,-0.690983,0.951057,1.500000,-0.590116,0.946014,1.501038,-0.663963,0.215735,0.000000,-0.678562,0.279438,-0.003578,0.998831,0.023445,-0.042264,0.000992,0.004033,0.054708,-0.002570,-0.132906,-0.459810,0.060528,23.686000,23.686000,23.687406,0.503045,1.679705,0.007777,0.113923,0.973622
24.850000,1,0,0,2.400000,9.810000,0.900000,30.000000,60.000000,6.000000,-0.724363,0.961262,1.500000,-0.624280,0.959373,1.500848,-0.671087,0.192431,0.000000,-0.687829,0.254849,-0.004027,0.998885,0.023543,-0.040898,0.000964,0.003746,0.054535,-0.002572,-0.093229,-0.437691,0.045607,23.687406,23.687406,23.689083,0.503081,1.710541,0.065527,0.071550,0.972885
24.900000,1,0,0,2.400000,9.810000,0.900000,30.000000,60.000000,6.000000,-0.758078,0.970296,1.500000,-0.658882,0.971491,1.500636,-0.677394,0.168893,0.000000,-0.696115,0.229775,-0.004413,0.998938,0.023635,-0.039539,0.000935,0.003479,0.054145,-0.002564,-0.063621,-0.477364,0.004605,23.689083,23.689083,23.691021,0.503122,1.717544,-0.025336,-0.033499,0.972131
24.950000,1,0,0,2.400000,9.810000,0.900000,30.000000,60.000000,6.000000,-0.792088,0.978148,1.500000,-0.693875,0.982343,1.500407,-0.682876,0.145150,0.000000,-0.703408,0.204264,-0.004733,0.998988,0.023720,-0.038192,0.000907,0.003218,0.053547,-0.002544,-0.065989,-0.482116,0.035093,23.691021,23.691021,23.693207,0.503169,1.648389,-0.032687,0.032973,0.971364
25.000000,1,0,0,2.400000,9.810000,0.900000,30.000000,60.000000,6.000000,-0.826352,0.984808,1.500000,-0.729207,0.991910,1.500164,-0.687526,0.121229,0.000000,-0.709697,0.178361,-0.004985,0.999037,0.023798,-0.036863,0.000878,0.002948,0.052750,-0.002515,-0.041181,-0.488567,0.013283,23.693207,23.693207,23.695622,0.503220,1.645277,-0.044416,-0.026100,0.970589
25.050000,1,0,0,2.400000,9.810000,0.900000,30.000000,60.000000,6.000000,-0.860827,0.990268,1.500000,-0.764828,1.000174,1.499910,-0.691338,0.097161,0.000000,-0.714972,0.152117,-0.005169,0.999082,0.023869,-0.035555,0.000849,0.002655,0.051767,-0.002475,-0.083574,-0.513265,0.000159,23.695622,23.695622,23.698245,0.503276,1.481929,-0.100257,-0.064330,0.969809
25.100000,1,0,0,2.400000,9.810000,0.900000,30.000000,60.000000,6.000000,-0.895472,0.994522,1.500000,-0.800687,1.007117,1.499648,-0.694307,0.072975,0.000000,-0.719229,0.125584,-0.005282,0.999126,0.023932,-0.034275,0.000821,0.002324,0.050608,-0.002426,-0.075829,-0.548267,0.011265,23.698245,23.698245,23.701046,0.503335,1.440172,-0.181184,-0.044381,0.969027
25.150000,1,0,0,2.400000,9.810000,0.900000,30.000000,60.000000,6.000000,-0.930244,0.997564,1.500000,-0.836733,1.012728,1.499383,-0.696431,0.048699,0.000000,-0.722463,0.098814,-0.005325,0.999166,0.023987,-0.033026,0.000793,0.001941,0.049290,-0.002368,-0.062451,-0.537292,-0.004168,23.701046,23.701046,23.703997,0.503398,1.413390,-0.152181,-0.088076,0.968248
25.200000,1,0,0,2.400000,9.810000,0.900000,30.000000,60.000000,6.000000,-0.965101,0.999391,1.500000,-0.872916,1.016996,1.499117,-0.697706,0.024364,0.000000,-0.724674,0.071862,-0.005298,0.999205,0.024031,-0.031811,0.000765,0.001492,0.047825,-0.002302,-0.023471,-0.543330,-0.036514,23.703997,23.703997,23.707063,0.503463,1.449688,-0.164490,-0.172281,0.967474
25.250000,1,0,0,2.400000,9.810000,0.900000,30.000000,60.000000,6.000000,-1.000000,1.000000,1.500000,-0.909184,1.019912,1.498854,-0.698132,0.000000,0.000000,-0.725862,0.044782,-0.005202,0.999241,0.024063,-0.030634,0.000738,0.000964,0.046231,-0.002228,0.000401,-0.509561,0.009830,23.707063,23.707063,23.710209,0.503530,1.451521,-0.081836,-0.067521,0.966711
25.300000,1,0,0,2.400000,9.810000,0.900000,30.000000,60.000000,6.000000,-1.034899,0.999391,1.500000,-0.945485,1.021473,1.498598,-0.697706,-0.024364,0.000000,-0.726033,0.017630,-0.005037,0.999274,0.024080,-0.029499,0.000711,0.000345,0.044524,-0.002147,0.065105,-0.495997,-0.001272,23.710209,23.710209,23.713395,0.503597,1.553292,-0.048346,-0.100500,0.965961
25.350000,1,0,0,2.400000,9.810000,0.900000,30.000000,60.000000,6.000000,-1.069756,0.997564,1.500000,-0.981770,1.021675,1.498352,-0.696431,-0.048699,0.000000,-0.725192,-0.009537,-0.004806,0.999306,0.024081,-0.028408,0.000685,-0.000375,0.042722,-0.002060,0.070722,-0.494908,0.019042,23.713395,23.713395,23.716582,0.503665,1.515317,-0.045586,-0.057918,0.965228
25.400000,1,0,0,2.400000,9.810000,0.900000,30.000000,60.000000,6.000000,-1.104528,0.994522,1.500000,-1.017988,1.020520,1.498119,-0.694307,-0.072975,0.000000,-0.723348,-0.036664,-0.004510,0.999336,0.024062,-0.027363,0.000659,-0.001206,0.040843,-0.001968,0.082293,-0.464140,0.024366,23.716582,23.716582,23.719729,0.503732,1.493795,0.027485,-0.051127,0.964515
25.450000,1,0,0,2.400000,9.810000,0.900000,30.000000,60.000000,6.000000,-1.139173,0.990268,1.500000,-1.054089,1.018010,1.497902,-0.691338,-0.097161,0.000000,-0.720512,-0.063695,-0.004152,0.999364,0.024021,-0.026365,0.000634,-0.002156,0.038903,-0.001871,0.084839,-0.489447,0.039310,23.719729,23.719729,23.722796,0.503797,1.452857,-0.035081,-0.021037,0.963826
25.500000,1,0,0,2.400000,9.810000,0.900000,30.000000,60.000000,6.000000,-1.173648,0.984808,1.500000,-1.090023,1.014153,1.497704,-0.687526,-0.121229,0.000000,-0.716698,-0.090575,-0.003735,0.999390,0.023954,-0.025417,0.000609,-0.003230,0.036923,-0.001771,0.072042,-0.460837,0.046005,23.722796,23.722796,23.725742,0.503860,1.377399,0.030552,-0.010509,0.963163
25.550000,1,0,0,2.400000,9.810000,0.900000,30.000000,60.000000,6.000000,-1.207912,0.978148,1.500000,-1.125742,1.008956,1.497529,-0.682876,-0.145150,0.000000,-0.711919,-0.117250,-0.003263,0.999414,0.023859,-0.024519,0.000585,-0.004432,0.034920,-0.001668,0.095313,-0.441916,0.057982,23.725742,23.725742,23.728527,0.503919,1.390849,0.071579,0.012952,0.962530
25.600000,1,0,0,2.400000,9.810000,0.900000,30.000000,60.000000,6.000000,-1.241922,0.970296,1.500000,-1.161199,1.002432,1.497379,-0.677394,-0.168893,0.000000,-0.706194,-0.143667,-0.002740,0.999438,0.023733,-0.023670,0.000562,-0.005765,0.032912,-0.001564,0.124743,-0.474117,0.062930,23.728527,23.728527,23.731114,0.503974,1.421439,-0.011599,0.019823,0.961928
25.650000,1,0,0,2.400000,9.810000,0.900000,30.000000,60.000000,6.000000,-1.275637,0.961262,1.500000,-1.196346,0.994595,1.497256,-0.671087,-0.192431,0.000000,-0.699542,-0.169775,-0.002169,0.999460,0.023571,-0.022872,0.000539,-0.007228,0.030917,-0.001459,0.150291,-0.500407,0.043407,23.731114,23.731114,23.733465,0.504024,1.445068,-0.082260,-0.031738,0.961362
25.700000,1,0,0,2.400000,9.810000,0.900000,30.000000,60.000000,6.000000,-1.309017,0.951057,1.500000,-1.231138,0.985461,1.497163,-0.663963,-0.215735,0.000000,-0.691983,-0.195525,-0.001556,0.999482,0.023371,-0.022123,0.000517,-0.008820,0.028952,-0.001355,0.172190,-0.541620,0.043663,23.733465,23.733465,23.735548,0.504068,1.462271,-0.190559,-0.035513,0.960832
25.750000,1,0,0,2.400000,9.810000,0.900000,30.000000,60.000000,6.000000,-1.342020,0.939693,1.500000,-1.265530,0.975049,1.497101,-0.656029,-0.238775,0.000000,-0.683539,-0.220869,-0.000906,0.999503,0.023130,-0.021423,0.000496,-0.010536,0.027032,-0.001252,0.224758,-0.487117,0.005600,23.735548,23.735548,23.737332,0.504106,1.555366,-0.071117,-0.130923,0.960342
25.800000,1,0,0,2.400000,9.810000,0.900000,30.000000,60.000000,6.000000,-1.374607,0.927184,1.500000,-1.299478,0.963381,1.497073,-0.647296,-0.261525,0.000000,-0.674235,-0.245761,-0.000224,0.999523,0.022844,-0.020771,0.000475,-0.012371,0.025175,-0.001151,0.202677,-0.468725,0.019222,23.737332,23.737332,23.738790,0.504137,1.471526,-0.040461,-0.101943,0.959892
25.850000,1,0,0,2.400000,9.810000,0.900000,30.000000,60.000000,6.000000,-1.406737,0.913545,1.500000,-1.332939,0.950481,1.497079,-0.637775,-0.283956,0.000000,-0.664096,-0.270160,0.000484,0.999543,0.022511,-0.020164,0.000454,-0.014315,0.023394,-0.001054,0.220187,-0.469962,0.007735,23.738790,23.738790,23.739899,0.504160,1.484849,-0.059174,-0.132862,0.959485
25.900000,1,0,0,2.400000,9.810000,0.900000,30.000000,60.000000,6.000000,-1.438371,0.898794,1.500000,-1.365874,0.936374,1.497121,-0.627477,-0.306041,0.000000,-0.653147,-0.294026,0.001214,0.999563,0.022129,-0.019600,0.000434,-0.016360,0.021702,-0.000961,0.231583,-0.468941,0.049236,23.739899,23.739899,23.740640,0.504176,1.485543,-0.074850,-0.036242,0.959122
25.950000,1,0,0,2.400000,9.810000,0.900000,30.000000,60.000000,6.000000,-1.469472,0.882948,1.500000,-1.398241,0.921088,1.497201,-0.616414,-0.327753,0.000000,-0.641417,-0.317320,0.001959,0.999583,0.021694,-0.019077,0.000414,-0.018492,0.020113,-0.000873,0.291368,-0.469926,0.031240,23.740640,23.740640,23.740998,0.504184,1.604302,-0.097839,-0.082037,0.958804
26.000000,1,0,0,2.400000,9.810000,0.900000,30.000000,60.000000,6.000000,-1.500000,0.866025,1.500000,-1.430003,0.904652,1.497317,-0.604600,-0.349066,0.000000,-0.628934,-0.340010,0.002712,0.999602,0.021204,-0.018593,0.000394,-0.020699,0.018636,-0.000791,0.311827,-0.433838,0.062271,23.740998,23.740998,23.740963,0.504183,1.630485,-0.034446,-0.009785,0.958532
26.050000,1,0,0,2.400000,9.810000,0.900000,30.000000,60.000000,6.000000,-1.529919,0.848048,1.500000,-1.461122,0.887098,1.497472,-0.592049,-0.369953,0.000000,-0.615727,-0.362064,0.003469,0.999622,0.020659,-0.018145,0.000375,-0.022964,0.017282,-0.000715,0.329713,-0.427490,0.067827,23.740963,23.740963,23.740529,0.504174,1.652158,-0.045098,0.001718,0.958307
26.100000,1,0,0,2.400000,9.810000,0.900000,30.000000,60.000000,6.000000,-1.559193,0.829038,1.500000,-1.491564,0.868457,1.497664,-0.578777,-0.390390,0.000000,-0.601825,-0.383453,0.004222,0.999642,0.020056,-0.017728,0.000356,-0.025272,0.016059,-0.000645,0.377875,-0.446906,0.062441,23.740529,23.740529,23.739697,0.504156,1.748011,-0.120317,-0.012648,0.958128
26.150000,1,0,0,2.400000,9.810000,0.900000,30.000000,60.000000,6.000000,-1.587785,0.809017,1.500000,-1.521294,0.848764,1.497894,-0.564800,-0.410352,0.000000,-0.587259,-0.404155,0.004966,0.999661,0.019396,-0.017341,0.000336,-0.027604,0.014974,-0.000581,0.371243,-0.429573,0.030141,23.739697,23.739697,23.738470,0.504130,1.713715,-0.110105,-0.091220,0.957996
26.200000,1,0,0,2.400000,9.810000,0.900000,30.000000,60.000000,6.000000,-1.615661,0.788011,1.500000,-1.550279,0.828053,1.498161,-0.550135,-0.429813,0.000000,-0.572058,-0.424147,0.005695,0.999681,0.018677,-0.016978,0.000317,-0.029941,0.014031,-0.000524,0.378632,-0.414826,0.054001,23.738470,23.738470,23.736856,0.504096,1.714263,-0.108886,-0.034621,0.957911
26.250000,1,0,0,2.400000,9.810000,0.900000,30.000000,60.000000,6.000000,-1.642788,0.766044,1.500000,-1.578490,0.806361,1.498463,-0.534800,-0.448750,0.000000,-0.556254,-0.443410,0.006403,0.999701,0.017900,-0.016638,0.000298,-0.032265,0.013233,-0.000474,0.349818,-0.418768,0.066909,23.736856,23.736856,23.734869,0.504053,1.628945,-0.155300,-0.003922,0.957872
26.300000,1,0,0,2.400000,9.810000,0.900000,30.000000,60.000000,6.000000,-1.669131,0.743145,1.500000,-1.605895,0.783724,1.498800,-0.518813,-0.467141,0.000000,-0.539877,-0.461930,0.007083,0.999721,0.017065,-0.016316,0.000279,-0.034555,0.012584,-0.000430,0.378419,-0.393808,0.069690,23.734869,23.734869,23.732526,0.504004,1.682271,-0.135097,0.002848,0.957879
26.350000,1,0,0,2.400000,9.810000,0.900000,30.000000,60.000000,6.000000,-1.694658,0.719340,1.500000,-1.632468,0.760181,1.499171,-0.502194,-0.484963,0.000000,-0.522958,-0.479695,0.007732,0.999741,0.016173,-0.016008,0.000259,-0.036791,0.012082,-0.000391,0.412423,-0.347832,0.077145,23.732526,23.732526,23.729848,0.503947,1.749236,-0.067147,0.021201,0.957930
26.400000,1,0,0,2.400000,9.810000,0.900000,30.000000,60.000000,6.000000,-1.719340,0.694658,1.500000,-1.658183,0.735768,1.499573,-0.484963,-0.502194,0.000000,-0.505526,-0.496696,0.008342,0.999761,0.015226,-0.015711,0.000239,-0.038952,0.011726,-0.000357,0.421683,-0.348116,0.036170,23.729848,23.729848,23.726858,0.503883,1.757317,-0.112836,-0.076323,0.958024
26.450000,1,0,0,2.400000,9.810000,0.900000,30.000000,60.000000,6.000000,-1.743145,0.669131,1.500000,-1.683013,0.710524,1.500004,-0.467141,-0.518813,0.000000,-0.487611,-0.512926,0.008909,0.999780,0.014227,-0.015421,0.000219,-0.041019,0.011514,-0.000328,0.415510,-0.327910,0.042965,23.726858,23.726858,23.723584,0.503814,1.728687,-0.111860,-0.058852,0.958160
26.500000,1,0,0,2.400000,9.810000,0.900000,30.000000,60.000000,6.000000,-1.766044,0.642788,1.500000,-1.706936,0.684488,1.500463,-0.448750,-0.534800,0.000000,-0.469243,-0.528383,0.009428,0.999799,0.013177,-0.015134,0.000199,-0.042973,0.011441,-0.000302,0.409883,-0.321425,0.049889,23.723584,23.723584,23.720057,0.503739,1.701528,-0.146196,-0.040744,0.958335
26.550000,1,0,0,2.400000,9.810000,0.900000,30.000000,60.000000,6.000000,-1.788011,0.615661,1.500000,-1.729930,0.657699,1.500946,-0.429813,-0.550135,0.000000,-0.450452,-0.543065,0.009895,0.999817,0.012080,-0.014848,0.000179,-0.044795,0.011501,-0.000278,0.405040,-0.286000,0.017631,23.720057,23.720057,23.716307,0.503659,1.676252,-0.113313,-0.116360,0.958549
26.600000,1,0,0,2.400000,9.810000,0.900000,30.000000,60.000000,6.000000,-1.809017,0.587785,1.500000,-1.751975,0.630194,1.501452,-0.410352,-0.564800,0.000000,-0.431264,-0.556974,0.010306,0.999834,0.010939,-0.014559,0.000159,-0.046468,0.011685,-0.000256,0.406513,-0.240084,0.012761,23.716307,23.716307,23.712368,0.503576,1.665984,-0.057317,-0.125950,0.958798
26.650000,1,0,0,2.400000,9.810000,0.900000,30.000000,60.000000,6.000000,-1.829038,0.559193,1.500000,-1.773051,0.602014,1.501976,-0.390390,-0.578777,0.000000,-0.411707,-0.570114,0.010656,0.999851,0.009758,-0.014263,0.000139,-0.047976,0.011986,-0.000234,0.397054,-0.214339,-0.019800,23.712368,23.712368,23.708274,0.503489,1.629186,-0.051607,-0.201723,0.959080
26.700000,1,0,0,2.400000,9.810000,0.900000,30.000000,60.000000,6.000000,-1.848048,0.529919,1.500000,-1.793140,0.573196,1.502516,-0.369953,-0.592049,0.000000,-0.391808,-0.582490,0.010943,0.999866,0.008542,-0.013959,0.000119,-0.049304,0.012393,-0.000212,0.406240,-0.196478,-0.023655,23.708274,23.708274,23.704061,0.503399,1.636710,-0.066487,-0.208348,0.959393
26.750000,1,0,0,2.400000,9.810000,0.900000,30.000000,60.000000,6.000000,-1.866025,0.500000,1.500000,-1.812226,0.543778,1.503069,-0.349066,-0.604600,0.000000,-0.371594,-0.594110,0.011164,0.999880,0.007295,-0.013643,0.000100,-0.050441,0.012895,-0.000188,0.428006,-0.177678,-0.032063,23.704061,23.704061,23.699762,0.503308,1.673885,-0.080562,-0.225665,0.959733
26.800000,1,0,0,2.400000,9.810000,0.900000,30.000000,60.000000,6.000000,-1.882948,0.469472,1.500000,-1.830294,0.513797,1.503631,-0.327753,-0.616414,0.000000,-0.351088,-0.604983,0.011316,0.999893,0.006022,-0.013313,0.000080,-0.051376,0.013479,-0.000162,0.413074,-0.164895,-0.035021,23.699762,23.699762,23.695412,0.503216,1.622340,-0.110286,-0.229693,0.960098
26.850000,1,0,0,2.400000,9.810000,0.900000,30.000000,60.000000,6.000000,-1.898794,0.438371,1.500000,-1.847330,0.483292,1.504200,-0.306041,-0.627477,0.000000,-0.330316,-0.615118,0.011398,0.999905,0.004728,-0.012969,0.000061,-0.052101,0.014133,-0.000134,0.416394,-0.134005,-0.011852,23.695412,23.695412,23.691044,0.503123,1.613863,-0.097518,-0.170827,0.960485
26.900000,1,0,0,2.400000,9.810000,0.900000,30.000000,60.000000,6.000000,-1.913545,0.406737,1.500000,-1.863322,0.452297,1.504770,-0.283956,-0.637775,0.000000,-0.309299,-0.624526,0.011408,0.999915,0.003419,-0.012607,0.000043,-0.052608,0.014841,-0.000101,0.452484,-0.122839,-0.029856,23.691044,23.691044,23.686690,0.503030,1.683230,-0.132797,-0.210615,0.960890
26.950000,1,0,0,2.400000,9.810000,0.900000,30.000000,60.000000,6.000000,-1.927184,0.374607,1.500000,-1.878257,0.420851,1.505339,-0.261525,-0.647296,0.000000,-0.288061,-0.633220,0.011346,0.999923,0.002100,-0.012226,0.000026,-0.052896,0.015590,-0.000065,0.433820,-0.125686,-0.034815,23.686690,23.686690,23.682381,0.502939,1.620322,-0.202157,-0.218956,0.961310
27.000000,1,0,0,2.400000,9.810000,0.900000,30.000000,60.000000,6.000000,-1.939693,0.342020,1.500000,-1.892125,0.388987,1.505903,-0.238775,-0.656029,0.000000,-0.266621,-0.641211,0.011210,0.999930,0.000776,-0.011827,0.000009,-0.052963,0.016364,-0.000025,0.482728,-0.142634,-0.029497,23.682381,23.682381,23.678143,0.502849,1.718690,-0.305549,-0.202520,0.961741
27.050000,1,0,0,2.400000,9.810000,0.900000,30.000000,60.000000,6.000000,-1.951057,0.309017,1.500000,-1.904916,0.356741,1.506459,-0.215735,-0.663963,0.000000,-0.245002,-0.648511,0.011002,0.999935,-0.000546,-0.011408,-0.000006,-0.052811,0.017146,0.000019,0.456329,-0.143024,-0.047592,23.678143,23.678143,23.674004,0.502761,1.635402,-0.369125,-0.242188,0.962181
27.100000,1,0,0,2.400000,9.810000,0.900000,30.000000,60.000000,6.000000,-1.961262,0.275637,1.500000,-1.916622,0.324147,1.507002,-0.192431,-0.671087,0.000000,-0.223222,-0.655133,0.010721,0.999938,-0.001862,-0.010970,-0.000020,-0.052443,0.017923,0.000067,0.431249,-0.132819,-0.050849,23.674004,23.674004,23.669986,0.502676,1.554359,-0.406943,-0.246180,0.962624
27.150000,1,0,0,2.400000,9.810000,0.900000,30.000000,60.000000,6.000000,-1.970296,0.241922,1.500000,-1.927236,0.291239,1.507530,-0.168893,-0.677394,0.000000,-0.201299,-0.661087,0.010370,0.999940,-0.003166,-0.010512,-0.000033,-0.051866,0.018677,0.000118,0.398146,-0.141417,-0.016478,23.669986,23.669986,23.666112,0.502593,1.453162,-0.489309,-0.159828,0.963069
27.200000,1,0,0,2.400000,9.810000,0.900000,30.000000,60.000000,6.000000,-1.978148,0.207912,1.500000,-1.936750,0.258050,1.508038,-0.145150,-0.682876,0.000000,-0.179250,-0.666386,0.009950,0.999940,-0.004454,-0.010036,-0.000045,-0.051090,0.019393,0.000173,0.385470,-0.117153,0.017207,23.666112,23.666112,23.662398,0.502514,1.400124,-0.491983,-0.075109,0.963510
27.250000,1,0,0,2.400000,9.810000,0.900000,30.000000,60.000000,6.000000,-1.984808,0.173648,1.500000,-1.945159,0.224611,1.508524,-0.121229,-0.687526,0.000000,-0.157094,-0.671040,0.009462,0.999938,-0.005719,-0.009543,-0.000055,-0.050126,0.020056,0.000229,0.420474,-0.123123,0.024053,23.662398,23.662398,23.658862,0.502439,1.460709,-0.566167,-0.054814,0.963944
27.300000,1,0,0,2.400000,9.810000,0.900000,30.000000,60.000000,6.000000,-1.990268,0.139173,1.500000,-1.952458,0.190956,1.508983,-0.097161,-0.691338,0.000000,-0.134846,-0.675058,0.008911,0.999935,-0.006958,-0.009034,-0.000063,-0.048986,0.020650,0.000287,0.394049,-0.094220,0.005811,23.658862,23.658862,23.655516,0.502368,1.373128,-0.555392,-0.094762,0.964367
27.350000,1,0,0,2.400000,9.810000,0.900000,30.000000,60.000000,6.000000,-1.994522,0.104528,1.500000,-1.958642,0.157116,1.509414,-0.072975,-0.694307,0.000000,-0.112522,-0.678449,0.008298,0.999930,-0.008167,-0.008511,-0.000070,-0.047689,0.021161,0.000346,0.383351,-0.084811,-0.001783,23.655516,23.655516,23.652372,0.502301,1.322645,-0.589945,-0.109214,0.964777
27.400000,1,0,0,2.400000,9.810000,0.900000,30.000000,60.000000,6.000000,-1.997564,0.069756,1.500000,-1.963709,0.123122,1.509812,-0.048699,-0.696431,0.000000,-0.090135,-0.681219,0.007629,0.999925,-0.009342,-0.007976,-0.000075,-0.046250,0.021575,0.000403,0.411500,-0.060725,-0.009884,23.652372,23.652372,23.649439,0.502239,1.364858,-0.587638,-0.124957,0.965168
27.450000,1,0,0,2.400000,9.810000,0.900000,30.000000,60.000000,6.000000,-1.999391,0.034899,1.500000,-1.967655,0.089004,1.510176,-0.024364,-0.697706,0.000000,-0.067702,-0.683374,0.006905,0.999917,-0.010479,-0.007433,-0.000078,-0.044689,0.021879,0.000459,0.416301,-0.072540,-0.005275,23.649439,23.649439,23.646723,0.502182,1.350616,-0.669706,-0.110294,0.965539
27.500000,1,0,0,2.400000,9.810000,0.900000,30.000000,60.000000,6.000000,-2.000000,0.000000,1.500000,-1.970478,0.054794,1.510502,-0.000000,-0.698132,0.000000,-0.045235,-0.684919,0.006133,0.999909,-0.011575,-0.006883,-0.000080,-0.043026,0.022062,0.000511,0.429993,-0.074805,-0.004048,23.646723,23.646723,23.644229,0.502129,1.357433,-0.726937,-0.103861,0.965884
27.550000,1,0,0,2.400000,9.810000,0.900000,30.000000,60.000000,6.000000,-1.999391,-0.034899,1.500000,-1.972178,0.020522,1.510788,0.024364,-0.697706,0.000000,-0.022749,-0.685856,0.005316,0.999900,-0.012629,-0.006330,-0.000080,-0.041284,0.022113,0.000559,0.458738,-0.061535,-0.017323,23.644229,23.644229,23.641960,0.502080,1.400247,-0.744859,-0.132367,0.966201
27.600000,1,0,0,2.400000,9.810000,0.900000,30.000000,60.000000,6.000000,-1.997564,-0.069756,1.500000,-1.972753,-0.013781,1.511033,0.048699,-0.696431,0.000000,-0.000257,-0.686186,0.004460,0.999890,-0.013639,-0.005778,-0.000079,-0.039485,0.022022,0.000601,0.476653,-0.073170,-0.034423,23.641960,23.641960,23.639916,0.502037,1.417102,-0.820451,-0.170200,0.966487
27.650000,1,0,0,2.400000,9.810000,0.900000,30.000000,60.000000,6.000000,-1.994522,-0.104528,1.500000,-1.972204,-0.048086,1.511234,0.072975,-0.694307,0.000000,0.022228,-0.685908,0.003571,0.999880,-0.014603,-0.005230,-0.000076,-0.037652,0.021781,0.000636,0.459764,-0.072035,-0.025365,23.639916,23.639916,23.638099,0.501998,1.350630,-0.863243,-0.145416,0.966739
27.700000,1,0,0,2.400000,9.810000,0.900000,30.000000,60.000000,6.000000,-1.990268,-0.139173,1.500000,-1.970531,-0.082362,1.511390,0.097161,-0.691338,0.000000,0.044692,-0.685020,0.002653,0.999869,-0.015521,-0.004690,-0.000073,-0.035808,0.021383,0.000664,0.432467,-0.065303,-0.045067,23.638099,23.638099,23.636505,0.501965,1.259565,-0.890426,-0.189830,0.966954
27.750000,1,0,0,2.400000,9.810000,0.900000,30.000000,60.000000,6.000000,-1.984808,-0.173648,1.500000,-1.967735,-0.116578,1.511499,0.121229,-0.687526,0.000000,0.067122,-0.683518,0.001713,0.999857,-0.016393,-0.004162,-0.000068,-0.033977,0.020823,0.000683,0.434331,0.002433,-0.055393,23.636505,23.636505,23.635134,0.501935,1.239056,-0.769023,-0.211925,0.967128
27.800000,1,0,0,2.400000,9.810000,0.900000,30.000000,60.000000,6.000000,-1.978148,-0.207912,1.500000,-1.963819,-0.150703,1.511561,0.145150,-0.682876,0.000000,0.089503,-0.681396,0.000756,0.999845,-0.017220,-0.003650,-0.000063,-0.032180,0.020098,0.000692,0.443996,0.012992,-0.055994,23.635134,23.635134,23.633981,0.501911,1.238036,-0.782701,-0.210873,0.967260
27.850000,1,0,0,2.400000,9.810000,0.900000,30.000000,60.000000,6.000000,-1.970296,-0.241922,1.500000,-1.958786,-0.184707,1.511574,0.168893,-0.677394,0.000000,0.111823,-0.678647,-0.000212,0.999833,-0.018003,-0.003158,-0.000057,-0.030441,0.019205,0.000692,0.415916,0.043605,-0.061915,23.633981,23.633981,23.633041,0.501891,1.147387,-0.746159,-0.222787,0.967347
27.900000,1,0,0,2.400000,9.810000,0.900000,30.000000,60.000000,6.000000,-1.961262,-0.275637,1.500000,-1.952638,-0.218558,1.511539,0.192431,-0.671087,0.000000,0.134067,-0.675263,-0.001183,0.999821,-0.018743,-0.002690,-0.000050,-0.028779,0.018143,0.000680,0.416761,0.065205,-0.052293,23.633041,23.633041,23.632311,0.501875,1.127319,-0.729243,-0.197598,0.967387
27.950000,1,0,0,2.400000,9.810000,0.900000,30.000000,60.000000,6.000000,-1.951057,-0.309017,1.500000,-1.945381,-0.252223,1.511456,0.215735,-0.663963,0.000000,0.156220,-0.671234,-0.002153,0.999808,-0.019442,-0.002251,-0.000044,-0.027215,0.016914,0.000658,0.433084,0.071632,-0.037645,23.632311,23.632311,23.631783,0.501864,1.145756,-0.746837,-0.160553,0.967379
28.000000,1,0,0,2.400000,9.810000,0.900000,30.000000,60.000000,6.000000,-1.939693,-0.342020,1.500000,-1.937018,-0.285670,1.511324,0.238775,-0.656029,0.000000,0.178266,-0.666550,-0.003114,0.999796,-0.020104,-0.001845,-0.000037,-0.025765,0.015521,0.000624,0.446052,0.069692,-0.015908,23.631783,23.631783,23.631453,0.501857,1.157694,-0.782735,-0.106700,0.967320
28.050000,1,0,0,2.400000,9.810000,0.900000,30.000000,60.000000,6.000000,-1.927184,-0.374607,1.500000,-1.927556,-0.318867,1.511145,0.261525,-0.647296,0.000000,0.200191,-0.661198,-0.004062,0.999784,-0.020731,-0.001476,-0.000031,-0.024447,0.013967,0.000579,0.411254,0.083155,-0.030550,23.631453,23.631453,23.631312,0.501854,1.056737,-0.780037,-0.140356,0.967209
28.100000,1,0,0,2.400000,9.810000,0.900000,30.000000,60.000000,6.000000,-1.913545,-0.406737,1.500000,-1.917001,-0.351779,1.510918,0.283956,-0.637775,0.000000,0.221976,-0.655167,-0.004989,0.999772,-0.021327,-0.001148,-0.000024,-0.023274,0.012259,0.000523,0.389492,0.106917,-0.014235,23.631312,23.631312,23.631355,0.501855,0.988995,-0.751157,-0.099916,0.967045
28.150000,1,0,0,2.400000,9.810000,0.900000,30.000000,60.000000,6.000000,-1.898794,-0.438371,1.500000,-1.905361,-0.384372,1.510646,0.306041,-0.627477,0.000000,0.243605,-0.648444,-0.005890,0.999760,-0.021896,-0.000864,-0.000019,-0.022257,0.010404,0.000456,0.351920,0.130078,-0.034380,23.631355,23.631355,23.631574,0.501860,0.885417,-0.722428,-0.147172,0.966827
28.200000,1,0,0,2.400000,9.810000,0.900000,30.000000,60.000000,6.000000,-1.882948,-0.469472,1.500000,-1.892644,-0.416611,1.510330,0.327753,-0.616414,0.000000,0.265060,-0.641017,-0.006759,0.999748,-0.022441,-0.000628,-0.000014,-0.021404,0.008411,0.000378,0.368901,0.144430,-0.029483,23.631574,23.631574,23.631963,0.501868,0.915040,-0.713746,-0.134513,0.966555
28.250000,1,0,0,2.400000,9.810000,0.900000,30.000000,60.000000,6.000000,-1.866025,-0.500000,1.500000,-1.878859,-0.448462,1.509971,0.349066,-0.604600,0.000000,0.286321,-0.632871,-0.007590,0.999736,-0.022967,-0.000444,-0.000010,-0.020724,0.006290,0.000289,0.337057,0.181476,-0.016192,23.631963,23.631963,23.632513,0.501880,0.829915,-0.649701,-0.101882,0.966228
28.300000,1,0,0,2.400000,9.810000,0.900000,30.000000,60.000000,6.000000,-1.848048,-0.529919,1.500000,-1.864015,-0.479886,1.509572,0.369953,-0.592049,0.000000,0.307368,-0.623995,-0.008379,0.999724,-0.023479,-0.000315,-0.000007,-0.020218,0.004052,0.000190,0.329782,0.225856,-0.017610,23.632513,23.632513,23.633217,0.501895,0.806333,-0.567359,-0.104716,0.965846
28.350000,1,0,0,2.400000,9.810000,0.900000,30.000000,60.000000,6.000000,-1.829038,-0.559193,1.500000,-1.848126,-0.510849,1.509134,0.390390,-0.578777,0.000000,0.328181,-0.614376,-0.009121,0.999712,-0.023979,-0.000242,-0.000006,-0.019887,0.001711,0.000082,0.274096,0.203681,-0.035218,23.633217,23.633217,23.634069,0.501913,0.669274,-0.644263,-0.146559,0.965410
28.400000,1,0,0,2.400000,9.810000,0.900000,30.000000,60.000000,6.000000,-1.809017,-0.587785,1.500000,-1.831202,-0.541311,1.508660,0.410352,-0.564800,0.000000,0.348737,-0.604003,-0.009811,0.999700,-0.024474,-0.000230,-0.000006,-0.019730,-0.000721,-0.000035,0.313408,0.234606,-0.044732,23.634069,23.634069,23.635061,0.501934,0.763027,-0.593448,-0.169109,0.964919
28.450000,1,0,0,2.400000,9.810000,0.900000,30.000000,60.000000,6.000000,-1.788011,-0.615661,1.500000,-1.813257,-0.571236,1.508154,0.429813,-0.550135,0.000000,0.369015,-0.592866,-0.010444,0.999688,-0.024967,-0.000279,-0.000007,-0.019741,-0.003228,-0.000161,0.308508,0.236129,-0.076195,23.635061,23.635061,23.636186,0.501958,0.753594,-0.613118,-0.244458,0.964375
28.500000,1,0,0,2.400000,9.810000,0.900000,30.000000,60.000000,6.000000,-1.766044,-0.642788,1.500000,-1.794305,-0.600585,1.507617,0.448750,-0.534800,0.000000,0.388990,-0.580955,-0.011017,0.999676,-0.025462,-0.000392,-0.000010,-0.019912,-0.005796,-0.000295,0.329414,0.252207,-0.083374,23.636186,23.636186,23.637438,0.501984,0.809096,-0.597973,-0.261628,0.963779
28.550000,1,0,0,2.400000,9.810000,0.900000,30.000000,60.000000,6.000000,-1.743145,-0.669131,1.500000,-1.774363,-0.629319,1.507053,0.467141,-0.518813,0.000000,0.408637,-0.568264,-0.011527,0.999663,-0.025964,-0.000569,-0.000015,-0.020232,-0.008408,-0.000437,0.299592,0.278930,-0.075045,23.637438,23.637438,23.638810,0.502013,0.745915,-0.557579,-0.241662,0.963131
28.600000,1,0,0,2.400000,9.810000,0.900000,30.000000,60.000000,6.000000,-1.719340,-0.694658,1.500000,-1.753447,-0.657398,1.506465,0.484963,-0.502194,0.000000,0.427932,-0.554786,-0.011971,0.999649,-0.026475,-0.000813,-0.000022,-0.020689,-0.011047,-0.000586,0.280365,0.297589,-0.066322,23.638810,23.638810,23.640295,0.502045,0.711264,-0.537005,-0.220813,0.962434
28.650000,1,0,0,2.400000,9.810000,0.900000,30.000000,60.000000,6.000000,-1.694658,-0.719340,1.500000,-1.731576,-0.684784,1.505857,0.502194,-0.484963,0.000000,0.446848,-0.540519,-0.012346,0.999635,-0.026999,-0.001122,-0.000030,-0.021267,-0.013697,-0.000740,0.264614,0.363505,-0.069594,23.640295,23.640295,23.641888,0.502079,0.688086,-0.403635,-0.228796,0.961689
28.700000,1,0,0,2.400000,9.810000,0.900000,30.000000,60.000000,6.000000,-1.669131,-0.743145,1.500000,-1.708769,-0.711437,1.505232,0.518813,-0.467141,0.000000,0.465357,-0.525460,-0.012650,0.999620,-0.027538,-0.001498,-0.000041,-0.021947,-0.016341,-0.000901,0.288666,0.374020,-0.083626,23.641888,23.641888,23.643583,0.502115,0.763567,-0.403981,-0.262627,0.960898
28.750000,1,0,0,2.400000,9.810000,0.900000,30.000000,60.000000,6.000000,-1.642788,-0.766044,1.500000,-1.685048,-0.737317,1.504593,0.534800,-0.448750,0.000000,0.483433,-0.509611,-0.012881,0.999603,-0.028096,-0.001940,-0.000055,-0.022711,-0.018960,-0.001067,0.297230,0.389027,-0.105806,23.643583,23.643583,23.645373,0.502153,0.804988,-0.394405,-0.316011,0.960064
28.800000,1,0,0,2.400000,9.810000,0.900000,30.000000,60.000000,6.000000,-1.615661,-0.788011,1.500000,-1.660434,-0.762385,1.503945,0.550135,-0.429813,0.000000,0.501047,-0.492976,-0.013039,0.999586,-0.028674,-0.002447,-0.000070,-0.023536,-0.021538,-0.001237,0.270221,0.432885,-0.055927,23.645373,23.645373,23.647251,0.502193,0.764111,-0.316534,-0.196432,0.959189
28.850000,1,0,0,2.400000,9.810000,0.900000,30.000000,60.000000,6.000000,-1.587785,-0.809017,1.500000,-1.634951,-0.786602,1.503291,0.564800,-0.410352,0.000000,0.518169,-0.475561,-0.013124,0.999567,-0.029273,-0.003018,-0.000088,-0.024399,-0.024059,-0.001410,0.301240,0.437771,-0.037584,23.647251,23.647251,23.649211,0.502234,0.865520,-0.333205,-0.152497,0.958275
28.900000,1,0,0,2.400000,9.810000,0.900000,30.000000,60.000000,6.000000,-1.559193,-0.829038,1.500000,-1.608625,-0.809928,1.502634,0.578777,-0.390390,0.000000,0.534771,-0.457376,-0.013135,0.999546,-0.029893,-0.003651,-0.000109,-0.025277,-0.026505,-0.001587,0.297768,0.432647,-0.032567,23.649211,23.649211,23.651245,0.502278,0.887090,-0.374935,-0.140475,0.957326
28.950000,1,0,0,2.400000,9.810000,0.900000,30.000000,60.000000,6.000000,-1.529919,-0.848048,1.500000,-1.581483,-0.832327,1.501978,0.592049,-0.369953,0.000000,0.550823,-0.438434,-0.013073,0.999524,-0.030536,-0.004344,-0.000133,-0.026144,-0.028860,-0.001765,0.283541,0.423357,-0.014664,23.651245,23.651245,23.653343,0.502322,0.885690,-0.427703,-0.097440,0.956344
29.000000,1,0,0,2.400000,9.810000,0.900000,30.000000,60.000000,6.000000,-1.500000,-0.866025,1.500000,-1.553553,-0.853759,1.501328,0.604600,-0.349066,0.000000,0.566296,-0.418750,-0.012939,0.999500,-0.031199,-0.005095,-0.000159,-0.026976,-0.031110,-0.001944,0.276826,0.422786,0.012874,23.653343,23.653343,23.655497,0.502368,0.905045,-0.460557,-0.031170,0.955333
29.050000,1,0,0,2.400000,9.810000,0.900000,30.000000,60.000000,6.000000,-1.469472,-0.882948,1.500000,-1.524864,-0.874190,1.500686,0.616414,-0.327753,0.000000,0.581158,-0.398343,-0.012735,0.999474,-0.031883,-0.005900,-0.000188,-0.027746,-0.033239,-0.002123,0.253899,0.432700,0.004560,23.655497,23.655497,23.657692,0.502414,0.888085,-0.469203,-0.050812,0.954296
29.100000,1,0,0,2.400000,9.810000,0.900000,30.000000,60.000000,6.000000,-1.438371,-0.898794,1.500000,-1.495448,-0.893582,1.500055,0.627477,-0.306041,0.000000,0.595380,-0.377235,-0.012462,0.999446,-0.032585,-0.006758,-0.000220,-0.028430,-0.035234,-0.002300,0.209286,0.410224,0.029721,23.657692,23.657692,23.659917,0.502462,0.821522,-0.556452,0.010037,0.953237
29.150000,1,0,0,2.400000,9.810000,0.900000,30.000000,60.000000,6.000000,-1.406737,-0.913545,1.500000,-1.465337,-0.911902,1.499441,0.637775,-0.283956,0.000000,0.608933,-0.355452,-0.012124,0.999416,-0.033303,-0.007663,-0.000255,-0.029002,-0.037082,-0.002474,0.195512,0.420958,0.011999,23.659917,23.659917,23.662155,0.502509,0.831246,-0.564743,-0.031861,0.952159
29.200000,1,0,0,2.400000,9.810000,0.900000,30.000000,60.000000,6.000000,-1.374607,-0.927184,1.500000,-1.434566,-0.929116,1.498844,0.647296,-0.261525,0.000000,0.621787,-0.333022,-0.011723,0.999384,-0.034033,-0.008613,-0.000293,-0.029440,-0.038772,-0.002644,0.184707,0.455508,0.018947,23.662155,23.662155,23.664386,0.502557,0.850193,-0.516481,-0.014359,0.951065
29.250000,1,0,0,2.400000,9.810000,0.900000,30.000000,60.000000,6.000000,-1.342020,-0.939693,1.500000,-1.403170,-0.945194,1.498269,0.656029,-0.238775,0.000000,0.633913,-0.309978,-0.011263,0.999349,-0.034772,-0.009603,-0.000334,-0.029720,-0.040294,-0.002807,0.186622,0.497372,0.038826,23.664386,23.664386,23.666591,0.502603,0.901567,-0.451093,0.034385,0.949960
29.300000,1,0,0,2.400000,9.810000,0.900000,30.000000,60.000000,6.000000,-1.309017,-0.951057,1.500000,-1.371187,-0.960105,1.497719,0.663963,-0.215735,0.000000,0.645282,-0.286354,-0.010748,0.999313,-0.035516,-0.010630,-0.000378,-0.029823,-0.041639,-0.002963,0.186843,0.526336,0.034229,23.666591,23.666591,23.668743,0.502649,0.950576,-0.416893,0.024610,0.948848
29.350000,1,0,0,2.400000,9.810000,0.900000,30.000000,60.000000,6.000000,-1.275637,-0.961262,1.500000,-1.338655,-0.973820,1.497195,0.671087,-0.192431,0.000000,0.655867,-0.262188,-0.010182,0.999274,-0.036259,-0.011687,-0.000424,-0.029730,-0.042799,-0.003110,0.215289,0.512415,0.047490,23.668743,23.668743,23.670816,0.502693,1.068805,-0.485624,0.057935,0.947731
29.400000,1,0,0,2.400000,9.810000,0.900000,30.000000,60.000000,6.000000,-1.241922,-0.970296,1.500000,-1.305614,-0.986315,1.496701,0.677394,-0.168893,0.000000,0.665642,-0.237520,-0.009570,0.999234,-0.036998,-0.012771,-0.000473,-0.029423,-0.043769,-0.003246,0.221906,0.505435,0.057999,23.670816,23.670816,23.672779,0.502735,1.135904,-0.537458,0.084908,0.946615
29.450000,1,0,0,2.400000,9.810000,0.900000,30.000000,60.000000,6.000000,-1.207912,-0.978148,1.500000,-1.272105,-0.997565,1.496239,0.682876,-0.145150,0.000000,0.674580,-0.212394,-0.008917,0.999192,-0.037727,-0.013878,-0.000524,-0.028889,-0.044543,-0.003368,0.191522,0.490208,0.057035,23.672779,23.672779,23.674598,0.502773,1.115228,-0.608586,0.084611,0.945503
29.500000,1,0,0,2.400000,9.810000,0.900000,30.000000,60.000000,6.000000,-1.173648,-0.984808,1.500000,-1.238170,-1.007548,1.495810,0.687526,-0.121229,0.000000,0.682658,-0.186856,-0.008228,0.999148,-0.038438,-0.015001,-0.000577,-0.028116,-0.045120,-0.003477,0.170479,0.527110,0.062323,23.674598,23.674598,23.676239,0.502808,1.117768,-0.553822,0.099592,0.944398
29.550000,1,0,0,2.400000,9.810000,0.900000,30.000000,60.000000,6.000000,-1.139173,-0.990268,1.500000,-1.203854,-1.016244,1.495417,0.691338,-0.097161,0.000000,0.689851,-0.160953,-0.007508,0.999104,-0.039128,-0.016136,-0.000632,-0.027097,-0.045498,-0.003569,0.173822,0.530186,0.055718,23.676239,23.676239,23.677662,0.502839,1.179392,-0.579174,0.086309,0.943305
29.600000,1,0,0,2.400000,9.810000,0.900000,30.000000,60.000000,6.000000,-1.104528,-0.994522,1.500000,-1.169200,-1.023638,1.495060,0.694307,-0.072975,0.000000,0.696138,-0.134736,-0.006763,0.999058,-0.039788,-0.017278,-0.000688,-0.025825,-0.045676,-0.003644,0.160709,0.548151,0.083150,23.677662,23.677662,23.678827,0.502863,1.201843,-0.567423,0.155003,0.942227
29.650000,1,0,0,2.400000,9.810000,0.900000,30.000000,60.000000,6.000000,-1.069756,-0.997564,1.500000,-1.134255,-1.029713,1.494741,0.696431,-0.048699,0.000000,0.701500,-0.108255,-0.005999,0.999013,-0.040414,-0.018422,-0.000745,-0.024298,-0.045656,-0.003700,0.096682,0.535212,0.070600,23.678827,23.678827,23.679693,0.502882,1.102184,-0.628171,0.128034,0.941168
29.700000,1,0,0,2.400000,9.810000,0.900000,30.000000,60.000000,6.000000,-1.034899,-0.999391,1.500000,-1.099066,-1.034460,1.494460,0.697706,-0.024364,0.000000,0.705918,-0.081565,-0.005223,0.998967,-0.040998,-0.019564,-0.000803,-0.022517,-0.045442,-0.003736,0.115415,0.565043,0.035513,23.679693,23.679693,23.680218,0.502893,1.200999,-0.584294,0.047268,0.940132
29.750000,1,0,0,2.400000,9.810000,0.900000,30.000000,60.000000,6.000000,-1.000000,-1.000000,1.500000,-1.063679,-1.037867,1.494219,0.698132,-0.000000,0.000000,0.709376,-0.054720,-0.004439,0.998922,-0.041535,-0.020697,-0.000861,-0.020485,-0.045038,-0.003752,0.097666,0.582847,0.026922,23.680218,23.680218,23.680359,0.502896,1.211876,-0.567001,0.030386,0.939121
29.800000,1,0,0,2.400000,9.810000,0.900000,30.000000,60.000000,6.000000,-0.965101,-0.999391,1.500000,-1.028145,-1.039930,1.494016,0.697706,0.024364,0.000000,0.711859,-0.027774,-0.003655,0.998878,-0.042018,-0.021818,-0.000918,-0.018210,-0.044451,-0.003746,0.081710,0.553472,0.016284,23.680359,23.680359,23.680076,0.502890,1.226455,-0.660365,0.008882,0.938139
29.850000,1,0,0,2.400000,9.810000,0.900000,30.000000,60.000000,6.000000,-0.930244,-0.997564,1.500000,-0.992510,-1.040644,1.493853,0.696431,0.048699,0.000000,0.713354,-0.000783,-0.002876,0.998836,-0.042440,-0.022923,-0.000974,-0.015703,-0.043687,-0.003719,0.085031,0.541316,0.009124,23.680076,23.680076,23.679330,0.502874,1.286479,-0.709542,-0.003988,0.937190
29.900000,1,0,0,2.400000,9.810000,0.900000,30.000000,60.000000,6.000000,-0.895472,-0.994522,1.500000,-0.956826,-1.040008,1.493728,0.694307,0.072975,0.000000,0.713853,0.026197,-0.002108,0.998795,-0.042798,-0.024006,-0.001029,-0.012976,-0.042755,-0.003671,0.037685,0.497696,0.000475,23.679330,23.679330,23.678085,0.502848,1.223878,-0.831104,-0.020154,0.936276
29.950000,1,0,0,2.400000,9.810000,0.900000,30.000000,60.000000,6.000000,-0.860827,-0.990268,1.500000,-0.921141,-1.038025,1.493642,0.691338,0.097161,0.000000,0.713346,0.053110,-0.001358,0.998756,-0.043085,-0.025064,-0.001081,-0.010046,-0.041665,-0.003601,-0.001214,0.542846,0.005124,23.678085,23.678085,23.676309,0.502810,1.180331,-0.736234,-0.004133,0.935399
30.000000,1,0,0,2.400000,9.810000,0.900000,30.000000,60.000000,6.000000,-0.826352,-0.984808,1.500000,-0.885508,-1.034699,1.493592,0.687526,0.121229,0.000000,0.711828,0.079901,-0.000631,0.998721,-0.043296,-0.026093,-0.001131,-0.006931,-0.040428,-0.003512,-0.045880,0.551253,-0.022538,23.676309,23.676309,23.673974,0.502760,1.121541,-0.725934,-0.065398,0.934564
30.050000,1,0,0,2.400000,9.810000,0.900000,30.000000,60.000000,6.000000,-0.792088,-0.978148,1.500000,-0.849976,-1.030038,1.493578,0.682876,0.145150,0.000000,0.709296,0.106514,0.000067,0.998689,-0.043427,-0.027089,-0.001178,-0.003654,-0.039056,-0.003403,-0.026353,0.570512,0.012004,23.673974,23.673974,23.671057,0.502698,1.215245,-0.685765,0.022872,0.933771
30.100000,1,0,0,2.400000,9.810000,0.900000,30.000000,60.000000,6.000000,-0.758078,-0.970296,1.500000,-0.814595,-1.024052,1.493598,0.677394,0.168893,0.000000,0.705749,0.132896,0.000731,0.998660,-0.043475,-0.028049,-0.001221,-0.000237,-0.037561,-0.003276,-0.044002,0.538282,-0.008570,23.671057,23.671057,23.667545,0.502624,1.218001,-0.765172,-0.020901,0.933023
30.150000,1,0,0,2.400000,9.810000,0.900000,30.000000,60.000000,6.000000,-0.724363,-0.961262,1.500000,-0.779418,-1.016753,1.493651,0.671087,0.192431,0.000000,0.701189,0.158996,0.001356,0.998635,-0.043436,-0.028970,-0.001260,0.003293,-0.035957,-0.003134,-0.022832,0.501917,-0.011480,23.667545,23.667545,23.663428,0.502536,1.312058,-0.850350,-0.022066,0.932323
30.200000,1,0,0,2.400000,9.810000,0.900000,30.000000,60.000000,6.000000,-0.690983,-0.951057,1.500000,-0.744493,-1.008158,1.493733,0.663963,0.215735,0.000000,0.695620,0.184761,0.001937,0.998615,-0.043307,-0.029851,-0.001295,0.006909,-0.034257,-0.002977,-0.028019,0.517724,-0.022931,23.663428,23.663428,23.658705,0.502436,1.340878,-0.806051,-0.043528,0.931671
30.250000,1,0,0,2.400000,9.810000,0.900000,30.000000,60.000000,6.000000,-0.657980,-0.939693,1.500000,-0.709872,-0.998284,1.493844,0.656029,0.238775,0.000000,0.689048,0.210142,0.002469,0.998599,-0.043088,-0.030687,-0.001324,0.010582,-0.032477,-0.002808,-0.055247,0.472219,-0.030113,23.658705,23.658705,23.653383,0.502323,1.314709,-0.904552,-0.054568,0.931069
30.300000,1,0,0,2.400000,9.810000,0.900000,30.000000,60.000000,6.000000,-0.625393,-0.927184,1.500000,-0.675605,-0.987151,1.493979,0.647296,0.261525,0.000000,0.681484,0.235094,0.002948,0.998588,-0.042777,-0.031478,-0.001348,0.014282,-0.030631,-0.002629,-0.089949,0.471469,0.002487,23.653383,23.653383,23.647478,0.502198,1.268428,-0.891246,0.030025,0.930518
30.350000,1,0,0,2.400000,9.810000,0.900000,30.000000,60.000000,6.000000,-0.593263,-0.913545,1.500000,-0.641740,-0.974782,1.494137,0.637775,0.283956,0.000000,0.672939,0.259572,0.003370,0.998581,-0.042373,-0.032223,-0.001367,0.017979,-0.028734,-0.002443,-0.139147,0.448384,-0.004285,23.647478,23.647478,23.641012,0.502060,1.185115,-0.927139,0.020261,0.930020
30.400000,1,0,0,2.400000,9.810000,0.900000,30.000000,60.000000,6.000000,-0.561629,-0.898794,1.500000,-0.608327,-0.961202,1.494315,0.627477,0.306041,0.000000,0.663426,0.283533,0.003733,0.998579,-0.041877,-0.032919,-0.001381,0.021640,-0.026801,-0.002252,-0.171633,0.421278,0.005207,23.641012,23.641012,23.634019,0.501912,1.139617,-0.968309,0.049642,0.929574
30.450000,1,0,0,2.400000,9.810000,0.900000,30.000000,60.000000,6.000000,-0.530528,-0.882948,1.500000,-0.575413,-0.946438,1.494510,0.616414,0.327753,0.000000,0.652962,0.306938,0.004033,0.998582,-0.041291,-0.033567,-0.001388,0.025236,-0.024848,-0.002058,-0.215149,0.445271,-0.015781,23.634019,23.634019,23.626535,0.501753,1.065323,-0.882530,0.005954,0.929181
30.500000,1,0,0,2.400000,9.810000,0.900000,30.000000,60.000000,6.000000,-0.500000,-0.866025,1.500000,-0.543046,-0.930518,1.494717,0.604600,0.349066,0.000000,0.641567,0.329750,0.004267,0.998590,-0.040616,-0.034166,-0.001390,0.028735,-0.022889,-0.001865,-0.233104,0.428448,0.016438,23.626535,23.626535,23.618609,0.501584,1.050038,-0.890505,0.090026,0.928842
30.550000,1,0,0,2.400000,9.810000,0.900000,30.000000,60.000000,6.000000,-0.470081,-0.848048,1.500000,-0.511272,-0.913473,1.494935,0.592049,0.369953,0.000000,0.629261,0.351938,0.004435,0.998601,-0.039856,-0.034716,-0.001386,0.032107,-0.020939,-0.001674,-0.262268,0.380810,-0.001745,23.618609,23.618609,23.610293,0.501408,1.005520,-0.968371,0.053167,0.928555
30.600000,1,0,0,2.400000,9.810000,0.900000,30.000000,60.000000,6.000000,-0.440807,-0.829038,1.500000,-0.480135,-0.895335,1.495160,0.578777,0.390390,0.000000,0.616067,0.373469,0.004533,0.998617,-0.039013,-0.035217,-0.001376,0.035322,-0.019013,-0.001488,-0.256338,0.400794,-0.001081,23.610293,23.610293,23.601646,0.501224,1.042917,-0.880053,0.061547,0.928321
30.650000,1,0,0,2.400000,9.810000,0.900000,30.000000,60.000000,6.000000,-0.412215,-0.809017,1.500000,-0.449680,-0.876138,1.495387,0.564800,0.410352,0.000000,0.602011,0.394318,0.004562,0.998636,-0.038092,-0.035670,-0.001361,0.038354,-0.017123,-0.001308,-0.302886,0.353811,-0.002965,23.601646,23.601646,23.592731,0.501035,0.952095,-0.948775,0.063792,0.928139
30.700000,1,0,0,2.400000,9.810000,0.900000,30.000000,60.000000,6.000000,-0.384339,-0.788011,1.500000,-0.419948,-0.855916,1.495615,0.550135,0.429813,0.000000,0.587120,0.414459,0.004521,0.998659,-0.037099,-0.036077,-0.001340,0.041176,-0.015284,-0.001137,-0.296770,0.345580,-0.034016,23.592731,23.592731,23.583616,0.500841,0.985452,-0.921054,-0.004012,0.928008
30.750000,1,0,0,2.400000,9.810000,0.900000,30.000000,60.000000,6.000000,-0.357212,-0.766044,1.500000,-0.390981,-0.834704,1.495838,0.534800,0.448750,0.000000,0.571424,0.433873,0.004411,0.998685,-0.036037,-0.036439,-0.001315,0.043765,-0.013507,-0.000976,-0.305257,0.329062,-0.011127,23.583616,23.583616,23.574369,0.500645,0.981617,-0.910051,0.057564,0.927927
30.800000,1,0,0,2.400000,9.810000,0.900000,30.000000,60.000000,6.000000,-0.330869,-0.743145,1.500000,-0.362818,-0.812541,1.496055,0.518813,0.467141,0.000000,0.554953,0.452543,0.004231,0.998713,-0.034914,-0.036757,-0.001285,0.046099,-0.011804,-0.000826,-0.319779,0.364787,-0.005068,23.574369,23.574369,23.565063,0.500447,0.961237,-0.770790,0.078643,0.927893
30.850000,1,0,0,2.400000,9.810000,0.900000,30.000000,60.000000,6.000000,-0.305342,-0.719340,1.500000,-0.335498,-0.789462,1.496260,0.502194,0.484963,0.000000,0.537741,0.470454,0.003983,0.998744,-0.033737,-0.037034,-0.001251,0.048159,-0.010185,-0.000689,-0.346123,0.364788,-0.009248,23.565063,23.565063,23.555769,0.500250,0.910519,-0.714711,0.075021,0.927906
30.900000,1,0,0,2.400000,9.810000,0.900000,30.000000,60.000000,6.000000,-0.280660,-0.694658,1.500000,-0.309056,-0.765508,1.496452,0.484963,0.502194,0.000000,0.519820,0.487594,0.003669,0.998775,-0.032511,-0.037271,-0.001213,0.049931,-0.008659,-0.000564,-0.361880,0.379349,-0.025065,23.555769,23.555769,23.546557,0.500054,0.883357,-0.621469,0.043314,0.927963
30.950000,1,0,0,2.400000,9.810000,0.900000,30.000000,60.000000,6.000000,-0.256855,-0.669131,1.500000,-0.283527,-0.740716,1.496626,0.467141,0.518813,0.000000,0.501226,0.503957,0.003290,0.998808,-0.031245,-0.037471,-0.001172,0.051401,-0.007236,-0.000453,-0.360970,0.341178,-0.013502,23.546557,23.546557,23.537495,0.499862,0.894461,-0.652923,0.077135,0.928063
31.000000,1,0,0,2.400000,9.810000,0.900000,30.000000,60.000000,6.000000,-0.233956,-0.642788,1.500000,-0.258944,-0.715125,1.496780,0.448750,0.534800,0.000000,0.481996,0.519536,0.002850,0.998842,-0.029952,-0.037632,-0.001128,0.036845,0.007095,0.000426,-0.380774,0.332660,-0.002259,23.537495,23.537495,23.528828,0.499678,0.854037,-0.611956,0.109982,0.928202
31.050000,1,0,0,2.400000,9.810000,0.900000,30.000000,60.000000,6.000000,-0.211990,-0.615663,1.500000,-0.235333,-0.688770,1.496910,0.429749,0.550052,0.000000,0.462393,0.534635,0.002351,0.998874,-0.029159,-0.037409,-0.001092,0.042518,-0.001359,-0.000079,-0.379912,0.328677,0.024523,23.528828,23.528828,23.520701,0.499505,0.845105,-0.583690,0.179890,0.928378
31.100000,1,0,0,2.400000,9.810000,0.900000,30.000000,60.000000,6.000000,-0.190995,-0.587802,1.500000,-0.212713,-0.661670,1.497014,0.409888,0.564138,0.000000,0.442324,0.549215,0.001797,0.998903,-0.027823,-0.037654,-0.001049,0.064340,-0.017142,-0.000956,-0.411128,0.342620,0.015302,23.520701,23.520701,23.512851,0.499338,0.781295,-0.486976,0.163139,0.928589
31.150000,1,0,0,2.400000,9.810000,0.900000,30.000000,60.000000,6.000000,-0.171019,-0.559276,1.500000,-0.191115,-0.633866,1.497089,0.388981,0.576563,0.000000,0.421415,0.562758,0.001192,0.998932,-0.025951,-0.038221,-0.000993,0.085358,-0.027057,-0.001407,-0.414336,0.307433,0.017625,23.512851,23.512851,23.505178,0.499176,0.799823,-0.483006,0.173815,0.928831
31.200000,1,0,0,2.400000,9.810000,0.900000,30.000000,60.000000,6.000000,-0.152115,-0.530181,1.500000,-0.170589,-0.605420,1.497132,0.366968,0.586868,0.000000,0.399436,0.574761,0.000540,0.998962,-0.023571,-0.038967,-0.000919,0.104889,-0.031617,-0.001493,-0.443524,0.267097,0.043596,23.505178,23.505178,23.497694,0.499017,0.764488,-0.467580,0.240953,0.929101
31.250000,1,0,0,2.400000,9.810000,0.900000,30.000000,60.000000,6.000000,-0.134340,-0.500632,1.500000,-0.151191,-0.576423,1.497142,0.343897,0.594644,0.000000,0.376294,0.584754,-0.000154,0.998994,-0.020728,-0.039767,-0.000825,0.122322,-0.031418,-0.001304,-0.493613,0.216149,0.033680,23.497694,23.497694,23.490472,0.498863,0.681506,-0.455926,0.221648,0.929396
31.300000,1,0,0,2.400000,9.810000,0.900000,30.000000,60.000000,6.000000,-0.117741,-0.470765,1.500000,-0.132979,-0.546986,1.497116,0.319910,0.599542,0.000000,0.352015,0.592308,-0.000885,0.999026,-0.017482,-0.040509,-0.000709,0.137129,-0.027130,-0.000950,-0.514303,0.181460,0.008695,23.490472,23.490472,23.483616,0.498718,0.666382,-0.386345,0.165849,0.929713
31.350000,1,0,0,2.400000,9.810000,0.900000,30.000000,60.000000,6.000000,-0.102360,-0.440730,1.500000,-0.116006,-0.517239,1.497053,0.295223,0.601284,0.000000,0.326729,0.597056,-0.001648,0.999058,-0.013903,-0.041100,-0.000572,0.148882,-0.019488,-0.000542,-0.542405,0.072300,-0.009465,23.483616,23.483616,23.477236,0.498582,0.626383,-0.479940,0.126082,0.930049
31.400000,1,0,0,2.400000,9.810000,0.900000,30.000000,60.000000,6.000000,-0.088226,-0.410692,1.500000,-0.100319,-0.487332,1.496951,0.270111,0.599670,0.000000,0.300650,0.598699,-0.002438,0.999089,-0.010072,-0.041466,-0.000418,0.157259,-0.009275,-0.000187,-0.557470,0.018706,0.007044,23.477236,23.477236,23.471428,0.498459,0.607095,-0.428414,0.169166,0.930398
31.450000,1,0,0,2.400000,9.810000,0.900000,30.000000,60.000000,6.000000,-0.075351,-0.380821,1.500000,-0.085950,-0.457425,1.496809,0.244881,0.594580,0.000000,0.274059,0.597016,-0.003248,0.999118,-0.006076,-0.041552,-0.000253,0.162065,0.002708,0.000033,-0.567639,-0.007768,-0.005308,23.471428,23.471428,23.466265,0.498349,0.586435,-0.304127,0.142614,0.930759
31.500000,1,0,0,2.400000,9.810000,0.900000,30.000000,60.000000,6.000000,-0.063734,-0.351293,1.500000,-0.072916,-0.427688,1.496626,0.219862,0.585975,0.000000,0.247282,0.591867,-0.004072,0.999144,-0.002006,-0.041324,-0.000083,0.163228,0.015663,0.000063,-0.583204,-0.102387,-0.025746,23.466265,23.466265,23.461782,0.498254,0.538095,-0.339967,0.096281,0.931128
31.550000,1,0,0,2.400000,9.810000,0.900000,30.000000,60.000000,6.000000,-0.053356,-0.322282,1.500000,-0.061219,-0.398297,1.496402,0.195382,0.573898,0.000000,0.220669,0.583198,-0.004906,0.999167,0.002048,-0.040768,0.000084,0.160801,0.028830,-0.000118,-0.564786,-0.183003,-0.004585,23.461782,23.461782,23.457983,0.498173,0.555902,-0.343024,0.149400,0.931499
31.600000,1,0,0,2.400000,9.810000,0.900000,30.000000,60.000000,6.000000,-0.044182,-0.293959,1.500000,-0.050841,-0.369426,1.496136,0.171754,0.558466,0.000000,0.194581,0.571037,-0.005742,0.999186,0.005999,-0.039887,0.000239,0.154955,0.041510,-0.000498,-0.537859,-0.276108,-0.004236,23.457983,23.457983,23.454830,0.498106,0.578901,-0.380999,0.152182,0.931871
31.650000,1,0,0,2.400000,9.810000,0.900000,30.000000,60.000000,6.000000,-0.036162,-0.266488,1.500000,-0.041746,-0.341249,1.495828,0.149265,0.539865,0.000000,0.169363,0.555492,-0.006574,0.999203,0.009764,-0.038702,0.000378,0.145964,0.053092,-0.001038,-0.518436,-0.343017,0.018384,23.454830,23.454830,23.452254,0.498052,0.569612,-0.364898,0.208026,0.932239
31.700000,1,0,0,2.400000,9.810000,0.900000,30.000000,60.000000,6.000000,-0.029232,-0.240021,1.500000,-0.033884,-0.313930,1.495478,0.128160,0.518344,0.000000,0.145340,0.536744,-0.007397,0.999218,0.013269,-0.037245,0.000495,0.134184,0.063070,-0.001675,-0.483890,-0.390546,0.003920,23.452254,23.452254,23.450159,0.498007,0.583948,-0.314554,0.174476,0.932600
31.750000,1,0,0,2.400000,9.810000,0.900000,30.000000,60.000000,6.000000,-0.023319,-0.214697,1.500000,-0.027188,-0.287624,1.495088,0.108637,0.494201,0.000000,0.122793,0.515041,-0.008204,0.999232,0.016450,-0.035563,0.000585,0.120032,0.071062,-0.002340,-0.475352,-0.446754,0.029498,23.450159,23.450159,23.448426,0.497970,0.525323,-0.300331,0.236642,0.932950
31.800000,1,0,0,2.400000,9.810000,0.900000,30.000000,60.000000,6.000000,-0.018340,-0.190639,1.500000,-0.021576,-0.262470,1.494658,0.090843,0.467778,0.000000,0.101959,0.490685,-0.008989,0.999246,0.019252,-0.033708,0.000649,0.103965,0.076809,-0.002961,-0.424206,-0.527683,0.040225,23.448426,23.448426,23.446929,0.497939,0.560923,-0.363228,0.262781,0.933285
31.850000,1,0,0,2.400000,9.810000,0.900000,30.000000,60.000000,6.000000,-0.014205,-0.167951,1.500000,-0.016960,-0.238594,1.494190,0.074869,0.439446,0.000000,0.083018,0.464023,-0.009747,0.999262,0.021634,-0.031739,0.000687,0.086452,0.080183,-0.003474,-0.391860,-0.598916,0.037696,23.446929,23.446929,23.445538,0.497909,0.546090,-0.422602,0.256728,0.933603
31.900000,1,0,0,2.400000,9.810000,0.900000,30.000000,60.000000,6.000000,-0.010822,-0.146720,1.500000,-0.013241,-0.216100,1.493684,0.060754,0.409600,0.000000,0.066093,0.435438,-0.010472,0.999280,0.023566,-0.029715,0.000701,0.067958,0.081177,-0.003831,-0.312678,-0.589873,0.034424,23.445538,23.445538,23.444138,0.497879,0.641157,-0.310472,0.248525,0.933899
31.950000,1,0,0,2.400000,9.810000,0.900000,30.000000,60.000000,6.000000,-0.008099,-0.127010,1.500000,-0.010316,-0.195075,1.493143,0.048484,0.378645,0.000000,0.051248,0.405336,-0.011158,0.999303,0.025028,-0.027695,0.000694,0.048924,0.079895,-0.004005,-0.286268,-0.642035,0.025971,23.444138,23.444138,23.442630,0.497847,0.609803,-0.367270,0.227529,0.934171
32.000000,1,0,0,2.400000,9.810000,0.900000,30.000000,60.000000,6.000000,-0.005944,-0.108867,1.500000,-0.008082,-0.175585,1.492569,0.038002,0.346991,0.000000,0.038489,0.374135,-0.011800,0.999330,0.026012,-0.025734,0.000670,0.029755,0.076534,-0.003987,-0.240076,-0.648168,0.031753,23.442630,23.442630,23.440948,0.497811,0.628717,-0.336018,0.240350,0.934415
32.050000,1,0,0,2.400000,9.810000,0.900000,30.000000,60.000000,6.000000,-0.004270,-0.092316,1.500000,-0.006433,-0.157673,1.491964,0.029208,0.315044,0.000000,0.027773,0.342261,-0.012394,0.999363,0.026519,-0.023880,0.000634,0.010810,0.071369,-0.003790,-0.197212,-0.673804,0.023262,23.440948,23.440948,23.439061,0.497771,0.644711,-0.373930,0.218586,0.934630
32.100000,1,0,0,2.400000,9.810000,0.900000,30.000000,60.000000,6.000000,-0.002997,-0.077361,1.500000,-0.005272,-0.141363,1.491331,0.021974,0.283200,0.000000,0.019008,0.310133,-0.012934,0.999401,0.026559,-0.022174,0.000589,-0.007597,0.064731,-0.003443,-0.156711,-0.663904,0.024482,23.439061,23.439061,23.436979,0.497727,0.662026,-0.348458,0.219813,0.934811
32.150000,1,0,0,2.400000,9.810000,0.900000,30.000000,60.000000,6.000000,-0.002049,-0.063988,1.500000,-0.004502,-0.126657,1.490672,0.016148,0.251837,0.000000,0.012068,0.278163,-0.013418,0.999445,0.026148,-0.020650,0.000540,-0.025198,0.056986,-0.002984,-0.146084,-0.687661,0.034984,23.436979,23.436979,23.434755,0.497680,0.616140,-0.424865,0.243019,0.934956
32.200000,1,0,0,2.400000,9.810000,0.900000,30.000000,60.000000,6.000000,-0.001361,-0.052163,1.500000,-0.004037,-0.113538,1.489990,0.011560,0.221313,0.000000,0.006795,0.246742,-0.013840,0.999493,0.025310,-0.019329,0.000489,-0.041768,0.048513,-0.002459,-0.105206,-0.680799,0.031609,23.434755,23.434755,23.432480,0.497632,0.652425,-0.447805,0.232642,0.935064
32.250000,1,0,0,2.400000,9.810000,0.900000,30.000000,60.000000,6.000000,-0.000876,-0.041837,1.500000,-0.003798,-0.101967,1.489289,0.008038,0.191963,0.000000,0.003010,0.216243,-0.014197,0.999544,0.024072,-0.018226,0.000439,-0.057115,0.039687,-0.001913,-0.073575,-0.644864,0.044546,23.432480,23.432480,23.430279,0.497585,0.676710,-0.419661,0.261157,0.935131
32.300000,1,0,0,2.400000,9.810000,0.900000,30.000000,60.000000,6.000000,-0.000543,-0.032942,1.500000,-0.003715,-0.091892,1.488571,0.005408,0.164090,0.000000,0.000526,0.187012,-0.014487,0.999597,0.022468,-0.017345,0.000390,-0.071070,0.030860,-0.001388,-0.044524,-0.607261,0.032426,23.430279,23.430279,23.428305,0.497543,0.705196,-0.404667,0.229297,0.935157
32.350000,1,0,0,2.400000,9.810000,0.900000,30.000000,60.000000,6.000000,-0.000323,-0.025399,1.500000,-0.003727,-0.083240,1.487841,0.003505,0.137967,0.000000,-0.000850,0.159364,-0.014708,0.999650,0.020534,-0.016681,0.000343,-0.083485,0.022348,-0.000918,-0.023303,-0.569659,0.029085,23.428305,23.428305,23.426726,0.497509,0.725089,-0.405110,0.218292,0.935139
32.400000,1,0,0,2.400000,9.810000,0.900000,30.000000,60.000000,6.000000,-0.000183,-0.019112,1.500000,-0.003784,-0.075925,1.487102,0.002176,0.113831,0.000000,-0.001305,0.133582,-0.014856,0.999701,0.018310,-0.016224,0.000297,-0.094217,0.014416,-0.000528,0.010169,-0.538650,0.049579,23.426726,23.426726,23.425711,0.497488,0.784051,-0.434919,0.264303,0.935077
32.450000,1,0,0,2.400000,9.810000,0.900000,30.000000,60.000000,6.000000,-0.000098,-0.013979,1.500000,-0.003845,-0.069846,1.486357,0.001284,0.091878,0.000000,-0.001018,0.109915,-0.014932,0.999747,0.015840,-0.015955,0.000253,-0.103126,0.007275,-0.000231,0.013727,-0.519114,0.032991,23.425711,23.425711,23.425416,0.497482,0.780072,-0.503761,0.221148,0.934968
32.500000,1,0,0,2.400000,9.810000,0.900000,30.000000,60.000000,6.000000,-0.000049,-0.009885,1.500000,-0.003876,-0.064894,1.485610,0.000714,0.072264,0.000000,-0.000148,0.088571,-0.014933,0.999788,0.013171,-0.015853,0.000209,-0.110070,0.001068,-0.000028,0.006518,-0.455636,0.023647,23.425416,23.425416,23.425975,0.497494,0.758091,-0.476424,0.195238,0.934813
32.550000,1,0,0,2.400000,9.810000,0.900000,30.000000,60.000000,6.000000,-0.000023,-0.006712,1.500000,-0.003853,-0.060948,1.484865,0.000370,0.055097,0.000000,0.001162,0.069714,-0.014860,0.999820,0.010355,-0.015894,0.000165,-0.114900,-0.004122,0.000085,-0.020162,-0.414148,0.025842,23.425975,23.425975,23.427480,0.497525,0.696062,-0.508769,0.196904,0.934610
32.600000,1,0,0,2.400000,9.810000,0.900000,30.000000,60.000000,6.000000,-0.000009,-0.004334,1.500000,-0.003755,-0.057880,1.484125,0.000175,0.040435,0.000000,0.002790,0.053466,-0.014712,0.999843,0.007446,-0.016052,0.000120,-0.117462,-0.008278,0.000123,-0.011016,-0.365799,0.032743,23.427480,23.427480,23.429971,0.497578,0.725498,-0.529000,0.209774,0.934359
32.650000,1,0,0,2.400000,9.810000,0.900000,30.000000,60.000000,6.000000,-0.000003,-0.002626,1.500000,-0.003570,-0.055557,1.483395,0.000074,0.028281,0.000000,0.004637,0.039895,-0.014491,0.999857,0.004503,-0.016300,0.000073,-0.117595,-0.011440,0.000103,0.005423,-0.317276,0.051499,23.429971,23.429971,23.433431,0.497652,0.776722,-0.550427,0.251029,0.934060
32.700000,1,0,0,2.400000,9.810000,0.900000,30.000000,60.000000,6.000000,-0.000001,-0.001465,1.500000,-0.003289,-0.053845,1.482677,0.000027,0.018579,0.000000,0.006623,0.029020,-0.014196,0.999861,0.001589,-0.016616,0.000026,-0.115136,-0.013694,0.000044,0.023769,-0.281233,0.069993,23.433431,23.433431,23.437777,0.497744,0.835694,-0.600494,0.291612,0.933714
32.750000,1,0,0,2.400000,9.810000,0.900000,30.000000,60.000000,6.000000,-0.000000,-0.000730,1.500000,-0.002906,-0.052611,1.481976,0.000008,0.011207,0.000000,0.008687,0.020797,-0.013831,0.999855,-0.001230,-0.016979,-0.000021,-0.109917,-0.015165,-0.000037,0.049041,-0.231272,0.096628,23.437777,23.437777,23.442858,0.497852,0.913462,-0.612723,0.351715,0.933320
32.800000,1,0,0,2.400000,9.810000,0.900000,30.000000,60.000000,6.000000,-0.000000,-0.000309,1.500000,-0.002420,-0.051723,1.481295,0.000002,0.005976,0.000000,0.010783,0.015125,-0.013397,0.999842,-0.003882,-0.017369,-0.000067,-0.101772,-0.015998,-0.000124,0.098384,-0.149367,0.105350,23.442858,23.442858,23.448464,0.497971,1.050344,-0.540520,0.368834,0.932880
32.850000,1,0,0,2.400000,9.810000,0.900000,30.000000,60.000000,6.000000,-0.000000,-0.000101,1.500000,-0.001828,-0.051059,1.480638,0.000000,0.002624,0.000000,0.012879,0.011832,-0.012897,0.999822,-0.006292,-0.017774,-0.000112,-0.090533,-0.016344,-0.000206,0.090023,-0.082361,0.095220,23.448464,23.448464,23.454328,0.498096,1.049420,-0.492786,0.340737,0.932394
32.900000,1,0,0,2.400000,9.810000,0.900000,30.000000,60.000000,6.000000,-0.000000,-0.000021,1.500000,-0.001132,-0.050504,1.480007,0.000000,0.000809,0.000000,0.014947,0.010677,-0.012334,0.999800,-0.008381,-0.018183,-0.000152,-0.076039,-0.016344,-0.000274,0.103238,-0.037560,0.092931,23.454328,23.454328,23.460151,0.498219,1.100475,-0.483325,0.331509,0.931864
32.950000,1,0,0,2.400000,9.810000,0.900000,30.000000,60.000000,6.000000,-0.000000,-0.000001,1.500000,-0.000334,-0.049960,1.479405,0.000000,0.000105,0.000000,0.016971,0.011343,-0.011711,0.999777,-0.010065,-0.018589,-0.000187,-0.058124,-0.016111,-0.000324,0.090045,0.001614,0.056483,23.460151,23.460151,23.465610,0.498335,1.088011,-0.468421,0.240375,0.931292
33.000000,1,0,0,2.400000,9.810000,0.900000,30.000000,60.000000,6.000000,0.000000,-0.000000,1.500000,0.000564,-0.049346,1.478836,0.000000,0.000000,0.000000,0.018932,0.013431,-0.011032,0.999756,-0.011249,-0.018987,-0.000214,-0.016018,-0.015721,-0.000354,0.088403,0.055849,0.038532,23.465610,23.465610,23.469604,0.498420,1.102903,-0.393975,0.193723,0.930678
33.050000,1,0,0,2.400000,9.810000,0.900000,30.000000,60.000000,6.000000,0.000000,-0.000000,1.500000,0.001558,-0.048609,1.478303,0.000000,0.000000,0.000000,0.020815,0.016036,-0.010302,0.999751,-0.011094,-0.019374,-0.000215,0.007904,-0.015207,-0.000338,0.049534,0.085555,0.039329,23.469604,23.469604,23.473379,0.498500,1.027920,-0.315491,0.192180,0.930026
33.100000,1,0,0,2.400000,9.810000,0.900000,30.000000,60.000000,6.000000,0.000000,-0.000000,1.500000,0.002644,-0.047744,1.477807,0.000000,0.000000,0.000000,0.022605,0.018543,-0.009525,0.999746,-0.010861,-0.019746,-0.000215,0.010767,-0.014577,-0.000317,0.052617,0.065874,0.039873,23.473379,23.473379,23.476924,0.498576,1.052953,-0.351855,0.190159,0.929337
33.150000,1,0,0,2.400000,9.810000,0.900000,30.000000,60.000000,6.000000,0.000000,-0.000000,1.500000,0.003817,-0.046757,1.477351,0.000000,0.000000,0.000000,0.024289,0.020929,-0.008707,0.999742,-0.010556,-0.020102,-0.000212,0.013621,-0.013838,-0.000292,0.010560,0.060860,0.007578,23.476924,23.476924,23.480226,0.498646,0.968842,-0.349653,0.109467,0.928613
33.200000,1,0,0,2.400000,9.810000,0.900000,30.000000,60.000000,6.000000,0.000000,-0.000000,1.500000,0.005071,-0.045654,1.476937,0.000000,0.000000,0.000000,0.025854,0.023170,-0.007853,0.999739,-0.010180,-0.020437,-0.000208,0.016430,-0.013000,-0.000265,-0.014928,0.036507,0.045675,23.480226,23.480226,23.483275,0.498710,0.923569,-0.390529,0.197875,0.927858
33.250000,1,0,0,2.400000,9.810000,0.900000,30.000000,60.000000,6.000000,0.000000,-0.000000,1.500000,0.006400,-0.044443,1.476566,0.000000,0.000000,0.000000,0.027286,0.025247,-0.006968,0.999737,-0.009735,-0.020751,-0.000202,0.019158,-0.012072,-0.000235,0.027205,0.036330,0.031479,23.483275,23.483275,23.486064,0.498770,1.039546,-0.370116,0.160949,0.927075
33.300000,1,0,0,2.400000,9.810000,0.900000,30.000000,60.000000,6.000000,0.000000,-0.000000,1.500000,0.007797,-0.043132,1.476240,0.000000,0.000000,0.000000,0.028575,0.027138,-0.006057,0.999736,-0.009223,-0.021040,-0.000194,0.021772,-0.011064,-0.000204,0.037793,0.058151,0.023775,23.486064,23.486064,23.488593,0.498823,1.078671,-0.293758,0.139786,0.926265
33.350000,1,0,0,2.400000,9.810000,0.900000,30.000000,60.000000,6.000000,0.000000,-0.000000,1.500000,0.009255,-0.041732,1.475961,0.000000,0.000000,0.000000,0.029711,0.028827,-0.005128,0.999736,-0.008648,-0.021304,-0.000184,0.024238,-0.009988,-0.000173,0.054150,0.064130,0.053045,23.488593,23.488593,23.490863,0.498872,1.130412,-0.252427,0.207550,0.925433
33.400000,1,0,0,2.400000,9.810000,0.900000,30.000000,60.000000,6.000000,0.000000,-0.000000,1.500000,0.010765,-0.040253,1.475728,0.000000,0.000000,0.000000,0.030686,0.030298,-0.004186,0.999736,-0.008013,-0.021539,-0.000173,0.026524,-0.008855,-0.000142,0.044110,0.059769,0.025359,23.490863,23.490863,23.492880,0.498914,1.117493,-0.233107,0.138813,0.924582
33.450000,1,0,0,2.400000,9.810000,0.900000,30.000000,60.000000,6.000000,0.000000,-0.000000,1.500000,0.012321,-0.038706,1.475542,0.000000,0.000000,0.000000,0.031491,0.031539,-0.003237,0.999737,-0.007324,-0.021746,-0.000159,0.028601,-0.007677,-0.000112,-0.006413,0.042483,0.033808,23.492880,23.492880,23.494651,0.498952,1.006052,-0.242232,0.156999,0.923714
33.500000,1,0,0,2.400000,9.810000,0.900000,30.000000,60.000000,6.000000,0.000000,-0.000000,1.500000,0.013912,-0.037103,1.475404,0.000000,0.000000,0.000000,0.032121,0.032537,-0.002287,0.999738,-0.006586,-0.021923,-0.000144,0.030441,-0.006467,-0.000085,0.009194,0.033575,0.033885,23.494651,23.494651,23.496186,0.498985,1.051909,-0.228936,0.155296,0.922835
33.550000,1,0,0,2.400000,9.810000,0.900000,30.000000,60.000000,6.000000,0.000000,-0.000000,1.500000,0.015530,-0.035457,1.475314,0.000000,0.000000,0.000000,0.032570,0.033286,-0.001343,0.999740,-0.005804,-0.022070,-0.000128,0.032021,-0.005238,-0.000061,-0.002314,0.033574,0.003598,23.496186,23.496186,23.497500,0.499012,1.031249,-0.192244,0.080921,0.921947
33.600000,1,0,0,2.400000,9.810000,0.900000,30.000000,60.000000,6.000000,0.000000,-0.000000,1.500000,0.017166,-0.033779,1.475270,0.000000,0.000000,0.000000,0.032836,0.033779,-0.000410,0.999741,-0.004987,-0.022185,-0.000111,0.033319,-0.004002,-0.000040,0.010270,0.027569,-0.006593,23.497500,23.497500,23.498604,0.499036,1.066950,-0.168260,0.054977,0.921054
33.650000,1,0,0,2.400000,9.810000,0.900000,30.000000,60.000000,6.000000,0.000000,-0.000000,1.500000,0.018810,-0.032083,1.475272,0.000000,0.000000,0.000000,0.032917,0.034014,0.000505,0.999743,-0.004141,-0.022270,-0.000092,0.034318,-0.002772,-0.000023,-0.023020,0.060305,-0.023252,23.498604,23.498604,23.499515,0.499055,0.991092,-0.049942,0.013706,0.920159
33.700000,1,0,0,2.400000,9.810000,0.900000,30.000000,60.000000,6.000000,0.000000,-0.000000,1.500000,0.020454,-0.030382,1.475320,0.000000,0.000000,0.000000,0.032813,0.033990,0.001396,0.999745,-0.003274,-0.022324,-0.000073,0.035004,-0.001561,-0.000010,0.009488,0.039235,-0.016380,23.499515,23.499515,23.500248,0.499071,1.071705,-0.059763,0.029099,0.919268
33.750000,1,0,0,2.400000,9.810000,0.900000,30.000000,60.000000,6.000000,0.000000,-0.000000,1.500000,0.022088,-0.028688,1.475411,0.000000,0.000000,0.000000,0.032524,0.033710,0.002258,0.999747,-0.002394,-0.022348,-0.000054,0.035365,-0.000380,-0.000002,0.066273,0.029781,-0.027049,23.500248,23.500248,23.500818,0.499083,1.209169,-0.041083,0.002579,0.918382
33.800000,1,0,0,2.400000,9.810000,0.900000,30.000000,60.000000,6.000000,0.000000,-0.000000,1.500000,0.023704,-0.027015,1.475545,0.000000,0.000000,0.000000,0.032054,0.033180,0.003086,0.999749,-0.001509,-0.022344,-0.000034,0.035397,0.000757,0.000002,0.073444,-0.027419,0.007634,23.500818,23.500818,23.501241,0.499092,1.226185,-0.136760,0.085075,0.917507
33.850000,1,0,0,2.400000,9.810000,0.900000,30.000000,60.000000,6.000000,0.000000,-0.000000,1.500000,0.025291,-0.025374,1.475719,0.000000,0.000000,0.000000,0.031406,0.032406,0.003873,0.999751,-0.000628,-0.022311,-0.000014,0.035096,0.001840,0.000002,0.085135,-0.032169,-0.007077,23.501241,23.501241,23.501533,0.499098,1.252737,-0.106711,0.049190,0.916646
33.900000,1,0,0,2.400000,9.810000,0.900000,30.000000,60.000000,6.000000,0.000000,-0.000000,1.500000,0.026841,-0.023778,1.475932,0.000000,0.000000,0.000000,0.030586,0.031399,0.004615,0.999752,0.000242,-0.022252,0.000005,0.034465,0.002858,-0.000001,0.066416,0.010021,0.009750,23.501533,23.501533,23.501708,0.499102,1.205060,0.035446,0.089144,0.915803
33.950000,1,0,0,2.400000,9.810000,0.900000,30.000000,60.000000,6.000000,0.000000,-0.000000,1.500000,0.028347,-0.022238,1.476180,0.000000,0.000000,0.000000,0.029602,0.030172,0.005308,0.999754,0.001093,-0.022169,0.000024,0.033509,0.003800,-0.000008,0.049519,-0.026284,0.009577,23.501708,23.501708,23.501781,0.499103,1.160596,-0.011718,0.088434,0.914981
34.000000,1,0,0,2.400000,9.810000,0.900000,30.000000,60.000000,6.000000,0.000000,-0.000000,1.500000,0.029799,-0.020764,1.476462,0.000000,0.000000,0.000000,0.028461,0.028741,0.005947,0.999755,0.001915,-0.022063,0.000042,0.032239,0.004657,-0.000018,0.044644,-0.067403,-0.002947,23.501781,23.501781,23.501767,0.499103,1.143922,-0.071742,0.058198,0.914184
34.050000,1,0,0,2.400000,9.810000,0.900000,30.000000,60.000000,6.000000,0.000000,-0.000000,1.500000,0.031190,-0.019367,1.476774,0.000000,0.000000,0.000000,0.027173,0.027121,0.006528,0.999756,0.002702,-0.021937,0.000059,0.030669,0.005421,-0.000029,0.050828,-0.074312,0.026459,23.501767,23.501767,23.501679,0.499101,1.152831,-0.051334,0.128697,0.913416
34.100000,1,0,0,2.400000,9.810000,0.900000,30.000000,60.000000,6.000000,0.000000,-0.000000,1.500000,0.032514,-0.018055,1.477113,0.000000,0.000000,0.000000,0.025749,0.025332,0.007048,0.999757,0.003446,-0.021793,0.000075,0.028816,0.006083,-0.000042,0.048548,-0.092080,0.013148,23.501679,23.501679,23.501531,0.499098,1.140581,-0.059001,0.096758,0.912679
34.150000,1,0,0,2.400000,9.810000,0.900000,30.000000,60.000000,6.000000,0.000000,-0.000000,1.500000,0.033763,-0.016836,1.477477,0.000000,0.000000,0.000000,0.024201,0.023396,0.007504,0.999757,0.004140,-0.021633,0.000090,0.026703,0.006637,-0.000055,0.045732,-0.091978,0.028087,23.501531,23.501531,23.501338,0.499094,1.126328,-0.026115,0.132682,0.911977
34.200000,1,0,0,2.400000,9.810000,0.900000,30.000000,60.000000,6.000000,0.000000,-0.000000,1.500000,0.034932,-0.015718,1.477863,0.000000,0.000000,0.000000,0.022540,0.021334,0.007894,0.999758,0.004778,-0.021462,0.000103,0.024352,0.007079,-0.000068,0.006471,-0.077909,0.020707,23.501338,23.501338,23.501114,0.499089,1.024020,0.037667,0.115081,0.911313
34.250000,1,0,0,2.400000,9.810000,0.900000,30.000000,60.000000,6.000000,0.000000,-0.000000,1.500000,0.036016,-0.014705,1.478266,0.000000,0.000000,0.000000,0.020782,0.019170,0.008215,0.999759,0.005356,-0.021280,0.000114,0.021793,0.007402,-0.000079,0.030301,-0.067514,0.015647,23.501114,23.501114,23.500875,0.499084,1.072680,0.089741,0.103071,0.910691
34.300000,1,0,0,2.400000,9.810000,0.900000,30.000000,60.000000,6.000000,0.000000,-0.000000,1.500000,0.037009,-0.013802,1.478683,0.000000,0.000000,0.000000,0.018940,0.016928,0.008465,0.999760,0.005866,-0.021093,0.000124,0.019054,0.007605,-0.000089,0.036682,-0.084452,0.002261,23.500875,23.500875,23.500638,0.499079,1.079150,0.073101,0.071080,0.910112
34.350000,1,0,0,2.400000,9.810000,0.900000,30.000000,60.000000,6.000000,0.000000,-0.000000,1.500000,0.037909,-0.013013,1.479111,0.000000,0.000000,0.000000,0.017030,0.014634,0.008644,0.999762,0.006307,-0.020901,0.000132,0.016170,0.007684,-0.000097,0.033393,-0.059233,0.002974,23.500638,23.500638,23.500419,0.499074,1.062249,0.154328,0.072903,0.909579
34.400000,1,0,0,2.400000,9.810000,0.900000,30.000000,60.000000,6.000000,0.000000,-0.000000,1.500000,0.038711,-0.012339,1.479546,0.000000,0.000000,0.000000,0.015067,0.012314,0.008752,0.999763,0.006674,-0.020709,0.000138,0.013175,0.007640,-0.000102,0.037747,-0.033798,0.003178,23.500419,23.500419,23.500240,0.499071,1.063674,0.232619,0.073458,0.909094
34.450000,1,0,0,2.400000,9.810000,0.900000,30.000000,60.000000,6.000000,0.000000,-0.000000,1.500000,0.039415,-0.011781,1.479985,0.000000,0.000000,0.000000,0.013067,0.009994,0.008788,0.999765,0.006965,-0.020520,0.000143,0.010103,0.007472,-0.000104,0.024545,-0.037016,-0.014240,23.500240,23.500240,23.500119,0.499068,1.023092,0.238573,0.031655,0.908660
34.500000,1,0,0,2.400000,9.810000,0.900000,30.000000,60.000000,6.000000,0.000000,-0.000000,1.500000,0.040018,-0.011339,1.480424,0.000000,0.000000,0.000000,0.011047,0.007699,0.008752,0.999767,0.007179,-0.020337,0.000146,0.006993,0.007183,-0.000103,0.049315,-0.062406,-0.000338,23.500119,23.500119,23.500079,0.499067,1.073913,0.187680,0.064931,0.908279
34.550000,1,0,0,2.400000,9.810000,0.900000,30.000000,60.000000,6.000000,0.000000,-0.000000,1.500000,0.040519,-0.011011,1.480859,0.000000,0.000000,0.000000,0.009022,0.005455,0.008647,0.999770,0.007314,-0.020162,0.000148,0.003881,0.006774,-0.000099,0.051155,-0.052690,0.001832,23.500079,23.500079,23.500145,0.499069,1.070120,0.217384,0.069939,0.907951
34.600000,1,0,0,2.400000,9.810000,0.900000,30.000000,60.000000,6.000000,0.000000,-0.000000,1.500000,0.040920,-0.010792,1.481287,0.000000,0.000000,0.000000,0.007010,0.003287,0.008472,0.999773,0.007373,-0.019999,0.000147,0.000805,0.006251,-0.000092,0.008416,-0.068569,-0.003201,23.500145,23.500145,23.500341,0.499073,0.959890,0.182021,0.057526,0.907679
34.650000,1,0,0,2.400000,9.810000,0.900000,30.000000,60.000000,6.000000,0.000000,-0.000000,1.500000,0.041221,-0.010680,1.481705,0.000000,0.000000,0.000000,0.005026,0.001220,0.008231,0.999776,0.007355,-0.019850,0.000146,-0.002197,0.005617,-0.000083,-0.011035,-0.052187,0.013240,23.500341,23.500341,23.500693,0.499080,0.906239,0.220516,0.096498,0.907463
34.700000,1,0,0,2.400000,9.810000,0.900000,30.000000,60.000000,6.000000,0.000000,-0.000000,1.500000,0.041423,-0.010668,1.482109,0.000000,0.000000,0.000000,0.003086,-0.000725,0.007927,0.999779,0.007264,-0.019719,0.000143,-0.005090,0.004879,-0.000071,0.009051,-0.024378,0.012930,23.500693,23.500693,23.501229,0.499092,0.948291,0.282969,0.095096,0.907305
34.750000,1,0,0,2.400000,9.810000,0.900000,30.000000,60.000000,6.000000,0.000000,-0.000000,1.500000,0.041530,-0.010750,1.482497,0.000000,0.000000,0.000000,0.001207,-0.002525,0.007561,0.999783,0.007102,-0.019607,0.000139,-0.007838,0.004045,-0.000057,-0.009167,0.011961,-0.014771,23.501229,23.501229,23.501975,0.499108,0.899345,0.362580,0.027762,0.907204
34.800000,1,0,0,2.400000,9.810000,0.900000,30.000000,60.000000,6.000000,0.000000,-0.000000,1.500000,0.041545,-0.010918,1.482865,0.000000,0.000000,0.000000,-0.000598,-0.004162,0.007137,0.999786,0.006874,-0.019518,0.000134,-0.010410,0.003121,-0.000043,-0.025494,-0.022296,-0.028603,23.501975,23.501975,23.502959,0.499128,0.855981,0.269634,-0.006497,0.907161
34.850000,1,0,0,2.400000,9.810000,0.900000,30.000000,60.000000,6.000000,0.000000,-0.000000,1.500000,0.041472,-0.011163,1.483210,0.000000,0.000000,0.000000,-0.002313,-0.005616,0.006660,0.999789,0.006584,-0.019452,0.000128,-0.012772,0.002118,-0.000028,0.007390,-0.028282,-0.046336,23.502959,23.502959,23.504206,0.499155,0.931863,0.241640,-0.050340,0.907176
34.900000,1,0,0,2.400000,9.810000,0.900000,30.000000,60.000000,6.000000,0.000000,-0.000000,1.500000,0.041316,-0.011477,1.483530,0.000000,0.000000,0.000000,-0.003925,-0.006872,0.006133,0.999792,0.006237,-0.019412,0.000121,-0.014899,0.001045,-0.000013,-0.013223,-0.030535,-0.050524,23.504206,23.504206,23.505742,0.499188,0.880584,0.219966,-0.061920,0.907249
34.950000,1,0,0,2.400000,9.810000,0.900000,30.000000,60.000000,6.000000,0.000000,-0.000000,1.500000,0.041081,-0.011847,1.483822,0.000000,0.000000,0.000000,-0.005422,-0.007917,0.005561,0.999795,0.005841,-0.019400,0.000113,-0.016764,-0.000089,0.000001,-0.031721,-0.007635,-0.072211,23.505742,23.505742,23.507589,0.499227,0.835691,0.256312,-0.115751,0.907379
35.000000,1,0,0,2.400000,9.810000,0.900000,30.000000,60.000000,6.000000,0.000000,-0.000000,1.500000,0.040776,-0.012265,1.484085,0.000000,0.000000,0.000000,-0.006791,-0.008739,0.004950,0.999797,0.005402,-0.019417,0.000105,-0.018345,-0.001271,0.000014,-0.048062,0.010277,-0.110826,23.507589,23.507589,23.509770,0.499273,0.797347,0.278664,-0.210473,0.907565
35.050000,1,0,0,2.400000,9.810000,0.900000,30.000000,60.000000,6.000000,0.000000,-0.000000,1.500000,0.040405,-0.012717,1.484317,0.000000,0.000000,0.000000,-0.008022,-0.009329,0.004303,0.999798,0.004926,-0.019464,0.000096,-0.019624,-0.002491,0.000025,-0.041454,-0.032617,-0.097183,23.509770,23.509770,23.512300,0.499327,0.815507,0.153397,-0.180055,0.907807
35.100000,1,0,0,2.400000,9.810000,0.900000,30.000000,60.000000,6.000000,0.000000,-0.000000,1.500000,0.039976,-0.013193,1.484515,0.000000,0.000000,0.000000,-0.009107,-0.009682,0.003627,0.999799,0.004423,-0.019542,0.000086,-0.020587,-0.003738,0.000033,-0.022135,-0.018486,-0.125554,23.512300,23.512300,23.515196,0.499388,0.865637,0.163669,-0.250752,0.908102
35.150000,1,0,0,2.400000,9.810000,0.900000,30.000000,60.000000,6.000000,0.000000,-0.000000,1.500000,0.039497,-0.013681,1.484679,0.000000,0.000000,0.000000,-0.010035,-0.009792,0.002927,0.999799,0.003900,-0.019651,0.000077,-0.021223,-0.004999,0.000039,-0.065037,-0.043117,-0.119994,23.515196,23.515196,23.518469,0.499458,0.767925,0.079968,-0.240304,0.908450
35.200000,1,0,0,2.400000,9.810000,0.900000,30.000000,60.000000,6.000000,0.000000,-0.000000,1.500000,0.038975,-0.014169,1.484807,0.000000,0.000000,0.000000,-0.010802,-0.009661,0.002210,0.999798,0.003365,-0.019792,0.000067,-0.021526,-0.006262,0.000042,-0.027523,-0.039732,-0.075016,23.518469,23.518469,23.522124,0.499535,0.864710,0.062952,-0.135549,0.908848
35.250000,1,0,0,2.400000,9.810000,0.900000,30.000000,60.000000,6.000000,0.000000,-0.000000,1.500000,0.038419,-0.014643,1.484900,0.000000,0.000000,0.000000,-0.011401,-0.009289,0.001480,0.999797,0.002827,-0.019964,0.000056,-0.021495,-0.007515,0.000042,-0.020512,0.001494,-0.082003,23.522124,23.522124,23.526167,0.499621,0.889782,0.136587,-0.155806,0.909295
35.300000,1,0,0,2.400000,9.810000,0.900000,30.000000,60.000000,6.000000,0.000000,-0.000000,1.500000,0.037838,-0.015094,1.484955,0.000000,0.000000,0.000000,-0.011829,-0.008680,0.000745,0.999794,0.002293,-0.020168,0.000046,-0.021131,-0.008747,0.000040,-0.004291,0.012528,-0.081507,23.526167,23.526167,23.530594,0.499715,0.938440,0.137988,-0.158398,0.909788
35.350000,1,0,0,2.400000,9.810000,0.900000,30.000000,60.000000,6.000000,0.000000,-0.000000,1.500000,0.037239,-0.015508,1.484974,0.000000,0.000000,0.000000,-0.012082,-0.007843,0.000010,0.999790,0.001773,-0.020401,0.000036,-0.020441,-0.009946,0.000035,-0.005693,0.005319,-0.086746,23.530594,23.530594,23.535402,0.499817,0.946248,0.096222,-0.175048,0.910325
35.400000,1,0,0,2.400000,9.810000,0.900000,30.000000,60.000000,6.000000,0.000000,-0.000000,1.500000,0.036632,-0.015874,1.484956,0.000000,0.000000,0.000000,-0.012161,-0.006787,-0.000719,0.999786,0.001274,-0.020665,0.000026,-0.019436,-0.011101,0.000028,0.027353,0.050756,-0.109016,23.535402,23.535402,23.540581,0.499927,1.038137,0.181793,-0.232862,0.910902
35.450000,1,0,0,2.400000,9.810000,0.900000,30.000000,60.000000,6.000000,0.000000,-0.000000,1.500000,0.036026,-0.016183,1.484903,0.000000,0.000000,0.000000,-0.012064,-0.005523,-0.001435,0.999780,0.000804,-0.020956,0.000017,-0.018132,-0.012201,0.000020,0.042005,0.049803,-0.061647,23.540581,23.540581,23.546119,0.500045,1.087225,0.157381,-0.123827,0.911518
35.500000,1,0,0,2.400000,9.810000,0.900000,30.000000,60.000000,6.000000,0.000000,-0.000000,1.500000,0.035429,-0.016423,1.484813,0.000000,0.000000,0.000000,-0.011795,-0.004067,-0.002133,0.999774,0.000370,-0.021274,0.000008,-0.016546,-0.013237,0.000010,0.049224,0.051953,-0.058485,23.546119,23.546119,23.551999,0.500170,1.119753,0.142112,-0.121162,0.912168
35.550000,1,0,0,2.400000,9.810000,0.900000,30.000000,60.000000,6.000000,0.000000,-0.000000,1.500000,0.034849,-0.016587,1.484690,0.000000,0.000000,0.000000,-0.011356,-0.002434,-0.002808,0.999766,-0.000021,-0.021617,-0.000000,-0.014702,-0.014198,-0.000001,0.039253,0.029178,-0.055583,23.551999,23.551999,23.558203,0.500302,1.112218,0.069033,-0.119386,0.912851
35.600000,1,0,0,2.400000,9.810000,0.900000,30.000000,60.000000,6.000000,0.000000,-0.000000,1.500000,0.034296,-0.016664,1.484533,0.000000,0.000000,0.000000,-0.010753,-0.000643,-0.003452,0.999758,-0.000363,-0.021983,-0.000008,-0.012625,-0.015077,-0.000011,0.054427,0.027698,-0.054620,23.558203,23.558203,23.564708,0.500440,1.166139,0.049363,-0.122514,0.913562
35.650000,1,0,0,2.400000,9.810000,0.900000,30.000000,60.000000,6.000000,0.000000,-0.000000,1.500000,0.033777,-0.016649,1.484345,0.000000,0.000000,0.000000,-0.009992,0.001284,-0.004061,0.999750,-0.000650,-0.022370,-0.000015,-0.010343,-0.015864,-0.000021,0.079632,0.051320,-0.048697,23.564708,23.564708,23.571491,0.500584,1.245135,0.092503,-0.113976,0.914297
35.700000,1,0,0,2.400000,9.810000,0.900000,30.000000,60.000000,6.000000,0.000000,-0.000000,1.500000,0.033299,-0.016534,1.484128,0.000000,0.000000,0.000000,-0.009080,0.003327,-0.004630,0.999740,-0.000879,-0.022775,-0.000020,-0.007888,-0.016555,-0.000029,0.030689,0.036626,-0.060694,23.571491,23.571491,23.578527,0.500733,1.147068,0.046469,-0.148667,0.915054
35.750000,1,0,0,2.400000,9.810000,0.900000,30.000000,60.000000,6.000000,0.000000,-0.000000,1.500000,0.032871,-0.016314,1.483883,0.000000,0.000000,0.000000,-0.008026,0.005463,-0.005154,0.999730,-0.001044,-0.023197,-0.000024,-0.005294,-0.017142,-0.000036,0.046974,0.041525,-0.061515,23.578527,23.578527,23.585789,0.500887,1.206326,0.050431,-0.156737,0.915829
35.800000,1,0,0,2.400000,9.810000,0.900000,30.000000,60.000000,6.000000,0.000000,-0.000000,1.500000,0.032499,-0.015986,1.483613,0.000000,0.000000,0.000000,-0.006840,0.007666,-0.005628,0.999720,-0.001142,-0.023631,-0.000027,-0.002595,-0.017621,-0.000040,0.058337,0.033921,-0.081367,23.585789,23.585789,23.593248,0.501046,1.254418,0.027506,-0.210665,0.916618
35.850000,1,0,0,2.400000,9.810000,0.900000,30.000000,60.000000,6.000000,0.000000,-0.000000,1.500000,0.032189,-0.015547,1.483321,0.000000,0.000000,0.000000,-0.005534,0.009911,-0.006048,0.999709,-0.001173,-0.024076,-0.000028,0.000171,-0.017988,-0.000042,0.061981,0.015659,-0.064686,23.593248,23.593248,23.600876,0.501208,1.284508,-0.017773,-0.177077,0.917417
35.900000,1,0,0,2.400000,9.810000,0.900000,30.000000,60.000000,6.000000,0.000000,-0.000000,1.500000,0.031947,-0.014995,1.483009,0.000000,0.000000,0.000000,-0.004120,0.012174,-0.006411,0.999698,-0.001134,-0.024529,-0.000028,0.002968,-0.018241,-0.000041,0.044959,-0.003459,-0.066943,23.600876,23.600876,23.608646,0.501373,1.265384,-0.061825,-0.189078,0.918223
35.950000,1,0,0,2.400000,9.810000,0.900000,30.000000,60.000000,6.000000,0.000000,-0.000000,1.500000,0.031779,-0.014330,1.482681,0.000000,0.000000,0.000000,-0.002610,0.014428,-0.006713,0.999687,-0.001024,-0.024987,-0.000026,0.005758,-0.018377,-0.000038,0.059100,0.010219,-0.049702,23.608646,23.608646,23.616527,0.501540,1.321302,-0.023862,-0.154400,0.919032
36.000000,1,0,0,2.400000,9.810000,0.900000,30.000000,60.000000,6.000000,0.000000,-0.000000,1.500000,0.031688,-0.013553,1.482339,0.000000,0.000000,0.000000,-0.001019,0.016647,-0.006951,0.999676,-0.000846,-0.025447,-0.000022,0.008502,-0.018398,-0.000031,0.065302,-0.033476,-0.044720,23.616527,23.616527,23.624490,0.501709,1.358277,-0.120320,-0.149235,0.919839
36.050000,1,0,0,2.400000,9.810000,0.900000,30.000000,60.000000,6.000000,0.000000,-0.000000,1.500000,0.031678,-0.012666,1.481987,0.000000,0.000000,0.000000,0.000638,0.018805,-0.007122,0.999664,-0.000600,-0.025906,-0.000016,0.011166,-0.018302,-0.000022,0.042131,-0.036757,-0.068121,23.624490,23.624490,23.632508,0.501880,1.324731,-0.116583,-0.212253,0.920642
36.100000,1,0,0,2.400000,9.810000,0.900000,30.000000,60.000000,6.000000,0.000000,-0.000000,1.500000,0.031752,-0.011674,1.481628,0.000000,0.000000,0.000000,0.002346,0.020878,-0.007226,0.999652,-0.000289,-0.026361,-0.000008,0.013711,-0.018093,-0.000010,0.047624,-0.009587,-0.087561,23.632508,23.632508,23.640550,0.502050,1.359814,-0.036673,-0.265806,0.921436
36.150000,1,0,0,2.400000,9.810000,0.900000,30.000000,60.000000,6.000000,0.000000,-0.000000,1.500000,0.031913,-0.010580,1.481265,0.000000,0.000000,0.000000,0.004090,0.022842,-0.007259,0.999641,0.000084,-0.026809,0.000002,0.016105,-0.017773,0.000003,0.021886,-0.039720,-0.067515,23.640550,23.640550,23.648588,0.502221,1.319645,-0.091358,-0.224603,0.922218
36.200000,1,0,0,2.400000,9.810000,0.900000,30.000000,60.000000,6.000000,0.000000,-0.000000,1.500000,0.032161,-0.009392,1.480903,0.000000,0.000000,0.000000,0.005853,0.024672,-0.007222,0.999629,0.000514,-0.027248,0.000014,0.018314,-0.017346,0.000018,0.028902,-0.045849,-0.051191,23.648588,23.648588,23.656593,0.502391,1.357657,-0.085698,-0.192317,0.922984
36.250000,1,0,0,2.400000,9.810000,0.900000,30.000000,60.000000,6.000000,0.000000,-0.000000,1.500000,0.032498,-0.008116,1.480544,0.000000,0.000000,0.000000,0.007620,0.026347,-0.007114,0.999616,0.000997,-0.027675,0.000028,0.020309,-0.016818,0.000034,0.027052,-0.039699,-0.047083,23.656593,23.656593,23.664535,0.502560,1.373837,-0.048066,-0.189307,0.923731
36.300000,1,0,0,2.400000,9.810000,0.900000,30.000000,60.000000,6.000000,0.000000,-0.000000,1.500000,0.032923,-0.006760,1.480193,0.000000,0.000000,0.000000,0.009373,0.027848,-0.006935,0.999604,0.001527,-0.028088,0.000043,0.022063,-0.016193,0.000049,0.032465,-0.000624,-0.007441,23.664535,23.664535,23.672386,0.502727,1.406772,0.070824,-0.100944,0.924456
36.350000,1,0,0,2.400000,9.810000,0.900000,30.000000,60.000000,6.000000,0.000000,-0.000000,1.500000,0.033435,-0.005334,1.479852,0.000000,0.000000,0.000000,0.011097,0.029156,-0.006685,0.999592,0.002098,-0.028484,0.000060,0.023551,-0.015479,0.000065,0.076649,0.022790,-0.010898,23.672386,23.672386,23.680113,0.502891,1.531971,0.154062,-0.115921,0.925156
36.400000,1,0,0,2.400000,9.810000,0.900000,30.000000,60.000000,6.000000,0.000000,-0.000000,1.500000,0.034032,-0.003848,1.479525,0.000000,0.000000,0.000000,0.012776,0.030254,-0.006366,0.999580,0.002702,-0.028861,0.000078,0.024752,-0.014683,0.000079,0.069144,0.022286,0.006411,23.680113,23.680113,23.687688,0.503051,1.532226,0.181511,-0.080933,0.925827
36.450000,1,0,0,2.400000,9.810000,0.900000,30.000000,60.000000,6.000000,0.000000,-0.000000,1.500000,0.034712,-0.002312,1.479216,0.000000,0.000000,0.000000,0.014394,0.031128,-0.005980,0.999568,0.003332,-0.029217,0.000097,0.025650,-0.013814,0.000092,0.078570,0.011726,0.000001,23.687688,23.687688,23.695078,0.503208,1.572127,0.186085,-0.102719,0.926467
36.500000,1,0,0,2.400000,9.810000,0.900000,30.000000,60.000000,6.000000,0.000000,-0.000000,1.500000,0.035470,-0.000739,1.478928,0.000000,0.000000,0.000000,0.015936,0.031766,-0.005527,0.999555,0.003981,-0.029551,0.000118,0.026231,-0.012881,0.000103,0.063901,-0.004336,0.003212,23.695078,23.695078,23.702252,0.503361,1.553132,0.178350,-0.101234,0.927073
36.550000,1,0,0,2.400000,9.810000,0.900000,30.000000,60.000000,6.000000,0.000000,-0.000000,1.500000,0.036304,0.000860,1.478665,0.000000,0.000000,0.000000,0.017387,0.032160,-0.005012,0.999543,0.004641,-0.029860,0.000139,0.026486,-0.011892,0.000110,0.065998,-0.002333,-0.006170,23.702252,23.702252,23.709178,0.503508,1.573232,0.214483,-0.129771,0.927642
36.600000,1,0,0,2.400000,9.810000,0.900000,30.000000,60.000000,6.000000,0.000000,-0.000000,1.500000,0.037207,0.002473,1.478428,0.000000,0.000000,0.000000,0.018734,0.032301,-0.004437,0.999531,0.005302,-0.030145,0.000160,0.026410,-0.010859,0.000115,0.076303,0.002905,0.002182,23.709178,23.709178,23.715824,0.503649,1.611824,0.258504,-0.115519,0.928174
36.650000,1,0,0,2.400000,9.810000,0.900000,30.000000,60.000000,6.000000,0.000000,-0.000000,1.500000,0.038175,0.004086,1.478222,0.000000,0.000000,0.000000,0.019963,0.032186,-0.003806,0.999520,0.005958,-0.030403,0.000181,0.026002,-0.009790,0.000117,0.034944,-0.004631,0.007883,23.715824,23.715824,23.722157,0.503783,1.525164,0.271595,-0.107378,0.928665
36.700000,1,0,0,2.400000,9.810000,0.900000,30.000000,60.000000,6.000000,0.000000,-0.000000,1.500000,0.039201,0.005687,1.478048,0.000000,0.000000,0.000000,0.021064,0.031814,-0.003122,0.999509,0.006599,-0.030633,0.000202,0.025264,-0.008697,0.000115,0.033196,-0.035056,0.017534,23.722157,23.722157,23.728145,0.503911,1.532276,0.229083,-0.089486,0.929113
36.750000,1,0,0,2.400000,9.810000,0.900000,30.000000,60.000000,6.000000,0.000000,-0.000000,1.500000,0.040279,0.007263,1.477910,0.000000,0.000000,0.000000,0.022023,0.031185,-0.002390,0.999498,0.007218,-0.030837,0.000223,0.024205,-0.007590,0.000110,0.059829,-0.009935,0.025553,23.728145,23.728145,23.733759,0.504030,1.606181,0.318826,-0.075219,0.929518
36.800000,1,0,0,2.400000,9.810000,0.900000,30.000000,60.000000,6.000000,0.000000,-0.000000,1.500000,0.041401,0.008801,1.477810,0.000000,0.000000,0.000000,0.022833,0.030304,-0.001615,0.999488,0.007806,-0.031013,0.000242,0.022835,-0.006481,0.000101,0.059518,-0.025637,0.013881,23.733759,23.733759,23.738968,0.504141,1.614088,0.309162,-0.107900,0.929879
36.850000,1,0,0,2.400000,9.810000,0.900000,30.000000,60.000000,6.000000,0.000000,-0.000000,1.500000,0.042560,0.010289,1.477750,0.000000,0.000000,0.000000,0.023484,0.029177,-0.000801,0.999479,0.008356,-0.031161,0.000261,0.021169,-0.005378,0.000090,0.007286,-0.015157,0.002006,23.738968,23.738968,23.743746,0.504242,1.496049,0.360535,-0.140738,0.930193
36.900000,1,0,0,2.400000,9.810000,0.900000,30.000000,60.000000,6.000000,0.000000,-0.000000,1.500000,0.043747,0.011715,1.477731,0.000000,0.000000,0.000000,0.023969,0.027813,0.000046,0.999471,0.008861,-0.031281,0.000277,0.019227,-0.004294,0.000076,0.010492,-0.047684,0.007576,23.743746,23.743746,23.748068,0.504334,1.509744,0.306551,-0.131369,0.930461
36.950000,1,0,0,2.400000,9.810000,0.900000,30.000000,60.000000,6.000000,0.000000,-0.000000,1.500000,0.044954,0.013067,1.477755,0.000000,0.000000,0.000000,0.024283,0.026223,0.000920,0.999464,0.009315,-0.031375,0.000292,0.017029,-0.003237,0.000060,0.013968,-0.027999,0.031229,23.748068,23.748068,23.751911,0.504415,1.522792,0.375417,-0.078241,0.930682
37.000000,1,0,0,2.400000,9.810000,0.900000,30.000000,60.000000,6.000000,0.000000,-0.000000,1.500000,0.046172,0.014334,1.477823,0.000000,0.000000,0.000000,0.024419,0.024423,0.001817,0.999458,0.009710,-0.031443,0.000305,0.014602,-0.002219,0.000043,0.021718,-0.056750,0.015496,23.751911,23.751911,23.755258,0.504486,1.544840,0.325287,-0.119276,0.930856
37.050000,1,0,0,2.400000,9.810000,0.900000,30.000000,60.000000,6.000000,0.000000,-0.000000,1.500000,0.047393,0.015506,1.477937,0.000000,0.000000,0.000000,0.024377,0.022427,0.002729,0.999454,0.010043,-0.031486,0.000316,0.011974,-0.001247,0.000025,-0.002159,-0.076699,-0.013722,23.755258,23.755258,23.758095,0.504547,1.489774,0.293274,-0.192297,0.930983
37.100000,1,0,0,2.400000,9.810000,0.900000,30.000000,60.000000,6.000000,0.000000,-0.000000,1.500000,0.048607,0.016574,1.478096,0.000000,0.000000,0.000000,0.024153,0.020255,0.003652,0.999450,0.010307,-0.031506,0.000325,0.009174,-0.000332,0.000007,-0.001475,-0.069054,-0.032355,23.758095,23.758095,23.760412,0.504596,1.492508,0.324253,-0.239534,0.931063
37.150000,1,0,0,2.400000,9.810000,0.900000,30.000000,60.000000,6.000000,0.000000,-0.000000,1.500000,0.049805,0.017529,1.478302,0.000000,0.000000,0.000000,0.023749,0.017927,0.004578,0.999448,0.010500,-0.031503,0.000331,0.006236,0.000519,-0.000011,-0.008469,-0.038613,-0.050472,23.760412,23.760412,23.762205,0.504634,1.475739,0.406523,-0.285145,0.931098
37.200000,1,0,0,2.400000,9.810000,0.900000,30.000000,60.000000,6.000000,0.000000,-0.000000,1.500000,0.050979,0.018364,1.478554,0.000000,0.000000,0.000000,0.023164,0.015463,0.005502,0.999448,0.010618,-0.031480,0.000334,0.003194,0.001298,-0.000028,-0.003521,-0.021174,-0.059542,23.762205,23.762205,23.763475,0.504661,1.486636,0.454022,-0.308652,0.931087
37.250000,1,0,0,2.400000,9.810000,0.900000,30.000000,60.000000,6.000000,0.000000,-0.000000,1.500000,0.052119,0.019073,1.478852,0.000000,0.000000,0.000000,0.022403,0.012888,0.006417,0.999449,0.010659,-0.031439,0.000335,0.000083,0.001999,-0.000043,-0.025599,-0.038721,-0.041679,23.763475,23.763475,23.764227,0.504677,1.431762,0.413889,-0.267128,0.931033
37.300000,1,0,0,2.400000,9.810000,0.900000,30.000000,60.000000,6.000000,0.000000,-0.000000,1.500000,0.053216,0.019652,1.479195,0.000000,0.000000,0.000000,0.021470,0.010225,0.007318,0.999451,0.010622,-0.031381,0.000334,-0.003061,0.002616,-0.000056,-0.030377,-0.071968,-0.047770,23.764227,23.764227,23.764473,0.504682,1.417598,0.332344,-0.282709,0.930935
37.350000,1,0,0,2.400000,9.810000,0.900000,30.000000,60.000000,6.000000,0.000000,-0.000000,1.500000,0.054263,0.020095,1.479583,0.000000,0.000000,0.000000,0.020370,0.007501,0.008198,0.999454,0.010506,-0.031309,0.000329,-0.006201,0.003143,-0.000066,0.006057,-0.050049,-0.058818,23.764473,23.764473,23.764229,0.504677,1.501639,0.379450,-0.309801,0.930798
37.400000,1,0,0,2.400000,9.810000,0.900000,30.000000,60.000000,6.000000,0.000000,-0.000000,1.500000,0.055251,0.020401,1.480015,0.000000,0.000000,0.000000,0.019110,0.004740,0.009051,0.999459,0.010312,-0.031225,0.000322,-0.009301,0.003576,-0.000074,0.002781,-0.075301,-0.042011,23.764229,23.764229,23.763517,0.504662,1.489781,0.309625,-0.269660,0.930621
37.450000,1,0,0,2.400000,9.810000,0.900000,30.000000,60.000000,6.000000,0.000000,-0.000000,1.500000,0.056171,0.020569,1.480488,0.000000,0.000000,0.000000,0.017699,0.001969,0.009872,0.999465,0.010042,-0.031131,0.000313,-0.012324,0.003913,-0.000079,-0.000517,-0.079580,-0.018330,23.763517,23.763517,23.762362,0.504637,1.477389,0.286488,-0.212655,0.930408
37.500000,1,0,0,2.400000,9.810000,0.900000,30.000000,60.000000,6.000000,0.000000,-0.000000,1.500000,0.057018,0.020598,1.481001,0.000000,0.000000,0.000000,0.016147,-0.000786,0.010656,0.999471,0.009698,-0.031030,0.000301,-0.015236,0.004150,-0.000081,-0.022663,-0.078443,0.019745,23.762362,23.762362,23.760794,0.504604,1.419395,0.272813,-0.120743,0.930160
37.550000,1,0,0,2.400000,9.810000,0.900000,30.000000,60.000000,6.000000,0.000000,-0.000000,1.500000,0.057784,0.020491,1.481553,0.000000,0.000000,0.000000,0.014465,-0.003498,0.011396,0.999479,0.009282,-0.030925,0.000287,-0.018002,0.004287,-0.000080,-0.019424,-0.060395,0.008689,23.760794,23.760794,23.758847,0.504563,1.422082,0.296341,-0.146398,0.929880
37.600000,1,0,0,2.400000,9.810000,0.900000,30.000000,60.000000,6.000000,0.000000,-0.000000,1.500000,0.058463,0.020250,1.482140,0.000000,0.000000,0.000000,0.012664,-0.006142,0.012088,0.999486,0.008799,-0.030817,0.000271,-0.020591,0.004324,-0.000076,-0.037893,-0.088727,0.020350,23.758847,23.758847,23.756557,0.504514,1.372546,0.205370,-0.117201,0.929571
37.650000,1,0,0,2.400000,9.810000,0.900000,30.000000,60.000000,6.000000,0.000000,-0.000000,1.500000,0.059049,0.019878,1.482761,0.000000,0.000000,0.000000,0.010758,-0.008693,0.012728,0.999494,0.008255,-0.030710,0.000254,-0.022974,0.004261,-0.000070,-0.011619,-0.108620,0.039673,23.756557,23.756557,23.753961,0.504459,1.430391,0.131693,-0.069294,0.929237
37.700000,1,0,0,2.400000,9.810000,0.900000,30.000000,60.000000,6.000000,0.000000,-0.000000,1.500000,0.059537,0.019382,1.483412,0.000000,0.000000,0.000000,0.008760,-0.011127,0.013311,0.999502,0.007653,-0.030605,0.000234,-0.025124,0.004100,-0.000063,-0.027306,-0.085133,0.031806,23.753961,23.753961,23.751101,0.504398,1.387648,0.159434,-0.086344,0.928879
37.750000,1,0,0,2.400000,9.810000,0.900000,30.000000,60.000000,6.000000,0.000000,-0.000000,1.500000,0.059923,0.018768,1.484091,0.000000,0.000000,0.000000,0.006685,-0.013422,0.013833,0.999510,0.007001,-0.030506,0.000214,-0.027016,0.003844,-0.000054,-0.029374,-0.058804,0.045220,23.751101,23.751101,23.748015,0.504333,1.377818,0.191597,-0.052037,0.928501
37.800000,1,0,0,2.400000,9.810000,0.900000,30.000000,60.000000,6.000000,0.000000,-0.000000,1.500000,0.060204,0.018043,1.484794,0.000000,0.000000,0.000000,0.004548,-0.015557,0.014291,0.999517,0.006306,-0.030414,0.000192,-0.028629,0.003496,-0.000044,0.008483,-0.072038,0.079888,23.748015,23.748015,23.744744,0.504263,1.464157,0.126732,0.033539,0.928106
37.850000,1,0,0,2.400000,9.810000,0.900000,30.000000,60.000000,6.000000,0.000000,-0.000000,1.500000,0.060377,0.017215,1.485519,0.000000,0.000000,0.000000,0.002365,-0.017511,0.014682,0.999524,0.005573,-0.030332,0.000169,-0.029946,0.003061,-0.000034,-0.000782,-0.062049,0.053153,23.744744,23.744744,23.741327,0.504191,1.437853,0.115865,-0.028009,0.927699
37.900000,1,0,0,2.400000,9.810000,0.900000,30.000000,60.000000,6.000000,0.000000,-0.000000,1.500000,0.060440,0.016295,1.486261,0.000000,0.000000,0.000000,0.000152,-0.019269,0.015004,0.999530,0.004812,-0.030262,0.000146,-0.030954,0.002545,-0.000025,0.013564,-0.059799,0.067815,23.741327,23.741327,23.737803,0.504116,1.468769,0.085051,0.010012,0.927282
37.950000,1,0,0,2.400000,9.810000,0.900000,30.000000,60.000000,6.000000,0.000000,-0.000000,1.500000,0.060392,0.015292,1.487018,0.000000,0.000000,0.000000,-0.002075,-0.020814,0.015253,0.999536,0.004029,-0.030206,0.000122,-0.031642,0.001954,-0.000016,0.020097,-0.041911,0.069265,23.737803,23.737803,23.734207,0.504039,1.481584,0.090771,0.016521,0.926858
38.000000,1,0,0,2.400000,9.810000,0.900000,30.000000,60.000000,6.000000,0.000000,-0.000000,1.500000,0.060233,0.014217,1.487785,0.000000,0.000000,0.000000,-0.004299,-0.022133,0.015429,0.999540,0.003233,-0.030165,0.000098,-0.032005,0.001295,-0.000008,0.008862,-0.011221,0.054363,23.734207,23.734207,23.730573,0.503962,1.452487,0.126601,-0.016045,0.926433
