t,flight_active,online_update_configured,online_update_enabled,mass_kg,gravity_m_s2,anomaly_similarity_threshold,force_clip_norm_n,force_reject_norm_n,residual_consistency_threshold_n,pd_x,pd_y,pd_z,p_x,p_y,p_z,vd_x,vd_y,vd_z,v_x,v_y,v_z,q_w,q_x,q_y,q_z,omega_x,omega_y,omega_z,accel_world_x,accel_world_y,accel_world_z,previous_commanded_thrust_n,residual_model_thrust_n,thrust_n,thrust_norm,residual_x,residual_y,residual_z,max_similarity
0.000000,1,0,0,2.400000,9.810000,0.900000,30.000000,60.000000,6.000000,0.000000,0.000000,0.000000,0.000000,0.000000,0.000000,0.000000,0.000000,0.000000,0.000000,0.000000,-0.000005,1.000000,-0.000000,0.000000,0.000000,-0.000110,0.000207,0.000000,0.028851,0.019797,0.036662,23.532034,23.532034,23.541080,0.499938,0.069238,0.047512,0.099953,0.972842
0.050000,1,0,0,2.400000,9.810000,0.900000,30.000000,60.000000,6.000000,0.000000,0.000000,0.000004,0.000000,0.000000,-0.000009,0.000000,0.000000,0.000217,0.000005,0.000003,-0.000281,1.000000,-0.000005,0.000011,0.000000,-0.000172,0.000431,0.000000,0.038849,0.020708,0.030402,23.541080,23.541080,23.561586,0.500373,0.092741,0.049467,0.075885,0.972169
0.100000,1,0,0,2.400000,9.810000,0.900000,30.000000,60.000000,6.000000,0.000000,0.000000,0.000029,0.000001,0.000000,-0.000021,0.000000,0.000000,0.000857,0.000021,0.000009,-0.000127,1.000000,-0.000009,0.000022,0.000000,-0.000122,0.000442,0.000000,0.017035,0.026837,0.038128,23.561586,23.561586,23.581311,0.500792,0.039871,0.064004,0.073921,0.971484
0.150000,1,0,0,2.400000,9.810000,0.900000,30.000000,60.000000,6.000000,0.000000,0.000000,0.000096,0.000002,0.000001,-0.000015,0.000000,0.000000,0.001904,0.000049,0.000019,0.000446,1.000000,-0.000011,0.000033,0.000000,-0.000075,0.000445,0.000000,0.040283,0.012349,0.043950,23.581311,23.581311,23.600272,0.501195,0.095140,0.029116,0.068170,0.970790
0.200000,1,0,0,2.400000,9.810000,0.900000,30.000000,60.000000,6.000000,0.000000,0.000000,0.000226,0.000006,0.000002,0.000030,0.000000,0.000000,0.003342,0.000089,0.000030,0.001422,1.000000,-0.000012,0.000044,0.000000,-0.000032,0.000437,0.000000,0.015447,0.042548,0.037684,23.600272,23.600272,23.618483,0.501582,0.035012,0.101532,0.034170,0.970091
0.250000,1,0,0,2.400000,9.810000,0.900000,30.000000,60.000000,6.000000,0.000000,0.000000,0.000437,0.000011,0.000004,0.000134,0.000000,0.000000,0.005155,0.000142,0.000042,0.002786,1.000000,-0.000013,0.000054,0.000000,0.000002,0.000415,0.000000,0.039915,0.028967,0.069213,23.618483,23.618483,23.635959,0.501953,0.093229,0.068919,0.091628,0.969391
0.300000,1,0,0,2.400000,9.810000,0.900000,30.000000,60.000000,6.000000,0.000000,0.000000,0.000747,0.000020,0.000006,0.000315,0.000000,0.000000,0.007328,0.000211,0.000052,0.004521,1.000000,-0.000012,0.000064,0.000000,0.000025,0.000376,0.000000,0.032263,0.033124,0.079552,23.635959,23.635959,23.652717,0.502309,0.074394,0.078910,0.098965,0.968693
0.350000,1,0,0,2.400000,9.810000,0.900000,30.000000,60.000000,6.000000,0.000000,0.000000,0.001175,0.000033,0.000009,0.000592,0.000000,0.000000,0.009845,0.000296,0.000061,0.006613,1.000000,-0.000012,0.000073,0.000000,0.000036,0.000318,0.000000,0.035543,0.014523,0.094456,23.652717,23.652717,23.668771,0.502650,0.081850,0.034308,0.117977,0.968002
0.400000,1,0,0,2.400000,9.810000,0.900000,30.000000,60.000000,6.000000,0.000000,0.000000,0.001737,0.000050,0.000012,0.000982,0.000000,0.000000,0.012691,0.000398,0.000068,0.009046,1.000000,-0.000011,0.000080,0.000000,0.000035,0.000239,0.000000,0.024447,-0.017332,0.082829,23.668771,23.668771,23.684134,0.502976,0.054887,-0.042102,0.074018,0.967320
0.450000,1,0,0,2.400000,9.810000,0.900000,30.000000,60.000000,6.000000,0.000000,0.000000,0.002449,0.000073,0.000016,0.001502,0.000000,0.000000,0.015852,0.000518,0.000072,0.011808,1.000000,-0.000010,0.000085,0.000000,0.000020,0.000137,0.000000,0.028072,-0.026710,0.066143,23.684134,23.684134,23.698820,0.503288,0.063358,-0.064577,0.018609,0.966651
0.500000,1,0,0,2.400000,9.810000,0.900000,30.000000,60.000000,6.000000,0.000000,0.000000,0.003327,0.000102,0.000020,0.002168,0.000000,0.000000,0.019312,0.000658,0.000072,0.014882,1.000000,-0.000010,0.000087,0.000000,-0.000008,0.000009,0.000000,0.012804,-0.023215,0.060781,23.698820,23.698820,23.712842,0.503586,0.026623,-0.056181,-0.008946,0.965999
0.550000,1,0,0,2.400000,9.810000,0.900000,30.000000,60.000000,6.000000,0.000000,0.000000,0.004385,0.000139,0.000023,0.002995,0.000000,0.000000,0.023057,0.000818,0.000070,0.018257,1.000000,-0.000010,0.000085,0.000000,-0.000049,-0.000144,-0.000000,0.006057,-0.028866,0.053972,23.712842,23.712842,23.726212,0.503870,0.010505,-0.069775,-0.039310,0.965367
0.600000,1,0,0,2.400000,9.810000,0.900000,30.000000,60.000000,6.000000,0.000000,0.000000,0.005638,0.000184,0.000027,0.003999,0.000000,0.000000,0.027073,0.000999,0.000066,0.021917,1.000000,-0.000012,0.000079,0.000000,-0.000101,-0.000325,-0.000000,0.021273,-0.029103,0.059122,23.726212,23.726212,23.738940,0.504140,0.047298,-0.070434,-0.040320,0.964759
0.650000,1,0,0,2.400000,9.810000,0.900000,30.000000,60.000000,6.000000,0.000000,0.000000,0.007097,0.000239,0.000030,0.005192,0.000000,0.000000,0.031345,0.001200,0.000060,0.025850,1.000000,-0.000016,0.000069,0.000000,-0.000162,-0.000532,-0.000000,-0.019321,-0.018153,0.048067,23.738940,23.738940,23.751036,0.504397,-0.049625,-0.044309,-0.079580,0.964177
0.700000,1,0,0,2.400000,9.810000,0.900000,30.000000,60.000000,6.000000,0.000000,0.000000,0.008776,0.000305,0.000033,0.006588,0.000000,0.000000,0.035860,0.001423,0.000053,0.030043,1.000000,-0.000021,0.000052,0.000000,-0.000231,-0.000767,-0.000000,-0.005853,-0.043021,0.084929,23.751036,23.751036,23.762509,0.504640,-0.016533,-0.104224,-0.003205,0.963624
0.750000,1,0,0,2.400000,9.810000,0.900000,30.000000,60.000000,6.000000,0.000000,0.000000,0.010687,0.000382,0.000035,0.008200,0.000000,0.000000,0.040603,0.001666,0.000048,0.034484,1.000000,-0.000027,0.000030,0.000000,-0.000305,-0.001027,-0.000000,-0.000094,-0.058157,0.071014,23.762509,23.762509,23.773366,0.504871,-0.001649,-0.140869,-0.048075,0.963103
0.800000,1,0,0,2.400000,9.810000,0.900000,30.000000,60.000000,6.000000,0.000000,0.000000,0.012840,0.000472,0.000037,0.010040,0.000000,0.000000,0.045563,0.001928,0.000045,0.039158,1.000000,-0.000036,0.000001,0.000000,-0.000383,-0.001312,-0.000000,0.008057,-0.057486,0.084300,23.773366,23.773366,23.783614,0.505089,0.019300,-0.139669,-0.027045,0.962616
0.850000,1,0,0,2.400000,9.810000,0.900000,30.000000,60.000000,6.000000,0.000000,0.000000,0.015246,0.000575,0.000040,0.012120,0.000000,0.000000,0.050724,0.002209,0.000047,0.044055,1.000000,-0.000046,-0.000036,-0.000000,-0.000460,-0.001619,-0.000000,0.007744,-0.044424,0.090761,23.783614,23.783614,23.793258,0.505293,0.020289,-0.108822,-0.021787,0.962167
0.900000,1,0,0,2.400000,9.810000,0.900000,30.000000,60.000000,6.000000,0.000000,0.000000,0.017916,0.000693,0.000042,0.014449,0.000000,0.000000,0.056074,0.002507,0.000056,0.049162,1.000000,-0.000059,-0.000080,-0.000000,-0.000536,-0.001946,-0.000000,0.001918,-0.040082,0.090752,23.793258,23.793258,23.802301,0.505486,0.008425,-0.098996,-0.031451,0.961756
0.950000,1,0,0,2.400000,9.810000,0.900000,30.000000,60.000000,6.000000,0.000000,0.000000,0.020857,0.000826,0.000045,0.017039,0.000000,0.000000,0.061601,0.002820,0.000073,0.054467,1.000000,-0.000073,-0.000133,-0.000000,-0.000607,-0.002290,-0.000000,0.014964,-0.039447,0.115614,23.802301,23.802301,23.810749,0.505665,0.042257,-0.098154,0.019173,0.961386
1.000000,1,0,0,2.400000,9.810000,0.900000,30.000000,60.000000,6.000000,0.000000,0.000000,0.024078,0.000975,0.000050,0.019899,0.000000,0.000000,0.067291,0.003145,0.000100,0.059958,1.000000,-0.000089,-0.000195,-0.000000,-0.000672,-0.002648,-0.000000,0.005813,-0.025826,0.109045,23.810749,23.810749,23.818601,0.505832,0.023236,-0.066228,-0.005038,0.961058
1.050000,1,0,0,2.400000,9.810000,0.900000,30.000000,60.000000,6.000000,0.000000,0.000000,0.027588,0.001141,0.000056,0.023038,0.000000,0.000000,0.073133,0.003481,0.000140,0.065623,1.000000,-0.000107,-0.000266,-0.000000,-0.000730,-0.003017,-0.000001,-0.009468,-0.022510,0.133730,23.818601,23.818601,23.825861,0.505986,-0.010064,-0.059105,0.046355,0.960774
1.100000,1,0,0,2.400000,9.810000,0.900000,30.000000,60.000000,6.000000,0.000000,0.000000,0.031394,0.001323,0.000064,0.026464,0.000000,0.000000,0.079113,0.003823,0.000194,0.071451,1.000000,-0.000126,-0.000346,-0.000000,-0.000777,-0.003392,-0.000001,0.004087,-0.041559,0.120834,23.825861,23.825861,23.832528,0.506127,0.026289,-0.105723,0.008148,0.960534
1.150000,1,0,0,2.400000,9.810000,0.900000,30.000000,60.000000,6.000000,0.000000,0.000000,0.035502,0.001523,0.000075,0.030185,0.000000,0.000000,0.085220,0.004169,0.000263,0.077429,1.000000,-0.000145,-0.000435,-0.000000,-0.000815,-0.003770,-0.000001,-0.005469,-0.024380,0.117140,23.832528,23.832528,23.838602,0.506256,0.007626,-0.065445,-0.007382,0.960340
1.200000,1,0,0,2.400000,9.810000,0.900000,30.000000,60.000000,6.000000,0.000000,0.000000,0.039918,0.001740,0.000090,0.034209,0.000000,0.000000,0.091441,0.004514,0.000349,0.083546,1.000000,-0.000166,-0.000534,-0.000000,-0.000841,-0.004146,-0.000001,0.002209,-0.011173,0.103628,23.838602,23.838602,23.844082,0.506373,0.030777,-0.034738,-0.045879,0.960192
1.250000,1,0,0,2.400000,9.810000,0.900000,30.000000,60.000000,6.000000,0.000000,0.000000,0.044648,0.001974,0.000110,0.038542,0.000000,0.000000,0.097767,0.004856,0.000452,0.089790,1.000000,-0.000187,-0.000643,-0.000000,-0.000857,-0.004517,-0.000002,-0.006164,0.006878,0.122243,23.844082,23.844082,23.848968,0.506477,0.015851,0.007569,-0.006677,0.960091
1.300000,1,0,0,2.400000,9.810000,0.900000,30.000000,60.000000,6.000000,0.000000,0.000000,0.049696,0.002226,0.000136,0.043190,0.000000,0.000000,0.104183,0.005190,0.000572,0.096150,1.000000,-0.000209,-0.000760,-0.000000,-0.000863,-0.004878,-0.000002,0.005411,0.033973,0.130673,23.848968,23.848968,23.853259,0.506568,0.049240,0.071568,0.008677,0.960036
1.350000,1,0,0,2.400000,9.810000,0.900000,30.000000,60.000000,6.000000,0.000000,0.000000,0.055067,0.002493,0.000168,0.048159,0.000000,0.000000,0.110681,0.005512,0.000710,0.102614,1.000000,-0.000231,-0.000886,-0.000000,-0.000861,-0.005226,-0.000002,-0.013688,0.054291,0.106673,23.853259,23.853259,23.856953,0.506646,0.009436,0.119301,-0.053205,0.960027
1.400000,1,0,0,2.400000,9.810000,0.900000,30.000000,60.000000,6.000000,0.000000,0.000000,0.060765,0.002777,0.000207,0.053453,0.000000,0.000000,0.117248,0.005819,0.000863,0.109170,0.999999,-0.000252,-0.001021,-0.000000,-0.000850,-0.005558,-0.000003,-0.005762,0.032285,0.143986,23.856953,23.856953,23.860049,0.506712,0.034900,0.065463,0.032666,0.960065
1.450000,1,0,0,2.400000,9.810000,0.900000,30.000000,60.000000,6.000000,0.000000,0.000000,0.066793,0.003075,0.000255,0.059077,0.000000,0.000000,0.123874,0.006105,0.001032,0.115807,0.999999,-0.000273,-0.001164,-0.000000,-0.000835,-0.005871,-0.000003,0.007459,0.013244,0.127534,23.860049,23.860049,23.862546,0.506765,0.073454,0.018757,-0.009899,0.960147
1.500000,1,0,0,2.400000,9.810000,0.900000,30.000000,60.000000,6.000000,0.000000,0.000000,0.073153,0.003387,0.000311,0.065035,0.000000,0.000000,0.130548,0.006369,0.001213,0.122513,0.999999,-0.000294,-0.001315,-0.000000,-0.000817,-0.006161,-0.000004,0.019727,0.025936,0.145731,23.862546,23.862546,23.864444,0.506805,0.110085,0.048232,0.031295,0.960272
1.550000,1,0,0,2.400000,9.810000,0.900000,30.000000,60.000000,6.000000,0.000000,0.000000,0.079849,0.003711,0.000376,0.071329,0.000000,0.000000,0.137260,0.006605,0.001403,0.129277,0.999999,-0.000314,-0.001472,-0.000000,-0.000799,-0.006428,-0.000004,0.027303,0.044178,0.168755,23.864444,23.864444,23.865744,0.506833,0.135785,0.091048,0.084676,0.960441
1.600000,1,0,0,2.400000,9.810000,0.900000,30.000000,60.000000,6.000000,0.000000,0.000000,0.086880,0.004047,0.000451,0.077963,0.000000,0.000000,0.144000,0.006811,0.001600,0.136086,0.999999,-0.000334,-0.001636,-0.000001,-0.000784,-0.006669,-0.000004,-0.003327,0.027883,0.186611,23.865744,23.865744,23.866446,0.506848,0.070095,0.050996,0.126256,0.960650
1.650000,1,0,0,2.400000,9.810000,0.900000,30.000000,60.000000,6.000000,0.000000,0.000000,0.094249,0.004392,0.000536,0.084939,0.000000,0.000000,0.150757,0.006983,0.001799,0.142930,0.999998,-0.000353,-0.001805,-0.000001,-0.000776,-0.006884,-0.000005,-0.012220,-0.005753,0.183580,23.866446,23.866446,23.866553,0.506850,0.056843,-0.030660,0.118308,0.960899
1.700000,1,0,0,2.400000,9.810000,0.900000,30.000000,60.000000,6.000000,0.000000,0.000000,0.101956,0.004745,0.000631,0.092257,0.000000,0.000000,0.157522,0.007120,0.001995,0.149797,0.999998,-0.000372,-0.001980,-0.000001,-0.000777,-0.007072,-0.000005,0.037766,0.001776,0.156505,23.866553,23.866553,23.866068,0.506840,0.185139,-0.013517,0.053253,0.961185
1.750000,1,0,0,2.400000,9.810000,0.900000,30.000000,60.000000,6.000000,0.000000,0.000000,0.110001,0.005103,0.000735,0.099918,0.000000,0.000000,0.164285,0.007219,0.002184,0.156674,0.999998,-0.000392,-0.002159,-0.000001,-0.000793,-0.007234,-0.000006,-0.027913,0.002878,0.185957,23.866068,23.866068,23.864996,0.506817,0.036044,-0.011807,0.124458,0.961506
1.800000,1,0,0,2.400000,9.810000,0.900000,30.000000,60.000000,6.000000,0.000000,0.000000,0.118384,0.005466,0.000849,0.107924,0.000000,0.000000,0.171037,0.007279,0.002361,0.163552,0.999997,-0.000412,-0.002341,-0.000001,-0.000824,-0.007371,-0.000006,-0.084951,-0.023374,0.180743,23.864996,23.864996,23.863343,0.506782,-0.092134,-0.075772,0.113057,0.961860
1.850000,1,0,0,2.400000,9.810000,0.900000,30.000000,60.000000,6.000000,0.000000,0.000000,0.127104,0.005830,0.000971,0.116274,0.000000,0.000000,0.177769,0.007298,0.002518,0.170418,0.999997,-0.000433,-0.002527,-0.000001,-0.000875,-0.007486,-0.000006,-0.066443,-0.007953,0.163660,23.863343,23.863343,23.861116,0.506735,-0.038859,-0.039773,0.073756,0.962243
1.900000,1,0,0,2.400000,9.810000,0.900000,30.000000,60.000000,6.000000,0.000000,0.000000,0.136161,0.006195,0.001100,0.124966,0.000000,0.000000,0.184472,0.007277,0.002650,0.177262,0.999996,-0.000456,-0.002715,-0.000001,-0.000949,-0.007580,-0.000007,-0.105485,0.021735,0.173985,23.861116,23.861116,23.858325,0.506675,-0.123580,0.030394,0.100810,0.962654
1.950000,1,0,0,2.400000,9.810000,0.900000,30.000000,60.000000,6.000000,0.000000,0.000000,0.145551,0.006557,0.001236,0.133999,0.000000,0.000000,0.191136,0.007217,0.002751,0.184072,0.999996,-0.000481,-0.002906,-0.000001,-0.001047,-0.007657,-0.000007,-0.092583,0.014944,0.194814,23.858325,23.858325,23.854980,0.506604,-0.083542,0.012909,0.153642,0.963088
2.000000,1,0,0,2.400000,9.810000,0.900000,30.000000,60.000000,6.000000,0.000000,0.000000,0.155273,0.006916,0.001375,0.143372,0.000000,0.000000,0.197754,0.007117,0.002814,0.190837,0.999995,-0.000509,-0.003098,-0.000002,-0.001172,-0.007721,-0.000008,-0.096273,0.020960,0.193228,23.854980,23.854980,23.851095,0.506522,-0.083245,0.026030,0.153238,0.963544
2.050000,1,0,0,2.400000,9.810000,0.900000,30.000000,60.000000,6.000000,0.000000,0.000000,0.165325,0.007269,0.001516,0.153082,0.000000,0.000000,0.204317,0.006980,0.002833,0.197548,0.999994,-0.000540,-0.003292,-0.000002,-0.001325,-0.007775,-0.000008,-0.099425,0.016278,0.174234,23.851095,23.851095,23.846684,0.506428,-0.081594,0.013312,0.111598,0.964017
2.100000,1,0,0,2.400000,9.810000,0.900000,30.000000,60.000000,6.000000,0.000000,0.000000,0.175704,0.007613,0.001657,0.163126,0.000000,0.000000,0.210817,0.006809,0.002803,0.204194,0.999994,-0.000575,-0.003487,-0.000002,-0.001506,-0.007826,-0.000009,-0.078767,-0.029482,0.154008,23.846684,23.846684,23.841763,0.506324,-0.022743,-0.098193,0.067530,0.964504
2.150000,1,0,0,2.400000,9.810000,0.900000,30.000000,60.000000,6.000000,0.000000,0.000000,0.186406,0.007949,0.001796,0.173500,0.000000,0.000000,0.217246,0.006605,0.002717,0.210764,0.999993,-0.000615,-0.003683,-0.000002,-0.001715,-0.007878,-0.000010,-0.014012,-0.000483,0.160979,23.841763,23.841763,23.836350,0.506209,0.141995,-0.030506,0.089251,0.965002
2.200000,1,0,0,2.400000,9.810000,0.900000,30.000000,60.000000,6.000000,0.000000,0.000000,0.197427,0.008273,0.001928,0.184201,0.000000,0.000000,0.223596,0.006375,0.002570,0.217249,0.999992,-0.000661,-0.003881,-0.000003,-0.001951,-0.007937,-0.000010,0.025797,0.020845,0.141937,23.836350,23.836350,23.830466,0.506084,0.246921,0.018505,0.049038,0.965507
2.250000,1,0,0,2.400000,9.810000,0.900000,30.000000,60.000000,6.000000,0.000000,0.000000,0.208764,0.008586,0.002051,0.195223,0.000000,0.000000,0.229860,0.006121,0.002358,0.223641,0.999991,-0.000713,-0.004080,-0.000003,-0.002214,-0.008008,-0.000011,0.035791,-0.005327,0.122578,23.830466,23.830466,23.824133,0.505949,0.280356,-0.046779,0.008538,0.966016
2.300000,1,0,0,2.400000,9.810000,0.900000,30.000000,60.000000,6.000000,0.000000,0.000000,0.220412,0.008885,0.002163,0.206563,0.000000,0.000000,0.236030,0.005848,0.002078,0.229929,0.999991,-0.000772,-0.004281,-0.000003,-0.002501,-0.008097,-0.000013,0.019853,-0.000622,0.141284,23.824133,23.824133,23.817373,0.505806,0.251644,-0.038282,0.059850,0.966524
2.350000,1,0,0,2.400000,9.810000,0.900000,30.000000,60.000000,6.000000,0.000000,0.000000,0.232365,0.009171,0.002258,0.218214,0.000000,0.000000,0.242100,0.005563,0.001725,0.236105,0.999990,-0.000838,-0.004485,-0.000004,-0.002809,-0.008210,-0.000014,0.004800,-0.029411,0.148473,23.817373,23.817373,23.810213,0.505654,0.225163,-0.110526,0.083952,0.967028
2.400000,1,0,0,2.400000,9.810000,0.900000,30.000000,60.000000,6.000000,0.000000,0.000000,0.244620,0.009441,0.002334,0.230172,0.000000,0.000000,0.248062,0.005271,0.001299,0.242162,0.999989,-0.000913,-0.004692,-0.000004,-0.003134,-0.008352,-0.000015,0.024182,-0.016631,0.157342,23.810213,23.810213,23.802677,0.505493,0.281472,-0.083378,0.112496,0.967525
2.450000,1,0,0,2.400000,9.810000,0.900000,30.000000,60.000000,6.000000,0.000000,0.000000,0.257170,0.009698,0.002387,0.242429,0.000000,0.000000,0.253911,0.004979,0.000798,0.248092,0.999987,-0.000995,-0.004903,-0.000005,-0.003472,-0.008530,-0.000017,0.031533,-0.035405,0.123996,23.802677,23.802677,23.794795,0.505326,0.309086,-0.132352,0.040105,0.968010
2.500000,1,0,0,2.400000,9.810000,0.900000,30.000000,60.000000,6.000000,0.000000,0.000000,0.270009,0.009939,0.002412,0.254979,0.000000,0.000000,0.259638,0.004692,0.000222,0.253887,0.999986,-0.001086,-0.005119,-0.000006,-0.003819,-0.008747,-0.000019,0.013706,-0.049146,0.151480,23.794795,23.794795,23.786595,0.505152,0.276497,-0.169650,0.114061,0.968480
2.550000,1,0,0,2.400000,9.810000,0.900000,30.000000,60.000000,6.000000,0.000000,0.000000,0.283131,0.010167,0.002408,0.267815,0.000000,0.000000,0.265238,0.004418,-0.000426,0.259542,0.999985,-0.001186,-0.005341,-0.000006,-0.004169,-0.009008,-0.000021,-0.027188,-0.050169,0.140251,23.786595,23.786595,23.778106,0.504972,0.188819,-0.176836,0.095430,0.968932
2.600000,1,0,0,2.400000,9.810000,0.900000,30.000000,60.000000,6.000000,0.000000,0.000000,0.296531,0.010381,0.002369,0.280930,0.000000,0.000000,0.270705,0.004163,-0.001144,0.265049,0.999984,-0.001295,-0.005570,-0.000007,-0.004517,-0.009318,-0.000024,-0.031954,-0.056562,0.159862,23.778106,23.778106,23.769359,0.504786,0.188178,-0.197325,0.151118,0.969361
2.650000,1,0,0,2.400000,9.810000,0.900000,30.000000,60.000000,6.000000,0.000000,0.000000,0.310200,0.010584,0.002292,0.294317,0.000000,0.000000,0.276034,0.003934,-0.001929,0.270404,0.999982,-0.001412,-0.005807,-0.000008,-0.004858,-0.009679,-0.000027,-0.013973,-0.016777,0.144271,23.769359,23.769359,23.760386,0.504595,0.242519,-0.107390,0.122590,0.969765
2.700000,1,0,0,2.400000,9.810000,0.900000,30.000000,60.000000,6.000000,0.000000,0.000000,0.324132,0.010775,0.002175,0.307968,0.000000,0.000000,0.281217,0.003739,-0.002775,0.275602,0.999980,-0.001538,-0.006054,-0.000009,-0.005185,-0.010093,-0.000031,-0.034974,-0.066542,0.144721,23.760386,23.760386,23.751217,0.504401,0.203749,-0.232768,0.132798,0.970139
2.750000,1,0,0,2.400000,9.810000,0.900000,30.000000,60.000000,6.000000,0.000000,0.000000,0.338319,0.010958,0.002014,0.321875,0.000000,0.000000,0.286251,0.003582,-0.003675,0.280638,0.999979,-0.001671,-0.006312,-0.000011,-0.005492,-0.010562,-0.000035,-0.042700,-0.026125,0.149768,23.751217,23.751217,23.741883,0.504202,0.197355,-0.142080,0.154251,0.970482
2.800000,1,0,0,2.400000,9.810000,0.900000,30.000000,60.000000,6.000000,0.000000,0.000000,0.352754,0.011134,0.001807,0.336029,0.000000,0.000000,0.291129,0.003471,-0.004622,0.285507,0.999977,-0.001812,-0.006583,-0.000012,-0.005775,-0.011087,-0.000040,-0.037677,-0.019079,0.152882,23.741883,23.741883,23.732416,0.504001,0.222135,-0.131828,0.171247,0.970789
2.850000,1,0,0,2.400000,9.810000,0.900000,30.000000,60.000000,6.000000,0.000000,0.000000,0.367429,0.011306,0.001551,0.350423,0.000000,0.000000,0.295847,0.003410,-0.005608,0.290208,0.999975,-0.001960,-0.006867,-0.000013,-0.006028,-0.011667,-0.000046,-0.043648,-0.004511,0.137413,23.732416,23.732416,23.722847,0.503798,0.221173,-0.103838,0.143796,0.971058
2.900000,1,0,0,2.400000,9.810000,0.900000,30.000000,60.000000,6.000000,0.000000,0.000000,0.382336,0.011476,0.001245,0.365047,0.000000,0.000000,0.300399,0.003405,-0.006622,0.294737,0.999972,-0.002113,-0.007166,-0.000015,-0.006245,-0.012300,-0.000052,-0.012269,0.002753,0.121231,23.722847,23.722847,23.713204,0.503593,0.310558,-0.093649,0.114757,0.971286
2.950000,1,0,0,2.400000,9.810000,0.900000,30.000000,60.000000,6.000000,0.000000,0.000000,0.397466,0.011648,0.000888,0.379893,0.000000,0.000000,0.304782,0.003460,-0.007653,0.299091,0.999969,-0.002271,-0.007482,-0.000017,-0.006422,-0.012984,-0.000059,-0.004781,0.005227,0.070481,23.713204,23.713204,23.703517,0.503388,0.343373,-0.095184,0.002851,0.971471
3.000000,1,0,0,2.400000,9.810000,0.900000,30.000000,60.000000,6.000000,0.000000,0.000000,0.412811,0.011823,0.000480,0.394953,0.000000,0.000000,0.308990,0.003578,-0.008691,0.303269,0.999966,-0.002434,-0.007816,-0.000019,-0.006557,-0.013714,-0.000067,0.023906,0.002224,0.061850,23.703517,23.703517,23.693814,0.503182,0.427891,-0.110043,-0.007902,0.971609
3.050000,1,0,0,2.400000,9.810000,0.900000,30.000000,60.000000,6.000000,0.000000,0.000000,0.428362,0.012007,0.000019,0.410217,0.000000,0.000000,0.313020,0.003763,-0.009724,0.307269,0.999963,-0.002599,-0.008168,-0.000021,-0.006645,-0.014487,-0.000075,0.029962,-0.029818,0.041487,23.693814,23.693814,23.684121,0.502976,0.458972,-0.194720,-0.046764,0.971700
3.100000,1,0,0,2.400000,9.810000,0.900000,30.000000,60.000000,6.000000,0.000000,0.000000,0.444110,0.012201,-0.000492,0.425677,0.000000,0.000000,0.316868,0.004015,-0.010738,0.311090,0.999960,-0.002766,-0.008541,-0.000024,-0.006684,-0.015295,-0.000085,0.055923,0.013273,0.010386,23.684121,23.684121,23.674462,0.502771,0.538747,-0.099150,-0.111378,0.971741
3.150000,1,0,0,2.400000,9.810000,0.900000,30.000000,60.000000,6.000000,0.000000,0.000000,0.460046,0.012409,-0.001054,0.441323,0.000000,0.000000,0.320529,0.004336,-0.011721,0.314732,0.999956,-0.002933,-0.008933,-0.000026,-0.006674,-0.016132,-0.000095,-0.015663,-0.025157,0.016446,23.674462,23.674462,23.664861,0.502567,0.385371,-0.199238,-0.086806,0.971731
3.200000,1,0,0,2.400000,9.810000,0.900000,30.000000,60.000000,6.000000,0.000000,0.000000,0.476160,0.012636,-0.001664,0.457147,0.000000,0.000000,0.324000,0.004725,-0.012660,0.318194,0.999952,-0.003099,-0.009347,-0.000029,-0.006614,-0.016991,-0.000105,-0.028938,-0.027241,0.013133,23.664861,23.664861,23.655338,0.502364,0.372931,-0.212051,-0.084752,0.971668
3.250000,1,0,0,2.400000,9.810000,0.900000,30.000000,60.000000,6.000000,0.000000,0.000000,0.492443,0.012883,-0.002319,0.473140,0.000000,0.000000,0.327278,0.005180,-0.013543,0.321477,0.999947,-0.003263,-0.009783,-0.000032,-0.006504,-0.017862,-0.000117,-0.009655,-0.001327,-0.001783,23.655338,23.655338,23.645911,0.502164,0.439637,-0.157560,-0.110586,0.971551
3.300000,1,0,0,2.400000,9.810000,0.900000,30.000000,60.000000,6.000000,0.000000,0.000000,0.508885,0.013155,-0.003017,0.489292,0.000000,0.000000,0.330359,0.005700,-0.014356,0.324580,0.999942,-0.003424,-0.010240,-0.000035,-0.006347,-0.018735,-0.000128,0.015694,-0.022845,0.011078,23.645911,23.645911,23.636597,0.501966,0.521919,-0.216743,-0.069809,0.971379
3.350000,1,0,0,2.400000,9.810000,0.900000,30.000000,60.000000,6.000000,0.000000,0.000000,0.525475,0.013454,-0.003753,0.505595,0.000000,0.000000,0.333241,0.006281,-0.015089,0.327505,0.999936,-0.003580,-0.010720,-0.000038,-0.006145,-0.019602,-0.000140,-0.006946,0.000929,0.021722,23.636597,23.636597,23.627410,0.501771,0.490041,-0.167009,-0.034425,0.971152
3.400000,1,0,0,2.400000,9.810000,0.900000,30.000000,60.000000,6.000000,0.000000,0.000000,0.542205,0.013784,-0.004524,0.522040,0.000000,0.000000,0.335920,0.006917,-0.015729,0.330251,0.999930,-0.003730,-0.011220,-0.000042,-0.005901,-0.020450,-0.000153,0.006660,0.009491,0.034575,23.627410,23.627410,23.618361,0.501579,0.546151,-0.153511,0.006176,0.970868
3.450000,1,0,0,2.400000,9.810000,0.900000,30.000000,60.000000,6.000000,0.000000,0.000000,0.559064,0.014147,-0.005324,0.538617,0.000000,0.000000,0.338395,0.007604,-0.016267,0.332820,0.999924,-0.003874,-0.011742,-0.000045,-0.005620,-0.021270,-0.000165,-0.003751,0.023634,0.069303,23.618361,23.618361,23.609458,0.501390,0.545593,-0.126306,0.099188,0.970529
3.500000,1,0,0,2.400000,9.810000,0.900000,30.000000,60.000000,6.000000,0.000000,0.000000,0.576041,0.014545,-0.006149,0.555319,0.000000,0.000000,0.340662,0.008333,-0.016695,0.335213,0.999917,-0.004011,-0.012283,-0.000049,-0.005308,-0.022049,-0.000177,0.004417,0.042009,0.105825,23.609458,23.609458,23.600707,0.501204,0.590551,-0.088591,0.196407,0.970135
3.550000,1,0,0,2.400000,9.810000,0.900000,30.000000,60.000000,6.000000,0.000000,0.000000,0.593127,0.014980,-0.006992,0.572135,0.000000,0.000000,0.342720,0.009098,-0.017003,0.337430,0.999909,-0.004140,-0.012844,-0.000053,-0.004970,-0.022778,-0.000189,-0.006620,0.021807,0.069101,23.600707,23.600707,23.592112,0.501022,0.590293,-0.143071,0.117731,0.969685
3.600000,1,0,0,2.400000,9.810000,0.900000,30.000000,60.000000,6.000000,0.000000,0.000000,0.610310,0.015455,-0.007847,0.589059,0.000000,0.000000,0.344566,0.009888,-0.017186,0.339472,0.999901,-0.004259,-0.013422,-0.000057,-0.004613,-0.023443,-0.000200,-0.015488,0.062931,0.069332,23.592112,23.592112,23.583673,0.500843,0.596045,-0.049956,0.127641,0.969180
3.650000,1,0,0,2.400000,9.810000,0.900000,30.000000,60.000000,6.000000,0.000000,0.000000,0.627580,0.015969,-0.008708,0.606080,0.000000,0.000000,0.346200,0.010696,-0.017239,0.341340,0.999892,-0.004370,-0.014015,-0.000061,-0.004244,-0.024035,-0.000210,-0.009979,0.049230,0.083765,23.583673,23.583673,23.575387,0.500667,0.637028,-0.087988,0.171528,0.968623
3.700000,1,0,0,2.400000,9.810000,0.900000,30.000000,60.000000,6.000000,0.000000,0.000000,0.644926,0.016525,-0.009569,0.623190,0.000000,0.000000,0.347619,0.011509,-0.017160,0.343036,0.999883,-0.004471,-0.014623,-0.000065,-0.003871,-0.024543,-0.000220,-0.059927,0.040855,0.056313,23.575387,23.575387,23.567250,0.500494,0.545549,-0.112799,0.114789,0.968013
3.750000,1,0,0,2.400000,9.810000,0.900000,30.000000,60.000000,6.000000,0.000000,0.000000,0.662338,0.017120,-0.010422,0.640380,0.000000,0.000000,0.348821,0.012318,-0.016947,0.344558,0.999873,-0.004563,-0.015242,-0.000070,-0.003501,-0.024958,-0.000228,-0.019784,0.030565,0.046921,23.567250,23.567250,23.559253,0.500324,0.670815,-0.141764,0.101291,0.967352
3.800000,1,0,0,2.400000,9.810000,0.900000,30.000000,60.000000,6.000000,0.000000,0.000000,0.679805,0.017756,-0.011261,0.657643,0.000000,0.000000,0.349807,0.013110,-0.016601,0.345909,0.999863,-0.004646,-0.015870,-0.000074,-0.003142,-0.025269,-0.000235,-0.030461,0.028960,0.056249,23.559253,23.559253,23.551387,0.500157,0.674523,-0.149453,0.132629,0.966643
3.850000,1,0,0,2.400000,9.810000,0.900000,30.000000,60.000000,6.000000,0.000000,0.000000,0.697315,0.018431,-0.012080,0.674968,0.000000,0.000000,0.350574,0.013873,-0.016125,0.347088,0.999853,-0.004721,-0.016504,-0.000078,-0.002802,-0.025470,-0.000241,-0.057221,-0.000525,0.053027,23.551387,23.551387,23.543640,0.499992,0.639919,-0.223642,0.133757,0.965887
3.900000,1,0,0,2.400000,9.810000,0.900000,30.000000,60.000000,6.000000,0.000000,0.000000,0.714858,0.019143,-0.012872,0.692349,0.000000,0.000000,0.351123,0.014596,-0.015525,0.348094,0.999842,-0.004787,-0.017142,-0.000082,-0.002487,-0.025553,-0.000245,-0.018434,-0.005198,0.059565,23.543640,23.543640,23.535997,0.499830,0.762777,-0.237894,0.158231,0.965086
3.950000,1,0,0,2.400000,9.810000,0.900000,30.000000,60.000000,6.000000,0.000000,0.000000,0.732424,0.019890,-0.013630,0.709775,0.000000,0.000000,0.351453,0.015266,-0.014806,0.348928,0.999830,-0.004845,-0.017780,-0.000086,-0.002205,-0.025512,-0.000247,-0.028947,0.001645,0.077707,23.535997,23.535997,23.528441,0.499670,0.767324,-0.224155,0.210487,0.964243
4.000000,1,0,0,2.400000,9.810000,0.900000,30.000000,60.000000,6.000000,0.000000,0.000000,0.750000,0.020668,-0.014351,0.727239,0.000000,0.000000,0.351563,0.015870,-0.013978,0.349589,0.999818,-0.004897,-0.018416,-0.000090,-0.001961,-0.025342,-0.000248,-0.045504,0.022688,0.070395,23.528441,23.528441,23.520956,0.499511,0.757222,-0.176025,0.201595,0.963361
4.050000,1,0,0,2.400000,9.810000,0.900000,30.000000,60.000000,6.000000,0.000000,0.000000,0.767576,0.021475,-0.015027,0.744731,0.000000,0.000000,0.351453,0.016398,-0.013051,0.350076,0.999806,-0.004943,-0.019046,-0.000094,-0.001762,-0.025041,-0.000248,-0.015031,0.043759,0.068965,23.520956,23.520956,23.513521,0.499353,0.859702,-0.127566,0.206776,0.962442
4.100000,1,0,0,2.400000,9.810000,0.900000,30.000000,60.000000,6.000000,0.000000,0.000000,0.785142,0.022307,-0.015654,0.762243,0.000000,0.000000,0.351123,0.016836,-0.012037,0.350387,0.999794,-0.004985,-0.019667,-0.000098,-0.001610,-0.024608,-0.000245,-0.017985,0.050512,0.065758,23.513521,23.513521,23.506118,0.499195,0.881505,-0.113263,0.207656,0.961489
4.150000,1,0,0,2.400000,9.810000,0.900000,30.000000,60.000000,6.000000,0.000000,0.000000,0.802685,0.023157,-0.016229,0.779767,0.000000,0.000000,0.350574,0.017175,-0.010951,0.350522,0.999782,-0.005024,-0.020275,-0.000102,-0.001511,-0.024041,-0.000242,-0.009518,0.034816,0.064787,23.506118,23.506118,23.498724,0.499038,0.930112,-0.152688,0.213885,0.960506
4.200000,1,0,0,2.400000,9.810000,0.900000,30.000000,60.000000,6.000000,0.000000,0.000000,0.820195,0.024022,-0.016748,0.797293,0.000000,0.000000,0.349807,0.017404,-0.009807,0.350477,0.999769,-0.005061,-0.020868,-0.000106,-0.001465,-0.023342,-0.000236,-0.010085,0.005900,0.069079,23.498724,23.498724,23.491320,0.498881,0.956275,-0.223756,0.232735,0.959497
4.250000,1,0,0,2.400000,9.810000,0.900000,30.000000,60.000000,6.000000,0.000000,0.000000,0.837662,0.024896,-0.017209,0.814812,0.000000,0.000000,0.348821,0.017513,-0.008622,0.350251,0.999757,-0.005098,-0.021441,-0.000109,-0.001476,-0.022516,-0.000230,-0.020804,0.018109,0.080329,23.491320,23.491320,23.483884,0.498723,0.957160,-0.196101,0.268289,0.958463
4.300000,1,0,0,2.400000,9.810000,0.900000,30.000000,60.000000,6.000000,0.000000,0.000000,0.855074,0.025771,-0.017610,0.832315,0.000000,0.000000,0.347619,0.017493,-0.007413,0.349841,0.999745,-0.005135,-0.021992,-0.000113,-0.001541,-0.021566,-0.000222,-0.037865,0.007974,0.076263,23.483884,23.483884,23.476398,0.498564,0.941763,-0.222114,0.267102,0.957410
4.350000,1,0,0,2.400000,9.810000,0.900000,30.000000,60.000000,6.000000,0.000000,0.000000,0.872420,0.026643,-0.017950,0.849793,0.000000,0.000000,0.346200,0.017339,-0.006200,0.349245,0.999733,-0.005175,-0.022518,-0.000117,-0.001661,-0.020499,-0.000212,-0.014270,0.003515,0.033569,23.476398,23.476398,23.468842,0.498404,1.022735,-0.234613,0.173232,0.956340
4.400000,1,0,0,2.400000,9.810000,0.900000,30.000000,60.000000,6.000000,0.000000,0.000000,0.889690,0.027503,-0.018230,0.867236,0.000000,0.000000,0.344566,0.017042,-0.004999,0.348459,0.999721,-0.005219,-0.023016,-0.000120,-0.001832,-0.019322,-0.000202,-0.010199,-0.010476,0.036150,23.468842,23.468842,23.461200,0.498242,1.055513,-0.270158,0.188061,0.955258
4.450000,1,0,0,2.400000,9.810000,0.900000,30.000000,60.000000,6.000000,0.000000,0.000000,0.906873,0.028345,-0.018451,0.884635,0.000000,0.000000,0.342720,0.016600,-0.003831,0.347480,0.999710,-0.005267,-0.023483,-0.000124,-0.002051,-0.018046,-0.000190,-0.011355,-0.017526,0.010809,23.461200,23.461200,23.453456,0.498077,1.074291,-0.289269,0.135918,0.954167
4.500000,1,0,0,2.400000,9.810000,0.900000,30.000000,60.000000,6.000000,0.000000,0.000000,0.923959,0.029160,-0.018614,0.901981,0.000000,0.000000,0.340662,0.016008,-0.002714,0.346304,0.999700,-0.005321,-0.023917,-0.000127,-0.002313,-0.016681,-0.000178,-0.019807,-0.022404,0.006121,23.453456,23.453456,23.445598,0.497910,1.073988,-0.303451,0.133395,0.953072
4.550000,1,0,0,2.400000,9.810000,0.900000,30.000000,60.000000,6.000000,0.000000,0.000000,0.940936,0.029943,-0.018723,0.919262,0.000000,0.000000,0.338395,0.015264,-0.001668,0.344928,0.999690,-0.005383,-0.024317,-0.000131,-0.002613,-0.015240,-0.000164,-0.016397,-0.015502,-0.001492,23.445598,23.445598,23.437617,0.497741,1.100491,-0.289686,0.123907,0.951975
4.600000,1,0,0,2.400000,9.810000,0.900000,30.000000,60.000000,6.000000,0.000000,0.000000,0.957795,0.030684,-0.018782,0.936470,0.000000,0.000000,0.335920,0.014370,-0.000709,0.343347,0.999681,-0.005452,-0.024679,-0.000135,-0.002942,-0.013734,-0.000150,-0.033462,-0.023296,-0.003013,23.437617,23.437617,23.429505,0.497568,1.076106,-0.311558,0.129095,0.950881
4.650000,1,0,0,2.400000,9.810000,0.900000,30.000000,60.000000,6.000000,0.000000,0.000000,0.974525,0.031377,-0.018796,0.953594,0.000000,0.000000,0.333241,0.013325,0.000145,0.341560,0.999672,-0.005530,-0.025003,-0.000138,-0.003293,-0.012179,-0.000135,0.006854,-0.036885,-0.007186,23.429505,23.429505,23.421260,0.497393,1.187627,-0.347733,0.127975,0.949793
4.700000,1,0,0,2.400000,9.810000,0.900000,30.000000,60.000000,6.000000,0.000000,0.000000,0.991115,0.032014,-0.018770,0.970622,0.000000,0.000000,0.330359,0.012135,0.000878,0.339561,0.999664,-0.005617,-0.025287,-0.000142,-0.003659,-0.010590,-0.000119,-0.002409,-0.049845,-0.008676,23.421260,23.421260,23.412884,0.497216,1.178300,-0.382817,0.133349,0.948716
4.750000,1,0,0,2.400000,9.810000,0.900000,30.000000,60.000000,6.000000,0.000000,0.000000,1.007557,0.032588,-0.018710,0.987546,0.000000,0.000000,0.327278,0.010803,0.001476,0.337346,0.999658,-0.005713,-0.025532,-0.000146,-0.004028,-0.008982,-0.000103,0.021654,-0.024950,-0.025239,23.412884,23.412884,23.404380,0.497035,1.247067,-0.327473,0.102594,0.947653
4.800000,1,0,0,2.400000,9.810000,0.900000,30.000000,60.000000,6.000000,0.000000,0.000000,1.023840,0.033092,-0.018625,1.004353,0.000000,0.000000,0.324000,0.009336,0.001926,0.334913,0.999652,-0.005818,-0.025736,-0.000150,-0.004393,-0.007371,-0.000086,0.005457,-0.011879,-0.045771,23.404380,23.404380,23.395758,0.496852,1.217311,-0.300934,0.062357,0.946608
4.850000,1,0,0,2.400000,9.810000,0.900000,30.000000,60.000000,6.000000,0.000000,0.000000,1.039954,0.033520,-0.018521,1.021034,0.000000,0.000000,0.320529,0.007743,0.002216,0.332258,0.999647,-0.005932,-0.025900,-0.000154,-0.004742,-0.005775,-0.000069,0.037720,-0.008642,-0.041466,23.395758,23.395758,23.387032,0.496666,1.301974,-0.298407,0.081758,0.945584
4.900000,1,0,0,2.400000,9.810000,0.900000,30.000000,60.000000,6.000000,0.000000,0.000000,1.055890,0.033865,-0.018406,1.037576,0.000000,0.000000,0.316868,0.006034,0.002339,0.329379,0.999643,-0.006055,-0.026025,-0.000158,-0.005067,-0.004209,-0.000051,0.020190,-0.042345,-0.043768,23.387032,23.387032,23.378218,0.496479,1.265272,-0.384930,0.085320,0.944585
4.950000,1,0,0,2.400000,9.810000,0.900000,30.000000,60.000000,6.000000,0.000000,0.000000,1.071638,0.034122,-0.018290,1.053968,0.000000,0.000000,0.313020,0.004220,0.002288,0.326271,0.999640,-0.006185,-0.026111,-0.000162,-0.005358,-0.002689,-0.000033,0.047304,-0.018616,-0.079472,23.378218,23.378218,23.369339,0.496291,1.333902,-0.333971,0.008715,0.943614
5.000000,1,0,0,2.400000,9.810000,0.900000,30.000000,60.000000,6.000000,0.000000,0.000000,1.087189,0.034285,-0.018180,1.070199,0.000000,0.000000,0.308990,0.002313,0.002058,0.322934,0.999638,-0.006322,-0.026160,-0.000165,-0.005605,-0.001233,-0.000016,0.022444,-0.026512,-0.088462,23.369339,23.369339,23.360419,0.496101,1.276053,-0.359220,-0.003795,0.942674
5.050000,1,0,0,2.400000,9.810000,0.900000,30.000000,60.000000,6.000000,0.000000,0.000000,1.102534,0.034352,-0.018087,1.086257,0.000000,0.000000,0.304782,0.000328,0.001649,0.319364,0.999637,-0.006465,-0.026173,-0.000169,-0.005799,0.000145,0.000002,-0.008104,0.008228,-0.088396,23.360419,23.360419,23.351489,0.495912,1.202893,-0.282396,0.005389,0.941768
5.100000,1,0,0,2.400000,9.810000,0.900000,30.000000,60.000000,6.000000,0.000000,0.000000,1.117664,0.034317,-0.018018,1.102131,0.000000,0.000000,0.300399,-0.001720,0.001060,0.315562,0.999636,-0.006612,-0.026153,-0.000173,-0.005932,0.001430,0.000019,0.000064,0.012767,-0.094369,23.351489,23.351489,23.342580,0.495722,1.221095,-0.278241,0.000012,0.940899
5.150000,1,0,0,2.400000,9.810000,0.900000,30.000000,60.000000,6.000000,0.000000,0.000000,1.132571,0.034179,-0.017984,1.117809,0.000000,0.000000,0.295847,-0.003814,0.000297,0.311525,0.999636,-0.006761,-0.026103,-0.000177,-0.005998,0.002608,0.000035,-0.003305,-0.013756,-0.099750,23.342580,23.342580,23.333729,0.495535,1.210174,-0.348746,-0.004037,0.940069
5.200000,1,0,0,2.400000,9.810000,0.900000,30.000000,60.000000,6.000000,0.000000,0.000000,1.147246,0.033935,-0.017991,1.133280,0.000000,0.000000,0.291129,-0.005937,-0.000634,0.307255,0.999637,-0.006911,-0.026024,-0.000180,-0.005989,0.003666,0.000051,-0.015947,-0.040237,-0.089707,23.333729,23.333729,23.324976,0.495349,1.175699,-0.419179,0.028807,0.939281
5.250000,1,0,0,2.400000,9.810000,0.900000,30.000000,60.000000,6.000000,0.000000,0.000000,1.161681,0.033585,-0.018050,1.148531,0.000000,0.000000,0.286251,-0.008071,-0.001725,0.302751,0.999639,-0.007060,-0.025920,-0.000183,-0.005902,0.004594,0.000065,-0.027301,-0.044148,-0.101322,23.324976,23.324976,23.316360,0.495166,1.143167,-0.435386,0.009518,0.938537
5.300000,1,0,0,2.400000,9.810000,0.900000,30.000000,60.000000,6.000000,0.000000,0.000000,1.175868,0.033128,-0.018166,1.163551,0.000000,0.000000,0.281217,-0.010199,-0.002963,0.298015,0.999641,-0.007205,-0.025795,-0.000186,-0.005731,0.005380,0.000078,-0.027379,-0.009117,-0.085903,23.316360,23.316360,23.307926,0.494987,1.136706,-0.357978,0.054924,0.937838
5.350000,1,0,0,2.400000,9.810000,0.900000,30.000000,60.000000,6.000000,0.000000,0.000000,1.189800,0.032566,-0.018348,1.178329,0.000000,0.000000,0.276034,-0.012300,-0.004335,0.293049,0.999644,-0.007345,-0.025653,-0.000188,-0.005476,0.006018,0.000088,-0.032145,0.004157,-0.076911,23.307926,23.307926,23.299719,0.494812,1.118181,-0.332537,0.084678,0.937187
5.400000,1,0,0,2.400000,9.810000,0.900000,30.000000,60.000000,6.000000,0.000000,0.000000,1.203469,0.031899,-0.018602,1.192852,0.000000,0.000000,0.270705,-0.014357,-0.005825,0.287857,0.999647,-0.007478,-0.025496,-0.000191,-0.005135,0.006500,0.000097,-0.003222,0.002961,-0.076518,23.299719,23.299719,23.291785,0.494644,1.179874,-0.341476,0.093535,0.936585
5.450000,1,0,0,2.400000,9.810000,0.900000,30.000000,60.000000,6.000000,0.000000,0.000000,1.216869,0.031131,-0.018932,1.207111,0.000000,0.000000,0.265238,-0.016351,-0.007414,0.282441,0.999650,-0.007601,-0.025329,-0.000193,-0.004708,0.006822,0.000104,-0.024704,0.013778,-0.093135,23.291785,23.291785,23.284172,0.494482,1.120146,-0.321136,0.061268,0.936034
5.500000,1,0,0,2.400000,9.810000,0.900000,30.000000,60.000000,6.000000,0.000000,0.000000,1.229991,0.030265,-0.019344,1.221093,0.000000,0.000000,0.259638,-0.018263,-0.009082,0.276807,0.999654,-0.007713,-0.025156,-0.000194,-0.004199,0.006981,0.000108,-0.069190,0.039213,-0.104426,23.284172,23.284172,23.276925,0.494328,1.004948,-0.265167,0.041447,0.935533
5.550000,1,0,0,2.400000,9.810000,0.900000,30.000000,60.000000,6.000000,0.000000,0.000000,1.242830,0.029306,-0.019841,1.234788,0.000000,0.000000,0.253911,-0.020075,-0.010806,0.270960,0.999657,-0.007811,-0.024981,-0.000195,-0.003611,0.006977,0.000109,-0.054720,0.037807,-0.102725,23.276925,23.276925,23.270094,0.494183,1.031181,-0.272983,0.052428,0.935083
5.600000,1,0,0,2.400000,9.810000,0.900000,30.000000,60.000000,6.000000,0.000000,0.000000,1.255380,0.028260,-0.020426,1.248185,0.000000,0.000000,0.248063,-0.021771,-0.012565,0.264907,0.999661,-0.007893,-0.024809,-0.000196,-0.002948,0.006810,0.000108,-0.048843,0.027439,-0.099693,23.270094,23.270094,23.263725,0.494048,1.036916,-0.301580,0.066187,0.934686
5.650000,1,0,0,2.400000,9.810000,0.900000,30.000000,60.000000,6.000000,0.000000,0.000000,1.267635,0.027131,-0.021098,1.261275,0.000000,0.000000,0.242100,-0.023333,-0.014334,0.258655,0.999665,-0.007958,-0.024642,-0.000196,-0.002218,0.006485,0.000103,-0.038197,-0.007985,-0.106425,23.263725,23.263725,23.257863,0.493923,1.054408,-0.389507,0.056055,0.934340
5.700000,1,0,0,2.400000,9.810000,0.900000,30.000000,60.000000,6.000000,0.000000,0.000000,1.279588,0.025929,-0.021859,1.274048,0.000000,0.000000,0.236030,-0.024746,-0.016087,0.252212,0.999668,-0.008003,-0.024486,-0.000196,-0.001429,0.006008,0.000096,-0.026052,-0.017455,-0.087513,23.257863,23.257863,23.252554,0.493811,1.075997,-0.414268,0.106974,0.934046
5.750000,1,0,0,2.400000,9.810000,0.900000,30.000000,60.000000,6.000000,0.000000,0.000000,1.291236,0.024659,-0.022706,1.286493,0.000000,0.000000,0.229860,-0.025998,-0.017800,0.245589,0.999671,-0.008029,-0.024343,-0.000196,-0.000589,0.005384,0.000086,-0.023367,-0.013564,-0.110406,23.252554,23.252554,23.247841,0.493711,1.075551,-0.406023,0.057029,0.933804
5.800000,1,0,0,2.400000,9.810000,0.900000,30.000000,60.000000,6.000000,0.000000,0.000000,1.302573,0.023332,-0.023638,1.298604,0.000000,0.000000,0.223596,-0.027074,-0.019448,0.238794,0.999674,-0.008032,-0.024218,-0.000195,0.000291,0.004625,0.000074,-0.022585,-0.000333,-0.138528,23.247841,23.247841,23.243766,0.493624,1.071377,-0.374369,-0.006040,0.933612
5.850000,1,0,0,2.400000,9.810000,0.900000,30.000000,60.000000,6.000000,0.000000,0.000000,1.313594,0.021955,-0.024649,1.310370,0.000000,0.000000,0.217246,-0.027965,-0.021004,0.231839,0.999677,-0.008014,-0.024113,-0.000193,0.001200,0.003741,0.000060,0.005504,-0.009979,-0.137342,23.243766,23.243766,23.240368,0.493552,1.133725,-0.396591,0.000628,0.933470
5.900000,1,0,0,2.400000,9.810000,0.900000,30.000000,60.000000,6.000000,0.000000,0.000000,1.324296,0.020539,-0.025736,1.321785,0.000000,0.000000,0.210817,-0.028660,-0.022446,0.224736,0.999679,-0.007972,-0.024032,-0.000192,0.002127,0.002744,0.000044,0.058363,-0.030573,-0.136519,23.240368,23.240368,23.237684,0.493495,1.256651,-0.444032,0.005785,0.933377
5.950000,1,0,0,2.400000,9.810000,0.900000,30.000000,60.000000,6.000000,0.000000,0.000000,1.334675,0.019092,-0.026892,1.332842,0.000000,0.000000,0.204317,-0.029153,-0.023750,0.217497,0.999681,-0.007908,-0.023977,-0.000190,0.003060,0.001650,0.000026,0.066871,-0.035320,-0.127368,23.237684,23.237684,23.235748,0.493454,1.274386,-0.452368,0.030256,0.933330
6.000000,1,0,0,2.400000,9.810000,0.900000,30.000000,60.000000,6.000000,0.000000,0.000000,1.344727,0.017627,-0.028109,1.343533,0.000000,0.000000,0.197754,-0.029438,-0.024894,0.210137,0.999683,-0.007819,-0.023950,-0.000187,0.003986,0.000475,0.000007,0.072233,-0.024421,-0.135657,23.235748,23.235748,23.234591,0.493429,1.285924,-0.422086,0.012172,0.933328
6.050000,1,0,0,2.400000,9.810000,0.900000,30.000000,60.000000,6.000000,0.000000,0.000000,1.354449,0.016152,-0.029378,1.353853,0.000000,0.000000,0.191136,-0.029512,-0.025857,0.202668,0.999683,-0.007708,-0.023953,-0.000185,0.004893,-0.000766,-0.000012,0.047319,-0.000287,-0.133944,23.234591,23.234591,23.234242,0.493422,1.226243,-0.358988,0.017366,0.933370
6.100000,1,0,0,2.400000,9.810000,0.900000,30.000000,60.000000,6.000000,0.000000,0.000000,1.363839,0.014679,-0.030691,1.363798,0.000000,0.000000,0.184472,-0.029372,-0.026621,0.195106,0.999684,-0.007575,-0.023989,-0.000182,0.005769,-0.002053,-0.000031,0.032701,0.002611,-0.144934,23.234242,23.234242,23.234724,0.493432,1.192778,-0.345832,-0.008676,0.933452
6.150000,1,0,0,2.400000,9.810000,0.900000,30.000000,60.000000,6.000000,0.000000,0.000000,1.372896,0.013218,-0.032037,1.373363,0.000000,0.000000,0.177769,-0.029021,-0.027171,0.187466,0.999683,-0.007420,-0.024056,-0.000179,0.006602,-0.003368,-0.000050,0.048067,0.003908,-0.168303,23.234724,23.234724,23.236059,0.493460,1.232828,-0.335535,-0.065200,0.933573
6.200000,1,0,0,2.400000,9.810000,0.900000,30.000000,60.000000,6.000000,0.000000,0.000000,1.381616,0.011781,-0.033404,1.382544,0.000000,0.000000,0.171037,-0.028460,-0.027492,0.179764,0.999682,-0.007246,-0.024157,-0.000175,0.007381,-0.004693,-0.000068,-0.004540,-0.004949,-0.133728,23.236059,23.236059,23.238263,0.493507,1.111319,-0.348684,0.016553,0.933730
6.250000,1,0,0,2.400000,9.810000,0.900000,30.000000,60.000000,6.000000,0.000000,0.000000,1.389999,0.010376,-0.034782,1.391338,0.000000,0.000000,0.164285,-0.027694,-0.027573,0.172016,0.999680,-0.007052,-0.024291,-0.000171,0.008097,-0.006007,-0.000085,-0.021127,0.006334,-0.126537,23.238263,23.238263,23.241349,0.493573,1.077834,-0.312639,0.031783,0.933920
6.300000,1,0,0,2.400000,9.810000,0.900000,30.000000,60.000000,6.000000,0.000000,0.000000,1.398044,0.009015,-0.036157,1.399745,0.000000,0.000000,0.157522,-0.026730,-0.027407,0.164239,0.999677,-0.006841,-0.024457,-0.000167,0.008738,-0.007292,-0.000100,-0.010195,0.052543,-0.143918,23.241349,23.241349,23.245327,0.493657,1.111948,-0.191992,-0.012774,0.934140
6.350000,1,0,0,2.400000,9.810000,0.900000,30.000000,60.000000,6.000000,0.000000,0.000000,1.405751,0.007706,-0.037518,1.407762,0.000000,0.000000,0.150757,-0.025576,-0.026988,0.156450,0.999674,-0.006616,-0.024655,-0.000163,0.009299,-0.008527,-0.000113,0.003421,0.022641,-0.136104,23.245327,23.245327,23.250199,0.493761,1.154017,-0.253322,0.002319,0.934388
6.400000,1,0,0,2.400000,9.810000,0.900000,30.000000,60.000000,6.000000,0.000000,0.000000,1.413120,0.006460,-0.038852,1.415390,0.000000,0.000000,0.144000,-0.024245,-0.026313,0.148665,0.999670,-0.006377,-0.024883,-0.000159,0.009771,-0.009696,-0.000124,0.002423,0.060352,-0.141611,23.250199,23.250199,23.255966,0.493883,1.162456,-0.151789,-0.015383,0.934659
6.450000,1,0,0,2.400000,9.810000,0.900000,30.000000,60.000000,6.000000,0.000000,0.000000,1.420151,0.005284,-0.040146,1.422629,0.000000,0.000000,0.137260,-0.022746,-0.025385,0.140903,0.999665,-0.006128,-0.025139,-0.000154,0.010150,-0.010779,-0.000132,0.015917,0.040790,-0.154456,23.255966,23.255966,23.262623,0.494024,1.207033,-0.187221,-0.051520,0.934950
6.500000,1,0,0,2.400000,9.810000,0.900000,30.000000,60.000000,6.000000,0.000000,0.000000,1.426847,0.004188,-0.041386,1.429481,0.000000,0.000000,0.130548,-0.021096,-0.024206,0.133181,0.999660,-0.005871,-0.025421,-0.000149,0.010432,-0.011761,-0.000138,0.011932,0.017765,-0.136191,23.262623,23.262623,23.270160,0.494185,1.210912,-0.230584,-0.013811,0.935259
6.550000,1,0,0,2.400000,9.810000,0.900000,30.000000,60.000000,6.000000,0.000000,0.000000,1.433207,0.003177,-0.042562,1.435948,0.000000,0.000000,0.123874,-0.019309,-0.022785,0.125517,0.999653,-0.005607,-0.025726,-0.000144,0.010615,-0.012625,-0.000142,-0.007423,0.033142,-0.135404,23.270160,23.270160,23.278563,0.494363,1.179031,-0.181516,-0.018864,0.935581
6.600000,1,0,0,2.400000,9.810000,0.900000,30.000000,60.000000,6.000000,0.000000,0.000000,1.439235,0.002259,-0.043661,1.442034,0.000000,0.000000,0.117248,-0.017402,-0.021132,0.117927,0.999646,-0.005341,-0.026051,-0.000139,0.010698,-0.013357,-0.000143,0.014629,0.028970,-0.151109,23.278563,23.278563,23.287815,0.494559,1.247508,-0.179211,-0.064301,0.935913
6.650000,1,0,0,2.400000,9.810000,0.900000,30.000000,60.000000,6.000000,0.000000,0.000000,1.444933,0.001439,-0.044672,1.447742,0.000000,0.000000,0.110681,-0.015392,-0.019259,0.110429,0.999639,-0.005073,-0.026393,-0.000134,0.010684,-0.013944,-0.000142,0.036443,0.023983,-0.149023,23.287815,23.287815,23.297893,0.494773,1.316239,-0.178820,-0.067829,0.936251
6.700000,1,0,0,2.400000,9.810000,0.900000,30.000000,60.000000,6.000000,0.000000,0.000000,1.450304,0.000721,-0.045583,1.453078,0.000000,0.000000,0.104183,-0.013300,-0.017182,0.103040,0.999631,-0.004808,-0.026747,-0.000129,0.010575,-0.014377,-0.000138,0.033744,0.054062,-0.103866,23.297893,23.297893,23.308769,0.495004,1.326787,-0.094342,0.031241,0.936591
6.750000,1,0,0,2.400000,9.810000,0.900000,30.000000,60.000000,6.000000,0.000000,0.000000,1.455352,0.000110,-0.046387,1.458048,0.000000,0.000000,0.097767,-0.011145,-0.014921,0.095777,0.999622,-0.004546,-0.027110,-0.000123,0.010375,-0.014645,-0.000133,0.028520,0.073448,-0.130287,23.308769,23.308769,23.320414,0.495252,1.331740,-0.035705,-0.042232,0.936931
6.800000,1,0,0,2.400000,9.810000,0.900000,30.000000,60.000000,6.000000,0.000000,0.000000,1.460082,-0.000393,-0.047073,1.462659,0.000000,0.000000,0.091441,-0.008946,-0.012496,0.088657,0.999613,-0.004290,-0.027478,-0.000118,0.010091,-0.014743,-0.000127,0.015155,0.070842,-0.123166,23.320414,23.320414,23.332794,0.495515,1.317427,-0.030126,-0.035939,0.937265
6.850000,1,0,0,2.400000,9.810000,0.900000,30.000000,60.000000,6.000000,0.000000,0.000000,1.464498,-0.000785,-0.047634,1.466917,0.000000,0.000000,0.085220,-0.006725,-0.009930,0.081696,0.999604,-0.004042,-0.027845,-0.000113,0.009730,-0.014664,-0.000119,0.042796,0.070413,-0.105395,23.332794,23.332794,23.345872,0.495792,1.401594,-0.019693,-0.004796,0.937591
6.900000,1,0,0,2.400000,9.810000,0.900000,30.000000,60.000000,6.000000,0.000000,0.000000,1.468606,-0.001065,-0.048064,1.470831,0.000000,0.000000,0.079113,-0.004502,-0.007247,0.074909,0.999595,-0.003804,-0.028209,-0.000107,0.009300,-0.014407,-0.000110,0.077193,0.016370,-0.095737,23.345872,23.345872,23.359610,0.496084,1.501839,-0.138389,0.006189,0.937905
6.950000,1,0,0,2.400000,9.810000,0.900000,30.000000,60.000000,6.000000,0.000000,0.000000,1.472412,-0.001235,-0.048357,1.474411,0.000000,0.000000,0.073133,-0.002298,-0.004474,0.068312,0.999586,-0.003577,-0.028564,-0.000102,0.008812,-0.013970,-0.000100,0.072273,0.046200,-0.115154,23.359610,23.359610,23.373967,0.496389,1.507373,-0.056321,-0.053265,0.938203
7.000000,1,0,0,2.400000,9.810000,0.900000,30.000000,60.000000,6.000000,0.000000,0.000000,1.475922,-0.001296,-0.048510,1.477666,0.000000,0.000000,0.067291,-0.000133,-0.001638,0.061920,0.999576,-0.003364,-0.028906,-0.000097,0.008276,-0.013357,-0.000090,0.086227,0.072404,-0.136569,23.373967,23.373967,23.388899,0.496706,1.557645,0.016456,-0.118143,0.938482
7.050000,1,0,0,2.400000,9.810000,0.900000,30.000000,60.000000,6.000000,0.000000,0.000000,1.479143,-0.001249,-0.048520,1.480606,0.000000,0.000000,0.061601,0.001973,0.001233,0.055747,0.999568,-0.003164,-0.029230,-0.000093,0.007704,-0.012569,-0.000080,0.064887,0.061653,-0.168374,23.388899,23.388899,23.404365,0.497035,1.522447,-0.000101,-0.208562,0.938739
7.100000,1,0,0,2.400000,9.810000,0.900000,30.000000,60.000000,6.000000,0.000000,0.000000,1.482084,-0.001100,-0.048387,1.483244,0.000000,0.000000,0.056074,0.004001,0.004111,0.049807,0.999559,-0.002979,-0.029533,-0.000088,0.007107,-0.011614,-0.000069,0.062966,0.087143,-0.161449,23.404365,23.404365,23.420321,0.497373,1.532883,0.069644,-0.206602,0.938971
7.150000,1,0,0,2.400000,9.810000,0.900000,30.000000,60.000000,6.000000,0.000000,0.000000,1.484754,-0.000851,-0.048110,1.485591,0.000000,0.000000,0.050724,0.005933,0.006965,0.044114,0.999552,-0.002809,-0.029809,-0.000084,0.006498,-0.010499,-0.000059,0.064613,0.093188,-0.136820,23.420321,23.420321,23.436725,0.497722,1.550721,0.092024,-0.162697,0.939174
7.200000,1,0,0,2.400000,9.810000,0.900000,30.000000,60.000000,6.000000,0.000000,0.000000,1.487160,-0.000508,-0.047691,1.487660,0.000000,0.000000,0.045562,0.007751,0.009769,0.038680,0.999545,-0.002654,-0.030056,-0.000080,0.005890,-0.009234,-0.000049,0.068484,0.097782,-0.119559,23.436725,23.436725,23.453535,0.498079,1.572546,0.110215,-0.136993,0.939345
7.250000,1,0,0,2.400000,9.810000,0.900000,30.000000,60.000000,6.000000,0.000000,0.000000,1.489313,-0.000078,-0.047134,1.489464,0.000000,0.000000,0.040603,0.009440,0.012495,0.033518,0.999539,-0.002514,-0.030270,-0.000076,0.005294,-0.007830,-0.000039,0.037823,0.092471,-0.108561,23.453535,23.453535,23.470712,0.498444,1.509971,0.103935,-0.126805,0.939482
7.300000,1,0,0,2.400000,9.810000,0.900000,30.000000,60.000000,6.000000,0.000000,0.000000,1.491224,0.000433,-0.046443,1.491016,0.000000,0.000000,0.035860,0.010985,0.015115,0.028639,0.999534,-0.002389,-0.030446,-0.000073,0.004722,-0.006302,-0.000030,0.029280,0.108631,-0.083825,23.470712,23.470712,23.488219,0.498815,1.498799,0.148507,-0.084110,0.939583
7.350000,1,0,0,2.400000,9.810000,0.900000,30.000000,60.000000,6.000000,0.000000,0.000000,1.492903,0.001018,-0.045625,1.492333,0.000000,0.000000,0.031345,0.012373,0.017604,0.024055,0.999530,-0.002278,-0.030584,-0.000070,0.004186,-0.004662,-0.000021,0.027777,0.072283,-0.083119,23.488219,23.488219,23.506021,0.499193,1.502694,0.066415,-0.099521,0.939645
7.400000,1,0,0,2.400000,9.810000,0.900000,30.000000,60.000000,6.000000,0.000000,0.000000,1.494362,0.001668,-0.044686,1.493427,0.000000,0.000000,0.027073,0.013594,0.019938,0.019776,0.999527,-0.002180,-0.030679,-0.000067,0.003697,-0.002928,-0.000013,0.015225,0.045859,-0.085486,23.506021,23.506021,23.524089,0.499577,1.478119,0.007544,-0.122717,0.939666
7.450000,1,0,0,2.400000,9.810000,0.900000,30.000000,60.000000,6.000000,0.000000,0.000000,1.495615,0.002374,-0.043634,1.494315,0.000000,0.000000,0.023057,0.014637,0.022095,0.015813,0.999526,-0.002093,-0.030729,-0.000064,0.003265,-0.001117,-0.000005,0.023992,-0.011985,-0.063091,23.524089,23.524089,23.542395,0.499966,1.502650,-0.127273,-0.086875,0.939643
7.500000,1,0,0,2.400000,9.810000,0.900000,30.000000,60.000000,6.000000,0.000000,0.000000,1.496673,0.003129,-0.042479,1.495014,0.000000,0.000000,0.019312,0.015495,0.024054,0.012177,0.999526,-0.002016,-0.030734,-0.000062,0.002897,0.000755,0.000003,0.044416,-0.013141,-0.033065,23.542395,23.542395,23.560918,0.500359,1.553011,-0.126502,-0.033084,0.939577
7.550000,1,0,0,2.400000,9.810000,0.900000,30.000000,60.000000,6.000000,0.000000,0.000000,1.497551,0.003921,-0.041232,1.495539,0.000000,0.000000,0.015852,0.016161,0.025799,0.008876,0.999527,-0.001947,-0.030691,-0.000060,0.002603,0.002667,0.000010,0.052746,0.004675,-0.047790,23.560918,23.560918,23.579641,0.500757,1.572133,-0.080588,-0.087048,0.939464
7.600000,1,0,0,2.400000,9.810000,0.900000,30.000000,60.000000,6.000000,0.000000,0.000000,1.498263,0.004741,-0.039903,1.495907,0.000000,0.000000,0.012691,0.016633,0.027314,0.005920,0.999530,-0.001885,-0.030601,-0.000058,0.002388,0.004601,0.000017,0.027407,0.026131,-0.036877,23.579641,23.579641,23.598550,0.501158,1.508193,-0.026232,-0.079818,0.939305
7.650000,1,0,0,2.400000,9.810000,0.900000,30.000000,60.000000,6.000000,0.000000,0.000000,1.498825,0.005581,-0.038505,1.496137,0.000000,0.000000,0.009845,0.016908,0.028586,0.003319,0.999534,-0.001827,-0.030461,-0.000056,0.002257,0.006539,0.000024,0.019920,0.042720,-0.025109,23.598550,23.598550,23.617638,0.501564,1.484821,0.016241,-0.070859,0.939098
7.700000,1,0,0,2.400000,9.810000,0.900000,30.000000,60.000000,6.000000,0.000000,0.000000,1.499253,0.006429,-0.037049,1.496245,0.000000,0.000000,0.007328,0.016986,0.029607,0.001081,0.999540,-0.001772,-0.030274,-0.000054,0.002214,0.008459,0.000030,-0.012963,0.033446,-0.044584,23.617638,23.617638,23.636903,0.501973,1.398223,-0.003454,-0.137199,0.938842
7.750000,1,0,0,2.400000,9.810000,0.900000,30.000000,60.000000,6.000000,0.000000,0.000000,1.499563,0.007276,-0.035548,1.496251,0.000000,0.000000,0.005155,0.016868,0.030368,-0.000786,0.999547,-0.001716,-0.030039,-0.000052,0.002261,0.010345,0.000036,-0.000818,0.021795,-0.023894,23.636903,23.636903,23.656348,0.502386,1.417443,-0.028849,-0.107452,0.938537
7.800000,1,0,0,2.400000,9.810000,0.900000,30.000000,60.000000,6.000000,0.000000,0.000000,1.499774,0.008113,-0.034016,1.496173,0.000000,0.000000,0.003342,0.016558,0.030867,-0.002272,0.999556,-0.001658,-0.029757,-0.000049,0.002399,0.012175,0.000040,0.017538,-0.010542,-0.040076,23.656348,23.656348,23.675981,0.502803,1.449364,-0.103778,-0.166506,0.938184
7.850000,1,0,0,2.400000,9.810000,0.900000,30.000000,60.000000,6.000000,0.000000,0.000000,1.499904,0.008929,-0.032466,1.496030,0.000000,0.000000,0.001904,0.016062,0.031101,-0.003368,0.999566,-0.001595,-0.029431,-0.000047,0.002626,0.013934,0.000044,-0.011988,-0.023047,0.002077,23.675981,23.675981,23.695815,0.503224,1.364235,-0.130889,-0.085859,0.937782
7.900000,1,0,0,2.400000,9.810000,0.900000,30.000000,60.000000,6.000000,0.000000,0.000000,1.499971,0.009716,-0.030911,1.495843,0.000000,0.000000,0.000857,0.015387,0.031074,-0.004067,0.999576,-0.001526,-0.029062,-0.000044,0.002940,0.015602,0.000048,-0.008205,-0.059241,0.001403,23.695815,23.695815,23.715867,0.503650,1.357005,-0.214528,-0.108311,0.937332
7.950000,1,0,0,2.400000,9.810000,0.900000,30.000000,60.000000,6.000000,0.000000,0.000000,1.499996,0.010465,-0.029363,1.495630,0.000000,0.000000,0.000217,0.014540,0.030790,-0.004358,0.999588,-0.001448,-0.028652,-0.000041,0.003338,0.017165,0.000050,0.025053,-0.081058,0.018172,23.715867,23.715867,23.748118,0.504335,1.418583,-0.263236,-0.089217,0.936835
8.000000,1,0,0,2.400000,9.810000,0.900000,30.000000,60.000000,6.000000,0.000000,0.000000,1.500000,0.011167,-0.027836,1.495414,0.000000,0.000000,0.000000,0.013533,0.030256,-0.004229,0.999602,-0.001358,-0.028191,-0.000038,0.004316,0.032423,0.000088,0.009244,-0.068452,0.022928,23.748118,23.748118,23.760441,0.504597,1.360601,-0.228808,-0.111257,0.936291
8.050000,1,0,0,2.400000,9.810000,0.900000,30.000000,60.000000,6.000000,0.000000,0.000000,1.500000,0.011815,-0.026341,1.495223,0.000000,0.000000,0.000000,0.012374,0.029486,-0.003393,0.999615,-0.001264,-0.027723,-0.000035,0.004045,0.018776,0.000047,0.011578,-0.114361,0.051704,23.760441,23.760441,23.760053,0.504588,1.344680,-0.334550,-0.055755,0.935702
8.100000,1,0,0,2.400000,9.810000,0.900000,30.000000,60.000000,6.000000,0.000000,0.000000,1.500000,0.012402,-0.024891,1.495074,0.000000,0.000000,0.000000,0.011073,0.028496,-0.002552,0.999628,-0.001155,-0.027239,-0.000031,0.004719,0.019930,0.000046,-0.014050,-0.132377,0.052601,23.760053,23.760053,23.759193,0.504570,1.260184,-0.372590,-0.054491,0.935070
8.150000,1,0,0,2.400000,9.810000,0.900000,30.000000,60.000000,6.000000,0.000000,0.000000,1.500000,0.012921,-0.023495,1.494968,0.000000,0.000000,0.000000,0.009644,0.027299,-0.001718,0.999642,-0.001028,-0.026728,-0.000027,0.005445,0.020952,0.000043,0.000474,-0.164626,0.060425,23.759193,23.759193,23.757877,0.504542,1.270732,-0.443952,-0.036176,0.934396
8.200000,1,0,0,2.400000,9.810000,0.900000,30.000000,60.000000,6.000000,0.000000,0.000000,1.500000,0.013365,-0.022164,1.494902,0.000000,0.000000,0.000000,0.008101,0.025909,-0.000898,0.999657,-0.000882,-0.026193,-0.000023,0.006212,0.021834,0.000039,0.028489,-0.151161,0.076898,23.757877,23.757877,23.756124,0.504505,1.312509,-0.404713,0.003313,0.933682
8.250000,1,0,0,2.400000,9.810000,0.900000,30.000000,60.000000,6.000000,0.000000,0.000000,1.500000,0.013729,-0.020907,1.494878,0.000000,0.000000,0.000000,0.006458,0.024345,-0.000099,0.999671,-0.000717,-0.025638,-0.000018,0.007006,0.022566,0.000032,0.005270,-0.147296,0.051385,23.756124,23.756124,23.753955,0.504459,1.230342,-0.387587,-0.057547,0.932931
8.300000,1,0,0,2.400000,9.810000,0.900000,30.000000,60.000000,6.000000,0.000000,0.000000,1.500000,0.014009,-0.019732,1.494892,0.000000,0.000000,0.000000,0.004730,0.022626,0.000674,0.999686,-0.000532,-0.025066,-0.000013,0.007813,0.023143,0.000025,0.007960,-0.133832,0.029901,23.753955,23.753955,23.751394,0.504404,1.209561,-0.346470,-0.108330,0.932145
8.350000,1,0,0,2.400000,9.810000,0.900000,30.000000,60.000000,6.000000,0.000000,0.000000,1.500000,0.014201,-0.018647,1.494944,0.000000,0.000000,0.000000,0.002935,0.020773,0.001415,0.999700,-0.000326,-0.024482,-0.000008,0.008621,0.023561,0.000015,0.009792,-0.111565,0.049736,23.751394,23.751394,23.748466,0.504342,1.186117,-0.283268,-0.059550,0.931327
8.400000,1,0,0,2.400000,9.810000,0.900000,30.000000,60.000000,6.000000,0.000000,0.000000,1.500000,0.014302,-0.017657,1.495033,0.000000,0.000000,0.000000,0.001090,0.018808,0.002117,0.999715,-0.000101,-0.023890,-0.000002,0.009414,0.023814,0.000005,0.020129,-0.086605,0.035727,23.748466,23.748466,23.745197,0.504273,1.182673,-0.212651,-0.091614,0.930479
8.450000,1,0,0,2.400000,9.810000,0.900000,30.000000,60.000000,6.000000,0.000000,0.000000,1.500000,0.014309,-0.016767,1.495155,0.000000,0.000000,0.000000,-0.000789,0.016754,0.002776,0.999729,0.000144,-0.023293,0.000003,0.010178,0.023903,-0.000007,0.021149,-0.100133,0.047891,23.745197,23.745197,23.741615,0.504197,1.156653,-0.233484,-0.060490,0.929604
8.500000,1,0,0,2.400000,9.810000,0.900000,30.000000,60.000000,6.000000,0.000000,0.000000,1.500000,0.014223,-0.015982,1.495310,0.000000,0.000000,0.000000,-0.002683,0.014635,0.003386,0.999742,0.000407,-0.022696,0.000009,0.010900,0.023825,-0.000019,0.000995,-0.107401,0.033043,23.741615,23.741615,23.737747,0.504115,1.079801,-0.238412,-0.093844,0.928706
8.550000,1,0,0,2.400000,9.810000,0.900000,30.000000,60.000000,6.000000,0.000000,0.000000,1.500000,0.014041,-0.015305,1.495493,0.000000,0.000000,0.000000,-0.004575,0.012476,0.003941,0.999755,0.000688,-0.022103,0.000015,0.011566,0.023583,-0.000032,-0.014161,-0.077812,0.003660,23.737747,23.737747,23.733623,0.504027,1.015130,-0.154065,-0.161746,0.927789
8.600000,1,0,0,2.400000,9.810000,0.900000,30.000000,60.000000,6.000000,0.000000,0.000000,1.500000,0.013765,-0.014735,1.495703,0.000000,0.000000,0.000000,-0.006447,0.010303,0.004439,0.999768,0.000985,-0.021519,0.000021,0.012163,0.023179,-0.000046,0.024499,-0.058285,-0.002051,23.733623,23.733623,23.729272,0.503935,1.079994,-0.093117,-0.172519,0.926855
8.650000,1,0,0,2.400000,9.810000,0.900000,30.000000,60.000000,6.000000,0.000000,0.000000,1.500000,0.013397,-0.014274,1.495936,0.000000,0.000000,0.000000,-0.008281,0.008140,0.004875,0.999780,0.001296,-0.020946,0.000027,0.012680,0.022617,-0.000059,-0.025530,-0.043476,0.024842,23.729272,23.729272,23.724724,0.503838,0.932576,-0.042838,-0.104750,0.925908
8.700000,1,0,0,2.400000,9.810000,0.900000,30.000000,60.000000,6.000000,0.000000,0.000000,1.500000,0.012938,-0.013920,1.496189,0.000000,0.000000,0.000000,-0.010060,0.006013,0.005244,0.999791,0.001618,-0.020389,0.000033,0.013104,0.021903,-0.000071,-0.012483,-0.058771,0.033928,23.724724,23.724724,23.720006,0.503738,0.937300,-0.064256,-0.079447,0.924951
8.750000,1,0,0,2.400000,9.810000,0.900000,30.000000,60.000000,6.000000,0.000000,0.000000,1.500000,0.012392,-0.013672,1.496459,0.000000,0.000000,0.000000,-0.011766,0.003946,0.005545,0.999801,0.001950,-0.019852,0.000039,0.013428,0.021044,-0.000082,-0.052020,-0.049289,0.021985,23.720006,23.720006,23.715149,0.503635,0.816756,-0.025772,-0.104364,0.923990
8.800000,1,0,0,2.400000,9.810000,0.900000,30.000000,60.000000,6.000000,0.000000,0.000000,1.500000,0.011763,-0.013524,1.496743,0.000000,0.000000,0.000000,-0.013384,0.001963,0.005775,0.999810,0.002288,-0.019338,0.000044,0.013641,0.020049,-0.000092,-0.067542,-0.025365,0.038303,23.715149,23.715149,23.710181,0.503529,0.754948,0.047688,-0.061236,0.923026
8.850000,1,0,0,2.400000,9.810000,0.900000,30.000000,60.000000,6.000000,0.000000,0.000000,1.500000,0.011055,-0.013474,1.497036,0.000000,0.000000,0.000000,-0.014898,0.000088,0.005932,0.999819,0.002631,-0.018851,0.000050,0.013738,0.018926,-0.000100,-0.052700,-0.029961,0.043076,23.710181,23.710181,23.705129,0.503422,0.767276,0.052875,-0.045618,0.922064
8.900000,1,0,0,2.400000,9.810000,0.900000,30.000000,60.000000,6.000000,0.000000,0.000000,1.500000,0.010275,-0.013514,1.497334,0.000000,0.000000,0.000000,-0.016293,-0.001660,0.006014,0.999826,0.002974,-0.018393,0.000055,0.013714,0.017687,-0.000105,-0.042532,-0.052208,0.063060,23.705129,23.705129,23.700021,0.503313,0.769792,0.015735,0.006674,0.921109
8.950000,1,0,0,2.400000,9.810000,0.900000,30.000000,60.000000,6.000000,0.000000,0.000000,1.500000,0.009428,-0.013637,1.497636,0.000000,0.000000,0.000000,-0.017555,-0.003258,0.006020,0.999833,0.003316,-0.017968,0.000060,0.013564,0.016344,-0.000108,-0.021408,-0.043105,0.065487,23.700021,23.700021,23.694884,0.503204,0.800138,0.053728,0.016970,0.920163
9.000000,1,0,0,2.400000,9.810000,0.900000,30.000000,60.000000,6.000000,0.000000,0.000000,1.500000,0.008522,-0.013837,1.497935,0.000000,0.000000,0.000000,-0.018672,-0.004690,0.005950,0.999839,0.003651,-0.017577,0.000064,0.013288,0.014909,-0.000109,-0.017459,-0.035112,0.064912,23.694884,23.694884,23.689742,0.503095,0.790919,0.088795,0.020178,0.919230
9.050000,1,0,0,2.400000,9.810000,0.900000,30.000000,60.000000,6.000000,0.000000,0.000000,1.500000,0.007564,-0.014103,1.498229,0.000000,0.000000,0.000000,-0.019633,-0.005937,0.005804,0.999844,0.003979,-0.017223,0.000069,0.012886,0.013395,-0.000107,-0.001824,-0.053971,0.065700,23.689742,23.689742,23.684621,0.502986,0.811498,0.059010,0.026743,0.918315
9.100000,1,0,0,2.400000,9.810000,0.900000,30.000000,60.000000,6.000000,0.000000,0.000000,1.500000,0.006561,-0.014427,1.498514,0.000000,0.000000,0.000000,-0.020426,-0.006987,0.005584,0.999848,0.004295,-0.016908,0.000073,0.012360,0.011818,-0.000102,0.019285,-0.042845,0.049446,23.684621,23.684621,23.679544,0.502879,0.847052,0.100631,-0.007534,0.917420
9.150000,1,0,0,2.400000,9.810000,0.900000,30.000000,60.000000,6.000000,0.000000,0.000000,1.500000,0.005524,-0.014798,1.498787,0.000000,0.000000,0.000000,-0.021044,-0.007826,0.005290,0.999851,0.004596,-0.016632,0.000076,0.011714,0.010192,-0.000094,0.055066,-0.044341,0.051497,23.679544,23.679544,23.674533,0.502772,0.919725,0.111261,0.002150,0.916550
9.200000,1,0,0,2.400000,9.810000,0.900000,30.000000,60.000000,6.000000,0.000000,0.000000,1.500000,0.004460,-0.015206,1.499042,0.000000,0.000000,0.000000,-0.021478,-0.008444,0.004924,0.999854,0.004879,-0.016398,0.000080,0.010955,0.008533,-0.000083,0.039285,-0.021704,0.030092,23.674533,23.674533,23.669611,0.502668,0.870600,0.178972,-0.044453,0.915709
9.250000,1,0,0,2.400000,9.810000,0.900000,30.000000,60.000000,6.000000,0.000000,0.000000,1.500000,0.003379,-0.015639,1.499278,0.000000,0.000000,0.000000,-0.021724,-0.008835,0.004488,0.999855,0.005143,-0.016206,0.000083,0.010089,0.006855,-0.000071,0.062484,0.003352,0.023693,23.669611,23.669611,23.664798,0.502565,0.917011,0.251520,-0.055062,0.914898
9.300000,1,0,0,2.400000,9.810000,0.900000,30.000000,60.000000,6.000000,0.000000,0.000000,1.500000,0.002291,-0.016086,1.499490,0.000000,0.000000,0.000000,-0.021777,-0.008992,0.003986,0.999857,0.005383,-0.016056,0.000086,0.009127,0.005174,-0.000056,0.050264,-0.020496,0.016581,23.664798,23.664798,23.660113,0.502466,0.880410,0.205611,-0.067430,0.914122
9.350000,1,0,0,2.400000,9.810000,0.900000,30.000000,60.000000,6.000000,0.000000,0.000000,1.500000,0.001205,-0.016534,1.499675,0.000000,0.000000,0.000000,-0.021635,-0.008914,0.003421,0.999857,0.005598,-0.015947,0.000089,0.008079,0.003506,-0.000039,0.064035,0.016718,0.020581,23.660113,23.660113,23.655576,0.502370,0.908176,0.305058,-0.053201,0.913383
9.400000,1,0,0,2.400000,9.810000,0.900000,30.000000,60.000000,6.000000,0.000000,0.000000,1.500000,0.000131,-0.016973,1.499831,0.000000,0.000000,0.000000,-0.021295,-0.008602,0.002797,0.999857,0.005786,-0.015880,0.000092,0.006958,0.001867,-0.000022,0.085202,0.016526,0.022663,23.655576,23.655576,23.651203,0.502277,0.955657,0.313446,-0.043669,0.912686
9.450000,1,0,0,2.400000,9.810000,0.900000,30.000000,60.000000,6.000000,0.000000,0.000000,1.500000,-0.000921,-0.017391,1.499954,0.000000,0.000000,0.000000,-0.020760,-0.008057,0.002118,0.999857,0.005946,-0.015853,0.000094,0.005777,0.000270,-0.000003,0.076440,-0.005286,0.010462,23.651203,23.651203,23.647010,0.502188,0.933228,0.268580,-0.068533,0.912031
9.500000,1,0,0,2.400000,9.810000,0.900000,30.000000,60.000000,6.000000,0.000000,0.000000,1.500000,-0.001942,-0.017775,1.500042,0.000000,0.000000,0.000000,-0.020031,-0.007285,0.001388,0.999856,0.006075,-0.015866,0.000096,0.004552,-0.001269,0.000015,0.089070,0.005822,0.009759,23.647010,23.647010,23.643013,0.502103,0.964002,0.301301,-0.065939,0.911422
9.550000,1,0,0,2.400000,9.810000,0.900000,30.000000,60.000000,6.000000,0.000000,0.000000,1.500000,-0.002921,-0.018115,1.500092,0.000000,0.000000,0.000000,-0.019113,-0.006295,0.000614,0.999854,0.006173,-0.015916,0.000098,0.003299,-0.002736,0.000034,0.066069,0.020719,0.013701,23.643013,23.643013,23.639225,0.502022,0.911044,0.341647,-0.052349,0.910862
9.600000,1,0,0,2.400000,9.810000,0.900000,30.000000,60.000000,6.000000,0.000000,0.000000,1.500000,-0.003850,-0.018401,1.500103,0.000000,0.000000,0.000000,-0.018010,-0.005097,-0.000200,0.999852,0.006239,-0.016002,0.000100,0.002032,-0.004118,0.000051,0.056501,0.032067,0.001821,23.639225,23.639225,23.635657,0.501947,0.892017,0.371986,-0.076907,0.910351
9.650000,1,0,0,2.400000,9.810000,0.900000,30.000000,60.000000,6.000000,0.000000,0.000000,1.500000,-0.004720,-0.018622,1.500071,0.000000,0.000000,0.000000,-0.016730,-0.003703,-0.001048,0.999850,0.006274,-0.016121,0.000101,0.000769,-0.005404,0.000068,0.052926,0.019889,-0.023786,23.635657,23.635657,23.632321,0.501876,0.888955,0.344369,-0.134598,0.909893
9.700000,1,0,0,2.400000,9.810000,0.900000,30.000000,60.000000,6.000000,0.000000,0.000000,1.500000,-0.005521,-0.018768,1.499997,0.000000,0.000000,0.000000,-0.015282,-0.002129,-0.001924,0.999848,0.006278,-0.016271,0.000102,-0.000472,-0.006582,0.000083,0.047653,0.049988,-0.007586,23.632321,23.632321,23.629223,0.501810,0.883280,0.416737,-0.092151,0.909488
9.750000,1,0,0,2.400000,9.810000,0.900000,30.000000,60.000000,6.000000,0.000000,0.000000,1.500000,-0.006245,-0.018832,1.499879,0.000000,0.000000,0.000000,-0.013674,-0.000391,-0.002822,0.999845,0.006251,-0.016449,0.000103,-0.001676,-0.007641,0.000096,0.064887,0.030401,-0.012433,23.629223,23.629223,23.626372,0.501749,0.932952,0.368416,-0.100430,0.909138
9.800000,1,0,0,2.400000,9.810000,0.900000,30.000000,60.000000,6.000000,0.000000,0.000000,1.500000,-0.006886,-0.018805,1.499715,0.000000,0.000000,0.000000,-0.011920,0.001491,-0.003735,0.999842,0.006195,-0.016652,0.000103,-0.002826,-0.008574,0.000106,0.024391,0.041647,-0.020670,23.626372,23.626372,23.623771,0.501694,0.845254,0.392705,-0.117063,0.908844
9.850000,1,0,0,2.400000,9.810000,0.900000,30.000000,60.000000,6.000000,0.000000,0.000000,1.500000,-0.007435,-0.018681,1.499505,0.000000,0.000000,0.000000,-0.010030,0.003497,-0.004656,0.999839,0.006110,-0.016877,0.000103,-0.003905,-0.009371,0.000115,0.028963,0.069627,-0.021669,23.623771,23.623771,23.621424,0.501644,0.866747,0.455843,-0.116556,0.908607
9.900000,1,0,0,2.400000,9.810000,0.900000,30.000000,60.000000,6.000000,0.000000,0.000000,1.500000,-0.007886,-0.018454,1.499249,0.000000,0.000000,0.000000,-0.008019,0.005605,-0.005580,0.999835,0.006000,-0.017120,0.000103,-0.004899,-0.010028,0.000120,0.065177,0.065498,-0.001829,23.621424,23.621424,23.619328,0.501600,0.965047,0.440696,-0.066267,0.908428
9.950000,1,0,0,2.400000,9.810000,0.900000,30.000000,60.000000,6.000000,0.000000,0.000000,1.500000,-0.008235,-0.018119,1.498947,0.000000,0.000000,0.000000,-0.005901,0.007792,-0.006499,0.999832,0.005866,-0.017377,0.000102,-0.005794,-0.010539,0.000124,0.097505,0.073574,-0.017186,23.619328,23.619328,23.617483,0.501561,1.054720,0.453728,-0.100684,0.908306
10.000000,1,0,0,2.400000,9.810000,0.900000,30.000000,60.000000,6.000000,0.000000,0.000000,1.500000,-0.008475,-0.017674,1.498599,0.000000,0.000000,0.000000,-0.003693,0.010034,-0.007407,0.999828,0.005711,-0.017645,0.000101,-0.006577,-0.010902,0.000125,0.110592,0.075628,-0.006572,23.617483,23.617483,23.615884,0.501527,1.098733,0.451321,-0.073007,0.908242
10.050000,1,0,0,2.400000,9.810000,0.900000,30.000000,60.000000,6.000000,0.000000,0.000000,1.500000,-0.008603,-0.017115,1.498207,0.000000,0.000000,0.000000,-0.001409,0.012307,-0.008298,0.999824,0.005538,-0.017921,0.000099,-0.007236,-0.011113,0.000123,0.059494,0.067540,-0.023323,23.615884,23.615884,23.614522,0.501498,0.989050,0.423725,-0.111240,0.908236
10.100000,1,0,0,2.400000,9.810000,0.900000,30.000000,60.000000,6.000000,0.000000,0.000000,1.500000,-0.008615,-0.016443,1.497770,0.000000,0.000000,0.000000,0.000932,0.014584,-0.009164,0.999820,0.005351,-0.018200,0.000097,-0.007762,-0.011173,0.000120,0.016191,0.053474,-0.030431,23.614522,23.614522,23.613387,0.501474,0.898239,0.381083,-0.126560,0.908286
10.150000,1,0,0,2.400000,9.810000,0.900000,30.000000,60.000000,6.000000,0.000000,0.000000,1.500000,-0.008509,-0.015657,1.497291,0.000000,0.000000,0.000000,0.003313,0.016841,-0.010000,0.999816,0.005152,-0.018478,0.000095,-0.008147,-0.011083,0.000114,0.011726,0.048134,-0.026003,23.613387,23.613387,23.612468,0.501454,0.900629,0.358851,-0.114416,0.908393
10.200000,1,0,0,2.400000,9.810000,0.900000,30.000000,60.000000,6.000000,0.000000,0.000000,1.500000,-0.008283,-0.014760,1.496771,0.000000,0.000000,0.000000,0.005717,0.019052,-0.010800,0.999812,0.004945,-0.018753,0.000093,-0.008386,-0.010845,0.000107,-0.017841,0.050324,0.027018,23.612468,23.612468,23.611748,0.501439,0.842589,0.354323,0.014137,0.908555
10.250000,1,0,0,2.400000,9.810000,0.900000,30.000000,60.000000,6.000000,0.000000,0.000000,1.500000,-0.007937,-0.013753,1.496212,0.000000,0.000000,0.000000,0.008125,0.021193,-0.011558,0.999808,0.004734,-0.019019,0.000090,-0.008473,-0.010463,0.000099,-0.008508,0.018835,0.011400,23.611748,23.611748,23.611211,0.501427,0.877546,0.268777,-0.022247,0.908770
10.300000,1,0,0,2.400000,9.810000,0.900000,30.000000,60.000000,6.000000,0.000000,0.000000,1.500000,-0.007471,-0.012642,1.495616,0.000000,0.000000,0.000000,0.010519,0.023240,-0.012268,0.999804,0.004522,-0.019275,0.000087,-0.008408,-0.009944,0.000090,0.000611,0.002010,0.003378,23.611211,23.611211,23.610837,0.501419,0.911466,0.218412,-0.040593,0.909038
10.350000,1,0,0,2.400000,9.810000,0.900000,30.000000,60.000000,6.000000,0.000000,0.000000,1.500000,-0.006886,-0.011431,1.494986,0.000000,0.000000,0.000000,0.012882,0.025169,-0.012924,0.999800,0.004314,-0.019515,0.000084,-0.008192,-0.009293,0.000080,0.003685,0.000682,0.032886,23.610837,23.610837,23.610604,0.501414,0.930190,0.205410,0.030953,0.909356
10.400000,1,0,0,2.400000,9.810000,0.900000,30.000000,60.000000,6.000000,0.000000,0.000000,1.500000,-0.006184,-0.010127,1.494324,0.000000,0.000000,0.000000,0.015195,0.026958,-0.013523,0.999797,0.004114,-0.019738,0.000081,-0.007826,-0.008519,0.000070,-0.012931,-0.006515,0.051422,23.610604,23.610604,23.610490,0.501412,0.900823,0.178664,0.076006,0.909722
10.450000,1,0,0,2.400000,9.810000,0.900000,30.000000,60.000000,6.000000,0.000000,0.000000,1.500000,-0.005368,-0.008738,1.493634,0.000000,0.000000,0.000000,0.017440,0.028587,-0.014060,0.999793,0.003924,-0.019940,0.000078,-0.007315,-0.007630,0.000060,-0.026528,-0.007883,0.060803,23.610490,23.610490,23.610470,0.501412,0.877725,0.166430,0.098940,0.910134
10.500000,1,0,0,2.400000,9.810000,0.900000,30.000000,60.000000,6.000000,0.000000,0.000000,1.500000,-0.004441,-0.007271,1.492919,0.000000,0.000000,0.000000,0.019602,0.030037,-0.014530,0.999791,0.003749,-0.020119,0.000075,-0.006668,-0.006638,0.000050,-0.020722,-0.011774,0.079318,23.610470,23.610470,23.610518,0.501413,0.900087,0.148825,0.143671,0.910590
10.550000,1,0,0,2.400000,9.810000,0.900000,30.000000,60.000000,6.000000,0.000000,0.000000,1.500000,-0.003409,-0.005737,1.492182,0.000000,0.000000,0.000000,0.021664,0.031290,-0.014931,0.999788,0.003592,-0.020271,0.000073,-0.005892,-0.005552,0.000040,-0.004406,0.020904,0.050472,23.610518,23.610518,23.610608,0.501415,0.946446,0.219827,0.074629,0.911087
10.600000,1,0,0,2.400000,9.810000,0.900000,30.000000,60.000000,6.000000,0.000000,0.000000,1.500000,-0.002277,-0.004146,1.491427,0.000000,0.000000,0.000000,0.023610,0.032332,-0.015258,0.999786,0.003456,-0.020396,0.000070,-0.004999,-0.004387,0.000030,0.009453,0.026026,0.048608,23.610608,23.610608,23.610714,0.501417,0.985582,0.225681,0.070258,0.911621
10.650000,1,0,0,2.400000,9.810000,0.900000,30.000000,60.000000,6.000000,0.000000,0.000000,1.500000,-0.001050,-0.002508,1.490658,0.000000,0.000000,0.000000,0.025426,0.033149,-0.015510,0.999784,0.003343,-0.020490,0.000069,-0.004001,-0.003153,0.000021,0.031174,-0.004392,0.032724,23.610714,23.610714,23.610809,0.501419,1.042172,0.147357,0.032178,0.912191
10.700000,1,0,0,2.400000,9.810000,0.900000,30.000000,60.000000,6.000000,0.000000,0.000000,1.500000,0.000264,-0.000835,1.489878,0.000000,0.000000,0.000000,0.027098,0.033732,-0.015685,0.999783,0.003257,-0.020553,0.000067,-0.002914,-0.001864,0.000012,0.021781,-0.003402,0.037664,23.610809,23.610809,23.610867,0.501420,1.022598,0.145645,0.044034,0.912792
10.750000,1,0,0,2.400000,9.810000,0.900000,30.000000,60.000000,6.000000,0.000000,0.000000,1.500000,0.001657,0.000861,1.489091,0.000000,0.000000,0.000000,0.028615,0.034070,-0.015780,0.999783,0.003198,-0.020583,0.000066,-0.001753,-0.000535,0.000003,0.004866,0.035630,0.031149,23.610867,23.610867,23.610862,0.501420,0.983421,0.236560,0.028379,0.913422
10.800000,1,0,0,2.400000,9.810000,0.900000,30.000000,60.000000,6.000000,0.000000,0.000000,1.500000,0.003122,0.002568,1.488301,0.000000,0.000000,0.000000,0.029964,0.034160,-0.015796,0.999783,0.003169,-0.020579,0.000065,-0.000536,0.000821,-0.000005,0.007659,0.015686,0.013985,23.610862,23.610862,23.610769,0.501418,0.989958,0.187338,-0.012823,0.914076
10.850000,1,0,0,2.400000,9.810000,0.900000,30.000000,60.000000,6.000000,0.000000,0.000000,1.500000,0.004651,0.004273,1.487512,0.000000,0.000000,0.000000,0.031137,0.033998,-0.015731,0.999784,0.003172,-0.020542,0.000065,0.000719,0.002189,-0.000014,-0.006583,-0.033991,0.014045,23.610769,23.610769,23.610564,0.501414,0.954001,0.068218,-0.012661,0.914752
10.900000,1,0,0,2.400000,9.810000,0.900000,30.000000,60.000000,6.000000,0.000000,0.000000,1.500000,0.006233,0.005964,1.486729,0.000000,0.000000,0.000000,0.032126,0.033584,-0.015587,0.999785,0.003205,-0.020470,0.000066,0.001993,0.003555,-0.000023,0.013541,-0.047151,0.000311,23.610564,23.610564,23.610226,0.501406,0.998900,0.038232,-0.045545,0.915446
10.950000,1,0,0,2.400000,9.810000,0.900000,30.000000,60.000000,6.000000,0.000000,0.000000,1.500000,0.007860,0.007627,1.485955,0.000000,0.000000,0.000000,0.032923,0.032919,-0.015362,0.999787,0.003271,-0.020364,0.000067,0.003267,0.004905,-0.000032,0.053816,0.010406,-0.015301,23.610226,23.610226,23.609733,0.501396,1.090555,0.179473,-0.082861,0.916154
11.000000,1,0,0,2.400000,9.810000,0.900000,30.000000,60.000000,6.000000,0.000000,0.000000,1.500000,0.009522,0.009251,1.485194,0.000000,0.000000,0.000000,0.033523,0.032009,-0.015060,0.999790,0.003369,-0.020225,0.000068,0.004519,0.006224,-0.000042,0.039946,-0.016825,-0.020896,23.609733,23.609733,23.609067,0.501382,1.050679,0.118713,-0.096032,0.916872
11.050000,1,0,0,2.400000,9.810000,0.900000,30.000000,60.000000,6.000000,0.000000,0.000000,1.500000,0.011209,0.010824,1.484450,0.000000,0.000000,0.000000,0.033922,0.030861,-0.014682,0.999793,0.003497,-0.020053,0.000070,0.005731,0.007499,-0.000052,0.054523,-0.004467,-0.023665,23.609067,23.609067,23.608209,0.501364,1.077537,0.154422,-0.102297,0.917597
11.100000,1,0,0,2.400000,9.810000,0.900000,30.000000,60.000000,6.000000,0.000000,0.000000,1.500000,0.012911,0.012334,1.483727,0.000000,0.000000,0.000000,0.034119,0.029485,-0.014229,0.999796,0.003655,-0.019851,0.000073,0.006883,0.008716,-0.000064,0.087835,0.010827,-0.017015,23.608209,23.608209,23.607145,0.501341,1.147880,0.198575,-0.085809,0.918324
11.150000,1,0,0,2.400000,9.810000,0.900000,30.000000,60.000000,6.000000,0.000000,0.000000,1.500000,0.014617,0.013769,1.483029,0.000000,0.000000,0.000000,0.034114,0.027894,-0.013706,0.999800,0.003840,-0.019618,0.000075,0.007956,0.009864,-0.000076,0.072626,-0.015406,-0.034340,23.607145,23.607145,23.605859,0.501314,1.100368,0.144373,-0.126692,0.919051
11.200000,1,0,0,2.400000,9.810000,0.900000,30.000000,60.000000,6.000000,0.000000,0.000000,1.500000,0.016319,0.015120,1.482358,0.000000,0.000000,0.000000,0.033907,0.026101,-0.013115,0.999804,0.004052,-0.019358,0.000078,0.008930,0.010930,-0.000089,0.061986,-0.041739,-0.015141,23.605859,23.605859,23.604340,0.501281,1.062508,0.091139,-0.079730,0.919772
11.250000,1,0,0,2.400000,9.810000,0.900000,30.000000,60.000000,6.000000,0.000000,0.000000,1.500000,0.018005,0.016376,1.481718,0.000000,0.000000,0.000000,0.033502,0.024123,-0.012461,0.999809,0.004286,-0.019073,0.000082,0.009790,0.011903,-0.000102,0.059666,-0.038708,0.018828,23.604340,23.604340,23.602576,0.501244,1.043403,0.109461,0.002888,0.920486
11.300000,1,0,0,2.400000,9.810000,0.900000,30.000000,60.000000,6.000000,0.000000,0.000000,1.500000,0.019666,0.017529,1.481113,0.000000,0.000000,0.000000,0.032902,0.021979,-0.011747,0.999814,0.004540,-0.018764,0.000085,0.010519,0.012774,-0.000116,0.057645,-0.050113,0.011593,23.602576,23.602576,23.600559,0.501201,1.023922,0.094072,-0.013159,0.921187
11.350000,1,0,0,2.400000,9.810000,0.900000,30.000000,60.000000,6.000000,0.000000,0.000000,1.500000,0.021292,0.018572,1.480544,0.000000,0.000000,0.000000,0.032115,0.019689,-0.010979,0.999818,0.004810,-0.018435,0.000089,0.011104,0.013532,-0.000130,0.046228,-0.058458,-0.014228,23.600559,23.600559,23.598281,0.501153,0.980918,0.086798,-0.073572,0.921873
11.400000,1,0,0,2.400000,9.810000,0.900000,30.000000,60.000000,6.000000,0.000000,0.000000,1.500000,0.022874,0.019496,1.480016,0.000000,0.000000,0.000000,0.031147,0.017274,-0.010161,0.999823,0.005094,-0.018088,0.000092,0.011530,0.014171,-0.000144,0.064375,-0.053521,0.009762,23.598281,23.598281,23.595734,0.501099,1.008037,0.111993,-0.014186,0.922540
11.450000,1,0,0,2.400000,9.810000,0.900000,30.000000,60.000000,6.000000,0.000000,0.000000,1.500000,0.024404,0.020297,1.479529,0.000000,0.000000,0.000000,0.030008,0.014759,-0.009299,0.999828,0.005386,-0.017727,0.000095,0.011789,0.014683,-0.000158,0.061564,-0.057425,-0.003265,23.595734,23.595734,23.592914,0.501039,0.984172,0.116369,-0.043371,0.923186
11.500000,1,0,0,2.400000,9.810000,0.900000,30.000000,60.000000,6.000000,0.000000,0.000000,1.500000,0.025872,0.020971,1.479086,0.000000,0.000000,0.000000,0.028709,0.012166,-0.008399,0.999833,0.005682,-0.017355,0.000099,0.011871,0.015063,-0.000171,0.053929,-0.020315,-0.000155,23.592914,23.592914,23.589817,0.500973,0.948196,0.219374,-0.033550,0.923805
11.550000,1,0,0,2.400000,9.810000,0.900000,30.000000,60.000000,6.000000,0.000000,0.000000,1.500000,0.027272,0.021513,1.478690,0.000000,0.000000,0.000000,0.027260,0.009521,-0.007466,0.999838,0.005978,-0.016976,0.000101,0.011770,0.015307,-0.000183,0.031993,-0.035026,0.006791,23.589817,23.589817,23.586440,0.500901,0.877523,0.197992,-0.014237,0.924397
11.600000,1,0,0,2.400000,9.810000,0.900000,30.000000,60.000000,6.000000,0.000000,0.000000,1.500000,0.028596,0.021922,1.478340,0.000000,0.000000,0.000000,0.025675,0.006849,-0.006508,0.999843,0.006269,-0.016591,0.000104,0.011484,0.015411,-0.000193,0.047705,-0.037739,0.009793,23.586440,23.586440,23.582780,0.500824,0.896994,0.205171,-0.004097,0.924958
11.650000,1,0,0,2.400000,9.810000,0.900000,30.000000,60.000000,6.000000,0.000000,0.000000,1.500000,0.029838,0.022198,1.478039,0.000000,0.000000,0.000000,0.023968,0.004176,-0.005529,0.999847,0.006550,-0.016206,0.000106,0.011009,0.015375,-0.000201,0.057113,-0.056355,0.020893,23.582780,23.582780,23.578839,0.500740,0.901291,0.173725,0.025775,0.925485
11.700000,1,0,0,2.400000,9.810000,0.900000,30.000000,60.000000,6.000000,0.000000,0.000000,1.500000,0.030991,0.022340,1.477788,0.000000,0.000000,0.000000,0.022154,0.001527,-0.004538,0.999852,0.006818,-0.015824,0.000108,0.010349,0.015199,-0.000207,0.035119,-0.026915,0.011938,23.578839,23.578839,23.574617,0.500650,0.830347,0.256936,0.007813,0.925976
11.750000,1,0,0,2.400000,9.810000,0.900000,30.000000,60.000000,6.000000,0.000000,0.000000,1.500000,0.032052,0.022352,1.477586,0.000000,0.000000,0.000000,0.020249,-0.001073,-0.003540,0.999856,0.007066,-0.015447,0.000109,0.009506,0.014882,-0.000210,0.001322,0.002214,-0.019780,23.574617,23.574617,23.570115,0.500555,0.731362,0.338506,-0.064484,0.926429
11.800000,1,0,0,2.400000,9.810000,0.900000,30.000000,60.000000,6.000000,0.000000,0.000000,1.500000,0.033015,0.022234,1.477433,0.000000,0.000000,0.000000,0.018268,-0.003599,-0.002543,0.999860,0.007291,-0.015081,0.000110,0.008488,0.014429,-0.000210,-0.005106,0.018433,-0.004078,23.570115,23.570115,23.565339,0.500453,0.698514,0.387987,-0.022674,0.926842
11.850000,1,0,0,2.400000,9.810000,0.900000,30.000000,60.000000,6.000000,0.000000,0.000000,1.500000,0.033877,0.021993,1.477331,0.000000,0.000000,0.000000,0.016230,-0.006028,-0.001552,0.999863,0.007489,-0.014727,0.000110,0.007302,0.013842,-0.000207,-0.012002,0.023451,0.005612,23.565339,23.565339,23.560295,0.500346,0.665155,0.409277,0.004995,0.927213
11.900000,1,0,0,2.400000,9.810000,0.900000,30.000000,60.000000,6.000000,0.000000,0.000000,1.500000,0.034637,0.021634,1.477278,0.000000,0.000000,0.000000,0.014152,-0.008335,-0.000575,0.999867,0.007655,-0.014390,0.000110,0.005961,0.013127,-0.000201,-0.022911,0.009070,-0.008406,23.560295,23.560295,23.554989,0.500233,0.622930,0.382513,-0.023951,0.927541
11.950000,1,0,0,2.400000,9.810000,0.900000,30.000000,60.000000,6.000000,0.000000,0.000000,1.500000,0.035292,0.021162,1.477273,0.000000,0.000000,0.000000,0.012051,-0.010501,0.000383,0.999871,0.007786,-0.014072,0.000110,0.004477,0.012290,-0.000191,-0.053000,0.007494,-0.016588,23.554989,23.554989,23.549432,0.500115,0.535588,0.384809,-0.038617,0.927825
12.000000,1,0,0,2.400000,9.810000,0.900000,30.000000,60.000000,6.000000,0.000000,0.000000,1.500000,0.035842,0.020586,1.477316,0.000000,0.000000,0.000000,0.009946,-0.012505,0.001314,0.999874,0.007878,-0.013776,0.000109,0.002866,0.011339,-0.000179,-0.033371,0.000673,-0.024590,23.549432,23.549432,23.543635,0.499992,0.568624,0.372686,-0.052585,0.928063
12.050000,1,0,0,2.400000,9.810000,0.900000,30.000000,60.000000,6.000000,0.000000,0.000000,1.500000,0.036287,0.019914,1.477404,0.000000,0.000000,0.000000,0.007855,-0.014330,0.002213,0.999877,0.007928,-0.013506,0.000107,0.001147,0.010282,-0.000163,-0.043935,-0.002261,-0.013415,23.543635,23.543635,23.537613,0.499864,0.530378,0.367926,-0.020283,0.928255
12.100000,1,0,0,2.400000,9.810000,0.900000,30.000000,60.000000,6.000000,0.000000,0.000000,1.500000,0.036628,0.019156,1.477536,0.000000,0.000000,0.000000,0.005795,-0.015958,0.003073,0.999881,0.007935,-0.013263,0.000105,-0.000663,0.009129,-0.000145,-0.059171,0.012204,-0.009722,23.537613,23.537613,23.531384,0.499732,0.482222,0.402839,-0.005701,0.928401
12.150000,1,0,0,2.400000,9.810000,0.900000,30.000000,60.000000,6.000000,0.000000,0.000000,1.500000,0.036867,0.018322,1.477711,0.000000,0.000000,0.000000,0.003784,-0.017377,0.003890,0.999884,0.007895,-0.013050,0.000103,-0.002542,0.007890,-0.000125,-0.050117,0.001526,-0.034093,23.531384,23.531384,23.524966,0.499596,0.493770,0.375234,-0.058259,0.928500
12.200000,1,0,0,2.400000,9.810000,0.900000,30.000000,60.000000,6.000000,0.000000,0.000000,1.500000,0.037008,0.017422,1.477925,0.000000,0.000000,0.000000,0.001838,-0.018573,0.004658,0.999887,0.007807,-0.012869,0.000100,-0.004468,0.006576,-0.000103,-0.051926,0.007640,-0.018659,23.524966,23.524966,23.518381,0.499456,0.480750,0.385686,-0.015087,0.928553
12.250000,1,0,0,2.400000,9.810000,0.900000,30.000000,60.000000,6.000000,0.000000,0.000000,1.500000,0.037053,0.016469,1.478176,0.000000,0.000000,0.000000,-0.000025,-0.019539,0.005371,0.999890,0.007671,-0.012722,0.000098,-0.006418,0.005200,-0.000080,-0.031940,0.006375,-0.042258,23.518381,23.518381,23.511655,0.499313,0.521624,0.376150,-0.065419,0.928559
12.300000,1,0,0,2.400000,9.810000,0.900000,30.000000,60.000000,6.000000,0.000000,0.000000,1.500000,0.037007,0.015472,1.478461,0.000000,0.000000,0.000000,-0.001790,-0.020268,0.006026,0.999892,0.007486,-0.012609,0.000094,-0.008368,0.003774,-0.000057,-0.020659,-0.009202,-0.050150,23.511655,23.511655,23.504814,0.499168,0.543252,0.329971,-0.077903,0.928520
12.350000,1,0,0,2.400000,9.810000,0.900000,30.000000,60.000000,6.000000,0.000000,0.000000,1.500000,0.036875,0.014446,1.478777,0.000000,0.000000,0.000000,-0.003442,-0.020754,0.006619,0.999895,0.007253,-0.012533,0.000091,-0.010296,0.002310,-0.000034,-0.009054,-0.022398,-0.015457,23.504814,23.504814,23.497888,0.499021,0.567360,0.287229,0.011946,0.928437
12.400000,1,0,0,2.400000,9.810000,0.900000,30.000000,60.000000,6.000000,0.000000,0.000000,1.500000,0.036665,0.013401,1.479122,0.000000,0.000000,0.000000,-0.004968,-0.020997,0.007145,0.999898,0.006972,-0.012494,0.000087,-0.012176,0.000823,-0.000011,0.000628,-0.037411,-0.014576,23.497888,23.497888,23.490907,0.498872,0.588587,0.237892,0.020750,0.928310
12.450000,1,0,0,2.400000,9.810000,0.900000,30.000000,60.000000,6.000000,0.000000,0.000000,1.500000,0.036381,0.012350,1.479491,0.000000,0.000000,0.000000,-0.006354,-0.020998,0.007602,0.999900,0.006645,-0.012492,0.000083,-0.013985,-0.000675,0.000009,-0.006847,-0.030760,0.006774,23.490907,23.490907,23.483905,0.498724,0.570390,0.238384,0.078756,0.928142
12.500000,1,0,0,2.400000,9.810000,0.900000,30.000000,60.000000,6.000000,0.000000,0.000000,1.500000,0.036032,0.011305,1.479881,0.000000,0.000000,0.000000,-0.007590,-0.020760,0.007987,0.999902,0.006274,-0.012528,0.000079,-0.015700,-0.002170,0.000027,0.007466,0.008331,0.001615,23.483905,23.483905,23.476917,0.498575,0.606244,0.314673,0.073191,0.927933
12.550000,1,0,0,2.400000,9.810000,0.900000,30.000000,60.000000,6.000000,0.000000,0.000000,1.500000,0.035625,0.010278,1.480288,0.000000,0.000000,0.000000,-0.008664,-0.020289,0.008298,0.999903,0.005861,-0.012601,0.000074,-0.017298,-0.003647,0.000043,0.015710,0.037747,-0.001570,23.476917,23.476917,23.469976,0.498428,0.629274,0.365807,0.072383,0.927687
12.600000,1,0,0,2.400000,9.810000,0.900000,30.000000,60.000000,6.000000,0.000000,0.000000,1.500000,0.035168,0.009280,1.480709,0.000000,0.000000,0.000000,-0.009568,-0.019594,0.008533,0.999905,0.005410,-0.012710,0.000069,-0.018759,-0.005095,0.000055,0.008155,0.042353,0.008879,23.469976,23.469976,23.463120,0.498282,0.616107,0.355610,0.104291,0.927404
12.650000,1,0,0,2.400000,9.810000,0.900000,30.000000,60.000000,6.000000,0.000000,0.000000,1.500000,0.034671,0.008322,1.481140,0.000000,0.000000,0.000000,-0.010294,-0.018687,0.008691,0.999905,0.004924,-0.012855,0.000063,-0.020063,-0.006500,0.000064,0.018130,-0.003926,0.010756,23.463120,23.463120,23.456384,0.498139,0.646681,0.221679,0.115588,0.927087
12.700000,1,0,0,2.400000,9.810000,0.900000,30.000000,60.000000,6.000000,0.000000,0.000000,1.500000,0.034142,0.007415,1.481577,0.000000,0.000000,0.000000,-0.010837,-0.017580,0.008772,0.999905,0.004408,-0.013035,0.000057,-0.021191,-0.007849,0.000069,0.024209,-0.001801,0.010064,23.456384,23.456384,23.449802,0.498000,0.669523,0.202505,0.120651,0.926739
12.750000,1,0,0,2.400000,9.810000,0.900000,30.000000,60.000000,6.000000,0.000000,0.000000,1.500000,0.033590,0.006567,1.482016,0.000000,0.000000,0.000000,-0.011192,-0.016289,0.008776,0.999905,0.003867,-0.013247,0.000051,-0.022130,-0.009131,0.000071,0.027724,-0.011936,0.009720,23.449802,23.449802,23.443410,0.497864,0.687749,0.152707,0.126457,0.926363
12.800000,1,0,0,2.400000,9.810000,0.900000,30.000000,60.000000,6.000000,0.000000,0.000000,1.500000,0.033026,0.005789,1.482453,0.000000,0.000000,0.000000,-0.011357,-0.014832,0.008704,0.999904,0.003304,-0.013491,0.000045,-0.022865,-0.010333,0.000068,0.026575,-0.016542,-0.012459,23.443410,23.443410,23.437240,0.497733,0.696241,0.115211,0.079732,0.925962
12.850000,1,0,0,2.400000,9.810000,0.900000,30.000000,60.000000,6.000000,0.000000,0.000000,1.500000,0.032458,0.005087,1.482885,0.000000,0.000000,0.000000,-0.011331,-0.013228,0.008557,0.999902,0.002725,-0.013763,0.000038,-0.023385,-0.011447,0.000062,0.031463,0.001498,-0.020236,23.437240,23.437240,23.431322,0.497607,0.720575,0.131347,0.067422,0.925538
12.900000,1,0,0,2.400000,9.810000,0.900000,30.000000,60.000000,6.000000,0.000000,0.000000,1.500000,0.031896,0.004468,1.483308,0.000000,0.000000,0.000000,-0.011114,-0.011498,0.008336,0.999899,0.002136,-0.014062,0.000030,-0.023682,-0.012462,0.000053,0.045752,0.013701,-0.017112,23.431322,23.431322,23.425685,0.497487,0.768720,0.133010,0.081090,0.925095
12.950000,1,0,0,2.400000,9.810000,0.900000,30.000000,60.000000,6.000000,0.000000,0.000000,1.500000,0.031350,0.003938,1.483717,0.000000,0.000000,0.000000,-0.010707,-0.009665,0.008044,0.999895,0.001543,-0.014385,0.000022,-0.023751,-0.013369,0.000041,0.064550,0.018249,-0.025067,23.425685,23.425685,23.420357,0.497374,0.828810,0.116099,0.067961,0.924637
13.000000,1,0,0,2.400000,9.810000,0.900000,30.000000,60.000000,6.000000,0.000000,0.000000,1.500000,0.030828,0.003503,1.484111,0.000000,0.000000,0.000000,-0.010116,-0.007750,0.007684,0.999891,0.000957,-0.014729,0.000014,-0.005578,-0.014161,0.000027,0.037470,0.011900,-0.045445,23.420357,23.420357,23.415389,0.497269,0.779792,0.073391,0.024781,0.924166
13.050000,1,0,0,2.400000,9.810000,0.900000,30.000000,60.000000,6.000000,-0.000000,0.000001,1.500000,0.030341,0.003158,1.484485,-0.000000,0.000105,0.000000,-0.009346,-0.006101,0.007258,0.999886,0.000898,-0.015092,0.000014,-0.016643,-0.014831,0.000027,-0.013650,-0.024285,-0.033387,23.415389,23.415389,23.410707,0.497169,0.673934,-0.016207,0.059186,0.923686
13.100000,1,0,0,2.400000,9.810000,0.900000,30.000000,60.000000,6.000000,-0.000000,0.000021,1.500000,0.029897,0.002890,1.484836,-0.000000,0.000809,0.000000,-0.008402,-0.004588,0.006772,0.999880,0.000155,-0.015470,0.000002,-0.042165,-0.015361,0.000005,0.024861,-0.012113,-0.058885,23.410707,23.410707,23.406463,0.497079,0.783895,-0.021832,0.003174,0.923201
13.150000,1,0,0,2.400000,9.810000,0.900000,30.000000,60.000000,6.000000,-0.000000,0.000101,1.500000,0.029503,0.002708,1.485161,-0.000000,0.002624,0.000000,-0.007295,-0.002598,0.006229,0.999874,-0.001175,-0.015859,-0.000019,-0.063580,-0.015737,-0.000037,-0.015612,0.055562,-0.048785,23.406463,23.406463,23.402862,0.497003,0.704831,0.078315,0.032292,0.922715
13.200000,1,0,0,2.400000,9.810000,0.900000,30.000000,60.000000,6.000000,-0.000000,0.000309,1.500000,0.029170,0.002647,1.485458,-0.000002,0.005976,0.000000,-0.006031,0.000385,0.005633,0.999863,-0.002992,-0.016255,-0.000049,-0.081094,-0.015969,-0.000096,-0.029718,0.074576,-0.077778,23.402862,23.402862,23.400122,0.496944,0.689406,0.038942,-0.032743,0.922231
13.250000,1,0,0,2.400000,9.810000,0.900000,30.000000,60.000000,6.000000,-0.000000,0.000730,1.500000,0.028903,0.002770,1.485724,-0.000008,0.011207,0.000000,-0.004621,0.004790,0.004990,0.999848,-0.005199,-0.016656,-0.000087,-0.094913,-0.016106,-0.000167,-0.008653,0.071691,-0.082355,23.400122,23.400122,23.398435,0.496909,0.758604,-0.071277,-0.039525,0.921753
13.300000,1,0,0,2.400000,9.810000,0.900000,30.000000,60.000000,6.000000,-0.000001,0.001465,1.500000,0.028710,0.003156,1.485956,-0.000027,0.018579,0.000000,-0.003078,0.010960,0.004305,0.999825,-0.007707,-0.017060,-0.000132,-0.105248,-0.016236,-0.000250,-0.022941,0.129157,-0.098211,23.398435,23.398435,23.397947,0.496898,0.743107,-0.050748,-0.073740,0.921285
13.350000,1,0,0,2.400000,9.810000,0.900000,30.000000,60.000000,6.000000,-0.000003,0.002626,1.500000,0.028597,0.003900,1.486153,-0.000074,0.028281,0.000000,-0.001419,0.019158,0.003584,0.999793,-0.010433,-0.017468,-0.000182,-0.112313,-0.016480,-0.000344,-0.011869,0.163268,-0.098355,23.397947,23.397947,23.398750,0.496915,0.788692,-0.096425,-0.070626,0.920830
13.400000,1,0,0,2.400000,9.810000,0.900000,30.000000,60.000000,6.000000,-0.000009,0.004334,1.500000,0.028569,0.005108,1.486314,-0.000175,0.040435,0.000000,0.000334,0.029572,0.002832,0.999752,-0.013296,-0.017885,-0.000238,-0.116326,-0.016982,-0.000452,0.014789,0.177635,-0.074936,23.398750,23.398750,23.400867,0.496960,0.872115,-0.195956,-0.011353,0.920392
13.450000,1,0,0,2.400000,9.810000,0.900000,30.000000,60.000000,6.000000,-0.000023,0.006712,1.500000,0.028631,0.006896,1.486436,-0.000370,0.055097,0.000000,0.002146,0.042324,0.002056,0.999701,-0.016224,-0.018319,-0.000297,-0.117508,-0.017896,-0.000581,0.040137,0.249710,-0.063046,23.400867,23.400867,23.404264,0.497032,0.953223,-0.160037,0.019847,0.919975
13.500000,1,0,0,2.400000,9.810000,0.900000,30.000000,60.000000,6.000000,-0.000049,0.009885,1.500000,0.028784,0.009381,1.486519,-0.000714,0.072264,0.000000,0.003969,0.057467,0.001262,0.999640,-0.019148,-0.018783,-0.000360,-0.116078,-0.019366,-0.000742,0.033433,0.310052,-0.060948,23.404264,23.404264,23.408847,0.497130,0.958805,-0.152156,0.027137,0.919582
13.550000,1,0,0,2.400000,9.810000,0.900000,30.000000,60.000000,6.000000,-0.000098,0.013979,1.500000,0.029027,0.012682,1.486562,-0.001284,0.091878,0.000000,0.005739,0.074999,0.000457,0.999572,-0.022006,-0.019292,-0.000425,-0.112255,-0.021514,-0.000948,0.051246,0.332981,-0.053237,23.408847,23.408847,23.414476,0.497249,1.025354,-0.231038,0.047479,0.919216
13.600000,1,0,0,2.400000,9.810000,0.900000,30.000000,60.000000,6.000000,-0.000183,0.019112,1.500000,0.029356,0.016919,1.486565,-0.002176,0.113831,0.000000,0.007370,0.094861,-0.000353,0.999496,-0.024740,-0.019863,-0.000492,-0.106249,-0.024429,-0.001210,0.022010,0.408459,-0.042718,23.414476,23.414476,23.420974,0.497387,0.981966,-0.178105,0.074140,0.918881
13.650000,1,0,0,2.400000,9.810000,0.900000,30.000000,60.000000,6.000000,-0.000323,0.025399,1.500000,0.029760,0.022205,1.486527,-0.003505,0.137967,0.000000,0.008756,0.116945,-0.001161,0.999417,-0.027298,-0.020518,-0.000560,-0.098264,-0.028149,-0.001539,0.009751,0.442459,-0.046139,23.420974,23.420974,23.428138,0.497539,0.983230,-0.216596,0.066918,0.918580
13.700000,1,0,0,2.400000,9.810000,0.900000,30.000000,60.000000,6.000000,-0.000543,0.032942,1.500000,0.030225,0.028648,1.486449,-0.005408,0.164090,0.000000,0.009768,0.141098,-0.001961,0.999334,-0.029634,-0.021276,-0.000631,-0.088491,-0.032658,-0.001939,-0.004459,0.452844,-0.043212,23.428138,23.428138,23.435756,0.497701,0.984669,-0.301435,0.074513,0.918315
13.750000,1,0,0,2.400000,9.810000,0.900000,30.000000,60.000000,6.000000,-0.000876,0.041837,1.500000,0.030728,0.036346,1.486331,-0.008038,0.191963,0.000000,0.010256,0.167125,-0.002747,0.999251,-0.031705,-0.022156,-0.000703,-0.077110,-0.037881,-0.002406,-0.059319,0.508292,-0.046405,23.435756,23.435756,23.443614,0.497868,0.894295,-0.265801,0.066998,0.918090
13.800000,1,0,0,2.400000,9.810000,0.900000,30.000000,60.000000,6.000000,-0.001361,0.052163,1.500000,0.031239,0.045388,1.486175,-0.011560,0.221313,0.000000,0.010052,0.194793,-0.003511,0.999171,-0.033474,-0.023175,-0.000776,-0.064291,-0.043680,-0.002930,-0.079526,0.549132,-0.025554,23.443614,23.443614,23.451509,0.498036,0.893606,-0.251114,0.116775,0.917908
13.850000,1,0,0,2.400000,9.810000,0.900000,30.000000,60.000000,6.000000,-0.002049,0.063988,1.500000,0.031719,0.055849,1.485980,-0.016148,0.251837,0.000000,0.008970,0.223835,-0.004248,0.999094,-0.034905,-0.024344,-0.000850,-0.050197,-0.049857,-0.003488,-0.108680,0.565481,-0.016852,23.451509,23.451509,23.459258,0.498200,0.878537,-0.279486,0.136988,0.917770
13.900000,1,0,0,2.400000,9.810000,0.900000,30.000000,60.000000,6.000000,-0.002997,0.077361,1.500000,0.032118,0.067790,1.485750,-0.021974,0.283200,0.000000,0.006816,0.253953,-0.004951,0.999023,-0.035970,-0.025670,-0.000924,-0.034988,-0.056161,-0.004049,-0.094204,0.583491,0.034885,23.459258,23.459258,23.466709,0.498359,0.975579,-0.286739,0.260088,0.917679
13.950000,1,0,0,2.400000,9.810000,0.900000,30.000000,60.000000,6.000000,-0.004270,0.092316,1.500000,0.032379,0.081256,1.485486,-0.029208,0.315044,0.000000,0.003390,0.284820,-0.005615,0.998959,-0.036642,-0.027153,-0.000996,-0.018829,-0.062294,-0.004576,-0.108317,0.610455,0.018329,23.466709,23.466709,23.473739,0.498508,1.011397,-0.254134,0.218901,0.917636
14.000000,1,0,0,2.400000,9.810000,0.900000,30.000000,60.000000,6.000000,-0.005944,0.108867,1.500000,0.032433,0.096278,1.485189,-0.038002,0.346991,0.000000,-0.001502,0.316086,-0.006235,0.998904,-0.036901,-0.028785,-0.001063,-0.001900,-0.067928,-0.005026,-0.156903,0.616458,0.009474,23.473739,23.473739,23.480262,0.498646,0.971488,-0.252441,0.195826,0.917644
14.050000,1,0,0,2.400000,9.810000,0.900000,30.000000,60.000000,6.000000,-0.008099,0.127010,1.500000,0.032202,0.112865,1.484863,-0.048484,0.378645,0.000000,-0.008042,0.347380,-0.006804,0.998858,-0.036729,-0.030548,-0.001123,0.015598,-0.072715,-0.005355,-0.158408,0.613465,0.011452,23.480262,23.480262,23.486230,0.498773,1.050798,-0.252131,0.198395,0.917704
14.100000,1,0,0,2.400000,9.810000,0.900000,30.000000,60.000000,6.000000,-0.010822,0.146720,1.500000,0.031599,0.131010,1.484510,-0.060754,0.409600,0.000000,-0.016391,0.378314,-0.007319,0.998821,-0.036115,-0.032417,-0.001172,0.033434,-0.076305,-0.005525,-0.223525,0.625364,0.005741,23.486230,23.486230,23.491627,0.498888,0.982473,-0.195320,0.182176,0.917818
14.150000,1,0,0,2.400000,9.810000,0.900000,30.000000,60.000000,6.000000,-0.014205,0.167951,1.500000,0.030530,0.150684,1.484132,-0.074869,0.439446,0.000000,-0.026680,0.408492,-0.007774,0.998794,-0.035054,-0.034358,-0.001206,0.051340,-0.078369,-0.005508,-0.247038,0.591113,0.009525,23.491627,23.491627,23.496466,0.498991,1.017428,-0.228242,0.188427,0.917985
14.200000,1,0,0,2.400000,9.810000,0.900000,30.000000,60.000000,6.000000,-0.018340,0.190639,1.500000,0.028897,0.171840,1.483734,-0.090843,0.467778,0.000000,-0.039001,0.437508,-0.008166,0.998776,-0.033548,-0.036328,-0.001220,0.069007,-0.078614,-0.005287,-0.292502,0.546185,0.002836,23.496466,23.496466,23.500786,0.499082,1.001162,-0.265844,0.169250,0.918208
14.250000,1,0,0,2.400000,9.810000,0.900000,30.000000,60.000000,6.000000,-0.023319,0.214697,1.500000,0.026596,0.194409,1.483317,-0.108637,0.494201,0.000000,-0.053397,0.464961,-0.008492,0.998766,-0.031608,-0.038280,-0.001211,0.086083,-0.076807,-0.004866,-0.358182,0.519090,0.024868,23.500786,23.500786,23.504640,0.499164,0.935557,-0.240161,0.218729,0.918486
14.300000,1,0,0,2.400000,9.810000,0.900000,30.000000,60.000000,6.000000,-0.029232,0.240021,1.500000,0.023523,0.218304,1.482886,-0.128160,0.518344,0.000000,-0.069862,0.490461,-0.008747,0.998764,-0.029253,-0.040159,-0.001176,0.102180,-0.072795,-0.004268,-0.397486,0.472417,-0.006071,23.504640,23.504640,23.508094,0.499237,0.929908,-0.241883,0.140829,0.918819
14.350000,1,0,0,2.400000,9.810000,0.900000,30.000000,60.000000,6.000000,-0.036162,0.266488,1.500000,0.019576,0.243416,1.482443,-0.149265,0.539865,0.000000,-0.088332,0.513635,-0.008930,0.998769,-0.026513,-0.041908,-0.001112,0.116884,-0.066519,-0.003534,-0.430735,0.392485,-0.014898,23.508094,23.508094,23.511214,0.499304,0.932797,-0.305218,0.115774,0.919208
14.400000,1,0,0,2.400000,9.810000,0.900000,30.000000,60.000000,6.000000,-0.044182,0.293959,1.500000,0.014658,0.269623,1.481994,-0.171754,0.558466,0.000000,-0.108682,0.534142,-0.009039,0.998779,-0.023427,-0.043473,-0.001020,0.129764,-0.058032,-0.002724,-0.451189,0.346008,-0.011006,23.511214,23.511214,23.514063,0.499364,0.957741,-0.271937,0.121047,0.919652
14.450000,1,0,0,2.400000,9.810000,0.900000,30.000000,60.000000,6.000000,-0.053356,0.322282,1.500000,0.008680,0.296781,1.481541,-0.195382,0.573898,0.000000,-0.130733,0.551678,-0.009071,0.998794,-0.020048,-0.044799,-0.000899,0.140390,-0.047507,-0.001908,-0.489900,0.265278,-0.005147,23.514063,23.514063,23.516695,0.499420,0.927678,-0.306921,0.130870,0.920150
14.500000,1,0,0,2.400000,9.810000,0.900000,30.000000,60.000000,6.000000,-0.063734,0.351293,1.500000,0.001561,0.324737,1.481088,-0.219862,0.585975,0.000000,-0.154249,0.565990,-0.009027,0.998813,-0.016436,-0.045839,-0.000754,0.148357,-0.035241,-0.001160,-0.452313,0.212162,-0.005248,23.516695,23.516695,23.519151,0.499472,1.067286,-0.264579,0.126244,0.920702
14.550000,1,0,0,2.400000,9.810000,0.900000,30.000000,60.000000,6.000000,-0.075351,0.380821,1.500000,-0.006765,0.353323,1.480639,-0.244881,0.594580,0.000000,-0.178950,0.576887,-0.008905,0.998835,-0.012663,-0.046555,-0.000590,0.153306,-0.021653,-0.000549,-0.490577,0.157656,-0.001660,23.519151,23.519151,23.521459,0.499521,1.009571,-0.217866,0.130355,0.921307
14.600000,1,0,0,2.400000,9.810000,0.900000,30.000000,60.000000,6.000000,-0.088226,0.410692,1.500000,-0.016349,0.382366,1.480199,-0.270111,0.599670,0.000000,-0.204515,0.584243,-0.008706,0.998860,-0.008807,-0.046919,-0.000414,0.154943,-0.007279,-0.000128,-0.535856,0.078433,-0.015511,23.521459,23.521459,23.523630,0.499567,0.918467,-0.226504,0.092524,0.921962
14.650000,1,0,0,2.400000,9.810000,0.900000,30.000000,60.000000,6.000000,-0.102360,0.440730,1.500000,-0.027225,0.411688,1.479770,-0.295223,0.601284,0.000000,-0.230605,0.588011,-0.008431,0.998886,-0.004954,-0.046920,-0.000233,0.153062,0.007248,0.000072,-0.491199,0.008407,-0.006492,23.523630,23.523630,23.525668,0.499611,1.026081,-0.213134,0.109517,0.922666
14.700000,1,0,0,2.400000,9.810000,0.900000,30.000000,60.000000,6.000000,-0.117741,0.470765,1.500000,-0.039412,0.441108,1.479357,-0.319910,0.599542,0.000000,-0.256868,0.588224,-0.008081,0.998915,-0.001192,-0.046563,-0.000056,0.147562,0.021216,0.000051,-0.515093,-0.057174,0.016951,23.525668,23.525668,23.527563,0.499651,0.952270,-0.193385,0.161097,0.923418
14.750000,1,0,0,2.400000,9.810000,0.900000,30.000000,60.000000,6.000000,-0.134340,0.500632,1.500000,-0.052909,0.470453,1.478963,-0.343897,0.594644,0.000000,-0.282963,0.584999,-0.007657,0.998944,0.002386,-0.045872,0.000110,0.138459,0.033855,-0.000162,-0.515894,-0.100754,0.018643,23.527563,23.527563,23.529306,0.499688,0.918083,-0.129398,0.160463,0.924215
14.800000,1,0,0,2.400000,9.810000,0.900000,30.000000,60.000000,6.000000,-0.152115,0.530181,1.500000,-0.067701,0.499554,1.478592,-0.366968,0.586868,0.000000,-0.308578,0.578537,-0.007163,0.998976,0.005695,-0.044889,0.000256,0.125888,0.044370,-0.000506,-0.478433,-0.133674,0.030611,23.529306,23.529306,23.530889,0.499722,0.961961,-0.052574,0.184513,0.925054
14.850000,1,0,0,2.400000,9.810000,0.900000,30.000000,60.000000,6.000000,-0.171019,0.559276,1.500000,-0.083755,0.528257,1.478248,-0.388981,0.576563,0.000000,-0.333448,0.569120,-0.006600,0.999008,0.008648,-0.043678,0.000378,0.110108,0.051966,-0.000900,-0.491044,-0.176570,0.045715,23.530889,23.530889,23.532320,0.499752,0.874885,-0.016393,0.216132,0.925934
14.900000,1,0,0,2.400000,9.810000,0.900000,30.000000,60.000000,6.000000,-0.190995,0.587802,1.500000,-0.101030,0.556423,1.477933,-0.409888,0.564138,0.000000,-0.357375,0.557105,-0.005973,0.999041,0.011172,-0.042322,0.000473,0.091492,0.055875,-0.001250,-0.478180,-0.224387,0.067503,23.532320,23.532320,23.533634,0.499780,0.842075,-0.012292,0.263861,0.926851
14.950000,1,0,0,2.400000,9.810000,0.900000,30.000000,60.000000,6.000000,-0.211990,0.615663,1.500000,-0.119475,0.583932,1.477652,-0.429749,0.550052,0.000000,-0.380248,0.542913,-0.005285,0.999075,0.013200,-0.040921,0.000541,0.070517,0.055377,-0.001464,-0.450596,-0.250353,0.075747,23.533634,23.533634,23.534920,0.499807,0.842501,0.020913,0.279177,0.927802
15.000000,1,0,0,2.400000,9.810000,0.900000,30.000000,60.000000,6.000000,-0.233956,0.642788,1.500000,-0.139037,0.610686,1.477406,-0.448750,0.534800,0.000000,-0.402060,0.527022,-0.004541,0.999108,0.014676,-0.039599,0.000582,0.033948,0.038200,-0.001123,-0.431046,-0.281591,0.060707,23.534920,23.534920,23.537324,0.499858,0.827333,0.015462,0.238723,0.928785
15.050000,1,0,0,2.400000,9.810000,0.900000,30.000000,60.000000,6.000000,-0.256855,0.669131,1.500000,-0.159669,0.636619,1.477199,-0.467141,0.518813,0.000000,-0.423170,0.510209,-0.003745,0.999127,0.015134,-0.038931,0.000590,0.016567,0.026735,-0.000810,-0.430767,-0.266467,0.048226,23.537324,23.537324,23.539503,0.499905,0.796789,0.073367,0.204547,0.929796
15.100000,1,0,0,2.400000,9.810000,0.900000,30.000000,60.000000,6.000000,-0.280660,0.694658,1.500000,-0.181347,0.661699,1.477032,-0.484963,0.502194,0.000000,-0.443860,0.492935,-0.002902,0.999147,0.015509,-0.038259,0.000594,0.013455,0.026963,-0.000837,-0.430811,-0.278755,0.057442,23.539503,23.539503,23.541437,0.499946,0.765294,0.061601,0.222595,0.930831
15.150000,1,0,0,2.400000,9.810000,0.900000,30.000000,60.000000,6.000000,-0.305342,0.719340,1.500000,-0.204048,0.685905,1.476909,-0.502194,0.484963,0.000000,-0.464091,0.475234,-0.002018,0.999168,0.015807,-0.037584,0.000595,0.010369,0.027066,-0.000857,-0.457727,-0.297777,0.077327,23.541437,23.541437,23.543115,0.499981,0.669090,0.030018,0.266420,0.931887
15.200000,1,0,0,2.400000,9.810000,0.900000,30.000000,60.000000,6.000000,-0.330869,0.743145,1.500000,-0.227748,0.709216,1.476831,-0.518813,0.467141,0.000000,-0.483826,0.457140,-0.001098,0.999190,0.016029,-0.036907,0.000592,0.007339,0.027050,-0.000868,-0.449738,-0.268511,0.068924,23.543115,23.543115,23.544534,0.500011,0.656591,0.110721,0.242537,0.932961
15.250000,1,0,0,2.400000,9.810000,0.900000,30.000000,60.000000,6.000000,-0.357212,0.766044,1.500000,-0.252421,0.731613,1.476800,-0.534800,0.448750,0.000000,-0.503027,0.438683,-0.000150,0.999212,0.016175,-0.036232,0.000587,0.004395,0.026923,-0.000872,-0.404922,-0.284663,0.073753,23.544534,23.544534,23.545691,0.500036,0.732543,0.078895,0.250612,0.934048
15.300000,1,0,0,2.400000,9.810000,0.900000,30.000000,60.000000,6.000000,-0.384339,0.788011,1.500000,-0.278041,0.753079,1.476816,-0.550135,0.429813,0.000000,-0.521655,0.419894,0.000823,0.999235,0.016250,-0.035562,0.000578,0.001567,0.026692,-0.000868,-0.389373,-0.295515,0.052929,23.545691,23.545691,23.546588,0.500055,0.738448,0.056383,0.197329,0.935145
15.350000,1,0,0,2.400000,9.810000,0.900000,30.000000,60.000000,6.000000,-0.412215,0.809017,1.500000,-0.304577,0.773598,1.476882,-0.564800,0.410352,0.000000,-0.539674,0.400799,0.001812,0.999258,0.016256,-0.034899,0.000568,-0.001119,0.026369,-0.000858,-0.397493,-0.315174,0.048694,23.546588,23.546588,23.547229,0.500069,0.687856,0.009478,0.184079,0.936248
15.400000,1,0,0,2.400000,9.810000,0.900000,30.000000,60.000000,6.000000,-0.440807,0.829038,1.500000,-0.331997,0.793154,1.476998,-0.578777,0.390390,0.000000,-0.557046,0.381426,0.002811,0.999282,0.016196,-0.034245,0.000555,-0.003637,0.025962,-0.000842,-0.379797,-0.332087,0.027831,23.547229,23.547229,23.547622,0.500077,0.699639,-0.033908,0.131147,0.937354
15.450000,1,0,0,2.400000,9.810000,0.900000,30.000000,60.000000,6.000000,-0.470081,0.848048,1.500000,-0.360270,0.811736,1.477163,-0.592049,0.369953,0.000000,-0.573735,0.361797,0.003814,0.999306,0.016076,-0.033602,0.000541,-0.005964,0.025482,-0.000820,-0.362429,-0.360690,-0.018200,23.547622,23.547622,23.547776,0.500080,0.711139,-0.108212,0.018044,0.938457
15.500000,1,0,0,2.400000,9.810000,0.900000,30.000000,60.000000,6.000000,-0.500000,0.866025,1.500000,-0.389359,0.829330,1.477379,-0.604600,0.349066,0.000000,-0.589705,0.341935,0.004814,0.999330,0.015901,-0.032971,0.000525,-0.008079,0.024940,-0.000794,-0.354545,-0.356058,-0.016354,23.547776,23.547776,23.547706,0.500079,0.700467,-0.105375,0.020080,0.939555
15.550000,1,0,0,2.400000,9.810000,0.900000,30.000000,60.000000,6.000000,-0.530528,0.882948,1.500000,-0.419228,0.845926,1.477645,-0.616414,0.327753,0.000000,-0.604922,0.321859,0.005804,0.999353,0.015675,-0.032355,0.000508,-0.009964,0.024346,-0.000764,-0.317438,-0.374065,-0.055373,23.547706,23.547706,23.547425,0.500073,0.760584,-0.159233,-0.075726,0.940644
15.600000,1,0,0,2.400000,9.810000,0.900000,30.000000,60.000000,6.000000,-0.561629,0.898794,1.500000,-0.449838,0.861513,1.477959,-0.627477,0.306041,0.000000,-0.619354,0.301588,0.006779,0.999377,0.015405,-0.031755,0.000490,-0.011604,0.023713,-0.000731,-0.304637,-0.362834,-0.039293,23.547425,23.547425,23.546949,0.500063,0.763077,-0.145004,-0.039063,0.941720
15.650000,1,0,0,2.400000,9.810000,0.900000,30.000000,60.000000,6.000000,-0.593263,0.913545,1.500000,-0.481150,0.876082,1.478322,-0.637775,0.283956,0.000000,-0.632967,0.281137,0.007730,0.999400,0.015098,-0.031170,0.000471,-0.012988,0.023052,-0.000697,-0.259887,-0.365107,-0.031574,23.546949,23.546949,23.546297,0.500049,0.842995,-0.164970,-0.022234,0.942779
15.700000,1,0,0,2.400000,9.810000,0.900000,30.000000,60.000000,6.000000,-0.625393,0.927184,1.500000,-0.513121,0.889624,1.478732,-0.647296,0.261525,0.000000,-0.645731,0.260519,0.008652,0.999423,0.014759,-0.030603,0.000452,-0.014108,0.022374,-0.000661,-0.277909,-0.359767,-0.013876,23.546297,23.546297,23.545485,0.500032,0.773042,-0.168143,0.018764,0.943818
15.750000,1,0,0,2.400000,9.810000,0.900000,30.000000,60.000000,6.000000,-0.657980,0.939693,1.500000,-0.545708,0.902131,1.479187,-0.656029,0.238775,0.000000,-0.657618,0.239749,0.009540,0.999445,0.014396,-0.030052,0.000433,-0.014958,0.021691,-0.000625,-0.269193,-0.379003,-0.014438,23.545485,23.545485,23.544534,0.500011,0.768049,-0.231462,0.016153,0.944833
15.800000,1,0,0,2.400000,9.810000,0.900000,30.000000,60.000000,6.000000,-0.690983,0.951057,1.500000,-0.578867,0.913596,1.479685,-0.663963,0.215735,0.000000,-0.668601,0.218835,0.010386,0.999466,0.014014,-0.029519,0.000414,-0.015537,0.021013,-0.000589,-0.242786,-0.379125,-0.003187,23.544534,23.544534,23.543462,0.499989,0.806308,-0.249750,0.042097,0.945820
15.850000,1,0,0,2.400000,9.810000,0.900000,30.000000,60.000000,6.000000,-0.724363,0.961262,1.500000,-0.612553,0.924012,1.480225,-0.671087,0.192431,0.000000,-0.678655,0.197787,0.011185,0.999486,0.013622,-0.029002,0.000395,-0.015848,0.020351,-0.000555,-0.227362,-0.357622,-0.014509,23.543462,23.543462,23.542290,0.499964,0.818990,-0.216665,0.014059,0.946778
15.900000,1,0,0,2.400000,9.810000,0.900000,30.000000,60.000000,6.000000,-0.758078,0.970296,1.500000,-0.646717,0.933373,1.480803,-0.677394,0.168893,0.000000,-0.687756,0.176614,0.011933,0.999506,0.013225,-0.028501,0.000377,-0.015896,0.019715,-0.000522,-0.199523,-0.336437,-0.018913,23.542290,23.542290,23.541037,0.499937,0.862225,-0.184555,0.002802,0.947702
15.950000,1,0,0,2.400000,9.810000,0.900000,30.000000,60.000000,6.000000,-0.792088,0.978148,1.500000,-0.681312,0.941672,1.481417,-0.682876,0.145150,0.000000,-0.695885,0.155320,0.012623,0.999525,0.012830,-0.028016,0.000360,-0.015692,0.019114,-0.000491,-0.217471,-0.382048,-0.030750,23.541037,23.541037,23.539722,0.499909,0.796296,-0.312664,-0.026132,0.948590
16.000000,1,0,0,2.400000,9.810000,0.900000,30.000000,60.000000,6.000000,-0.826352,0.984808,1.500000,-0.716289,0.948903,1.482064,-0.687526,0.121229,0.000000,-0.703023,0.133913,0.013252,0.999543,0.012443,-0.027546,0.000343,-0.015246,0.018558,-0.000462,-0.178299,-0.340651,-0.042725,23.539722,23.539722,23.538366,0.499880,0.868130,-0.231568,-0.055251,0.949439
16.050000,1,0,0,2.400000,9.810000,0.900000,30.000000,60.000000,6.000000,-0.860827,0.990268,1.500000,-0.751598,0.955061,1.482741,-0.691338,0.097161,0.000000,-0.709153,0.112397,0.013816,0.999560,0.012070,-0.027088,0.000327,-0.014577,0.018054,-0.000436,-0.160158,-0.348026,-0.008001,23.538366,23.538366,23.536986,0.499851,0.890109,-0.266868,0.027835,0.950247
16.100000,1,0,0,2.400000,9.810000,0.900000,30.000000,60.000000,6.000000,-0.895472,0.994522,1.500000,-0.787187,0.960141,1.483444,-0.694307,0.072975,0.000000,-0.714263,0.090777,0.014310,0.999576,0.011717,-0.026643,0.000312,-0.013702,0.017609,-0.000413,-0.111289,-0.347614,0.025066,23.536986,23.536986,23.535603,0.499822,0.986393,-0.282567,0.107049,0.951012
16.150000,1,0,0,2.400000,9.810000,0.900000,30.000000,60.000000,6.000000,-0.930244,0.997564,1.500000,-0.823007,0.964137,1.484171,-0.696431,0.048699,0.000000,-0.718341,0.069055,0.014732,0.999592,0.011387,-0.026208,0.000299,-0.012644,0.017230,-0.000393,-0.060096,-0.380990,-0.011324,23.535603,23.535603,23.534234,0.499793,1.088738,-0.378216,0.019655,0.951731
16.200000,1,0,0,2.400000,9.810000,0.900000,30.000000,60.000000,6.000000,-0.965101,0.999391,1.500000,-0.859004,0.967045,1.484916,-0.697706,0.024364,0.000000,-0.721378,0.047238,0.015079,0.999606,0.011086,-0.025781,0.000286,-0.011427,0.016921,-0.000375,-0.047571,-0.393100,-0.020178,23.534234,23.534234,23.532899,0.499764,1.098684,-0.421485,-0.001591,0.952403
16.250000,1,0,0,2.400000,9.810000,0.900000,30.000000,60.000000,6.000000,-1.000000,1.000000,1.500000,-0.895127,0.968860,1.485677,-0.698132,0.000000,0.000000,-0.723370,0.025328,0.015349,0.999620,0.010817,-0.025361,0.000274,-0.010077,0.016686,-0.000361,0.001938,-0.380900,-0.027304,23.532899,23.532899,23.531616,0.499737,1.197713,-0.404894,-0.018648,0.953026
16.300000,1,0,0,2.400000,9.810000,0.900000,30.000000,60.000000,6.000000,-1.034899,0.999391,1.500000,-0.931324,0.969576,1.486450,-0.697706,-0.024364,0.000000,-0.724313,0.003330,0.015540,0.999633,0.010584,-0.024947,0.000264,-0.008623,0.016530,-0.000350,0.053469,-0.359021,-0.045906,23.531616,23.531616,23.530404,0.499711,1.301826,-0.363420,-0.063231,0.953599
16.350000,1,0,0,2.400000,9.810000,0.900000,30.000000,60.000000,6.000000,-1.069756,0.997564,1.500000,-0.967541,0.969191,1.487230,-0.696431,-0.048699,0.000000,-0.724207,-0.018750,0.015651,0.999645,0.010387,-0.024535,0.000255,-0.007094,0.016452,-0.000342,0.065275,-0.383485,-0.035578,23.530404,23.530404,23.529282,0.499687,1.310741,-0.431409,-0.038386,0.954121
16.400000,1,0,0,2.400000,9.810000,0.900000,30.000000,60.000000,6.000000,-1.104528,0.994522,1.500000,-1.003727,0.967700,1.488014,-0.694307,-0.072975,0.000000,-0.723053,-0.040906,0.015682,0.999657,0.010230,-0.024123,0.000247,-0.005522,0.016454,-0.000337,0.065605,-0.421107,-0.026047,23.529282,23.529282,23.528267,0.499666,1.292159,-0.529146,-0.015485,0.954591
16.450000,1,0,0,2.400000,9.810000,0.900000,30.000000,60.000000,6.000000,-1.139173,0.990268,1.500000,-1.039829,0.965099,1.488797,-0.691338,-0.097161,0.000000,-0.720858,-0.063132,0.015633,0.999668,0.010112,-0.023711,0.000240,-0.003938,0.016536,-0.000335,0.094211,-0.414383,-0.037860,23.528267,23.528267,23.527378,0.499647,1.341395,-0.518592,-0.043864,0.955009
16.500000,1,0,0,2.400000,9.810000,0.900000,30.000000,60.000000,6.000000,-1.173648,0.984808,1.500000,-1.075796,0.961386,1.489576,-0.687526,-0.121229,0.000000,-0.717627,-0.085418,0.015505,0.999678,0.010033,-0.023296,0.000234,-0.002375,0.016696,-0.000335,0.104032,-0.416323,-0.026004,23.527378,23.527378,23.526633,0.499631,1.345408,-0.526977,-0.015513,0.955374
16.550000,1,0,0,2.400000,9.810000,0.900000,30.000000,60.000000,6.000000,-1.207912,0.978148,1.500000,-1.111575,0.956557,1.490346,-0.682876,-0.145150,0.000000,-0.713373,-0.107754,0.015298,0.999688,0.009993,-0.022876,0.000229,-0.000863,0.016930,-0.000338,0.096412,-0.408965,-0.029089,23.526633,23.526633,23.526050,0.499619,1.307338,-0.511229,-0.023125,0.955687
16.600000,1,0,0,2.400000,9.810000,0.900000,30.000000,60.000000,6.000000,-1.241922,0.970296,1.500000,-1.147116,0.950610,1.491104,-0.677394,-0.168893,0.000000,-0.708106,-0.130129,0.015015,0.999698,0.009989,-0.022449,0.000224,0.000565,0.017236,-0.000344,0.102932,-0.418127,-0.022901,23.526050,23.526050,23.525646,0.499610,1.302892,-0.533396,-0.008605,0.955949
16.650000,1,0,0,2.400000,9.810000,0.900000,30.000000,60.000000,6.000000,-1.275637,0.961262,1.500000,-1.182369,0.943543,1.491846,-0.671087,-0.192431,0.000000,-0.701842,-0.152530,0.014657,0.999707,0.010020,-0.022014,0.000221,0.001880,0.017607,-0.000353,0.068374,-0.439661,-0.016417,23.525646,23.525646,23.525436,0.499606,1.199468,-0.583634,0.006478,0.956159
16.700000,1,0,0,2.400000,9.810000,0.900000,30.000000,60.000000,6.000000,-1.309017,0.951057,1.500000,-1.217284,0.935357,1.492569,-0.663963,-0.215735,0.000000,-0.694599,-0.174941,0.014228,0.999717,0.010082,-0.021568,0.000218,0.003053,0.018039,-0.000364,0.094512,-0.424906,-0.023419,23.525436,23.525436,23.525438,0.499606,1.241247,-0.545312,-0.010970,0.956318
16.750000,1,0,0,2.400000,9.810000,0.900000,30.000000,60.000000,6.000000,-1.342020,0.939693,1.500000,-1.251813,0.926049,1.493268,-0.656029,-0.238775,0.000000,-0.686396,-0.197345,0.013731,0.999725,0.010172,-0.021111,0.000215,0.004057,0.018523,-0.000377,0.125845,-0.410584,0.002900,23.525438,23.525438,23.525665,0.499611,1.294964,-0.506740,0.051360,0.956428
16.800000,1,0,0,2.400000,9.810000,0.900000,30.000000,60.000000,6.000000,-1.374607,0.927184,1.500000,-1.285908,0.915623,1.493941,-0.647296,-0.261525,0.000000,-0.677256,-0.219722,0.013170,0.999734,0.010284,-0.020642,0.000212,0.004867,0.019053,-0.000392,0.149138,-0.441038,-0.019230,23.525665,23.525665,23.526130,0.499621,1.328797,-0.574558,-0.002793,0.956490
16.850000,1,0,0,2.400000,9.810000,0.900000,30.000000,60.000000,6.000000,-1.406737,0.913545,1.500000,-1.319523,0.904078,1.494584,-0.637775,-0.283956,0.000000,-0.667201,-0.242049,0.012548,0.999743,0.010413,-0.020159,0.000210,0.005460,0.019619,-0.000409,0.162340,-0.423381,0.008675,23.526130,23.526130,23.526845,0.499636,1.337773,-0.526075,0.062912,0.956506
16.900000,1,0,0,2.400000,9.810000,0.900000,30.000000,60.000000,6.000000,-1.438371,0.898794,1.500000,-1.352613,0.891419,1.495195,-0.627477,-0.306041,0.000000,-0.656257,-0.264305,0.011871,0.999751,0.010555,-0.019661,0.000208,0.005818,0.020212,-0.000427,0.165600,-0.394796,-0.001326,23.526845,23.526845,23.527820,0.499656,1.322214,-0.450801,0.037403,0.956478
16.950000,1,0,0,2.400000,9.810000,0.900000,30.000000,60.000000,6.000000,-1.469472,0.882948,1.500000,-1.385134,0.877649,1.495770,-0.616414,-0.327753,0.000000,-0.644452,-0.286461,0.011143,0.999759,0.010702,-0.019148,0.000205,0.005924,0.020822,-0.000446,0.168599,-0.398605,-0.007318,23.527820,23.527820,23.529062,0.499683,1.305327,-0.452992,0.021259,0.956408
17.000000,1,0,0,2.400000,9.810000,0.900000,30.000000,60.000000,6.000000,-1.500000,0.866025,1.500000,-1.417045,0.862775,1.496308,-0.604600,-0.349066,0.000000,-0.631815,-0.308490,0.010371,0.999768,0.010849,-0.018619,0.000202,0.005765,0.021439,-0.000465,0.193981,-0.407308,-0.004624,23.529062,23.529062,23.530577,0.499715,1.341444,-0.466950,0.025692,0.956297
17.050000,1,0,0,2.400000,9.810000,0.900000,30.000000,60.000000,6.000000,-1.529919,0.848048,1.500000,-1.448303,0.846803,1.496807,-0.592049,-0.369953,0.000000,-0.618376,-0.330361,0.009559,0.999776,0.010988,-0.018076,0.000199,0.005332,0.022052,-0.000485,0.215321,-0.437325,0.015861,23.530577,23.530577,23.532369,0.499753,1.367144,-0.532404,0.072547,0.956149
17.100000,1,0,0,2.400000,9.810000,0.900000,30.000000,60.000000,6.000000,-1.559193,0.829038,1.500000,-1.478869,0.829742,1.497264,-0.578777,-0.390390,0.000000,-0.604168,-0.352041,0.008713,0.999785,0.011113,-0.017517,0.000195,0.004618,0.022650,-0.000504,0.272025,-0.451619,0.003637,23.532369,23.532369,23.534441,0.499797,1.477009,-0.560792,0.040614,0.955967
17.150000,1,0,0,2.400000,9.810000,0.900000,30.000000,60.000000,6.000000,-1.587785,0.809017,1.500000,-1.508707,0.811603,1.497678,-0.564800,-0.410352,0.000000,-0.589222,-0.373495,0.007840,0.999794,0.011217,-0.016943,0.000190,0.003622,0.023221,-0.000521,0.271385,-0.445010,-0.000085,23.534441,23.534441,23.536791,0.499847,1.448567,-0.540008,0.028790,0.955752
17.200000,1,0,0,2.400000,9.810000,0.900000,30.000000,60.000000,6.000000,-1.615661,0.788011,1.500000,-1.537780,0.792397,1.498047,-0.550135,-0.429813,0.000000,-0.573572,-0.394688,0.006947,0.999802,0.011292,-0.016356,0.000185,0.002347,0.023754,-0.000537,0.286717,-0.444462,-0.015611,23.536791,23.536791,23.539417,0.499903,1.457809,-0.535103,-0.011661,0.955509
17.250000,1,0,0,2.400000,9.810000,0.900000,30.000000,60.000000,6.000000,-1.642788,0.766044,1.500000,-1.566053,0.772139,1.498372,-0.534800,-0.448750,0.000000,-0.557254,-0.415580,0.006039,0.999812,0.011332,-0.015756,0.000179,0.000796,0.024239,-0.000550,0.279164,-0.410599,-0.013741,23.539417,23.539417,23.542317,0.499964,1.411532,-0.451895,-0.010662,0.955241
17.300000,1,0,0,2.400000,9.810000,0.900000,30.000000,60.000000,6.000000,-1.669131,0.743145,1.500000,-1.593495,0.750844,1.498651,-0.518813,-0.467141,0.000000,-0.540302,-0.436133,0.005123,0.999821,0.011330,-0.015145,0.000172,-0.001018,0.024664,-0.000559,0.284889,-0.435722,-0.039956,23.542317,23.542317,23.545486,0.500032,1.396589,-0.512230,-0.077369,0.954950
17.350000,1,0,0,2.400000,9.810000,0.900000,30.000000,60.000000,6.000000,-1.694658,0.719340,1.500000,-1.620073,0.728532,1.498884,-0.502194,-0.484963,0.000000,-0.522751,-0.456304,0.004206,0.999831,0.011279,-0.014523,0.000164,-0.003085,0.025018,-0.000565,0.311879,-0.432778,-0.000135,23.545486,23.545486,23.548916,0.500104,1.432223,-0.507483,0.014114,0.954641
17.400000,1,0,0,2.400000,9.810000,0.900000,30.000000,60.000000,6.000000,-1.719340,0.694658,1.500000,-1.645760,0.705221,1.499072,-0.484963,-0.502194,0.000000,-0.504638,-0.476052,0.003294,0.999841,0.011174,-0.013894,0.000155,-0.005386,0.025291,-0.000565,0.352662,-0.409887,-0.028096,23.548916,23.548916,23.552601,0.500183,1.500591,-0.457430,-0.057374,0.954316
17.450000,1,0,0,2.400000,9.810000,0.900000,30.000000,60.000000,6.000000,-1.743145,0.669131,1.500000,-1.670528,0.680934,1.499214,-0.467141,-0.518813,0.000000,-0.485998,-0.495334,0.002395,0.999851,0.011009,-0.013259,0.000146,-0.007901,0.025475,-0.000561,0.413565,-0.361617,-0.007226,23.552601,23.552601,23.556534,0.500266,1.616976,-0.349301,-0.011954,0.953980
17.500000,1,0,0,2.400000,9.810000,0.900000,30.000000,60.000000,6.000000,-1.766044,0.642788,1.500000,-1.694352,0.655696,1.499312,-0.448750,-0.534800,0.000000,-0.466868,-0.514105,0.001514,0.999862,0.010778,-0.012621,0.000136,-0.010607,0.025559,-0.000551,0.418187,-0.381026,0.027480,23.556534,23.556534,23.560706,0.500355,1.598124,-0.406677,0.066396,0.953636
17.550000,1,0,0,2.400000,9.810000,0.900000,30.000000,60.000000,6.000000,-1.788011,0.615661,1.500000,-1.717208,0.629533,1.499366,-0.429813,-0.550135,0.000000,-0.447283,-0.532323,0.000657,0.999873,0.010477,-0.011982,0.000126,-0.013478,0.025536,-0.000535,0.391004,-0.390979,0.034366,23.560706,23.560706,23.565110,0.500448,1.502900,-0.444643,0.077710,0.953287
17.600000,1,0,0,2.400000,9.810000,0.900000,30.000000,60.000000,6.000000,-1.809017,0.587785,1.500000,-1.739073,0.602474,1.499378,-0.410352,-0.564800,0.000000,-0.427278,-0.549943,-0.000168,0.999885,0.010103,-0.011345,0.000115,-0.016485,0.025398,-0.000513,0.409887,-0.371510,0.058471,23.565110,23.565110,23.569737,0.500547,1.518324,-0.415460,0.130097,0.952938
17.650000,1,0,0,2.400000,9.810000,0.900000,30.000000,60.000000,6.000000,-1.829038,0.559193,1.500000,-1.759929,0.574550,1.499349,-0.390390,-0.578777,0.000000,-0.406888,-0.566920,-0.000957,0.999896,0.009652,-0.010713,0.000103,-0.019598,0.025140,-0.000485,0.426676,-0.345645,0.010505,23.569737,23.569737,23.574580,0.500649,1.528947,-0.374540,0.009278,0.952592
17.700000,1,0,0,2.400000,9.810000,0.900000,30.000000,60.000000,6.000000,-1.848048,0.529919,1.500000,-1.779756,0.545793,1.499283,-0.369953,-0.592049,0.000000,-0.386148,-0.583213,-0.001704,0.999907,0.009123,-0.010089,0.000092,-0.022783,0.024755,-0.000452,0.394017,-0.336507,0.025116,23.574580,23.574580,23.579632,0.500757,1.421265,-0.377484,0.038423,0.952252
17.750000,1,0,0,2.400000,9.810000,0.900000,30.000000,60.000000,6.000000,-1.866025,0.500000,1.500000,-1.798539,0.516240,1.499180,-0.349066,-0.604600,0.000000,-0.365091,-0.598778,-0.002403,0.999919,0.008513,-0.009477,0.000081,-0.026006,0.024240,-0.000413,0.412205,-0.336126,-0.007715,23.579632,23.579632,23.584887,0.500868,1.436139,-0.405231,-0.046496,0.951923
17.800000,1,0,0,2.400000,9.810000,0.900000,30.000000,60.000000,6.000000,-1.882948,0.469472,1.500000,-1.816261,0.485928,1.499043,-0.327753,-0.616414,0.000000,-0.343750,-0.613574,-0.003049,0.999930,0.007823,-0.008879,0.000069,-0.029233,0.023592,-0.000369,0.419101,-0.257374,-0.028800,23.584887,23.584887,23.590337,0.500984,1.424587,-0.248704,-0.103402,0.951608
17.850000,1,0,0,2.400000,9.810000,0.900000,30.000000,60.000000,6.000000,-1.898794,0.438371,1.500000,-1.832909,0.454896,1.498876,-0.306041,-0.627477,0.000000,-0.322156,-0.627560,-0.003639,0.999941,0.007052,-0.008298,0.000059,-0.032428,0.022809,-0.000322,0.405798,-0.234492,-0.032957,23.590337,23.590337,23.595977,0.501104,1.365392,-0.230068,-0.119838,0.951310
17.900000,1,0,0,2.400000,9.810000,0.900000,30.000000,60.000000,6.000000,-1.913545,0.406737,1.500000,-1.848473,0.423186,1.498681,-0.283956,-0.637775,0.000000,-0.300340,-0.640700,-0.004167,0.999951,0.006202,-0.007739,0.000048,-0.035555,0.021889,-0.000272,0.413709,-0.224711,-0.031940,23.595977,23.595977,23.601800,0.501227,1.358102,-0.246623,-0.123992,0.951033
17.950000,1,0,0,2.400000,9.810000,0.900000,30.000000,60.000000,6.000000,-1.927184,0.374607,1.500000,-1.862940,0.390841,1.498460,-0.261525,-0.647296,0.000000,-0.278332,-0.652955,-0.004630,0.999960,0.005275,-0.007205,0.000038,-0.038579,0.020835,-0.000220,0.422942,-0.218053,-0.006937,23.601800,23.601800,23.607800,0.501355,1.355139,-0.274322,-0.070685,0.950780
18.000000,1,0,0,2.400000,9.810000,0.900000,30.000000,60.000000,6.000000,-1.939693,0.342020,1.500000,-1.876303,0.357906,1.498219,-0.238775,-0.656029,0.000000,-0.256160,-0.664293,-0.005026,0.999968,0.004274,-0.006699,0.000029,-0.041466,0.019646,-0.000168,0.429238,-0.224759,-0.005896,23.607800,23.607800,23.613970,0.501486,1.346441,-0.337608,-0.074971,0.950553
18.050000,1,0,0,2.400000,9.810000,0.900000,30.000000,60.000000,6.000000,-1.951057,0.309017,1.500000,-1.888554,0.324428,1.497959,-0.215735,-0.663963,0.000000,-0.233852,-0.674681,-0.005350,0.999976,0.003203,-0.006224,0.000020,-0.044183,0.018328,-0.000117,0.455230,-0.217895,-0.026018,23.613970,23.613970,23.620301,0.501620,1.386480,-0.371662,-0.130100,0.950357
18.100000,1,0,0,2.400000,9.810000,0.900000,30.000000,60.000000,6.000000,-1.961262,0.275637,1.500000,-1.899687,0.290454,1.497685,-0.192431,-0.671087,0.000000,-0.211433,-0.684090,-0.005602,0.999981,0.002067,-0.005783,0.000012,-0.046697,0.016882,-0.000070,0.461375,-0.202902,-0.011050,23.620301,23.620301,23.626783,0.501758,1.380507,-0.389326,-0.101039,0.950193
18.150000,1,0,0,2.400000,9.810000,0.900000,30.000000,60.000000,6.000000,-1.970296,0.241922,1.500000,-1.909696,0.256035,1.497400,-0.168893,-0.677394,0.000000,-0.188929,-0.692495,-0.005780,0.999985,0.000870,-0.005381,0.000005,-0.048981,0.015316,-0.000027,0.470719,-0.161116,-0.011339,23.626783,23.626783,23.633405,0.501899,1.383981,-0.345549,-0.108593,0.950065
18.200000,1,0,0,2.400000,9.810000,0.900000,30.000000,60.000000,6.000000,-1.978148,0.207912,1.500000,-1.918579,0.221222,1.497108,-0.145150,-0.682876,0.000000,-0.166363,-0.699872,-0.005882,0.999987,-0.000380,-0.005019,-0.000002,-0.051005,0.013636,0.000010,0.511351,-0.175389,0.015815,23.633405,23.633405,23.640152,0.502042,1.464452,-0.438894,-0.050251,0.949974
18.250000,1,0,0,2.400000,9.810000,0.900000,30.000000,60.000000,6.000000,-1.984808,0.173648,1.500000,-1.926332,0.186066,1.496813,-0.121229,-0.687526,0.000000,-0.143756,-0.706202,-0.005909,0.999988,-0.001678,-0.004700,-0.000008,-0.052748,0.011848,0.000040,0.526897,-0.172115,-0.027343,23.640152,23.640152,23.647008,0.502188,1.486759,-0.492389,-0.160598,0.949924
18.300000,1,0,0,2.400000,9.810000,0.900000,30.000000,60.000000,6.000000,-1.990268,0.139173,1.500000,-1.932954,0.150619,1.496518,-0.097161,-0.691338,0.000000,-0.121131,-0.711468,-0.005859,0.999986,-0.003015,-0.004427,-0.000013,-0.054186,0.009962,0.000060,0.492946,-0.141642,-0.015274,23.647008,23.647008,23.653953,0.502335,1.392436,-0.482525,-0.138309,0.949915
18.350000,1,0,0,2.400000,9.810000,0.900000,30.000000,60.000000,6.000000,-1.994522,0.104528,1.500000,-1.938445,0.114937,1.496228,-0.072975,-0.694307,0.000000,-0.098507,-0.715657,-0.005735,0.999982,-0.004384,-0.004202,-0.000018,-0.055304,0.007988,0.000070,0.508456,-0.141402,-0.016337,23.653953,23.653953,23.660964,0.502484,1.419095,-0.546768,-0.147416,0.949949
18.400000,1,0,0,2.400000,9.810000,0.900000,30.000000,60.000000,6.000000,-1.997564,0.069756,1.500000,-1.942805,0.079072,1.495946,-0.048699,-0.696431,0.000000,-0.075902,-0.718760,-0.005536,0.999975,-0.005777,-0.004028,-0.000023,-0.056086,0.005934,0.000069,0.532109,-0.090209,-0.024221,23.660964,23.660964,23.668014,0.502634,1.467673,-0.489887,-0.172747,0.950029
18.450000,1,0,0,2.400000,9.810000,0.900000,30.000000,60.000000,6.000000,-1.999391,0.034899,1.500000,-1.946036,0.043079,1.495676,-0.024364,-0.697706,0.000000,-0.053335,-0.720771,-0.005265,0.999967,-0.007186,-0.003906,-0.000028,-0.056523,0.003814,0.000055,0.520766,-0.054972,-0.023203,23.668014,23.668014,23.675075,0.502784,1.434725,-0.472060,-0.176536,0.950155
18.500000,1,0,0,2.400000,9.810000,0.900000,30.000000,60.000000,6.000000,-2.000000,0.000000,1.500000,-1.948139,0.007013,1.495421,-0.000000,-0.698132,0.000000,-0.030821,-0.721689,-0.004924,0.999956,-0.008600,-0.003838,-0.000033,-0.056608,0.001637,0.000028,0.546883,-0.028536,0.004655,23.675075,23.675075,23.682113,0.502933,1.494221,-0.475700,-0.115703,0.950328
18.550000,1,0,0,2.400000,9.810000,0.900000,30.000000,60.000000,6.000000,-1.999391,-0.034899,1.500000,-1.949119,-0.029072,1.495185,0.024364,-0.697706,0.000000,-0.008376,-0.721514,-0.004516,0.999943,-0.010013,-0.003825,-0.000038,-0.056338,-0.000582,-0.000012,0.552139,-0.045084,0.004341,23.682113,23.682113,23.689092,0.503081,1.506254,-0.582432,-0.122252,0.950549
18.600000,1,0,0,2.400000,9.810000,0.900000,30.000000,60.000000,6.000000,-1.997564,-0.069756,1.500000,-1.948978,-0.065121,1.494970,0.048699,-0.696431,0.000000,0.013986,-0.720253,-0.004044,0.999927,-0.011414,-0.003867,-0.000044,-0.055716,-0.002833,-0.000065,0.590414,-0.018328,0.044397,23.689092,23.689092,23.695976,0.503227,1.600175,-0.584737,-0.031659,0.950818
18.650000,1,0,0,2.400000,9.810000,0.900000,30.000000,60.000000,6.000000,-1.994522,-0.104528,1.500000,-1.947722,-0.101079,1.494781,0.072975,-0.694307,0.000000,0.036250,-0.717913,-0.003512,0.999910,-0.012796,-0.003966,-0.000051,-0.054747,-0.005101,-0.000131,0.602414,-0.027649,0.015861,23.695976,23.695976,23.702723,0.503371,1.633715,-0.672717,-0.105404,0.951136
18.700000,1,0,0,2.400000,9.810000,0.900000,30.000000,60.000000,6.000000,-1.990268,-0.139173,1.500000,-1.945355,-0.136894,1.494620,0.097161,-0.691338,0.000000,0.058404,-0.714508,-0.002923,0.999891,-0.014148,-0.004122,-0.000058,-0.053440,-0.007374,-0.000209,0.547444,0.004456,0.003893,23.702723,23.702723,23.709292,0.503510,1.509220,-0.659955,-0.139085,0.951502
18.750000,1,0,0,2.400000,9.810000,0.900000,30.000000,60.000000,6.000000,-1.984808,-0.173648,1.500000,-1.941883,-0.172513,1.494490,0.121229,-0.687526,0.000000,0.080435,-0.710053,-0.002284,0.999871,-0.015465,-0.004335,-0.000067,-0.051809,-0.009639,-0.000298,0.532842,0.018039,0.022569,23.709292,23.709292,23.715640,0.503645,1.484299,-0.689932,-0.098894,0.951917
18.800000,1,0,0,2.400000,9.810000,0.900000,30.000000,60.000000,6.000000,-1.978148,-0.207912,1.500000,-1.937314,-0.207882,1.494392,0.145150,-0.682876,0.000000,0.102331,-0.704567,-0.001598,0.999849,-0.016736,-0.004604,-0.000077,-0.049870,-0.011881,-0.000398,0.555486,0.002635,0.041998,23.715640,23.715640,23.721726,0.503774,1.551443,-0.787380,-0.056554,0.952378
18.850000,1,0,0,2.400000,9.810000,0.900000,30.000000,60.000000,6.000000,-1.970296,-0.241922,1.500000,-1.931653,-0.242952,1.494331,0.168893,-0.677394,0.000000,0.124082,-0.698071,-0.000870,0.999827,-0.017955,-0.004929,-0.000089,-0.047644,-0.014089,-0.000506,0.536073,0.031754,0.021664,23.721726,23.721726,23.727507,0.503897,1.520294,-0.775521,-0.109285,0.952886
18.900000,1,0,0,2.400000,9.810000,0.900000,30.000000,60.000000,6.000000,-1.961262,-0.275637,1.500000,-1.924908,-0.277673,1.494306,0.192431,-0.671087,0.000000,0.145675,-0.690591,-0.000108,0.999803,-0.019115,-0.005308,-0.000101,-0.045155,-0.016248,-0.000622,0.528287,0.081318,-0.006944,23.727507,23.727507,23.732945,0.504013,1.519642,-0.711808,-0.181496,0.953440
18.950000,1,0,0,2.400000,9.810000,0.900000,30.000000,60.000000,6.000000,-1.951057,-0.309017,1.500000,-1.917088,-0.311996,1.494320,0.215735,-0.663963,0.000000,0.167099,-0.682153,0.000684,0.999779,-0.020210,-0.005741,-0.000116,-0.042428,-0.018348,-0.000742,0.538944,0.115963,-0.002707,23.732945,23.732945,23.738001,0.504120,1.565788,-0.680815,-0.174490,0.954037
19.000000,1,0,0,2.400000,9.810000,0.900000,30.000000,60.000000,6.000000,-1.939693,-0.342020,1.500000,-1.908201,-0.345873,1.494375,0.238775,-0.656029,0.000000,0.188344,-0.672788,0.001499,0.999755,-0.021235,-0.006225,-0.000132,-0.039493,-0.020376,-0.000866,0.516172,0.181960,0.024279,23.738001,23.738001,23.742642,0.504219,1.534154,-0.571220,-0.112486,0.954676
19.050000,1,0,0,2.400000,9.810000,0.900000,30.000000,60.000000,6.000000,-1.927184,-0.374607,1.500000,-1.898257,-0.379259,1.494471,0.261525,-0.647296,0.000000,0.209399,-0.662527,0.002332,0.999731,-0.022183,-0.006759,-0.000150,-0.036380,-0.022320,-0.000991,0.502036,0.206873,-0.014549,23.742642,23.742642,23.746838,0.504308,1.525610,-0.556635,-0.208023,0.955356
19.100000,1,0,0,2.400000,9.810000,0.900000,30.000000,60.000000,6.000000,-1.913545,-0.406737,1.500000,-1.887265,-0.412111,1.494608,0.283956,-0.637775,0.000000,0.230253,-0.651405,0.003174,0.999707,-0.023052,-0.007341,-0.000169,-0.033121,-0.024171,-0.001115,0.489106,0.196726,0.008386,23.746838,23.746838,23.750562,0.504387,1.522216,-0.622405,-0.154914,0.956074
19.150000,1,0,0,2.400000,9.810000,0.900000,30.000000,60.000000,6.000000,-1.898794,-0.438371,1.500000,-1.875235,-0.444386,1.494788,0.306041,-0.627477,0.000000,0.250893,-0.639456,0.004021,0.999684,-0.023837,-0.007968,-0.000190,-0.029752,-0.025918,-0.001237,0.457382,0.219824,0.038598,23.750562,23.750562,23.753796,0.504455,1.475856,-0.604442,-0.083921,0.956827
19.200000,1,0,0,2.400000,9.810000,0.900000,30.000000,60.000000,6.000000,-1.882948,-0.469472,1.500000,-1.862179,-0.476044,1.495010,0.327753,-0.616414,0.000000,0.271308,-0.626718,0.004865,0.999662,-0.024538,-0.008637,-0.000212,-0.026306,-0.027553,-0.001353,0.434366,0.234534,0.031609,23.753796,23.753796,23.756523,0.504513,1.452402,-0.602548,-0.101786,0.957613
19.250000,1,0,0,2.400000,9.810000,0.900000,30.000000,60.000000,6.000000,-1.866025,-0.500000,1.500000,-1.848108,-0.507045,1.495274,0.349066,-0.604600,0.000000,0.291487,-0.613228,0.005700,0.999640,-0.025152,-0.009345,-0.000235,-0.022821,-0.029067,-0.001464,0.409273,0.252917,0.039612,23.756523,23.756523,23.758735,0.504560,1.425833,-0.587708,-0.083248,0.958430
19.300000,1,0,0,2.400000,9.810000,0.900000,30.000000,60.000000,6.000000,-1.848048,-0.529919,1.500000,-1.833035,-0.537355,1.495580,0.369953,-0.592049,0.000000,0.311415,-0.599025,0.006519,0.999619,-0.025678,-0.010090,-0.000259,-0.019330,-0.030453,-0.001566,0.415935,0.272898,0.038029,23.758735,23.758735,23.760430,0.504596,1.477197,-0.564865,-0.087296,0.959275
19.350000,1,0,0,2.400000,9.810000,0.900000,30.000000,60.000000,6.000000,-1.829038,-0.559193,1.500000,-1.816971,-0.566937,1.495926,0.390390,-0.578777,0.000000,0.331080,-0.584148,0.007316,0.999600,-0.026118,-0.010868,-0.000284,-0.015869,-0.031706,-0.001658,0.376229,0.300969,0.029184,23.760430,23.760430,23.761609,0.504621,1.418843,-0.518459,-0.108360,0.960143
19.400000,1,0,0,2.400000,9.810000,0.900000,30.000000,60.000000,6.000000,-1.809017,-0.587785,1.500000,-1.799931,-0.595759,1.496311,0.410352,-0.564800,0.000000,0.350467,-0.568636,0.008085,0.999581,-0.026471,-0.011675,-0.000309,-0.012474,-0.032820,-0.001740,0.385236,0.315927,0.056596,23.761609,23.761609,23.762282,0.504636,1.478800,-0.499425,-0.041999,0.961033
19.450000,1,0,0,2.400000,9.810000,0.900000,30.000000,60.000000,6.000000,-1.788011,-0.615661,1.500000,-1.781929,-0.623790,1.496734,0.429813,-0.550135,0.000000,0.369562,-0.552528,0.008819,0.999564,-0.026741,-0.012509,-0.000335,-0.009177,-0.033793,-0.001809,0.374328,0.316574,0.044644,23.762282,23.762282,23.762463,0.504639,1.492197,-0.510742,-0.069715,0.961940
19.500000,1,0,0,2.400000,9.810000,0.900000,30.000000,60.000000,6.000000,-1.766044,-0.642788,1.500000,-1.762980,-0.651002,1.497192,0.448750,-0.534800,0.000000,0.388348,-0.535864,0.009513,0.999548,-0.026931,-0.013365,-0.000360,-0.006011,-0.034622,-0.001867,0.385377,0.342572,0.057820,23.762463,23.762463,23.762171,0.504633,1.559349,-0.457353,-0.036736,0.962861
19.550000,1,0,0,2.400000,9.810000,0.900000,30.000000,60.000000,6.000000,-1.743145,-0.669131,1.500000,-1.743100,-0.677368,1.497684,0.467141,-0.518813,0.000000,0.406809,-0.518681,0.010161,0.999533,-0.027043,-0.014241,-0.000385,-0.003005,-0.035305,-0.001912,0.361567,0.380291,0.070114,23.762171,23.762171,23.761430,0.504618,1.543729,-0.372143,-0.005505,0.963792
19.600000,1,0,0,2.400000,9.810000,0.900000,30.000000,60.000000,6.000000,-1.719340,-0.694658,1.500000,-1.722305,-0.702863,1.498208,0.484963,-0.502194,0.000000,0.424928,-0.501017,0.010757,0.999519,-0.027082,-0.015131,-0.000410,-0.000188,-0.035842,-0.001944,0.362232,0.371450,0.081205,23.761430,23.761430,23.760269,0.504593,1.587561,-0.395194,0.023195,0.964731
19.650000,1,0,0,2.400000,9.810000,0.900000,30.000000,60.000000,6.000000,-1.694658,-0.719340,1.500000,-1.700613,-0.727462,1.498759,0.502194,-0.484963,0.000000,0.442685,-0.482908,0.011298,0.999505,-0.027053,-0.016033,-0.000434,0.002417,-0.036234,-0.001963,0.375972,0.404494,0.045363,23.760269,23.760269,23.758719,0.504560,1.663311,-0.314481,-0.060404,0.965672
19.700000,1,0,0,2.400000,9.810000,0.900000,30.000000,60.000000,6.000000,-1.669131,-0.743145,1.500000,-1.678043,-0.751147,1.499336,0.518813,-0.467141,0.000000,0.460062,-0.464390,0.011778,0.999493,-0.026962,-0.016944,-0.000457,0.004786,-0.036485,-0.001970,0.377561,0.446814,0.021061,23.758719,23.758719,23.756815,0.504520,1.710266,-0.208533,-0.115989,0.966613
19.750000,1,0,0,2.400000,9.810000,0.900000,30.000000,60.000000,6.000000,-1.642788,-0.766044,1.500000,-1.654614,-0.773895,1.499936,0.534800,-0.448750,0.000000,0.477038,-0.445495,0.012193,0.999481,-0.026815,-0.017858,-0.000479,0.006901,-0.036597,-0.001965,0.363003,0.434504,0.012585,23.756815,23.756815,23.754592,0.504472,1.718666,-0.231016,-0.133294,0.967549
19.800000,1,0,0,2.400000,9.810000,0.900000,30.000000,60.000000,6.000000,-1.615661,-0.788011,1.500000,-1.630346,-0.795690,1.500554,0.550135,-0.429813,0.000000,0.493592,-0.426257,0.012540,0.999469,-0.026619,-0.018774,-0.000500,0.008746,-0.036574,-0.001950,0.341029,0.460044,0.012201,23.754592,23.754592,23.752089,0.504419,1.709305,-0.160295,-0.130901,0.968476
19.850000,1,0,0,2.400000,9.810000,0.900000,30.000000,60.000000,6.000000,-1.587785,-0.809017,1.500000,-1.605262,-0.816516,1.501189,0.564800,-0.410352,0.000000,0.509701,-0.406704,0.012816,0.999458,-0.026379,-0.019688,-0.000520,0.010310,-0.036424,-0.001924,0.337613,0.455912,0.050737,23.752089,23.752089,23.749344,0.504361,1.744363,-0.158751,-0.034850,0.969392
19.900000,1,0,0,2.400000,9.810000,0.900000,30.000000,60.000000,6.000000,-1.559193,-0.829038,1.500000,-1.579384,-0.836356,1.501835,0.578777,-0.390390,0.000000,0.525343,-0.386866,0.013018,0.999447,-0.026105,-0.020596,-0.000538,0.011583,-0.036152,-0.001890,0.317690,0.437235,0.010090,23.749344,23.749344,23.746397,0.504298,1.739536,-0.190420,-0.128612,0.970291
19.950000,1,0,0,2.400000,9.810000,0.900000,30.000000,60.000000,6.000000,-1.529919,-0.848048,1.500000,-1.552736,-0.855198,1.502489,0.592049,-0.369953,0.000000,0.540495,-0.366769,0.013143,0.999436,-0.025802,-0.021496,-0.000555,0.012563,-0.035766,-0.001848,0.329134,0.479771,0.001380,23.746397,23.746397,23.743287,0.504232,1.809579,-0.073836,-0.145521,0.971171
20.000000,1,0,0,2.400000,9.810000,0.900000,30.000000,60.000000,6.000000,-1.500000,-0.866025,1.500000,-1.525343,-0.873029,1.503148,0.604600,-0.349066,0.000000,0.555130,-0.346437,0.013191,0.999425,-0.025478,-0.022385,-0.000571,0.013248,-0.035274,-0.001800,0.344653,0.471653,0.016264,23.743287,23.743287,23.740051,0.504163,1.888861,-0.077829,-0.105631,0.972027
20.050000,1,0,0,2.400000,9.810000,0.900000,30.000000,60.000000,6.000000,-1.469472,-0.882948,1.500000,-1.497232,-0.889838,1.503807,0.616414,-0.327753,0.000000,0.569226,-0.325892,0.013161,0.999413,-0.025141,-0.023261,-0.000585,0.013642,-0.034686,-0.001746,0.333208,0.420497,0.016720,23.740051,23.740051,23.736726,0.504093,1.902772,-0.184472,-0.100222,0.972857
20.100000,1,0,0,2.400000,9.810000,0.900000,30.000000,60.000000,6.000000,-1.438371,-0.898794,1.500000,-1.468430,-0.905615,1.504463,0.627477,-0.306041,0.000000,0.582755,-0.305156,0.013051,0.999401,-0.024798,-0.024120,-0.000598,0.013752,-0.034013,-0.001689,0.300679,0.395371,0.015662,23.736726,23.736726,23.733348,0.504021,1.865318,-0.228343,-0.098324,0.973656
20.150000,1,0,0,2.400000,9.810000,0.900000,30.000000,60.000000,6.000000,-1.406737,-0.913545,1.500000,-1.438966,-0.920351,1.505111,0.637775,-0.283956,0.000000,0.595692,-0.284246,0.012862,0.999389,-0.024455,-0.024962,-0.000611,0.013590,-0.033264,-0.001629,0.256173,0.401990,-0.044843,23.733348,23.733348,23.729952,0.503949,1.798256,-0.196060,-0.239007,0.974422
20.200000,1,0,0,2.400000,9.810000,0.900000,30.000000,60.000000,6.000000,-1.374607,-0.927184,1.500000,-1.408871,-0.934037,1.505748,0.647296,-0.261525,0.000000,0.608010,-0.263178,0.012595,0.999376,-0.024120,-0.025784,-0.000622,0.013171,-0.032450,-0.001567,0.233881,0.395089,-0.049191,23.729952,23.729952,23.726569,0.503877,1.783566,-0.196574,-0.244846,0.975151
20.250000,1,0,0,2.400000,9.810000,0.900000,30.000000,60.000000,6.000000,-1.342020,-0.939693,1.500000,-1.378176,-0.946666,1.506369,0.656029,-0.238775,0.000000,0.619683,-0.241968,0.012251,0.999363,-0.023798,-0.026586,-0.000633,0.012512,-0.031584,-0.001505,0.179912,0.400032,-0.049247,23.726569,23.726569,23.723230,0.503806,1.691839,-0.169310,-0.240348,0.975841
20.300000,1,0,0,2.400000,9.810000,0.900000,30.000000,60.000000,6.000000,-1.309017,-0.951057,1.500000,-1.346914,-0.958232,1.506971,0.663963,-0.215735,0.000000,0.630685,-0.220627,0.011831,0.999349,-0.023496,-0.027364,-0.000643,0.011634,-0.030677,-0.001443,0.152228,0.447490,-0.067876,23.723230,23.723230,23.719964,0.503737,1.662132,-0.040926,-0.280411,0.976488
20.350000,1,0,0,2.400000,9.810000,0.900000,30.000000,60.000000,6.000000,-1.275637,-0.961262,1.500000,-1.315119,-0.968727,1.507551,0.671087,-0.192431,0.000000,0.640988,-0.199167,0.011339,0.999335,-0.023218,-0.028120,-0.000653,0.010564,-0.029740,-0.001383,0.171841,0.447904,-0.080246,23.719964,23.719964,23.716797,0.503670,1.744833,-0.026611,-0.305469,0.977090
20.400000,1,0,0,2.400000,9.810000,0.900000,30.000000,60.000000,6.000000,-1.241922,-0.970296,1.500000,-1.282827,-0.978146,1.508104,0.677394,-0.168893,0.000000,0.650566,-0.177597,0.010776,0.999320,-0.022968,-0.028852,-0.000663,0.009326,-0.028786,-0.001324,0.152295,0.456645,-0.079616,23.716797,23.716797,23.713755,0.503605,1.732424,0.006308,-0.299366,0.977645
20.450000,1,0,0,2.400000,9.810000,0.900000,30.000000,60.000000,6.000000,-1.207912,-0.978148,1.500000,-1.250075,-0.986485,1.508627,0.682876,-0.145150,0.000000,0.659394,-0.155926,0.010147,0.999304,-0.022752,-0.029560,-0.000673,0.007950,-0.027826,-0.001268,0.146836,0.435947,-0.064019,23.713755,23.713755,23.710860,0.503544,1.752678,-0.032982,-0.257407,0.978150
20.500000,1,0,0,2.400000,9.810000,0.900000,30.000000,60.000000,6.000000,-1.173648,-0.984808,1.500000,-1.216900,-0.993737,1.509118,0.687526,-0.121229,0.000000,0.667445,-0.134160,0.009454,0.999287,-0.022571,-0.030244,-0.000683,0.006468,-0.026872,-0.001215,0.107961,0.439517,-0.059230,23.710860,23.710860,23.708134,0.503486,1.691596,-0.015736,-0.241475,0.978604
20.550000,1,0,0,2.400000,9.810000,0.900000,30.000000,60.000000,6.000000,-1.139173,-0.990268,1.500000,-1.183344,-0.999899,1.509572,0.691338,-0.097161,0.000000,0.674695,-0.112305,0.008703,0.999270,-0.022428,-0.030905,-0.000694,0.004911,-0.025935,-0.001165,0.067428,0.420225,-0.049829,23.708134,23.708134,23.705596,0.503432,1.625408,-0.055171,-0.214585,0.979004
20.600000,1,0,0,2.400000,9.810000,0.900000,30.000000,60.000000,6.000000,-1.104528,-0.994522,1.500000,-1.149445,-1.004967,1.509987,0.694307,-0.072975,0.000000,0.681120,-0.090366,0.007897,0.999253,-0.022325,-0.031542,-0.000705,0.003312,-0.025025,-0.001119,0.020851,0.395941,-0.041274,23.705596,23.705596,23.703264,0.503382,1.543619,-0.108469,-0.189856,0.979350
20.650000,1,0,0,2.400000,9.810000,0.900000,30.000000,60.000000,6.000000,-1.069756,-0.997564,1.500000,-1.115246,-1.008935,1.510361,0.696431,-0.048699,0.000000,0.686697,-0.068349,0.007042,0.999235,-0.022262,-0.032157,-0.000716,0.001707,-0.024153,-0.001077,0.017695,0.409718,0.009472,23.703264,23.703264,23.701153,0.503337,1.564985,-0.072329,-0.064016,0.979640
20.700000,1,0,0,2.400000,9.810000,0.900000,30.000000,60.000000,6.000000,-1.034899,-0.999391,1.500000,-1.080789,-1.011800,1.510691,0.697706,-0.024364,0.000000,0.691403,-0.046257,0.006144,0.999216,-0.022239,-0.032750,-0.000729,0.000128,-0.023327,-0.001039,0.051621,0.397455,0.010540,23.701153,23.701153,23.699277,0.503298,1.674344,-0.100584,-0.057571,0.979874
20.750000,1,0,0,2.400000,9.810000,0.900000,30.000000,60.000000,6.000000,-1.000000,-1.000000,1.500000,-1.046120,-1.013559,1.510975,0.698132,-0.000000,0.000000,0.695218,-0.024096,0.005208,0.999197,-0.022254,-0.033324,-0.000742,-0.001391,-0.022558,-0.001005,0.037828,0.401573,0.047757,23.699277,23.699277,23.697646,0.503263,1.668237,-0.091373,0.035450,0.980050
20.800000,1,0,0,2.400000,9.810000,0.900000,30.000000,60.000000,6.000000,-0.965101,-0.999391,1.500000,-1.011283,-1.014209,1.511211,0.697706,0.024364,0.000000,0.698123,-0.001868,0.004240,0.999177,-0.022307,-0.033879,-0.000756,-0.002816,-0.021851,-0.000976,0.012517,0.410723,0.060687,23.697646,23.697646,23.696270,0.503234,1.633618,-0.071841,0.069986,0.980168
20.850000,1,0,0,2.400000,9.810000,0.900000,30.000000,60.000000,6.000000,-0.930244,-0.997564,1.500000,-0.976323,-1.013745,1.511398,0.696431,0.048699,0.000000,0.700100,0.020420,0.003246,0.999156,-0.022393,-0.034417,-0.000771,-0.004117,-0.021214,-0.000951,0.020037,0.378895,0.038462,23.696270,23.696270,23.695156,0.503210,1.677005,-0.152285,0.019941,0.980228
20.900000,1,0,0,2.400000,9.810000,0.900000,30.000000,60.000000,6.000000,-0.895472,-0.994522,1.500000,-0.941288,-1.012166,1.511535,0.694307,0.072975,0.000000,0.701133,0.042763,0.002233,0.999136,-0.022510,-0.034940,-0.000787,-0.005264,-0.020653,-0.000931,-0.006264,0.413106,-0.017470,23.695156,23.695156,23.694305,0.503192,1.638522,-0.075695,-0.111216,0.980231
20.950000,1,0,0,2.400000,9.810000,0.900000,30.000000,60.000000,6.000000,-0.860827,-0.990268,1.500000,-0.906226,-1.009468,1.511621,0.691338,0.097161,0.000000,0.701208,0.065155,0.001207,0.999114,-0.022654,-0.035450,-0.000804,-0.006227,-0.020172,-0.000915,-0.054740,0.456021,0.008574,23.694305,23.694305,23.693721,0.503180,1.546213,0.020519,-0.045854,0.980176
21.000000,1,0,0,2.400000,9.810000,0.900000,30.000000,60.000000,6.000000,-0.826352,-0.984808,1.500000,-0.871184,-1.005650,1.511656,0.687526,0.121229,0.000000,0.700313,0.087588,0.000175,0.999093,-0.022819,-0.035949,-0.000821,-0.006983,-0.019774,-0.000904,-0.049442,0.444102,0.003011,23.693721,23.693721,23.693399,0.503173,1.582455,-0.015898,-0.056578,0.980065
21.050000,1,0,0,2.400000,9.810000,0.900000,30.000000,60.000000,6.000000,-0.792088,-0.978148,1.500000,-0.836211,-1.000709,1.511639,0.682876,0.145150,0.000000,0.698438,0.110054,-0.000856,0.999071,-0.023000,-0.036440,-0.000839,-0.007509,-0.019462,-0.000897,-0.061081,0.473679,0.009291,23.693399,23.693399,23.693335,0.503171,1.577640,0.046503,-0.039110,0.979898
21.100000,1,0,0,2.400000,9.810000,0.900000,30.000000,60.000000,6.000000,-0.758078,-0.970296,1.500000,-0.801356,-0.994644,1.511570,0.677394,0.168893,0.000000,0.695574,0.132542,-0.001880,0.999049,-0.023191,-0.036923,-0.000857,-0.007784,-0.019237,-0.000894,-0.073543,0.471080,-0.002297,23.693335,23.693335,23.693521,0.503175,1.570548,0.031193,-0.064759,0.979677
21.150000,1,0,0,2.400000,9.810000,0.900000,30.000000,60.000000,6.000000,-0.724363,-0.961262,1.500000,-0.766670,-0.987454,1.511451,0.671087,0.192431,0.000000,0.691716,0.155041,-0.002891,0.999026,-0.023386,-0.037402,-0.000876,-0.007793,-0.019099,-0.000895,-0.118170,0.451795,-0.014694,23.693521,23.693521,23.693944,0.503184,1.486063,-0.024343,-0.092581,0.979402
21.200000,1,0,0,2.400000,9.810000,0.900000,30.000000,60.000000,6.000000,-0.690983,-0.951057,1.500000,-0.732201,-0.979140,1.511282,0.663963,0.215735,0.000000,0.686862,0.177537,-0.003881,0.999004,-0.023577,-0.037878,-0.000894,-0.007522,-0.019046,-0.000899,-0.110535,0.446909,-0.019034,23.693944,23.693944,23.694590,0.503198,1.526908,-0.045179,-0.101293,0.979077
21.250000,1,0,0,2.400000,9.810000,0.900000,30.000000,60.000000,6.000000,-0.657980,-0.939693,1.500000,-0.698000,-0.969701,1.511063,0.656029,0.238775,0.000000,0.681009,0.200014,-0.004844,0.998981,-0.023758,-0.038355,-0.000912,-0.006964,-0.019075,-0.000908,-0.132977,0.474110,-0.021468,23.694590,23.694590,23.695441,0.503216,1.495574,0.011472,-0.105650,0.978702
21.300000,1,0,0,2.400000,9.810000,0.900000,30.000000,60.000000,6.000000,-0.625393,-0.927184,1.500000,-0.664117,-0.959139,1.510798,0.647296,0.261525,0.000000,0.674161,0.222455,-0.005775,0.998959,-0.023922,-0.038833,-0.000930,-0.006113,-0.019183,-0.000919,-0.153430,0.454070,-0.029365,23.695441,23.695441,23.696478,0.503238,1.469110,-0.044430,-0.123335,0.978281
21.350000,1,0,0,2.400000,9.810000,0.900000,30.000000,60.000000,6.000000,-0.593263,-0.913545,1.500000,-0.630601,-0.947456,1.510487,0.637775,0.283956,0.000000,0.666321,0.244840,-0.006666,0.998937,-0.024060,-0.039314,-0.000947,-0.004967,-0.019365,-0.000933,-0.186268,0.428526,-0.031109,23.696478,23.696478,23.697677,0.503264,1.413116,-0.112371,-0.126453,0.977815
21.400000,1,0,0,2.400000,9.810000,0.900000,30.000000,60.000000,6.000000,-0.561629,-0.898794,1.500000,-0.597501,-0.934656,1.510132,0.627477,0.306041,0.000000,0.657495,0.267147,-0.007514,0.998915,-0.024166,-0.039801,-0.000963,-0.003530,-0.019615,-0.000950,-0.228021,0.412185,0.002562,23.697677,23.697677,23.699015,0.503292,1.336000,-0.156704,-0.044768,0.977307
21.450000,1,0,0,2.400000,9.810000,0.900000,30.000000,60.000000,6.000000,-0.530528,-0.882948,1.500000,-0.564868,-0.920743,1.509736,0.616414,0.327753,0.000000,0.647694,0.289353,-0.008311,0.998893,-0.024233,-0.040295,-0.000978,-0.001808,-0.019926,-0.000967,-0.253555,0.431292,0.003061,23.699015,23.699015,23.700464,0.503323,1.298157,-0.114097,-0.042873,0.976760
21.500000,1,0,0,2.400000,9.810000,0.900000,30.000000,60.000000,6.000000,-0.500000,-0.866025,1.500000,-0.532748,-0.905723,1.509302,0.604600,0.349066,0.000000,0.636930,0.311430,-0.009054,0.998873,-0.024253,-0.040798,-0.000991,0.000189,-0.020289,-0.000986,-0.274742,0.394102,0.004227,23.700464,23.700464,23.701999,0.503355,1.271166,-0.204409,-0.039539,0.976176
21.550000,1,0,0,2.400000,9.810000,0.900000,30.000000,60.000000,6.000000,-0.470081,-0.848048,1.500000,-0.501190,-0.889603,1.508832,0.592049,0.369953,0.000000,0.625217,0.333351,-0.009737,0.998852,-0.024221,-0.041310,-0.001002,0.002446,-0.020696,-0.001004,-0.255665,0.391150,-0.008262,23.701999,23.701999,23.703593,0.503389,1.341281,-0.210034,-0.069122,0.975560
21.600000,1,0,0,2.400000,9.810000,0.900000,30.000000,60.000000,6.000000,-0.440807,-0.829038,1.500000,-0.470242,-0.872391,1.508329,0.578777,0.390390,0.000000,0.612571,0.355086,-0.010356,0.998833,-0.024128,-0.041833,-0.001011,0.004945,-0.021136,-0.001022,-0.282691,0.381007,-0.032342,23.703593,23.703593,23.705218,0.503424,1.301268,-0.230102,-0.126651,0.974914
21.650000,1,0,0,2.400000,9.810000,0.900000,30.000000,60.000000,6.000000,-0.412215,-0.809017,1.500000,-0.439948,-0.854098,1.507797,0.564800,0.410352,0.000000,0.599014,0.376600,-0.010909,0.998814,-0.023971,-0.042368,-0.001017,0.007666,-0.021601,-0.001037,-0.285848,0.392434,-0.018585,23.705218,23.705218,23.706847,0.503458,1.319092,-0.195312,-0.093477,0.974241
21.700000,1,0,0,2.400000,9.810000,0.900000,30.000000,60.000000,6.000000,-0.384339,-0.788011,1.500000,-0.410355,-0.834735,1.507239,0.550135,0.429813,0.000000,0.584566,0.397861,-0.011390,0.998796,-0.023743,-0.042914,-0.001020,0.010585,-0.022078,-0.001050,-0.300478,0.406676,-0.001517,23.706847,23.706847,23.708456,0.503493,1.309955,-0.150423,-0.052443,0.973546
21.750000,1,0,0,2.400000,9.810000,0.900000,30.000000,60.000000,6.000000,-0.357212,-0.766044,1.500000,-0.381506,-0.814317,1.506659,0.534800,0.448750,0.000000,0.569253,0.418831,-0.011799,0.998779,-0.023439,-0.043472,-0.001020,0.013675,-0.022556,-0.001059,-0.312559,0.419643,-0.004947,23.708456,23.708456,23.710022,0.503526,1.307515,-0.105030,-0.060668,0.972832
21.800000,1,0,0,2.400000,9.810000,0.900000,30.000000,60.000000,6.000000,-0.330869,-0.743145,1.500000,-0.353444,-0.792858,1.506061,0.518813,0.467141,0.000000,0.553101,0.439472,-0.012132,0.998763,-0.023057,-0.044042,-0.001017,0.016908,-0.023024,-0.001064,-0.340103,0.424734,0.027990,23.710022,23.710022,23.711522,0.503558,1.268533,-0.074789,0.018345,0.972102
21.850000,1,0,0,2.400000,9.810000,0.900000,30.000000,60.000000,6.000000,-0.305342,-0.719340,1.500000,-0.326210,-0.770376,1.505447,0.502194,0.484963,0.000000,0.536139,0.459746,-0.012388,0.998748,-0.022593,-0.044624,-0.001009,0.020251,-0.023470,-0.001062,-0.307029,0.373515,0.051618,23.711522,23.711522,23.712937,0.503588,1.375589,-0.175790,0.075001,0.971360
21.900000,1,0,0,2.400000,9.810000,0.900000,30.000000,60.000000,6.000000,-0.280660,-0.694658,1.500000,-0.299843,-0.746890,1.504823,0.484963,0.502194,0.000000,0.518397,0.479611,-0.012565,0.998733,-0.022044,-0.045216,-0.000998,0.023672,-0.023881,-0.001055,-0.302689,0.361998,0.022404,23.712937,23.712937,23.714252,0.503616,1.414197,-0.177489,0.004841,0.970610
21.950000,1,0,0,2.400000,9.810000,0.900000,30.000000,60.000000,6.000000,-0.256855,-0.669131,1.500000,-0.274382,-0.722422,1.504192,0.467141,0.518813,0.000000,0.499910,0.499025,-0.012664,0.998720,-0.021409,-0.045818,-0.000982,0.027138,-0.024246,-0.001040,-0.318845,0.339801,0.052086,23.714252,23.714252,23.715451,0.503641,1.404079,-0.200726,0.076062,0.969856
22.000000,1,0,0,2.400000,9.810000,0.900000,30.000000,60.000000,6.000000,-0.233956,-0.642788,1.500000,-0.249864,-0.696996,1.503558,0.448750,0.534800,0.000000,0.480711,0.517946,-0.012684,0.998707,-0.020688,-0.046429,-0.000962,0.030614,-0.024552,-0.001018,-0.327527,0.320935,0.070414,23.715451,23.715451,23.716524,0.503664,1.412298,-0.211846,0.120084,0.969102
22.050000,1,0,0,2.400000,9.810000,0.900000,30.000000,60.000000,6.000000,-0.211989,-0.615661,1.500000,-0.226322,-0.670637,1.502925,0.429813,0.550135,0.000000,0.460838,0.536330,-0.012625,0.998694,-0.019880,-0.047046,-0.000936,0.034064,-0.024789,-0.000987,-0.337874,0.342398,0.045837,23.716524,23.716524,23.717461,0.503684,1.416847,-0.122057,0.061216,0.968351
22.100000,1,0,0,2.400000,9.810000,0.900000,30.000000,60.000000,6.000000,-0.190983,-0.587785,1.500000,-0.203791,-0.643372,1.502297,0.410352,0.564800,0.000000,0.440327,0.554134,-0.012490,0.998682,-0.018986,-0.047668,-0.000906,0.037454,-0.024944,-0.000949,-0.340028,0.341610,0.052961,23.717461,23.717461,23.718255,0.503701,1.441284,-0.081604,0.078529,0.967606
22.150000,1,0,0,2.400000,9.810000,0.900000,30.000000,60.000000,6.000000,-0.170962,-0.559193,1.500000,-0.182300,-0.615233,1.501677,0.390390,0.578777,0.000000,0.419220,0.571315,-0.012279,0.998670,-0.018009,-0.048293,-0.000871,0.040749,-0.025008,-0.000902,-0.371282,0.293621,0.028323,23.718255,23.718255,23.718901,0.503714,1.396009,-0.150458,0.019738,0.966873
22.200000,1,0,0,2.400000,9.810000,0.900000,30.000000,60.000000,6.000000,-0.151952,-0.529919,1.500000,-0.161878,-0.586252,1.501070,0.369953,0.592049,0.000000,0.397555,0.587830,-0.011994,0.998659,-0.016951,-0.048919,-0.000830,0.043915,-0.024970,-0.000848,-0.371483,0.246995,0.015262,23.718901,23.718901,23.719394,0.503725,1.425264,-0.212197,-0.011119,0.966153
22.250000,1,0,0,2.400000,9.810000,0.900000,30.000000,60.000000,6.000000,-0.133975,-0.500000,1.500000,-0.142553,-0.556462,1.500479,0.349066,0.604600,0.000000,0.375375,0.603635,-0.011639,0.998646,-0.015817,-0.049542,-0.000785,0.046920,-0.024822,-0.000786,-0.416593,0.260690,0.001183,23.719394,23.719394,23.719731,0.503732,1.346617,-0.125495,-0.044255,0.965451
22.300000,1,0,0,2.400000,9.810000,0.900000,30.000000,60.000000,6.000000,-0.117052,-0.469472,1.500000,-0.124348,-0.525901,1.499907,0.327753,0.616414,0.000000,0.352723,0.618689,-0.011217,0.998634,-0.014609,-0.050160,-0.000734,0.049733,-0.024554,-0.000719,-0.443545,0.249066,0.028909,23.719731,23.719731,23.719908,0.503736,1.311284,-0.096095,0.023132,0.964770
22.350000,1,0,0,2.400000,9.810000,0.900000,30.000000,60.000000,6.000000,-0.101206,-0.438371,1.500000,-0.107287,-0.494607,1.499358,0.306041,0.627477,0.000000,0.329640,0.632952,-0.010731,0.998621,-0.013334,-0.050769,-0.000678,0.052325,-0.024159,-0.000645,-0.451276,0.240296,0.054154,23.719908,23.719908,23.719922,0.503736,1.321671,-0.056628,0.084774,0.964113
22.400000,1,0,0,2.400000,9.810000,0.900000,30.000000,60.000000,6.000000,-0.086455,-0.406737,1.500000,-0.091391,-0.462620,1.498835,0.283956,0.637775,0.000000,0.306172,0.646384,-0.010186,0.998608,-0.011998,-0.051367,-0.000617,0.054672,-0.023632,-0.000568,-0.460463,0.215561,0.032662,23.719922,23.719922,23.719766,0.503733,1.327995,-0.052538,0.034469,0.963484
22.450000,1,0,0,2.400000,9.810000,0.900000,30.000000,60.000000,6.000000,-0.072816,-0.374607,1.500000,-0.076676,-0.429983,1.498341,0.261525,0.647296,0.000000,0.282362,0.658947,-0.009585,0.998593,-0.010606,-0.051950,-0.000552,0.056748,-0.022966,-0.000488,-0.485222,0.239647,0.012587,23.719766,23.719766,23.719435,0.503726,1.296209,0.071354,-0.012192,0.962884
22.500000,1,0,0,2.400000,9.810000,0.900000,30.000000,60.000000,6.000000,-0.060307,-0.342020,1.500000,-0.063159,-0.396740,1.497878,0.238775,0.656029,0.000000,0.258253,0.670607,-0.008935,0.998578,-0.009166,-0.052514,-0.000482,0.058534,-0.022159,-0.000407,-0.522786,0.244576,0.010243,23.719435,23.719435,23.718920,0.503715,1.232789,0.151568,-0.016040,0.962317
22.550000,1,0,0,2.400000,9.810000,0.900000,30.000000,60.000000,6.000000,-0.048943,-0.309017,1.500000,-0.050855,-0.362937,1.497448,0.215735,0.663963,0.000000,0.233891,0.681330,-0.008240,0.998562,-0.007686,-0.053057,-0.000408,0.060012,-0.021206,-0.000326,-0.519336,0.225733,-0.011419,23.718920,23.718920,23.718209,0.503700,1.266725,0.176671,-0.065985,0.961785
22.600000,1,0,0,2.400000,9.810000,0.900000,30.000000,60.000000,6.000000,-0.038738,-0.275637,1.500000,-0.039774,-0.328623,1.497054,0.192431,0.671087,0.000000,0.209319,0.691085,-0.007506,0.998545,-0.006172,-0.053573,-0.000331,0.061170,-0.020106,-0.000249,-0.558677,0.225014,-0.023719,23.718209,23.718209,23.717289,0.503680,1.196710,0.246835,-0.093181,0.961290
22.650000,1,0,0,2.400000,9.810000,0.900000,30.000000,60.000000,6.000000,-0.029704,-0.241922,1.500000,-0.029926,-0.293846,1.496698,0.168893,0.677394,0.000000,0.184580,0.699844,-0.006738,0.998527,-0.004634,-0.054061,-0.000251,0.061997,-0.018859,-0.000175,-0.562509,0.181251,-0.037511,23.717289,23.717289,23.716142,0.503656,1.210482,0.214875,-0.123667,0.960835
22.700000,1,0,0,2.400000,9.810000,0.900000,30.000000,60.000000,6.000000,-0.021852,-0.207912,1.500000,-0.021318,-0.258656,1.496381,0.145150,0.682876,0.000000,0.159718,0.707583,-0.005944,0.998508,-0.003079,-0.054515,-0.000168,0.062486,-0.017466,-0.000108,-0.518660,0.184371,-0.039225,23.716142,23.716142,23.714750,0.503626,1.337084,0.296211,-0.124871,0.960421
22.750000,1,0,0,2.400000,9.810000,0.900000,30.000000,60.000000,6.000000,-0.015192,-0.173648,1.500000,-0.013955,-0.223105,1.496104,0.121229,0.687526,0.000000,0.134774,0.714279,-0.005129,0.998489,-0.001517,-0.054932,-0.000083,0.062636,-0.015930,-0.000048,-0.519722,0.217546,-0.008926,23.714750,23.714750,23.713090,0.503591,1.354115,0.450052,-0.048945,0.960049
22.800000,1,0,0,2.400000,9.810000,0.900000,30.000000,60.000000,6.000000,-0.009732,-0.139173,1.500000,-0.007841,-0.187245,1.495868,0.097161,0.691338,0.000000,0.109790,0.719914,-0.004300,0.998469,0.000045,-0.055309,0.000002,0.062447,-0.014253,0.000001,-0.526150,0.207357,0.029524,23.713090,23.713090,23.711139,0.503549,1.356315,0.499790,0.046849,0.959722
22.850000,1,0,0,2.400000,9.810000,0.900000,30.000000,60.000000,6.000000,-0.005478,-0.104528,1.500000,-0.002976,-0.151131,1.495674,0.072975,0.694307,0.000000,0.084807,0.724473,-0.003463,0.998449,0.001598,-0.055642,0.000089,0.061925,-0.012441,0.000040,-0.554244,0.210131,0.018985,23.711139,23.711139,23.708869,0.503501,1.304400,0.580206,0.025368,0.959440
22.900000,1,0,0,2.400000,9.810000,0.900000,30.000000,60.000000,6.000000,-0.002436,-0.069756,1.500000,0.000640,-0.114816,1.495522,0.048699,0.696431,0.000000,0.059863,0.727943,-0.002624,0.998430,0.003134,-0.055929,0.000176,0.061079,-0.010501,0.000066,-0.537027,0.141335,0.011003,23.708869,23.708869,23.706253,0.503446,1.358957,0.488027,0.010328,0.959204
22.950000,1,0,0,2.400000,9.810000,0.900000,30.000000,60.000000,6.000000,-0.000609,-0.034899,1.500000,0.003011,-0.078355,1.495412,0.024364,0.697706,0.000000,0.034997,0.730316,-0.001792,0.998411,0.004644,-0.056165,0.000261,0.059920,-0.008439,0.000079,-0.519898,0.097994,0.023275,23.706253,23.706253,23.703265,0.503382,1.410877,0.455731,0.044192,0.959015
23.000000,1,0,0,2.400000,9.810000,0.900000,30.000000,60.000000,6.000000,0.000000,-0.000000,1.500000,0.004142,-0.041803,1.495343,0.000000,0.698132,0.000000,0.010245,0.731589,-0.000971,0.998392,0.006122,-0.056348,0.000346,0.058465,-0.006264,0.000077,-0.515954,0.011713,0.009140,23.703265,23.703265,23.699876,0.503310,1.428590,0.318806,0.014969,0.958872
23.050000,1,0,0,2.400000,9.810000,0.900000,30.000000,60.000000,6.000000,-0.000609,0.034899,1.500000,0.004038,-0.005215,1.495314,-0.024364,0.697706,0.000000,-0.014357,0.731760,-0.000168,0.998375,0.007560,-0.056476,0.000428,0.056733,-0.003986,0.000060,-0.543405,-0.028752,0.035038,23.699876,23.699876,23.696060,0.503229,1.368265,0.289922,0.082107,0.958776
23.100000,1,0,0,2.400000,9.810000,0.900000,30.000000,60.000000,6.000000,-0.002436,0.069756,1.500000,0.002709,0.031355,1.495325,-0.048699,0.696431,0.000000,-0.038776,0.730832,0.000609,0.998360,0.008952,-0.056545,0.000507,0.054744,-0.001615,0.000029,-0.527926,-0.061785,0.030332,23.696060,23.696060,23.691794,0.503139,1.408168,0.276640,0.076064,0.958726
23.150000,1,0,0,2.400000,9.810000,0.900000,30.000000,60.000000,6.000000,-0.005478,0.104528,1.500000,0.000164,0.067850,1.495375,-0.072975,0.694307,0.000000,-0.062979,0.728811,0.001356,0.998346,0.010291,-0.056554,0.000583,0.052523,0.000836,-0.000017,-0.521028,-0.060652,0.040432,23.691794,23.691794,23.687056,0.503038,1.424569,0.342825,0.105813,0.958722
23.200000,1,0,0,2.400000,9.810000,0.900000,30.000000,60.000000,6.000000,-0.009732,0.139173,1.500000,-0.003585,0.104218,1.495460,-0.097161,0.691338,0.000000,-0.086937,0.725708,0.002067,0.998335,0.011572,-0.056501,0.000655,0.050096,0.003356,-0.000078,-0.512941,-0.062917,0.013124,23.687056,23.687056,23.681829,0.502927,1.440830,0.398064,0.046023,0.958764
23.250000,1,0,0,2.400000,9.810000,0.900000,30.000000,60.000000,6.000000,-0.015192,0.173648,1.500000,-0.008525,0.140404,1.495581,-0.121229,0.687526,0.000000,-0.110620,0.721536,0.002735,0.998327,0.012790,-0.056385,0.000722,0.047492,0.005932,-0.000152,-0.473397,-0.064334,0.036861,23.681829,23.681829,23.676102,0.502805,1.529528,0.452317,0.108966,0.958849
23.300000,1,0,0,2.400000,9.810000,0.900000,30.000000,60.000000,6.000000,-0.021852,0.207912,1.500000,-0.014642,0.176354,1.495733,-0.145150,0.682876,0.000000,-0.134002,0.716312,0.003355,0.998322,0.013942,-0.056203,0.000785,0.044741,0.008549,-0.000239,-0.458507,-0.037439,0.028067,23.676102,23.676102,23.669867,0.502673,1.555941,0.571306,0.094039,0.958977
23.350000,1,0,0,2.400000,9.810000,0.900000,30.000000,60.000000,6.000000,-0.029704,0.241922,1.500000,-0.021920,0.212018,1.495915,-0.168893,0.677394,0.000000,-0.157057,0.710056,0.003923,0.998320,0.015023,-0.055956,0.000842,0.041874,0.011193,-0.000337,-0.425722,-0.071691,-0.002649,23.669867,23.669867,23.663124,0.502530,1.622154,0.540170,0.026684,0.959145
23.400000,1,0,0,2.400000,9.810000,0.900000,30.000000,60.000000,6.000000,-0.038738,0.275637,1.500000,-0.030342,0.247343,1.496124,-0.192431,0.671087,0.000000,-0.179761,0.702790,0.004434,0.998322,0.016032,-0.055642,0.000894,0.038922,0.013849,-0.000445,-0.440935,-0.120312,-0.025849,23.663124,23.663124,23.655879,0.502376,1.570002,0.471057,-0.022471,0.959353
23.450000,1,0,0,2.400000,9.810000,0.900000,30.000000,60.000000,6.000000,-0.048943,0.309017,1.500000,-0.039889,0.282280,1.496358,-0.215735,0.663963,0.000000,-0.202093,0.694541,0.004884,0.998327,0.016966,-0.055262,0.000939,0.035918,0.016503,-0.000561,-0.377022,-0.123465,-0.048853,23.655879,23.655879,23.648144,0.502212,1.704586,0.507496,-0.071020,0.959598
23.500000,1,0,0,2.400000,9.810000,0.900000,30.000000,60.000000,6.000000,-0.060307,0.342020,1.500000,-0.050544,0.316781,1.496612,-0.238775,0.656029,0.000000,-0.224033,0.685338,0.005269,0.998337,0.017825,-0.054817,0.000979,0.032894,0.019139,-0.000684,-0.366759,-0.165130,-0.024063,23.648144,23.648144,23.639941,0.502037,1.707260,0.447894,-0.004749,0.959878
23.550000,1,0,0,2.400000,9.810000,0.900000,30.000000,60.000000,6.000000,-0.072816,0.374607,1.500000,-0.062286,0.350799,1.496883,-0.261525,0.647296,0.000000,-0.245562,0.675210,0.005587,0.998350,0.018609,-0.054305,0.001012,0.029881,0.021742,-0.000811,-0.366274,-0.158764,-0.047360,23.639941,23.639941,23.631296,0.501854,1.683359,0.499951,-0.053801,0.960190
23.600000,1,0,0,2.400000,9.810000,0.900000,30.000000,60.000000,6.000000,-0.086455,0.406737,1.500000,-0.075093,0.384287,1.497169,-0.283956,0.637775,0.000000,-0.266663,0.664191,0.005833,0.998368,0.019318,-0.053729,0.001040,0.026912,0.024296,-0.000941,-0.366243,-0.199785,-0.058610,23.631296,23.631296,23.622243,0.501662,1.655315,0.434701,-0.073882,0.960532
23.650000,1,0,0,2.400000,9.810000,0.900000,30.000000,60.000000,6.000000,-0.101206,0.438371,1.500000,-0.088945,0.417203,1.497466,-0.306041,0.627477,0.000000,-0.287322,0.652316,0.006007,0.998390,0.019954,-0.053091,0.001061,0.024015,0.026787,-0.001071,-0.336854,-0.217678,-0.064043,23.622243,23.622243,23.612822,0.501462,1.694748,0.421451,-0.079970,0.960901
23.700000,1,0,0,2.400000,9.810000,0.900000,30.000000,60.000000,6.000000,-0.117052,0.469472,1.500000,-0.103818,0.449505,1.497769,-0.327753,0.616414,0.000000,-0.307525,0.639621,0.006107,0.998415,0.020519,-0.052391,0.001077,0.021219,0.029201,-0.001201,-0.310607,-0.215553,-0.045612,23.612822,23.612822,23.603082,0.501255,1.723755,0.452843,-0.028783,0.961293
23.750000,1,0,0,2.400000,9.810000,0.900000,30.000000,60.000000,6.000000,-0.133975,0.500000,1.500000,-0.119689,0.481153,1.498075,-0.349066,0.604600,0.000000,-0.327258,0.626144,0.006131,0.998444,0.021016,-0.051631,0.001087,0.018551,0.031522,-0.001328,-0.304446,-0.239948,0.002347,23.603082,23.603082,23.593073,0.501042,1.701773,0.417330,0.093244,0.961706
23.800000,1,0,0,2.400000,9.810000,0.900000,30.000000,60.000000,6.000000,-0.151952,0.529919,1.500000,-0.136536,0.512107,1.498381,-0.369953,0.592049,0.000000,-0.346512,0.611924,0.006079,0.998477,0.021449,-0.050815,0.001092,0.016036,0.033738,-0.001450,-0.307096,-0.293118,0.026477,23.593073,23.593073,23.582853,0.500825,1.655994,0.309667,0.158023,0.962137
23.850000,1,0,0,2.400000,9.810000,0.900000,30.000000,60.000000,6.000000,-0.170962,0.559193,1.500000,-0.154333,0.542333,1.498682,-0.390390,0.578777,0.000000,-0.365277,0.597000,0.005951,0.998513,0.021820,-0.049946,0.001091,0.013694,0.035835,-0.001567,-0.324211,-0.287700,0.015192,23.582853,23.582853,23.572483,0.500605,1.572983,0.339725,0.137722,0.962581
23.900000,1,0,0,2.400000,9.810000,0.900000,30.000000,60.000000,6.000000,-0.190983,0.587785,1.500000,-0.173055,0.571796,1.498974,-0.410352,0.564800,0.000000,-0.383544,0.581412,0.005748,0.998552,0.022136,-0.049025,0.001087,0.011546,0.037802,-0.001677,-0.290688,-0.310856,0.019244,23.572483,23.572483,23.562027,0.500383,1.609144,0.298536,0.154113,0.963036
23.950000,1,0,0,2.400000,9.810000,0.900000,30.000000,60.000000,6.000000,-0.211989,0.615661,1.500000,-0.192679,0.600464,1.499255,-0.429813,0.550135,0.000000,-0.401305,0.565200,0.005470,0.998593,0.022400,-0.048057,0.001078,0.009608,0.039628,-0.001779,-0.305910,-0.316688,0.009477,23.562027,23.562027,23.551551,0.500160,1.526124,0.296505,0.137194,0.963497
24.000000,1,0,0,2.400000,9.810000,0.900000,30.000000,60.000000,6.000000,-0.233956,0.642788,1.500000,-0.213177,0.628306,1.499520,-0.448750,0.534800,0.000000,-0.418554,0.548404,0.005120,0.998636,0.022619,-0.047045,0.001066,0.007893,0.041302,-0.001872,-0.273504,-0.310155,0.005109,23.551551,23.551551,23.541121,0.499939,1.555399,0.321984,0.133062,0.963962
24.050000,1,0,0,2.400000,9.810000,0.900000,30.000000,60.000000,6.000000,-0.256855,0.669131,1.500000,-0.234525,0.655295,1.499766,-0.467141,0.518813,0.000000,-0.435285,0.531063,0.004700,0.998681,0.022799,-0.045993,0.001050,0.006411,0.042817,-0.001956,-0.264381,-0.348078,0.040818,23.541121,23.541121,23.530804,0.499720,1.526971,0.238884,0.224911,0.964426
24.100000,1,0,0,2.400000,9.810000,0.900000,30.000000,60.000000,6.000000,-0.280660,0.694658,1.500000,-0.256697,0.681404,1.499989,-0.484963,0.502194,0.000000,-0.451493,0.513217,0.004213,0.998727,0.022944,-0.044906,0.001032,0.005168,0.044164,-0.002030,-0.284738,-0.396704,0.026181,23.530804,23.530804,23.520668,0.499505,1.426165,0.128489,0.195706,0.964885
24.150000,1,0,0,2.400000,9.810000,0.900000,30.000000,60.000000,6.000000,-0.305342,0.719340,1.500000,-0.279666,0.706609,1.500186,-0.502194,0.484963,0.000000,-0.467173,0.494904,0.003661,0.998774,0.023061,-0.043787,0.001011,0.004169,0.045337,-0.002095,-0.259375,-0.369054,0.041086,23.520668,23.520668,23.510776,0.499294,1.433669,0.199846,0.237147,0.965337
24.200000,1,0,0,2.400000,9.810000,0.900000,30.000000,60.000000,6.000000,-0.330869,0.743145,1.500000,-0.303405,0.730888,1.500354,-0.518813,0.467141,0.000000,-0.482320,0.476160,0.003049,0.998822,0.023156,-0.042641,0.000989,0.003412,0.046331,-0.002149,-0.282193,-0.404629,0.058006,23.510776,23.510776,23.501191,0.499091,1.324326,0.118435,0.283149,0.965777
24.250000,1,0,0,2.400000,9.810000,0.900000,30.000000,60.000000,6.000000,-0.357212,0.766044,1.500000,-0.327889,0.754219,1.500490,-0.534800,0.448750,0.000000,-0.496932,0.457022,0.002380,0.998869,0.023236,-0.041472,0.000965,0.002894,0.047144,-0.002195,-0.250085,-0.425951,0.042687,23.501191,23.501191,23.491970,0.498895,1.345812,0.070496,0.251475,0.966201
24.300000,1,0,0,2.400000,9.810000,0.900000,30.000000,60.000000,6.000000,-0.384339,0.788011,1.500000,-0.353090,0.776584,1.500591,-0.550135,0.429813,0.000000,-0.511003,0.437522,0.001660,0.998916,0.023305,-0.040285,0.000940,0.002608,0.047773,-0.002230,-0.232136,-0.404105,0.051684,23.491970,23.491970,23.483170,0.498708,1.332537,0.125704,0.277839,0.966607
24.350000,1,0,0,2.400000,9.810000,0.900000,30.000000,60.000000,6.000000,-0.412215,0.809017,1.500000,-0.378980,0.797966,1.500655,-0.564800,0.410352,0.000000,-0.524531,0.417695,0.000893,0.998962,0.023370,-0.039085,0.000914,0.002543,0.048219,-0.002257,-0.232121,-0.411280,0.061014,23.483170,23.483170,23.474839,0.498531,1.275659,0.111073,0.304661,0.966990
24.400000,1,0,0,2.400000,9.810000,0.900000,30.000000,60.000000,6.000000,-0.440807,0.829038,1.500000,-0.405534,0.818348,1.500680,-0.578777,0.390390,0.000000,-0.537512,0.397570,0.000085,0.999007,0.023436,-0.037875,0.000889,0.002685,0.048481,-0.002276,-0.256722,-0.427730,0.053733,23.474839,23.474839,23.467023,0.498365,1.159355,0.074250,0.291258,0.967348
24.450000,1,0,0,2.400000,9.810000,0.900000,30.000000,60.000000,6.000000,-0.470081,0.848048,1.500000,-0.432722,0.837718,1.500663,-0.592049,0.369953,0.000000,-0.549942,0.377177,-0.000758,0.999051,0.023508,-0.036662,0.000863,0.003019,0.048564,-0.002287,-0.236736,-0.433730,0.019435,23.467023,23.467023,23.459763,0.498211,1.149925,0.062808,0.212642,0.967676
24.500000,1,0,0,2.400000,9.810000,0.900000,30.000000,60.000000,6.000000,-0.500000,0.866025,1.500000,-0.460519,0.856062,1.500604,-0.604600,0.349066,0.000000,-0.561816,0.356542,-0.001632,0.999093,0.023590,-0.035448,0.000837,0.003526,0.048471,-0.002290,-0.223063,-0.453260,0.019968,23.459763,23.459763,23.453091,0.498069,1.125417,0.019413,0.217228,0.967972
24.550000,1,0,0,2.400000,9.810000,0.900000,30.000000,60.000000,6.000000,-0.530528,0.882948,1.500000,-0.488895,0.873369,1.500500,-0.616414,0.327753,0.000000,-0.573132,0.335690,-0.002529,0.999133,0.023687,-0.034239,0.000812,0.004182,0.048209,-0.002287,-0.194664,-0.478955,0.005234,23.453091,23.453091,23.447038,0.497941,1.136523,-0.038068,0.184777,0.968232
24.600000,1,0,0,2.400000,9.810000,0.900000,30.000000,60.000000,6.000000,-0.561629,0.898794,1.500000,-0.517822,0.889628,1.500350,-0.627477,0.306041,0.000000,-0.583883,0.314644,-0.003443,0.999170,0.023802,-0.033038,0.000787,0.004966,0.047783,-0.002278,-0.179681,-0.486820,0.016175,23.447038,23.447038,23.441625,0.497826,1.115894,-0.051886,0.213537,0.968455
24.650000,1,0,0,2.400000,9.810000,0.900000,30.000000,60.000000,6.000000,-0.593263,0.913545,1.500000,-0.547273,0.904830,1.500155,-0.637775,0.283956,0.000000,-0.594064,0.293424,-0.004367,0.999206,0.023938,-0.031850,0.000763,0.005851,0.047204,-0.002263,-0.183952,-0.500767,0.001252,23.441625,23.441625,23.436869,0.497725,1.049704,-0.079293,0.179804,0.968636
24.700000,1,0,0,2.400000,9.810000,0.900000,30.000000,60.000000,6.000000,-0.625393,0.927184,1.500000,-0.577219,0.918968,1.499914,-0.647296,0.261525,0.000000,-0.603671,0.272049,-0.005296,0.999239,0.024097,-0.030678,0.000740,0.006812,0.046481,-0.002243,-0.193101,-0.522476,0.016357,23.436869,23.436869,23.432781,0.497638,0.972622,-0.124217,0.217720,0.968774
24.750000,1,0,0,2.400000,9.810000,0.900000,30.000000,60.000000,6.000000,-0.657980,0.939693,1.500000,-0.607631,0.932033,1.499626,-0.656029,0.238775,0.000000,-0.612695,0.250536,-0.006223,0.999269,0.024281,-0.029526,0.000717,0.007819,0.045624,-0.002218,-0.199232,-0.496437,0.028387,23.432781,23.432781,23.429365,0.497566,0.903763,-0.053364,0.247833,0.968866
24.800000,1,0,0,2.400000,9.810000,0.900000,30.000000,60.000000,6.000000,-0.690983,0.951057,1.500000,-0.638479,0.944019,1.499292,-0.663963,0.215735,0.000000,-0.621132,0.228899,-0.007140,0.999296,0.024490,-0.028397,0.000696,0.008845,0.044645,-0.002190,-0.193070,-0.469014,0.011161,23.429365,23.429365,23.426621,0.497507,0.865525,0.022033,0.207310,0.968911
24.850000,1,0,0,2.400000,9.810000,0.900000,30.000000,60.000000,6.000000,-0.724363,0.961262,1.500000,-0.669734,0.954921,1.498912,-0.671087,0.192431,0.000000,-0.628972,0.207152,-0.008042,0.999321,0.024724,-0.027293,0.000675,0.009860,0.043559,-0.002157,-0.168683,-0.423737,-0.013913,23.426621,23.426621,23.424542,0.497463,0.872281,0.141509,0.147530,0.968906
24.900000,1,0,0,2.400000,9.810000,0.900000,30.000000,60.000000,6.000000,-0.758078,0.970296,1.500000,-0.701366,0.964733,1.498488,-0.677394,0.168893,0.000000,-0.636207,0.185306,-0.008921,0.999344,0.024983,-0.026218,0.000655,0.010837,0.042378,-0.002120,-0.149238,-0.438724,-0.022457,23.424542,23.424542,23.423116,0.497433,0.868542,0.117549,0.127005,0.968850
24.950000,1,0,0,2.400000,9.810000,0.900000,30.000000,60.000000,6.000000,-0.792088,0.978148,1.500000,-0.733345,0.973450,1.498020,-0.682876,0.145150,0.000000,-0.642830,0.163370,-0.009772,0.999364,0.025266,-0.025173,0.000636,0.011748,0.041117,-0.002080,-0.146039,-0.457850,-0.009360,23.423116,23.423116,23.422326,0.497416,0.827274,0.084790,0.158011,0.968741
25.000000,1,0,0,2.400000,9.810000,0.900000,30.000000,60.000000,6.000000,-0.826352,0.984808,1.500000,-0.765639,0.981068,1.497511,-0.687526,0.121229,0.000000,-0.648829,0.141353,-0.010589,0.999381,0.025571,-0.024161,0.000618,0.012566,0.039790,-0.002038,-0.159135,-0.490937,0.003923,23.422326,23.422326,23.422150,0.497412,0.748444,0.019572,0.189066,0.968579
25.050000,1,0,0,2.400000,9.810000,0.900000,30.000000,60.000000,6.000000,-0.860827,0.990268,1.500000,-0.798217,0.987584,1.496962,-0.691338,0.097161,0.000000,-0.654196,0.119262,-0.011364,0.999396,0.025894,-0.023182,0.000601,0.013264,0.038414,-0.001992,-0.104704,-0.464495,-0.009713,23.422150,23.422150,23.422560,0.497421,0.833289,0.098140,0.155125,0.968363
25.100000,1,0,0,2.400000,9.810000,0.900000,30.000000,60.000000,6.000000,-0.895472,0.994522,1.500000,-0.831048,0.992993,1.496375,-0.694307,0.072975,0.000000,-0.658918,0.097104,-0.012094,0.999408,0.026234,-0.022239,0.000584,0.013820,0.037002,-0.001944,-0.118231,-0.449815,-0.021773,23.422560,23.422560,23.423524,0.497441,0.756688,0.149246,0.124593,0.968091
25.150000,1,0,0,2.400000,9.810000,0.900000,30.000000,60.000000,6.000000,-0.930244,0.997564,1.500000,-0.864098,0.997293,1.495753,-0.696431,0.048699,0.000000,-0.662986,0.074883,-0.012772,0.999419,0.026585,-0.021331,0.000567,0.014211,0.035572,-0.001894,-0.085719,-0.464135,0.002756,23.423524,23.423524,23.425007,0.497473,0.792262,0.131339,0.181515,0.967765
25.200000,1,0,0,2.400000,9.810000,0.900000,30.000000,60.000000,6.000000,-0.965101,0.999391,1.500000,-0.897335,1.000481,1.495099,-0.697706,0.024364,0.000000,-0.666386,0.052604,-0.013394,0.999427,0.026943,-0.020458,0.000552,0.014418,0.034138,-0.001842,-0.048902,-0.481576,0.032407,23.425007,23.425007,23.426970,0.497515,0.839861,0.106318,0.250389,0.967383
25.250000,1,0,0,2.400000,9.810000,0.900000,30.000000,60.000000,6.000000,-1.000000,1.000000,1.500000,-0.930725,1.002553,1.494415,-0.698132,0.000000,0.000000,-0.669108,0.030273,-0.013954,0.999434,0.027305,-0.019622,0.000536,0.014423,0.032715,-0.001789,-0.041455,-0.498062,0.015914,23.426970,23.426970,23.429368,0.497566,0.818655,0.083746,0.208194,0.966947
25.300000,1,0,0,2.400000,9.810000,0.900000,30.000000,60.000000,6.000000,-1.034899,0.999391,1.500000,-0.964234,1.003507,1.493705,-0.697706,-0.024364,0.000000,-0.671137,0.007894,-0.014450,0.999440,0.027663,-0.018820,0.000521,0.014212,0.031318,-0.001735,-0.005955,-0.444952,0.037818,23.429368,23.429368,23.432155,0.497625,0.866440,0.228109,0.257851,0.966456
25.350000,1,0,0,2.400000,9.810000,0.900000,30.000000,60.000000,6.000000,-1.069756,0.997564,1.500000,-0.997827,1.003342,1.492971,-0.696431,-0.048699,0.000000,-0.672462,-0.014529,-0.014876,0.999444,0.028014,-0.018054,0.000506,0.013774,0.029962,-0.001681,-0.011808,-0.434315,0.074392,23.432155,23.432155,23.435283,0.497691,0.816595,0.270184,0.342438,0.965911
25.400000,1,0,0,2.400000,9.810000,0.900000,30.000000,60.000000,6.000000,-1.104528,0.994522,1.500000,-1.031469,1.002054,1.492218,-0.694307,-0.072975,0.000000,-0.673070,-0.036991,-0.015231,0.999448,0.028350,-0.017320,0.000491,0.013101,0.028658,-0.001627,0.017155,-0.429777,0.059600,23.435283,23.435283,23.438700,0.497764,0.851869,0.296994,0.303489,0.965314
25.450000,1,0,0,2.400000,9.810000,0.900000,30.000000,60.000000,6.000000,-1.139173,0.990268,1.500000,-1.065122,0.999642,1.491449,-0.691338,-0.097161,0.000000,-0.672947,-0.059485,-0.015511,0.999451,0.028667,-0.016618,0.000477,0.012188,0.027420,-0.001574,0.023919,-0.412468,0.053454,23.438700,23.438700,23.442353,0.497841,0.835359,0.353547,0.285060,0.964666
25.500000,1,0,0,2.400000,9.810000,0.900000,30.000000,60.000000,6.000000,-1.173648,0.984808,1.500000,-1.098751,0.996105,1.490669,-0.687526,-0.121229,0.000000,-0.672081,-0.082006,-0.015713,0.999453,0.028958,-0.015947,0.000462,0.011032,0.026260,-0.001523,0.003360,-0.446200,0.058273,23.442353,23.442353,23.446189,0.497923,0.754678,0.286410,0.292741,0.963968
25.550000,1,0,0,2.400000,9.810000,0.900000,30.000000,60.000000,6.000000,-1.207912,0.978148,1.500000,-1.132318,0.991441,1.489879,-0.682876,-0.145150,0.000000,-0.670459,-0.104545,-0.015837,0.999456,0.029217,-0.015303,0.000447,0.009634,0.025186,-0.001474,0.054515,-0.456491,0.076724,23.446189,23.446189,23.450154,0.498007,0.847418,0.274050,0.332959,0.963223
25.600000,1,0,0,2.400000,9.810000,0.900000,30.000000,60.000000,6.000000,-1.241922,0.970296,1.500000,-1.165784,0.985650,1.489086,-0.677394,-0.168893,0.000000,-0.668069,-0.127094,-0.015882,0.999459,0.029438,-0.014685,0.000433,0.008001,0.024210,-0.001427,0.096241,-0.445084,0.060153,23.450154,23.450154,23.454194,0.498093,0.918728,0.312002,0.288971,0.962432
25.650000,1,0,0,2.400000,9.810000,0.900000,30.000000,60.000000,6.000000,-1.275637,0.961262,1.500000,-1.199112,0.978732,1.488293,-0.671087,-0.192431,0.000000,-0.664899,-0.149642,-0.015845,0.999462,0.029615,-0.014090,0.000418,0.006138,0.023338,-0.001384,0.097623,-0.436208,0.049073,23.454194,23.454194,23.458256,0.498179,0.894290,0.341840,0.258036,0.961597
25.700000,1,0,0,2.400000,9.810000,0.900000,30.000000,60.000000,6.000000,-1.309017,0.951057,1.500000,-1.232261,0.970686,1.487503,-0.663963,-0.215735,0.000000,-0.660937,-0.172178,-0.015729,0.999466,0.029743,-0.013515,0.000402,0.004057,0.022578,-0.001345,0.104380,-0.413727,0.068661,23.458256,23.458256,23.462289,0.498265,0.883705,0.402023,0.300607,0.960722
25.750000,1,0,0,2.400000,9.810000,0.900000,30.000000,60.000000,6.000000,-1.342020,0.939693,1.500000,-1.265192,0.961514,1.486721,-0.656029,-0.238775,0.000000,-0.656173,-0.194688,-0.015533,0.999471,0.029817,-0.012959,0.000387,0.001772,0.021933,-0.001310,0.136748,-0.423402,0.029315,23.462289,23.462289,23.466246,0.498349,0.935406,0.382477,0.201664,0.959808
25.800000,1,0,0,2.400000,9.810000,0.900000,30.000000,60.000000,6.000000,-1.374607,0.927184,1.500000,-1.297865,0.951218,1.485951,-0.647296,-0.261525,0.000000,-0.650598,-0.217156,-0.015259,0.999478,0.029831,-0.012416,0.000371,-0.000702,0.021408,-0.001279,0.170812,-0.425934,0.029159,23.466246,23.466246,23.470080,0.498430,0.991853,0.377280,0.196736,0.958860
25.850000,1,0,0,2.400000,9.810000,0.900000,30.000000,60.000000,6.000000,-1.406737,0.913545,1.500000,-1.330238,0.939800,1.485196,-0.637775,-0.283956,0.000000,-0.644203,-0.239564,-0.014907,0.999486,0.029781,-0.011886,0.000354,-0.003346,0.021006,-0.001253,0.141701,-0.413554,0.001681,23.470080,23.470080,23.473751,0.498508,0.897220,0.404866,0.126216,0.957879
25.900000,1,0,0,2.400000,9.810000,0.900000,30.000000,60.000000,6.000000,-1.438371,0.898794,1.500000,-1.362271,0.927263,1.484461,-0.627477,-0.306041,0.000000,-0.636980,-0.261893,-0.014481,0.999495,0.029663,-0.011364,0.000337,-0.006139,0.020726,-0.001231,0.144747,-0.431642,-0.010010,23.473751,23.473751,23.477220,0.498582,0.880152,0.356128,0.093597,0.956869
25.950000,1,0,0,2.400000,9.810000,0.900000,30.000000,60.000000,6.000000,-1.469472,0.882948,1.500000,-1.393922,0.913612,1.483750,-0.616414,-0.327753,0.000000,-0.628924,-0.284121,-0.013983,0.999507,0.029473,-0.010847,0.000320,-0.009059,0.020567,-0.001214,0.152625,-0.427924,-0.009810,23.477220,23.477220,23.480456,0.498651,0.874933,0.356363,0.089549,0.955834
26.000000,1,0,0,2.400000,9.810000,0.900000,30.000000,60.000000,6.000000,-1.500000,0.866025,1.500000,-1.425150,0.898853,1.483064,-0.604600,-0.349066,0.000000,-0.620029,-0.306224,-0.013417,0.999520,0.029209,-0.010333,0.000302,-0.012081,0.020527,-0.001201,0.144844,-0.428834,0.015452,23.480456,23.480456,23.483432,0.498714,0.832237,0.341991,0.145709,0.954777
26.050000,1,0,0,2.400000,9.810000,0.900000,30.000000,60.000000,6.000000,-1.529919,0.848048,1.500000,-1.455911,0.882992,1.482409,-0.592049,-0.369953,0.000000,-0.610292,-0.328176,-0.012785,0.999535,0.028869,-0.009819,0.000284,-0.015180,0.020603,-0.001191,0.142090,-0.470889,0.012144,23.483432,23.483432,23.486125,0.498771,0.801578,0.225260,0.133386,0.953701
26.100000,1,0,0,2.400000,9.810000,0.900000,30.000000,60.000000,6.000000,-1.559193,0.829038,1.500000,-1.486165,0.866038,1.481787,-0.578777,-0.390390,0.000000,-0.599713,-0.349948,-0.012093,0.999552,0.028451,-0.009301,0.000265,-0.018329,0.020788,-0.001184,0.150792,-0.468432,0.011257,23.486125,23.486125,23.488521,0.498822,0.798250,0.211673,0.126976,0.952611
26.150000,1,0,0,2.400000,9.810000,0.900000,30.000000,60.000000,6.000000,-1.587785,0.809017,1.500000,-1.515868,0.848001,1.481201,-0.564800,-0.410352,0.000000,-0.588290,-0.371510,-0.011345,0.999571,0.027953,-0.008778,0.000245,-0.021501,0.021076,-0.001180,0.175705,-0.465610,-0.000942,23.488521,23.488521,23.490610,0.498866,0.833538,0.195232,0.093545,0.951510
26.200000,1,0,0,2.400000,9.810000,0.900000,30.000000,60.000000,6.000000,-1.615661,0.788011,1.500000,-1.544980,0.828891,1.480653,-0.550135,-0.429813,0.000000,-0.576027,-0.392830,-0.010545,0.999591,0.027376,-0.008246,0.000226,-0.024668,0.021459,-0.001176,0.176539,-0.433191,-0.011408,23.490610,23.490610,23.492388,0.498904,0.810635,0.246082,0.064416,0.950402
26.250000,1,0,0,2.400000,9.810000,0.900000,30.000000,60.000000,6.000000,-1.642788,0.766044,1.500000,-1.573457,0.808722,1.480147,-0.534800,-0.448750,0.000000,-0.562928,-0.413872,-0.009700,0.999613,0.026721,-0.007703,0.000206,-0.027802,0.021928,-0.001173,0.238949,-0.421397,-0.016088,23.492388,23.492388,23.493856,0.498935,0.935005,0.243709,0.049336,0.949290
26.300000,1,0,0,2.400000,9.810000,0.900000,30.000000,60.000000,6.000000,-1.669131,0.743145,1.500000,-1.601259,0.787509,1.479684,-0.518813,-0.467141,0.000000,-0.548998,-0.434602,-0.008815,0.999637,0.025988,-0.007148,0.000186,-0.030878,0.022471,-0.001169,0.252818,-0.405878,-0.000168,23.493856,23.493856,23.495024,0.498960,0.942272,0.246609,0.083875,0.948179
26.350000,1,0,0,2.400000,9.810000,0.900000,30.000000,60.000000,6.000000,-1.694658,0.719340,1.500000,-1.628343,0.765268,1.479266,-0.502194,-0.484963,0.000000,-0.534246,-0.454980,-0.007895,0.999661,0.025178,-0.006578,0.000166,-0.033867,0.023078,-0.001163,0.259247,-0.361518,-0.009520,23.495024,23.495024,23.495903,0.498979,0.930997,0.315143,0.057952,0.947072
26.400000,1,0,0,2.400000,9.810000,0.900000,30.000000,60.000000,6.000000,-1.719340,0.694658,1.500000,-1.654670,0.742018,1.478895,-0.484963,-0.502194,0.000000,-0.518683,-0.474969,-0.006948,0.999687,0.024296,-0.005993,0.000146,-0.036744,0.023735,-0.001154,0.245682,-0.346974,0.013043,23.495903,23.495903,23.496512,0.498991,0.870989,0.308654,0.108825,0.945974
26.450000,1,0,0,2.400000,9.810000,0.900000,30.000000,60.000000,6.000000,-1.743145,0.669131,1.500000,-1.680198,0.717778,1.478572,-0.467141,-0.518813,0.000000,-0.502322,-0.494527,-0.005979,0.999713,0.023343,-0.005390,0.000126,-0.039486,0.024429,-0.001141,0.250354,-0.370216,0.024437,23.496512,23.496512,23.496871,0.498999,0.853945,0.208162,0.133110,0.944887
26.500000,1,0,0,2.400000,9.810000,0.900000,30.000000,60.000000,6.000000,-1.766044,0.642788,1.500000,-1.704889,0.692573,1.478297,-0.448750,-0.534800,0.000000,-0.485177,-0.513613,-0.004995,0.999739,0.022324,-0.004770,0.000107,-0.042069,0.025146,-0.001124,0.254925,-0.331494,0.007336,23.496871,23.496871,23.497007,0.499002,0.835825,0.253238,0.089224,0.943816
26.550000,1,0,0,2.400000,9.810000,0.900000,30.000000,60.000000,6.000000,-1.788011,0.615661,1.500000,-1.728703,0.666426,1.478072,-0.429813,-0.550135,0.000000,-0.467265,-0.532185,-0.004002,0.999766,0.021242,-0.004132,0.000088,-0.044472,0.025872,-0.001100,0.274800,-0.321794,0.034044,23.497007,23.497007,23.496947,0.499001,0.853578,0.225718,0.150706,0.942765
26.600000,1,0,0,2.400000,9.810000,0.900000,30.000000,60.000000,6.000000,-1.809017,0.587785,1.500000,-1.751603,0.639364,1.477897,-0.410352,-0.564800,0.000000,-0.448608,-0.550200,-0.003007,0.999792,0.020102,-0.003476,0.000070,-0.046678,0.026591,-0.001070,0.266977,-0.328848,0.033249,23.496947,23.496947,23.496723,0.498996,0.804001,0.155266,0.146410,0.941736
26.650000,1,0,0,2.400000,9.810000,0.900000,30.000000,60.000000,6.000000,-1.829038,0.559193,1.500000,-1.773552,0.611416,1.477771,-0.390390,-0.578777,0.000000,-0.429226,-0.567615,-0.002018,0.999817,0.018910,-0.002802,0.000053,-0.048669,0.027288,-0.001033,0.310494,-0.299171,0.058527,23.496723,23.496723,23.496365,0.498988,0.876802,0.170495,0.204915,0.940734
26.700000,1,0,0,2.400000,9.810000,0.900000,30.000000,60.000000,6.000000,-1.848048,0.529919,1.500000,-1.794514,0.582613,1.477695,-0.369953,-0.592049,0.000000,-0.409145,-0.584388,-0.001039,0.999842,0.017671,-0.002111,0.000037,-0.050431,0.027948,-0.000988,0.352059,-0.283938,0.071728,23.496365,23.496365,23.495906,0.498979,0.944117,0.148845,0.234666,0.939761
26.750000,1,0,0,2.400000,9.810000,0.900000,30.000000,60.000000,6.000000,-1.866025,0.500000,1.500000,-1.814455,0.552988,1.477667,-0.349066,-0.604600,0.000000,-0.388390,-0.600475,-0.000079,0.999865,0.016391,-0.001405,0.000023,-0.051953,0.028554,-0.000936,0.368955,-0.318018,0.051695,23.495906,23.495906,23.495379,0.498967,0.951477,0.006907,0.184880,0.938820
26.800000,1,0,0,2.400000,9.810000,0.900000,30.000000,60.000000,6.000000,-1.882948,0.469472,1.500000,-1.833342,0.522577,1.477687,-0.327753,-0.616414,0.000000,-0.366990,-0.615835,0.000857,0.999886,0.015076,-0.000684,0.000010,-0.053226,0.029093,-0.000878,0.390430,-0.280664,0.029395,23.495379,23.495379,23.494816,0.498955,0.969152,0.034764,0.129871,0.937915
26.850000,1,0,0,2.400000,9.810000,0.900000,30.000000,60.000000,6.000000,-1.898794,0.438371,1.500000,-1.851144,0.491418,1.477752,-0.306041,-0.627477,0.000000,-0.344976,-0.630426,0.001763,0.999906,0.013732,0.000050,-0.000001,-0.054245,0.029548,-0.000812,0.396475,-0.250434,0.038051,23.494816,23.494816,23.494247,0.498943,0.949206,0.044175,0.149367,0.937049
26.900000,1,0,0,2.400000,9.810000,0.900000,30.000000,60.000000,6.000000,-1.913545,0.406737,1.500000,-1.867830,0.459548,1.477862,-0.283956,-0.637775,0.000000,-0.322382,-0.644210,0.002632,0.999923,0.012366,0.000793,-0.000010,-0.055007,0.029906,-0.000740,0.411411,-0.243194,0.053950,23.494247,23.494247,23.493701,0.498932,0.950121,-0.002639,0.186449,0.936223
26.950000,1,0,0,2.400000,9.810000,0.900000,30.000000,60.000000,6.000000,-1.927184,0.374607,1.500000,-1.883373,0.427011,1.478015,-0.261525,-0.647296,0.000000,-0.299241,-0.657146,0.003459,0.999938,0.010984,0.001544,-0.000017,-0.055512,0.030153,-0.000663,0.452855,-0.252825,0.055454,23.493701,23.493701,23.493204,0.498921,1.014297,-0.090686,0.189171,0.935440
27.000000,1,0,0,2.400000,9.810000,0.900000,30.000000,60.000000,6.000000,-1.939693,0.342020,1.500000,-1.897746,0.393848,1.478208,-0.238775,-0.656029,0.000000,-0.275592,-0.669200,0.004239,0.999951,0.009593,0.002300,-0.000022,-0.055763,0.030276,-0.000581,0.476303,-0.256515,0.051506,23.493204,23.493204,23.492780,0.498912,1.035065,-0.164918,0.178984,0.934702
27.050000,1,0,0,2.400000,9.810000,0.900000,30.000000,60.000000,6.000000,-1.951057,0.309017,1.500000,-1.910924,0.360106,1.478438,-0.215735,-0.663963,0.000000,-0.251472,-0.680335,0.004966,0.999962,0.008198,0.003057,-0.000025,-0.055765,0.030263,-0.000496,0.454980,-0.265181,0.039063,23.492780,23.492780,23.492451,0.498905,0.948315,-0.251243,0.148569,0.934011
27.100000,1,0,0,2.400000,9.810000,0.900000,30.000000,60.000000,6.000000,-1.961262,0.275637,1.500000,-1.922886,0.325831,1.478703,-0.192431,-0.671087,0.000000,-0.226921,-0.690521,0.005636,0.999970,0.006807,0.003812,-0.000026,-0.055526,0.030103,-0.000410,0.460589,-0.222588,0.049640,23.492451,23.492451,23.492234,0.498901,0.926305,-0.214403,0.173546,0.933369
27.150000,1,0,0,2.400000,9.810000,0.900000,30.000000,60.000000,6.000000,-1.970296,0.241922,1.500000,-1.933610,0.291070,1.479000,-0.168893,-0.677394,0.000000,-0.201982,-0.699726,0.006244,0.999975,0.005424,0.004561,-0.000025,-0.055059,0.029787,-0.000323,0.490722,-0.209329,0.035263,23.492234,23.492234,23.492144,0.498899,0.963430,-0.247548,0.138758,0.932776
27.200000,1,0,0,2.400000,9.810000,0.900000,30.000000,60.000000,6.000000,-1.978148,0.207912,1.500000,-1.943078,0.255875,1.479326,-0.145150,-0.682876,0.000000,-0.176697,-0.707924,0.006788,0.999978,0.004056,0.005300,-0.000021,-0.054376,0.029306,-0.000238,0.474934,-0.184404,0.023387,23.492144,23.492144,23.492195,0.498900,0.890814,-0.252018,0.110077,0.932235
27.250000,1,0,0,2.400000,9.810000,0.900000,30.000000,60.000000,6.000000,-1.984808,0.173648,1.500000,-1.951275,0.220295,1.479678,-0.121229,-0.687526,0.000000,-0.151110,-0.715092,0.007263,0.999978,0.002707,0.006025,-0.000016,-0.053492,0.028653,-0.000155,0.502442,-0.192012,0.011522,23.492195,23.492195,23.492394,0.498904,0.922774,-0.333644,0.081509,0.931746
27.300000,1,0,0,2.400000,9.810000,0.900000,30.000000,60.000000,6.000000,-1.990268,0.139173,1.500000,-1.958185,0.184383,1.480052,-0.097161,-0.691338,0.000000,-0.125267,-0.721207,0.007667,0.999976,0.001383,0.006732,-0.000009,-0.052425,0.027822,-0.000077,0.503076,-0.137610,0.000976,23.492394,23.492394,23.492749,0.498912,0.891107,-0.265303,0.056167,0.931309
27.350000,1,0,0,2.400000,9.810000,0.900000,30.000000,60.000000,6.000000,-1.994522,0.104528,1.500000,-1.963798,0.148192,1.480443,-0.072975,-0.694307,0.000000,-0.099213,-0.726253,0.007997,0.999973,0.000087,0.007415,-0.000001,-0.051194,0.026811,-0.000005,0.525337,-0.086574,-0.033269,23.492749,23.492749,23.493264,0.498923,0.912425,-0.203688,-0.026012,0.930925
27.400000,1,0,0,2.400000,9.810000,0.900000,30.000000,60.000000,6.000000,-1.997564,0.069756,1.500000,-1.968104,0.111776,1.480850,-0.048699,-0.696431,0.000000,-0.072996,-0.730215,0.008252,0.999967,-0.001176,0.008071,0.000009,-0.049820,0.025617,0.000060,0.499255,-0.078226,-0.015443,23.493264,23.493264,23.493943,0.498937,0.819015,-0.242994,0.016798,0.930594
27.450000,1,0,0,2.400000,9.810000,0.900000,30.000000,60.000000,6.000000,-1.999391,0.034899,1.500000,-1.971096,0.075189,1.481267,-0.024364,-0.697706,0.000000,-0.046662,-0.733083,0.008431,0.999959,-0.002403,0.008694,0.000021,-0.048324,0.024239,0.000116,0.517661,-0.045843,-0.006685,23.493943,23.493943,23.494784,0.498955,0.833885,-0.222932,0.037835,0.930315
27.500000,1,0,0,2.400000,9.810000,0.900000,30.000000,60.000000,6.000000,-2.000000,0.000000,1.500000,-1.972769,0.038486,1.481692,-0.000000,-0.698132,0.000000,-0.020259,-0.734849,0.008533,0.999950,-0.003591,0.009281,0.000033,-0.046729,0.022678,0.000163,0.525968,-0.014754,-0.017098,23.494784,23.494784,23.495790,0.498976,0.826242,-0.204162,0.012833,0.930088
27.550000,1,0,0,2.400000,9.810000,0.900000,30.000000,60.000000,6.000000,-1.999391,-0.034899,1.500000,-1.973121,0.001722,1.482119,0.024364,-0.697706,0.000000,0.006165,-0.735511,0.008558,0.999940,-0.004739,0.009826,0.000047,-0.045057,0.020937,0.000198,0.482320,0.007095,-0.022205,23.495790,23.495790,23.496958,0.499001,0.695846,-0.205650,0.000510,0.929913
27.600000,1,0,0,2.400000,9.810000,0.900000,30.000000,60.000000,6.000000,-1.997564,-0.069756,1.500000,-1.972153,-0.035047,1.482546,0.048699,-0.696431,0.000000,0.032564,-0.735067,0.008506,0.999930,-0.005843,0.010326,0.000060,-0.043332,0.019021,0.000222,0.518713,0.006767,-0.041001,23.496958,23.496958,23.498288,0.499029,0.759693,-0.258373,-0.044746,0.929787
27.650000,1,0,0,2.400000,9.810000,0.900000,30.000000,60.000000,6.000000,-1.994522,-0.104528,1.500000,-1.969866,-0.071766,1.482969,0.072975,-0.694307,0.000000,0.058889,-0.733523,0.008379,0.999918,-0.006905,0.010776,0.000074,-0.041576,0.016936,0.000234,0.517202,0.023734,-0.021482,23.498288,23.498288,23.499779,0.499061,0.734919,-0.267543,0.001853,0.929711
27.700000,1,0,0,2.400000,9.810000,0.900000,30.000000,60.000000,6.000000,-1.990268,-0.139173,1.500000,-1.966266,-0.108381,1.483383,0.097161,-0.691338,0.000000,0.085094,-0.730886,0.008178,0.999906,-0.007922,0.011171,0.000089,-0.039811,0.014689,0.000233,0.512208,0.063011,-0.020325,23.499779,23.499779,23.501431,0.499096,0.704326,-0.221107,0.004256,0.929682
27.750000,1,0,0,2.400000,9.810000,0.900000,30.000000,60.000000,6.000000,-1.984808,-0.173648,1.500000,-1.961359,-0.144837,1.483785,0.121229,-0.687526,0.000000,0.111132,-0.727167,0.007905,0.999894,-0.008895,0.011509,0.000102,-0.038060,0.012291,0.000219,0.529655,0.070023,-0.044509,23.501431,23.501431,23.503243,0.499134,0.730317,-0.250049,-0.054309,0.929698
27.800000,1,0,0,2.400000,9.810000,0.900000,30.000000,60.000000,6.000000,-1.978148,-0.207912,1.500000,-1.955156,-0.181080,1.484172,0.145150,-0.682876,0.000000,0.136959,-0.722380,0.007563,0.999882,-0.009825,0.011785,0.000116,-0.036343,0.009752,0.000192,0.518520,0.103082,-0.025194,23.503243,23.503243,23.505217,0.499176,0.690609,-0.214445,-0.008644,0.929758
27.850000,1,0,0,2.400000,9.810000,0.900000,30.000000,60.000000,6.000000,-1.970296,-0.241922,1.500000,-1.947668,-0.217057,1.484540,0.168893,-0.677394,0.000000,0.162529,-0.716544,0.007155,0.999871,-0.010712,0.011995,0.000129,-0.034680,0.007085,0.000152,0.523200,0.125470,-0.047036,23.505217,23.505217,23.507357,0.499222,0.691911,-0.202474,-0.061945,0.929859
27.900000,1,0,0,2.400000,9.810000,0.900000,30.000000,60.000000,6.000000,-1.961262,-0.275637,1.500000,-1.938908,-0.252717,1.484887,0.192431,-0.671087,0.000000,0.187799,-0.709679,0.006685,0.999860,-0.011559,0.012138,0.000140,-0.033087,0.004303,0.000100,0.543098,0.139212,-0.007801,23.507357,23.507357,23.509668,0.499271,0.732935,-0.209347,0.031128,0.929999
27.950000,1,0,0,2.400000,9.810000,0.900000,30.000000,60.000000,6.000000,-1.951057,-0.309017,1.500000,-1.928894,-0.288009,1.485208,0.215735,-0.663963,0.000000,0.212727,-0.701810,0.006157,0.999849,-0.012367,0.012209,0.000151,-0.031582,0.001422,0.000035,0.551965,0.185601,0.002862,23.509668,23.509668,23.512155,0.499324,0.750808,-0.136055,0.055401,0.930175
28.000000,1,0,0,2.400000,9.810000,0.900000,30.000000,60.000000,6.000000,-1.939693,-0.342020,1.500000,-1.917642,-0.322882,1.485501,0.238775,-0.656029,0.000000,0.237273,-0.692962,0.005575,0.999839,-0.013139,0.012208,0.000160,-0.030177,-0.001544,-0.000041,0.535730,0.218935,0.024601,23.512155,23.512155,23.514827,0.499380,0.711872,-0.092395,0.106014,0.930385
28.050000,1,0,0,2.400000,9.810000,0.900000,30.000000,60.000000,6.000000,-1.927184,-0.374607,1.500000,-1.905173,-0.357289,1.485765,0.261525,-0.647296,0.000000,0.261397,-0.683167,0.004944,0.999830,-0.013877,0.012131,0.000168,-0.028886,-0.004575,-0.000127,0.557573,0.212140,0.046875,23.514827,23.514827,23.517693,0.499441,0.767841,-0.143471,0.157651,0.930624
28.100000,1,0,0,2.400000,9.810000,0.900000,30.000000,60.000000,6.000000,-1.913545,-0.406737,1.500000,-1.891510,-0.391183,1.485995,0.283956,-0.637775,0.000000,0.285061,-0.672455,0.004270,0.999822,-0.014584,0.011979,0.000175,-0.027717,-0.007656,-0.000223,0.555717,0.231788,0.025377,23.517693,23.517693,23.520767,0.499507,0.770526,-0.129649,0.103964,0.930891
28.150000,1,0,0,2.400000,9.810000,0.900000,30.000000,60.000000,6.000000,-1.898794,-0.438371,1.500000,-1.876675,-0.424520,1.486191,0.306041,-0.627477,0.000000,0.308231,-0.660861,0.003558,0.999814,-0.015264,0.011748,0.000179,-0.026678,-0.010768,-0.000329,0.523715,0.233272,0.035258,23.520767,23.520767,23.524059,0.499577,0.704500,-0.158134,0.125304,0.931182
28.200000,1,0,0,2.400000,9.810000,0.900000,30.000000,60.000000,6.000000,-1.882948,-0.469472,1.500000,-1.860696,-0.457255,1.486350,0.327753,-0.616414,0.000000,0.330872,-0.648419,0.002814,0.999808,-0.015919,0.011440,0.000182,-0.025773,-0.013890,-0.000442,0.446761,0.252515,0.032333,23.524059,23.524059,23.527587,0.499651,0.534252,-0.142870,0.115620,0.931493
28.250000,1,0,0,2.400000,9.810000,0.900000,30.000000,60.000000,6.000000,-1.866025,-0.500000,1.500000,-1.843598,-0.489348,1.486472,0.349066,-0.604600,0.000000,0.352952,-0.635168,0.002044,0.999802,-0.016553,0.011053,0.000183,-0.025006,-0.017005,-0.000563,0.422565,0.272899,0.027752,23.527587,23.527587,23.531363,0.499732,0.494292,-0.123900,0.101662,0.931821
28.300000,1,0,0,2.400000,9.810000,0.900000,30.000000,60.000000,6.000000,-1.848048,-0.529919,1.500000,-1.825410,-0.520759,1.486554,0.369953,-0.592049,0.000000,0.374441,-0.621146,0.001254,0.999796,-0.017170,0.010589,0.000182,-0.024376,-0.020092,-0.000690,0.425674,0.321319,0.036712,23.531363,23.531363,23.535406,0.499817,0.523514,-0.036838,0.119898,0.932163
28.350000,1,0,0,2.400000,9.810000,0.900000,30.000000,60.000000,6.000000,-1.829038,-0.559193,1.500000,-1.806164,-0.551451,1.486597,0.390390,-0.578777,0.000000,0.395313,-0.606393,0.000451,0.999792,-0.017773,0.010048,0.000179,-0.023881,-0.023133,-0.000823,0.434115,0.328020,0.003861,23.535406,23.535406,23.539732,0.499909,0.569141,-0.049258,0.037481,0.932514
28.400000,1,0,0,2.400000,9.810000,0.900000,30.000000,60.000000,6.000000,-1.809017,-0.587785,1.500000,-1.785890,-0.581387,1.486599,0.410352,-0.564800,0.000000,0.415540,-0.590948,-0.000358,0.999787,-0.018365,0.009432,0.000173,-0.023517,-0.026107,-0.000959,0.392097,0.349709,0.000710,23.539732,23.539732,23.544357,0.500008,0.497210,-0.025220,0.026039,0.932871
28.450000,1,0,0,2.400000,9.810000,0.900000,30.000000,60.000000,6.000000,-1.788011,-0.615661,1.500000,-1.764621,-0.610535,1.486561,0.429813,-0.550135,0.000000,0.435101,-0.574852,-0.001168,0.999782,-0.018950,0.008743,0.000166,-0.023275,-0.028997,-0.001100,0.427405,0.339668,0.000982,23.544357,23.544357,23.549298,0.500113,0.614317,-0.076999,0.022509,0.933231
28.500000,1,0,0,2.400000,9.810000,0.900000,30.000000,60.000000,6.000000,-1.766044,-0.642788,1.500000,-1.742391,-0.638862,1.486483,0.448750,-0.534800,0.000000,0.453973,-0.558146,-0.001972,0.999777,-0.019530,0.007982,0.000156,-0.023148,-0.031782,-0.001242,0.367657,0.346407,0.006301,23.549298,23.549298,23.554569,0.500224,0.506644,-0.088313,0.030791,0.933590
28.550000,1,0,0,2.400000,9.810000,0.900000,30.000000,60.000000,6.000000,-1.743145,-0.669131,1.500000,-1.719235,-0.666340,1.486364,0.467141,-0.518813,0.000000,0.472138,-0.540870,-0.002762,0.999772,-0.020108,0.007154,0.000144,-0.023124,-0.034447,-0.001386,0.388654,0.343651,-0.005344,23.554569,23.554569,23.560185,0.500344,0.595977,-0.122351,-0.001935,0.933944
28.600000,1,0,0,2.400000,9.810000,0.900000,30.000000,60.000000,6.000000,-1.719340,-0.694658,1.500000,-1.695189,-0.692940,1.486207,0.484963,-0.502194,0.000000,0.489578,-0.523066,-0.003533,0.999766,-0.020687,0.006260,0.000130,-0.023191,-0.036974,-0.001531,0.344595,0.350395,-0.017009,23.560185,23.560185,23.566156,0.500471,0.532248,-0.133641,-0.034994,0.934289
28.650000,1,0,0,2.400000,9.810000,0.900000,30.000000,60.000000,6.000000,-1.694658,-0.719340,1.500000,-1.670290,-0.718638,1.486011,0.502194,-0.484963,0.000000,0.506280,-0.504771,-0.004278,0.999760,-0.021268,0.005305,0.000113,-0.023335,-0.039347,-0.001675,0.338379,0.368376,-0.033483,23.566156,23.566156,23.572494,0.500605,0.562245,-0.118114,-0.079870,0.934622
28.700000,1,0,0,2.400000,9.810000,0.900000,30.000000,60.000000,6.000000,-1.669131,-0.743145,1.500000,-1.644574,-0.743410,1.485780,0.518813,-0.467141,0.000000,0.522231,-0.486025,-0.004992,0.999752,-0.021854,0.004293,0.000094,-0.023541,-0.041552,-0.001817,0.317214,0.381414,-0.041397,23.572494,23.572494,23.579202,0.500748,0.559084,-0.114686,-0.104461,0.934940
28.750000,1,0,0,2.400000,9.810000,0.900000,30.000000,60.000000,6.000000,-1.642788,-0.766044,1.500000,-1.618079,-0.767234,1.485513,0.534800,-0.448750,0.000000,0.537420,-0.466865,-0.005668,0.999743,-0.022446,0.003227,0.000072,-0.023791,-0.043575,-0.001958,0.317288,0.403277,-0.048706,23.579202,23.579202,23.586286,0.500898,0.609413,-0.090379,-0.127847,0.935238
28.800000,1,0,0,2.400000,9.810000,0.900000,30.000000,60.000000,6.000000,-1.615661,-0.788011,1.500000,-1.590845,-0.790090,1.485213,0.550135,-0.429813,0.000000,0.551839,-0.447327,-0.006301,0.999732,-0.023044,0.002114,0.000049,-0.024069,-0.045405,-0.002094,0.283325,0.393137,-0.036375,23.586286,23.586286,23.593743,0.501056,0.580348,-0.143221,-0.104326,0.935514
28.850000,1,0,0,2.400000,9.810000,0.900000,30.000000,60.000000,6.000000,-1.587785,-0.809017,1.500000,-1.562908,-0.811961,1.484884,0.564800,-0.410352,0.000000,0.565481,-0.427446,-0.006885,0.999720,-0.023649,0.000957,0.000023,-0.024358,-0.047031,-0.002226,0.274156,0.407848,-0.031238,23.593743,23.593743,23.601568,0.501223,0.612859,-0.136791,-0.098280,0.935765
28.900000,1,0,0,2.400000,9.810000,0.900000,30.000000,60.000000,6.000000,-1.559193,-0.829038,1.500000,-1.534310,-0.832830,1.484526,0.578777,-0.390390,0.000000,0.578342,-0.407255,-0.007415,0.999706,-0.024261,-0.000238,-0.000006,-0.024639,-0.048445,-0.002353,0.275308,0.430012,-0.041732,23.601568,23.601568,23.609752,0.501396,0.671965,-0.112845,-0.129937,0.935987
28.950000,1,0,0,2.400000,9.810000,0.900000,30.000000,60.000000,6.000000,-1.529919,-0.848048,1.500000,-1.505087,-0.852682,1.484143,0.592049,-0.369953,0.000000,0.590418,-0.386784,-0.007888,0.999689,-0.024880,-0.001466,-0.000036,-0.024894,-0.049639,-0.002472,0.224380,0.440483,-0.026706,23.609752,23.609752,23.618280,0.501577,0.607655,-0.117318,-0.100515,0.936178
29.000000,1,0,0,2.400000,9.810000,0.900000,30.000000,60.000000,6.000000,-1.500000,-0.866025,1.500000,-1.475281,-0.871504,1.483738,0.604600,-0.349066,0.000000,0.601710,-0.366063,-0.008298,0.999671,-0.025505,-0.002720,-0.000069,-0.025107,-0.050609,-0.002584,0.247024,0.453289,-0.021666,23.618280,23.618280,23.627133,0.501765,0.721232,-0.116497,-0.095201,0.936335
29.050000,1,0,0,2.400000,9.810000,0.900000,30.000000,60.000000,6.000000,-1.469472,-0.882948,1.500000,-1.444929,-0.889284,1.483314,0.616414,-0.327753,0.000000,0.612216,-0.345119,-0.008642,0.999650,-0.026135,-0.003997,-0.000104,-0.025260,-0.051351,-0.002687,0.188011,0.475818,-0.037100,23.627133,23.627133,23.636286,0.501960,0.639886,-0.092597,-0.139143,0.936455
29.100000,1,0,0,2.400000,9.810000,0.900000,30.000000,60.000000,6.000000,-1.438371,-0.898794,1.500000,-1.414072,-0.906012,1.482875,0.627477,-0.306041,0.000000,0.621938,-0.323976,-0.008918,0.999628,-0.026767,-0.005289,-0.000142,-0.025337,-0.051865,-0.002780,0.170055,0.469610,-0.054648,23.636286,23.636286,23.645710,0.502160,0.657860,-0.137839,-0.188250,0.936537
29.150000,1,0,0,2.400000,9.810000,0.900000,30.000000,60.000000,6.000000,-1.406737,-0.913545,1.500000,-1.382749,-0.921679,1.482424,0.637775,-0.283956,0.000000,0.630881,-0.302658,-0.009121,0.999603,-0.027400,-0.006590,-0.000181,-0.025323,-0.052150,-0.002861,0.120824,0.472990,-0.063407,23.645710,23.645710,23.655368,0.502365,0.601294,-0.160144,-0.216329,0.936578
29.200000,1,0,0,2.400000,9.810000,0.900000,30.000000,60.000000,6.000000,-1.374607,-0.927184,1.500000,-1.350997,-0.936276,1.481964,0.647296,-0.261525,0.000000,0.639047,-0.281186,-0.009250,0.999576,-0.028031,-0.007897,-0.000221,-0.025204,-0.052209,-0.002931,0.079847,0.487579,-0.073854,23.655368,23.655368,23.665223,0.502574,0.564783,-0.155507,-0.248492,0.936576
29.250000,1,0,0,2.400000,9.810000,0.900000,30.000000,60.000000,6.000000,-1.342020,-0.939693,1.500000,-1.318857,-0.949795,1.481500,0.656029,-0.238775,0.000000,0.646442,-0.259579,-0.009304,0.999547,-0.028658,-0.009202,-0.000264,-0.024969,-0.052047,-0.002987,0.063699,0.484962,-0.076864,23.665223,23.665223,23.675229,0.502787,0.587848,-0.191988,-0.262817,0.936531
29.300000,1,0,0,2.400000,9.810000,0.900000,30.000000,60.000000,6.000000,-1.309017,-0.951057,1.500000,-1.286366,-0.962232,1.481035,0.663963,-0.215735,0.000000,0.653072,-0.237852,-0.009281,0.999516,-0.029277,-0.010500,-0.000308,-0.024607,-0.051669,-0.003030,0.055640,0.488610,-0.078748,23.675229,23.675229,23.685338,0.503002,0.630054,-0.213113,-0.274416,0.936439
29.350000,1,0,0,2.400000,9.810000,0.900000,30.000000,60.000000,6.000000,-1.275637,-0.961262,1.500000,-1.253562,-0.973579,1.480573,0.671087,-0.192431,0.000000,0.658944,-0.216022,-0.009181,0.999484,-0.029886,-0.011786,-0.000352,-0.024109,-0.051083,-0.003058,0.040929,0.480263,-0.020281,23.685338,23.685338,23.695499,0.503217,0.655771,-0.262546,-0.141123,0.936302
29.400000,1,0,0,2.400000,9.810000,0.900000,30.000000,60.000000,6.000000,-1.241922,-0.970296,1.500000,-1.220484,-0.983832,1.480118,0.677394,-0.168893,0.000000,0.664066,-0.194101,-0.009003,0.999450,-0.030480,-0.013055,-0.000398,-0.023468,-0.050299,-0.003071,0.020145,0.516412,-0.037133,23.695499,23.695499,23.705656,0.503433,0.666144,-0.204544,-0.188513,0.936116
29.450000,1,0,0,2.400000,9.810000,0.900000,30.000000,60.000000,6.000000,-1.207912,-0.978148,1.500000,-1.187168,-0.992988,1.479674,0.682876,-0.145150,0.000000,0.668446,-0.172101,-0.008748,0.999415,-0.031056,-0.014303,-0.000444,-0.022679,-0.049328,-0.003069,0.042375,0.490929,-0.037096,23.705656,23.705656,23.715750,0.503647,0.778753,-0.293632,-0.195260,0.935883
29.500000,1,0,0,2.400000,9.810000,0.900000,30.000000,60.000000,6.000000,-1.173648,-0.984808,1.500000,-1.153651,-1.001041,1.479245,0.687526,-0.121229,0.000000,0.672091,-0.150031,-0.008418,0.999380,-0.031611,-0.015523,-0.000491,-0.021739,-0.048182,-0.003051,0.050564,0.533322,-0.038558,23.715750,23.715750,23.725724,0.503859,0.856449,-0.218814,-0.205463,0.935602
29.550000,1,0,0,2.400000,9.810000,0.900000,30.000000,60.000000,6.000000,-1.139173,-0.990268,1.500000,-1.119971,-1.007990,1.478834,0.691338,-0.097161,0.000000,0.675011,-0.127900,-0.008014,0.999343,-0.032140,-0.016713,-0.000538,-0.020647,-0.046875,-0.003018,0.047820,0.534603,0.005044,23.725724,23.725724,23.735516,0.504067,0.906491,-0.241476,-0.107347,0.935273
29.600000,1,0,0,2.400000,9.810000,0.900000,30.000000,60.000000,6.000000,-1.104528,-0.994522,1.500000,-1.086162,-1.013830,1.478445,0.694307,-0.072975,0.000000,0.677215,-0.105715,-0.007538,0.999307,-0.032640,-0.017868,-0.000584,-0.019406,-0.045421,-0.002970,0.014502,0.527086,0.018497,23.735516,23.735516,23.745066,0.504270,0.881547,-0.283878,-0.081391,0.934896
29.650000,1,0,0,2.400000,9.810000,0.900000,30.000000,60.000000,6.000000,-1.069756,-0.997564,1.500000,-1.052261,-1.018561,1.478081,0.696431,-0.048699,0.000000,0.678710,-0.083482,-0.006993,0.999271,-0.033107,-0.018986,-0.000629,-0.018017,-0.043838,-0.002908,-0.012227,0.510081,-0.025191,23.745066,23.745066,23.754313,0.504466,0.870648,-0.347494,-0.192351,0.934471
29.700000,1,0,0,2.400000,9.810000,0.900000,30.000000,60.000000,6.000000,-1.034899,-0.999391,1.500000,-1.018303,-1.022178,1.477746,0.697706,-0.024364,0.000000,0.679507,-0.061207,-0.006382,0.999236,-0.033538,-0.020062,-0.000673,-0.016487,-0.042142,-0.002832,0.024821,0.513077,-0.018767,23.754313,23.754313,23.763200,0.504655,1.010893,-0.361374,-0.182796,0.934000
29.750000,1,0,0,2.400000,9.810000,0.900000,30.000000,60.000000,6.000000,-1.000000,-1.000000,1.500000,-0.984322,-1.024681,1.477444,0.698132,-0.000000,0.000000,0.679613,-0.038896,-0.005709,0.999201,-0.033928,-0.021095,-0.000716,-0.014821,-0.040350,-0.002743,0.023457,0.481281,-0.039731,23.763200,23.763200,23.771671,0.504835,1.056897,-0.456851,-0.238697,0.933483
29.800000,1,0,0,2.400000,9.810000,0.900000,30.000000,60.000000,6.000000,-0.965101,-0.999391,1.500000,-0.950353,-1.026067,1.477176,0.697706,0.024364,0.000000,0.679037,-0.016551,-0.004979,0.999168,-0.034276,-0.022081,-0.000757,-0.013030,-0.038481,-0.002643,0.010554,0.474249,-0.028277,23.771671,23.771671,23.779671,0.505005,1.073048,-0.490827,-0.216498,0.932923
29.850000,1,0,0,2.400000,9.810000,0.900000,30.000000,60.000000,6.000000,-0.930244,-0.997564,1.500000,-0.916429,-1.026335,1.476947,0.696431,0.048699,0.000000,0.677786,0.005821,-0.004195,0.999137,-0.034577,-0.023021,-0.000797,-0.011123,-0.036553,-0.002533,-0.005190,0.481113,-0.041352,23.779671,23.779671,23.787153,0.505164,1.080137,-0.489239,-0.252852,0.932319
29.900000,1,0,0,2.400000,9.810000,0.900000,30.000000,60.000000,6.000000,-0.895472,-0.994522,1.500000,-0.882585,-1.025484,1.476758,0.694307,0.072975,0.000000,0.675868,0.028217,-0.003362,0.999107,-0.034829,-0.023911,-0.000834,-0.009113,-0.034585,-0.002414,-0.026845,0.480377,0.000580,23.787153,23.787153,23.794072,0.505311,1.070732,-0.503536,-0.156850,0.931675
29.950000,1,0,0,2.400000,9.810000,0.900000,30.000000,60.000000,6.000000,-0.860827,-0.990268,1.500000,-0.848854,-1.023513,1.476611,0.691338,0.097161,0.000000,0.673290,0.050631,-0.002487,0.999079,-0.035030,-0.024752,-0.000868,-0.007012,-0.032596,-0.002289,-0.014086,0.469974,0.003471,23.794072,23.794072,23.800389,0.505445,1.141567,-0.538563,-0.154192,0.930993
30.000000,1,0,0,2.400000,9.810000,0.900000,30.000000,60.000000,6.000000,-0.826352,-0.984808,1.500000,-0.815267,-1.020421,1.476510,0.687526,0.121229,0.000000,0.670058,0.073057,-0.001574,0.999054,-0.035177,-0.025543,-0.000899,-0.004834,-0.030604,-0.002158,-0.046204,0.473998,0.004832,23.800389,23.800389,23.806070,0.505566,1.102327,-0.536386,-0.154831,0.930273
30.050000,1,0,0,2.400000,9.810000,0.900000,30.000000,60.000000,6.000000,-0.792088,-0.978148,1.500000,-0.781859,-1.016208,1.476454,0.682876,0.145150,0.000000,0.666178,0.095489,-0.000631,0.999032,-0.035270,-0.026285,-0.000928,-0.002596,-0.028628,-0.002024,-0.067317,0.482314,-0.000700,23.806070,23.806070,23.811089,0.505672,1.087133,-0.521244,-0.171629,0.929520
30.100000,1,0,0,2.400000,9.810000,0.900000,30.000000,60.000000,6.000000,-0.758078,-0.970296,1.500000,-0.748660,-1.010872,1.476447,0.677394,0.168893,0.000000,0.661655,0.117919,0.000339,0.999012,-0.035305,-0.026977,-0.000953,-0.000312,-0.026686,-0.001889,-0.081725,0.456979,0.028757,23.811089,23.811089,23.815424,0.505764,1.085686,-0.584131,-0.104054,0.928736
30.150000,1,0,0,2.400000,9.810000,0.900000,30.000000,60.000000,6.000000,-0.724363,-0.961262,1.500000,-0.715704,-1.004416,1.476489,0.671087,0.192431,0.000000,0.656494,0.140339,0.001327,0.998995,-0.035284,-0.027621,-0.000976,0.002000,-0.024795,-0.001754,-0.110596,0.502706,0.019484,23.815424,23.815424,23.819062,0.505841,1.047230,-0.473691,-0.129027,0.927924
30.200000,1,0,0,2.400000,9.810000,0.900000,30.000000,60.000000,6.000000,-0.690983,-0.951057,1.500000,-0.683021,-0.996839,1.476580,0.663963,0.215735,0.000000,0.650698,0.162738,0.002327,0.998981,-0.035204,-0.028219,-0.000994,0.004325,-0.022971,-0.001621,-0.137739,0.500174,0.002568,23.819062,23.819062,23.821995,0.505904,1.010694,-0.476267,-0.171925,0.927086
30.250000,1,0,0,2.400000,9.810000,0.900000,30.000000,60.000000,6.000000,-0.657980,-0.939693,1.500000,-0.650645,-0.988142,1.476721,0.656029,0.238775,0.000000,0.644272,0.185105,0.003333,0.998970,-0.035067,-0.028772,-0.001010,0.006646,-0.021231,-0.001492,-0.149369,0.444819,0.020737,23.821995,23.821995,23.824224,0.505951,1.009246,-0.602807,-0.130198,0.926226
30.300000,1,0,0,2.400000,9.810000,0.900000,30.000000,60.000000,6.000000,-0.625393,-0.927184,1.500000,-0.618605,-0.978329,1.476913,0.647296,0.261525,0.000000,0.637217,0.207424,0.004338,0.998962,-0.034871,-0.029283,-0.001022,0.008945,-0.019588,-0.001369,-0.145440,0.456723,0.007152,23.824224,23.824224,23.825755,0.505984,1.043101,-0.565129,-0.164259,0.925347
30.350000,1,0,0,2.400000,9.810000,0.900000,30.000000,60.000000,6.000000,-0.593263,-0.913545,1.500000,-0.586933,-0.967401,1.477155,0.637775,0.283956,0.000000,0.629537,0.229682,0.005335,0.998957,-0.034619,-0.029755,-0.001031,0.011208,-0.018057,-0.001253,-0.176450,0.423392,0.011065,23.825755,23.825755,23.826600,0.506002,0.991190,-0.633249,-0.155903,0.924454
30.400000,1,0,0,2.400000,9.810000,0.900000,30.000000,60.000000,6.000000,-0.561629,-0.898794,1.500000,-0.555661,-0.955362,1.477447,0.627477,0.306041,0.000000,0.621232,0.251861,0.006319,0.998955,-0.034311,-0.030189,-0.001037,0.013418,-0.016649,-0.001145,-0.161013,0.408826,-0.001411,23.826600,23.826600,23.826779,0.506005,1.048972,-0.653626,-0.186456,0.923548
30.450000,1,0,0,2.400000,9.810000,0.900000,30.000000,60.000000,6.000000,-0.530528,-0.882948,1.500000,-0.524820,-0.942217,1.477787,0.616414,0.327753,0.000000,0.612305,0.273940,0.007281,0.998955,-0.033949,-0.030590,-0.001040,0.015561,-0.015375,-0.001046,-0.168539,0.426012,-0.018307,23.826779,23.826779,23.826316,0.505996,1.050018,-0.595164,-0.227204,0.922635
30.500000,1,0,0,2.400000,9.810000,0.900000,30.000000,60.000000,6.000000,-0.500000,-0.866025,1.500000,-0.494441,-0.927970,1.478174,0.604600,0.349066,0.000000,0.602755,0.295898,0.008217,0.998957,-0.033534,-0.030961,-0.001039,0.017622,-0.014244,-0.000957,-0.175711,0.386725,0.023914,23.826316,23.826316,23.825242,0.505973,1.050454,-0.669690,-0.125659,0.921717
30.550000,1,0,0,2.400000,9.810000,0.900000,30.000000,60.000000,6.000000,-0.470081,-0.848048,1.500000,-0.464555,-0.912629,1.478608,0.592049,0.369953,0.000000,0.592585,0.317712,0.009119,0.998962,-0.033068,-0.031305,-0.001036,0.019590,-0.013265,-0.000879,-0.178447,0.370179,0.038631,23.825242,23.825242,23.823591,0.505938,1.060251,-0.687204,-0.089724,0.920799
30.600000,1,0,0,2.400000,9.810000,0.900000,30.000000,60.000000,6.000000,-0.440807,-0.829038,1.500000,-0.435193,-0.896202,1.479085,0.578777,0.390390,0.000000,0.581793,0.339355,0.009982,0.998969,-0.032555,-0.031627,-0.001031,0.021453,-0.012442,-0.000812,-0.180026,0.378892,0.030531,23.823591,23.823591,23.821402,0.505891,1.071725,-0.641781,-0.108157,0.919884
30.650000,1,0,0,2.400000,9.810000,0.900000,30.000000,60.000000,6.000000,-0.412215,-0.809017,1.500000,-0.406386,-0.878697,1.479605,0.564800,0.410352,0.000000,0.570381,0.360799,0.010799,0.998977,-0.031997,-0.031930,-0.001023,0.023200,-0.011781,-0.000755,-0.167590,0.372113,0.050070,23.821402,23.821402,23.818717,0.505834,1.115922,-0.631357,-0.059882,0.918976
30.700000,1,0,0,2.400000,9.810000,0.900000,30.000000,60.000000,6.000000,-0.384339,-0.788011,1.500000,-0.378165,-0.860126,1.480165,0.550135,0.429813,0.000000,0.558349,0.382014,0.011567,0.998987,-0.031397,-0.032219,-0.001013,0.024824,-0.011283,-0.000710,-0.197795,0.374689,0.040519,23.818717,23.818717,23.815582,0.505768,1.057064,-0.596452,-0.081061,0.918079
30.750000,1,0,0,2.400000,9.810000,0.900000,30.000000,60.000000,6.000000,-0.357212,-0.766044,1.500000,-0.350562,-0.840500,1.480761,0.534800,0.448750,0.000000,0.545698,0.402968,0.012279,0.998998,-0.030758,-0.032498,-0.001001,0.026317,-0.010949,-0.000675,-0.225483,0.367894,0.058061,23.815582,23.815582,23.812045,0.505692,1.003727,-0.582159,-0.036873,0.917197
30.800000,1,0,0,2.400000,9.810000,0.900000,30.000000,60.000000,6.000000,-0.330869,-0.743145,1.500000,-0.323606,-0.819834,1.481391,0.518813,0.467141,0.000000,0.532428,0.423626,0.012931,0.999010,-0.030083,-0.032770,-0.000987,0.027675,-0.010780,-0.000650,-0.214284,0.332257,0.044291,23.812045,23.812045,23.808154,0.505610,1.043393,-0.635374,-0.067505,0.916334
30.850000,1,0,0,2.400000,9.810000,0.900000,30.000000,60.000000,6.000000,-0.305342,-0.719340,1.500000,-0.297329,-0.798143,1.482053,0.502194,0.484963,0.000000,0.518540,0.443953,0.013518,0.999022,-0.029376,-0.033040,-0.000972,0.028895,-0.010770,-0.000634,-0.260468,0.320353,0.041603,23.808154,23.808154,23.803961,0.505521,0.945212,-0.630086,-0.071238,0.915492
30.900000,1,0,0,2.400000,9.810000,0.900000,30.000000,60.000000,6.000000,-0.280660,-0.694658,1.500000,-0.271762,-0.775445,1.482742,0.484963,0.502194,0.000000,0.504036,0.463912,0.014038,0.999034,-0.028640,-0.033311,-0.000955,0.029974,-0.010917,-0.000626,-0.289820,0.326448,0.048331,23.803961,23.803961,23.799517,0.505426,0.887489,-0.580224,-0.052087,0.914676
30.950000,1,0,0,2.400000,9.810000,0.900000,30.000000,60.000000,6.000000,-0.256855,-0.669131,1.500000,-0.246936,-0.751759,1.483455,0.467141,0.518813,0.000000,0.488917,0.483463,0.014486,0.999046,-0.027879,-0.033589,-0.000937,0.030912,-0.011213,-0.000626,-0.315049,0.292322,0.038335,23.799517,23.799517,23.794872,0.505328,0.839903,-0.625688,-0.072815,0.913889
31.000000,1,0,0,2.400000,9.810000,0.900000,30.000000,60.000000,6.000000,-0.233956,-0.642788,1.500000,-0.222881,-0.727106,1.484189,0.448750,0.534800,0.000000,0.473188,0.502567,0.014860,0.999058,-0.027101,-0.033871,-0.000919,0.018065,-0.000337,-0.000018,-0.348424,0.272473,0.023668,23.794872,23.794872,23.790232,0.505229,0.773001,-0.636075,-0.104516,0.913135
31.050000,1,0,0,2.400000,9.810000,0.900000,30.000000,60.000000,6.000000,-0.211990,-0.615663,1.500000,-0.199623,-0.701505,1.484940,0.429749,0.550052,0.000000,0.457042,0.521441,0.015157,0.999068,-0.026732,-0.033881,-0.000907,0.025317,-0.010970,-0.000587,-0.352991,0.302617,0.011905,23.790232,23.790232,23.785668,0.505132,0.762254,-0.545918,-0.129038,0.912416
31.100000,1,0,0,2.400000,9.810000,0.900000,30.000000,60.000000,6.000000,-0.190995,-0.587802,1.500000,-0.177186,-0.674968,1.485704,0.409888,0.564138,0.000000,0.440337,0.539961,0.015376,0.999075,-0.025831,-0.034374,-0.000889,0.046700,-0.027353,-0.001415,-0.352833,0.281148,-0.004178,23.785668,23.785668,23.780936,0.505032,0.785803,-0.554399,-0.163745,0.911736
31.150000,1,0,0,2.400000,9.810000,0.900000,30.000000,60.000000,6.000000,-0.171019,-0.559276,1.500000,-0.155605,-0.647524,1.486477,0.388981,0.576563,0.000000,0.422689,0.557568,0.015516,0.999082,-0.024404,-0.035204,-0.000860,0.067362,-0.038019,-0.001858,-0.392587,0.246465,0.000991,23.780936,23.780936,23.775940,0.504926,0.729621,-0.569561,-0.147287,0.911097
31.200000,1,0,0,2.400000,9.810000,0.900000,30.000000,60.000000,6.000000,-0.152115,-0.530181,1.500000,-0.134937,-0.619235,1.487254,0.366968,0.586868,0.000000,0.403858,0.573722,0.015576,0.999090,-0.022476,-0.036235,-0.000815,0.086646,-0.043481,-0.001957,-0.437556,0.223142,-0.035274,23.775940,23.775940,23.770684,0.504814,0.670459,-0.533685,-0.230142,0.910502
31.250000,1,0,0,2.400000,9.810000,0.900000,30.000000,60.000000,6.000000,-0.134340,-0.500632,1.500000,-0.115241,-0.590185,1.488033,0.343897,0.594644,0.000000,0.383738,0.587912,0.015555,0.999100,-0.020090,-0.037343,-0.000751,0.103968,-0.044324,-0.001783,-0.444948,0.132971,-0.027069,23.770684,23.770684,23.765230,0.504698,0.705158,-0.636463,-0.206164,0.909954
31.300000,1,0,0,2.400000,9.810000,0.900000,30.000000,60.000000,6.000000,-0.117741,-0.470765,1.500000,-0.096584,-0.560484,1.488808,0.319910,0.599542,0.000000,0.362340,0.599672,0.015455,0.999112,-0.017302,-0.038422,-0.000665,0.118823,-0.041206,-0.001428,-0.438596,0.103651,-0.015233,23.765230,23.765230,23.759668,0.504580,0.771399,-0.574072,-0.173395,0.909455
31.350000,1,0,0,2.400000,9.810000,0.900000,30.000000,60.000000,6.000000,-0.102360,-0.440730,1.500000,-0.079027,-0.530265,1.489577,0.295223,0.601284,0.000000,0.339778,0.608599,0.015276,0.999124,-0.014177,-0.039380,-0.000559,0.130804,-0.034845,-0.000989,-0.436098,0.062032,-0.063398,23.759668,23.759668,23.754095,0.504462,0.822652,-0.525260,-0.284580,0.909007
31.400000,1,0,0,2.400000,9.810000,0.900000,30.000000,60.000000,6.000000,-0.088226,-0.410692,1.500000,-0.062622,-0.499677,1.490335,0.270111,0.599670,0.000000,0.316248,0.614355,0.015020,0.999135,-0.010792,-0.040146,-0.000434,0.139613,-0.025999,-0.000562,-0.480394,0.020114,-0.048370,23.754095,23.754095,23.748600,0.504345,0.752449,-0.464842,-0.244080,0.908611
31.450000,1,0,0,2.400000,9.810000,0.900000,30.000000,60.000000,6.000000,-0.075351,-0.380821,1.500000,-0.047414,-0.468886,1.491078,0.244881,0.594580,0.000000,0.292010,0.616685,0.014689,0.999147,-0.007230,-0.040668,-0.000294,0.145065,-0.015443,-0.000223,-0.494368,-0.019722,-0.051905,23.748600,23.748600,23.743252,0.504231,0.743371,-0.391001,-0.248134,0.908270
31.500000,1,0,0,2.400000,9.810000,0.900000,30.000000,60.000000,6.000000,-0.063734,-0.351293,1.500000,-0.033428,-0.438069,1.491802,0.219862,0.585975,0.000000,0.267367,0.615415,0.014285,0.999156,-0.003574,-0.040912,-0.000146,0.147101,-0.003939,-0.000028,-0.503200,-0.110675,-0.014425,23.743252,23.743252,23.738096,0.504122,0.733417,-0.435458,-0.153782,0.907984
31.550000,1,0,0,2.400000,9.810000,0.900000,30.000000,60.000000,6.000000,-0.053356,-0.322282,1.500000,-0.020678,-0.407406,1.492505,0.195382,0.573898,0.000000,0.242651,0.610454,0.013813,0.999165,0.000091,-0.040864,0.000004,0.145776,0.007786,-0.000001,-0.486249,-0.200290,0.009476,23.738096,23.738096,23.733151,0.504017,0.771441,-0.476365,-0.092074,0.907755
31.600000,1,0,0,2.400000,9.810000,0.900000,30.000000,60.000000,6.000000,-0.044182,-0.293959,1.500000,-0.009159,-0.377085,1.493182,0.171754,0.558466,0.000000,0.218196,0.601798,0.013275,0.999172,0.003683,-0.040527,0.000149,0.141258,0.019073,-0.000141,-0.464491,-0.256412,-0.003345,23.733151,23.733151,23.728408,0.503916,0.807248,-0.440449,-0.118576,0.907583
31.650000,1,0,0,2.400000,9.810000,0.900000,30.000000,60.000000,6.000000,-0.036162,-0.266488,1.500000,0.001151,-0.347287,1.493832,0.149265,0.539865,0.000000,0.194329,0.589524,0.012676,0.999178,0.007124,-0.039918,0.000285,0.133809,0.029348,-0.000419,-0.451416,-0.315253,0.010502,23.728408,23.728408,23.723838,0.503819,0.809347,-0.418264,-0.081173,0.907468
31.700000,1,0,0,2.400000,9.810000,0.900000,30.000000,60.000000,6.000000,-0.029232,-0.240021,1.500000,0.010289,-0.318190,1.494449,0.128160,0.518344,0.000000,0.171351,0.573781,0.012020,0.999183,0.010346,-0.039071,0.000405,0.123766,0.038144,-0.000790,-0.448847,-0.371692,0.004428,23.723838,23.723838,23.719390,0.503725,0.774865,-0.400801,-0.091702,0.907412
31.750000,1,0,0,2.400000,9.810000,0.900000,30.000000,60.000000,6.000000,-0.023319,-0.214697,1.500000,0.018306,-0.289963,1.495033,0.108637,0.494201,0.000000,0.149526,0.554786,0.011312,0.999188,0.013290,-0.038025,0.000506,0.111521,0.045112,-0.001200,-0.429530,-0.427680,-0.018473,23.719390,23.719390,23.715001,0.503632,0.771207,-0.395583,-0.142754,0.907414
31.800000,1,0,0,2.400000,9.810000,0.900000,30.000000,60.000000,6.000000,-0.018340,-0.190639,1.500000,0.025264,-0.262761,1.495580,0.090843,0.467778,0.000000,0.129074,0.532816,0.010557,0.999195,0.015904,-0.036830,0.000586,0.097500,0.050025,-0.001593,-0.391902,-0.490937,-0.008158,23.715001,23.715001,23.710605,0.503538,0.804452,-0.423493,-0.114246,0.907473
31.850000,1,0,0,2.400000,9.810000,0.900000,30.000000,60.000000,6.000000,-0.014205,-0.167951,1.500000,0.031239,-0.236726,1.496088,0.074869,0.439446,0.000000,0.110160,0.508191,0.009761,0.999203,0.018151,-0.035540,0.000646,0.082138,0.052778,-0.001918,-0.335338,-0.520095,-0.026514,23.710605,23.710605,23.706138,0.503443,0.878626,-0.387078,-0.154719,0.907589
31.900000,1,0,0,2.400000,9.810000,0.900000,30.000000,60.000000,6.000000,-0.010822,-0.146720,1.500000,0.036308,-0.211980,1.496555,0.060754,0.409600,0.000000,0.092897,0.481272,0.008930,0.999214,0.020002,-0.034207,0.000685,0.065861,0.053384,-0.002138,-0.266571,-0.623046,-0.024476,23.706138,23.706138,23.701546,0.503346,0.980143,-0.546605,-0.146432,0.907761
31.950000,1,0,0,2.400000,9.810000,0.900000,30.000000,60.000000,6.000000,-0.008099,-0.127010,1.500000,0.040557,-0.188630,1.496980,0.048484,0.378645,0.000000,0.077343,0.452444,0.008070,0.999229,0.021439,-0.032885,0.000706,0.049072,0.051959,-0.002231,-0.241994,-0.686290,-0.047856,23.701546,23.701546,23.696794,0.503245,0.976154,-0.630500,-0.199348,0.907988
32.000000,1,0,0,2.400000,9.810000,0.900000,30.000000,60.000000,6.000000,-0.005944,-0.108867,1.500000,0.044071,-0.166761,1.497362,0.038002,0.346991,0.000000,0.063501,0.422112,0.007187,0.999247,0.022454,-0.031622,0.000711,0.032137,0.048707,-0.002190,-0.232648,-0.717389,-0.065732,23.696794,23.696794,23.691870,0.503140,0.938455,-0.657280,-0.239263,0.908269
32.050000,1,0,0,2.400000,9.810000,0.900000,30.000000,60.000000,6.000000,-0.004270,-0.092316,1.500000,0.046935,-0.146437,1.497699,0.029208,0.315044,0.000000,0.051330,0.390686,0.006288,0.999270,0.023048,-0.030461,0.000703,0.015379,0.043904,-0.002026,-0.207556,-0.725727,-0.063253,23.691870,23.691870,23.686790,0.503032,0.943401,-0.649430,-0.230541,0.908601
32.100000,1,0,0,2.400000,9.810000,0.900000,30.000000,60.000000,6.000000,-0.002997,-0.077361,1.500000,0.049230,-0.127704,1.497990,0.021974,0.283200,0.000000,0.040746,0.358580,0.005379,0.999297,0.023228,-0.029436,0.000684,-0.000922,0.037876,-0.001762,-0.148299,-0.692475,-0.053338,23.686790,23.686790,23.681598,0.502922,1.036839,-0.561365,-0.204192,0.908984
32.150000,1,0,0,2.400000,9.810000,0.900000,30.000000,60.000000,6.000000,-0.002049,-0.063988,1.500000,0.051034,-0.110584,1.498236,0.016148,0.251837,0.000000,0.031631,0.326198,0.004466,0.999327,0.023009,-0.028574,0.000658,-0.016531,0.030976,-0.001427,-0.130954,-0.740652,-0.043397,23.681598,23.681598,23.676370,0.502811,1.037427,-0.687632,-0.178006,0.909415
32.200000,1,0,0,2.400000,9.810000,0.900000,30.000000,60.000000,6.000000,-0.001361,-0.052163,1.500000,0.052415,-0.095082,1.498437,0.011560,0.221313,0.000000,0.023844,0.293936,0.003558,0.999360,0.022410,-0.027891,0.000625,-0.031248,0.023572,-0.001058,-0.114389,-0.716237,-0.041156,23.676370,23.676370,23.671204,0.502701,1.044691,-0.657626,-0.170525,0.909891
32.250000,1,0,0,2.400000,9.810000,0.900000,30.000000,60.000000,6.000000,-0.000876,-0.041837,1.500000,0.053438,-0.081182,1.498592,0.008038,0.191963,0.000000,0.017226,0.262169,0.002659,0.999394,0.021457,-0.027397,0.000588,-0.044905,0.016019,-0.000688,-0.109443,-0.687539,-0.067192,23.671204,23.671204,23.666219,0.502596,1.032992,-0.634118,-0.231133,0.910410
32.300000,1,0,0,2.400000,9.810000,0.900000,30.000000,60.000000,6.000000,-0.000543,-0.032942,1.500000,0.054155,-0.068851,1.498703,0.005408,0.164090,0.000000,0.011611,0.231253,0.001777,0.999429,0.020177,-0.027090,0.000547,-0.057356,0.008649,-0.000349,-0.098867,-0.647567,-0.051786,23.666219,23.666219,23.661548,0.502496,1.043699,-0.598973,-0.192500,0.910969
32.350000,1,0,0,2.400000,9.810000,0.900000,30.000000,60.000000,6.000000,-0.000323,-0.025399,1.500000,0.054613,-0.058037,1.498770,0.003505,0.137967,0.000000,0.006834,0.201518,0.000918,0.999463,0.018602,-0.026962,0.000502,-0.068467,0.001754,-0.000065,-0.081573,-0.627423,-0.053367,23.661548,23.661548,23.657326,0.502407,1.079024,-0.625328,-0.194851,0.911566
32.400000,1,0,0,2.400000,9.810000,0.900000,30.000000,60.000000,6.000000,-0.000183,-0.019112,1.500000,0.054849,-0.048674,1.498795,0.002176,0.113831,0.000000,0.002738,0.173266,0.000087,0.999495,0.016768,-0.026998,0.000453,-0.078110,-0.004424,0.000148,-0.053127,-0.603516,-0.042535,23.657326,23.657326,23.653679,0.502329,1.148889,-0.654897,-0.167619,0.912197
32.450000,1,0,0,2.400000,9.810000,0.900000,30.000000,60.000000,6.000000,-0.000098,-0.013979,1.500000,0.054895,-0.040681,1.498780,0.001284,0.091878,0.000000,-0.000825,0.146765,-0.000708,0.999522,0.014712,-0.027177,0.000400,-0.086157,-0.009701,0.000286,-0.040469,-0.571108,-0.072012,23.653679,23.653679,23.650718,0.502266,1.187675,-0.674492,-0.237326,0.912859
32.500000,1,0,0,2.400000,9.810000,0.900000,30.000000,60.000000,6.000000,-0.000049,-0.009885,1.500000,0.054774,-0.033965,1.498725,0.000714,0.072264,0.000000,-0.003980,0.122250,-0.001462,0.999545,0.012476,-0.027476,0.000343,-0.092473,-0.013956,0.000348,-0.045192,-0.537555,-0.032359,23.650718,23.650718,23.648528,0.502220,1.190407,-0.699810,-0.141308,0.913549
32.550000,1,0,0,2.400000,9.810000,0.900000,30.000000,60.000000,6.000000,-0.000023,-0.006712,1.500000,0.054502,-0.028420,1.498634,0.000370,0.055097,0.000000,-0.006835,0.099915,-0.002171,0.999560,0.010106,-0.027868,0.000282,-0.096917,-0.017133,0.000346,-0.041163,-0.523910,-0.024342,23.648528,23.648528,23.647157,0.502191,1.218555,-0.779251,-0.121387,0.914263
32.600000,1,0,0,2.400000,9.810000,0.900000,30.000000,60.000000,6.000000,-0.000009,-0.004334,1.500000,0.054094,-0.023934,1.498509,0.000175,0.040435,0.000000,-0.009475,0.079910,-0.002828,0.999569,0.007649,-0.028325,0.000217,-0.099335,-0.019236,0.000294,-0.053628,-0.470809,-0.027106,23.647157,23.647157,23.646610,0.502179,1.210247,-0.768047,-0.127499,0.914997
32.650000,1,0,0,2.400000,9.810000,0.900000,30.000000,60.000000,6.000000,-0.000003,-0.002626,1.500000,0.053557,-0.020388,1.498352,0.000074,0.028281,0.000000,-0.011963,0.062340,-0.003430,0.999571,0.005159,-0.028822,0.000149,-0.099567,-0.020325,0.000210,-0.032913,-0.418812,-0.013688,23.646610,23.646610,23.646845,0.502184,1.283463,-0.761058,-0.094917,0.915749
32.700000,1,0,0,2.400000,9.810000,0.900000,30.000000,60.000000,6.000000,-0.000001,-0.001465,1.500000,0.052899,-0.017659,1.498167,0.000027,0.018579,0.000000,-0.014342,0.047256,-0.003971,0.999566,0.002692,-0.029334,0.000079,-0.097446,-0.020506,0.000110,-0.049497,-0.367007,0.000568,23.646845,23.646845,23.647770,0.502204,1.267909,-0.753431,-0.060443,0.916514
32.750000,1,0,0,2.400000,9.810000,0.900000,30.000000,60.000000,6.000000,-0.000000,-0.000730,1.500000,0.052124,-0.015621,1.497956,0.000008,0.011207,0.000000,-0.016636,0.034652,-0.004449,0.999555,0.000310,-0.029841,0.000009,-0.092798,-0.019918,0.000012,-0.070679,-0.260362,-0.004261,23.647770,23.647770,23.649247,0.502235,1.241071,-0.610209,-0.071877,0.917288
32.800000,1,0,0,2.400000,9.810000,0.900000,30.000000,60.000000,6.000000,-0.000000,-0.000309,1.500000,0.051237,-0.014153,1.497723,0.000002,0.005976,0.000000,-0.018855,0.024463,-0.004860,0.999538,-0.001923,-0.030324,-0.000058,-0.085445,-0.018720,-0.000072,-0.074886,-0.190616,-0.012603,23.649247,23.649247,23.651089,0.502274,1.253907,-0.548476,-0.091825,0.918068
32.850000,1,0,0,2.400000,9.810000,0.900000,30.000000,60.000000,6.000000,-0.000000,-0.000101,1.500000,0.050240,-0.013137,1.497471,0.000000,0.002624,0.000000,-0.020998,0.016554,-0.005201,0.999519,-0.003936,-0.030772,-0.000121,-0.075207,-0.017073,-0.000134,-0.091317,-0.171428,-0.028976,23.651089,23.651089,23.653078,0.502316,1.235713,-0.597714,-0.131106,0.918849
32.900000,1,0,0,2.400000,9.810000,0.900000,30.000000,60.000000,6.000000,-0.000000,-0.000021,1.500000,0.049138,-0.012463,1.497204,0.000000,0.000809,0.000000,-0.023055,0.010720,-0.005470,0.999498,-0.005656,-0.031175,-0.000176,-0.061903,-0.015126,-0.000171,-0.049480,-0.105743,0.008445,23.653078,23.653078,23.654970,0.502357,1.355221,-0.521470,-0.041320,0.919629
32.950000,1,0,0,2.400000,9.810000,0.900000,30.000000,60.000000,6.000000,-0.000000,-0.000001,1.500000,0.047936,-0.012035,1.496926,0.000000,0.000105,0.000000,-0.025014,0.006679,-0.005665,0.999478,-0.007003,-0.031526,-0.000221,-0.045349,-0.013000,-0.000182,-0.024193,-0.057371,-0.017949,23.654970,23.654970,23.656516,0.502389,1.432590,-0.469150,-0.104705,0.920403
33.000000,1,0,0,2.400000,9.810000,0.900000,30.000000,60.000000,6.000000,0.000000,-0.000000,1.500000,0.046639,-0.011772,1.496639,0.000000,0.000000,0.000000,-0.026859,0.004066,-0.005785,0.999462,-0.007887,-0.031823,-0.000251,-0.007404,-0.010781,-0.000170,-0.009533,-0.009836,-0.053398,23.656516,23.656516,23.657039,0.502401,1.481874,-0.396964,-0.189814,0.921169
33.050000,1,0,0,2.400000,9.810000,0.900000,30.000000,60.000000,6.000000,0.000000,-0.000000,1.500000,0.045253,-0.011619,1.496348,0.000000,0.000000,0.000000,-0.028576,0.002072,-0.005829,0.999457,-0.007610,-0.032065,-0.000244,0.011671,-0.008513,-0.000130,-0.026109,-0.016478,-0.044733,23.657039,23.657039,23.657329,0.502407,1.453530,-0.399761,-0.169014,0.921921
33.100000,1,0,0,2.400000,9.810000,0.900000,30.000000,60.000000,6.000000,0.000000,-0.000000,1.500000,0.043784,-0.011563,1.496057,0.000000,0.000000,0.000000,-0.030152,0.000189,-0.005797,0.999453,-0.007311,-0.032249,-0.000236,0.012210,-0.006218,-0.000091,0.002710,0.015908,-0.038234,23.657329,23.657329,23.657364,0.502407,1.531426,-0.307906,-0.153356,0.922657
33.150000,1,0,0,2.400000,9.810000,0.900000,30.000000,60.000000,6.000000,0.000000,-0.000000,1.500000,0.042240,-0.011598,1.495770,0.000000,0.000000,0.000000,-0.031573,-0.001563,-0.005689,0.999451,-0.007000,-0.032375,-0.000227,0.012650,-0.003916,-0.000055,0.009360,0.002512,0.015529,23.657364,23.657364,23.657121,0.502402,1.553380,-0.325347,-0.024182,0.923373
33.200000,1,0,0,2.400000,9.810000,0.900000,30.000000,60.000000,6.000000,0.000000,-0.000000,1.500000,0.040629,-0.011717,1.495490,0.000000,0.000000,0.000000,-0.032828,-0.003164,-0.005508,0.999451,-0.006680,-0.032445,-0.000217,0.012985,-0.001628,-0.000022,-0.014968,0.024387,0.019115,23.657121,23.657121,23.656581,0.502391,1.498260,-0.257673,-0.015329,0.924066
33.250000,1,0,0,2.400000,9.810000,0.900000,30.000000,60.000000,6.000000,0.000000,-0.000000,1.500000,0.038960,-0.011911,1.495220,0.000000,0.000000,0.000000,-0.033908,-0.004595,-0.005253,0.999453,-0.006352,-0.032457,-0.000206,0.013210,0.000624,0.000008,-0.015304,0.044734,0.017973,23.656581,23.656581,23.655727,0.502373,1.498021,-0.193329,-0.017694,0.924733
33.300000,1,0,0,2.400000,9.810000,0.900000,30.000000,60.000000,6.000000,0.000000,-0.000000,1.500000,0.037241,-0.012173,1.494966,0.000000,0.000000,0.000000,-0.034804,-0.005841,-0.004928,0.999456,-0.006020,-0.032414,-0.000195,0.013321,0.002821,0.000034,0.010517,0.029614,0.010399,23.655727,23.655727,23.654544,0.502348,1.557910,-0.213906,-0.035346,0.925371
33.350000,1,0,0,2.400000,9.810000,0.900000,30.000000,60.000000,6.000000,0.000000,-0.000000,1.500000,0.035483,-0.012492,1.494729,0.000000,0.000000,0.000000,-0.035508,-0.006886,-0.004535,0.999461,-0.005687,-0.032317,-0.000184,0.013317,0.004942,0.000056,-0.006117,0.027067,0.010995,23.654544,23.654544,23.653022,0.502315,1.513334,-0.204241,-0.033218,0.925978
33.400000,1,0,0,2.400000,9.810000,0.900000,30.000000,60.000000,6.000000,0.000000,-0.000000,1.500000,0.033694,-0.012858,1.494513,0.000000,0.000000,0.000000,-0.036015,-0.007719,-0.004077,0.999468,-0.005356,-0.032168,-0.000172,0.013196,0.006967,0.000075,-0.008249,0.020204,-0.016502,23.653022,23.653022,23.651153,0.502276,1.501091,-0.205006,-0.098320,0.926550
33.450000,1,0,0,2.400000,9.810000,0.900000,30.000000,60.000000,6.000000,0.000000,-0.000000,1.500000,0.031885,-0.013260,1.494322,0.000000,0.000000,0.000000,-0.036322,-0.008331,-0.003557,0.999476,-0.005029,-0.031970,-0.000161,0.012960,0.008879,0.000089,0.005827,-0.006328,-0.041874,23.651153,23.651153,23.648931,0.502228,1.525402,-0.253188,-0.158107,0.927085
33.500000,1,0,0,2.400000,9.810000,0.900000,30.000000,60.000000,6.000000,0.000000,-0.000000,1.500000,0.030065,-0.013687,1.494158,0.000000,0.000000,0.000000,-0.036425,-0.008714,-0.002980,0.999486,-0.004709,-0.031725,-0.000149,0.012614,0.010659,0.000100,0.023068,-0.023637,-0.033148,23.648931,23.648931,23.646354,0.502174,1.555105,-0.279575,-0.135831,0.927582
33.550000,1,0,0,2.400000,9.810000,0.900000,30.000000,60.000000,6.000000,0.000000,-0.000000,1.500000,0.028246,-0.014128,1.494025,0.000000,0.000000,0.000000,-0.036325,-0.008863,-0.002351,0.999496,-0.004400,-0.031438,-0.000138,0.012162,0.012292,0.000108,0.010267,-0.016441,-0.018177,23.646354,23.646354,23.643421,0.502111,1.510672,-0.247627,-0.098320,0.928038
33.600000,1,0,0,2.400000,9.810000,0.900000,30.000000,60.000000,6.000000,0.000000,-0.000000,1.500000,0.026436,-0.014570,1.493924,0.000000,0.000000,0.000000,-0.036021,-0.008777,-0.001674,0.999507,-0.004102,-0.031113,-0.000128,0.011610,0.013761,0.000113,0.014028,-0.009906,-0.025022,23.643421,23.643421,23.640137,0.502042,1.504136,-0.217856,-0.112906,0.928452
33.650000,1,0,0,2.400000,9.810000,0.900000,30.000000,60.000000,6.000000,0.000000,-0.000000,1.500000,0.024647,-0.015002,1.493858,0.000000,0.000000,0.000000,-0.035517,-0.008457,-0.000954,0.999520,-0.003820,-0.030752,-0.000118,0.010968,0.015055,0.000115,0.036928,0.035750,-0.020823,23.640137,23.640137,23.636505,0.501965,1.541882,-0.094903,-0.100710,0.928822
33.700000,1,0,0,2.400000,9.810000,0.900000,30.000000,60.000000,6.000000,0.000000,-0.000000,1.500000,0.022888,-0.015412,1.493829,0.000000,0.000000,0.000000,-0.034816,-0.007905,-0.000197,0.999533,-0.003555,-0.030362,-0.000108,0.010244,0.016160,0.000115,0.049991,0.059565,-0.011750,23.636505,23.636505,23.632534,0.501880,1.554585,-0.025178,-0.076530,0.929147
33.750000,1,0,0,2.400000,9.810000,0.900000,30.000000,60.000000,6.000000,0.000000,-0.000000,1.500000,0.021168,-0.015788,1.493839,0.000000,0.000000,0.000000,-0.033925,-0.007127,0.000591,0.999546,-0.003309,-0.029946,-0.000099,0.009450,0.017066,0.000113,0.051701,0.089155,-0.017427,23.632534,23.632534,23.628231,0.501789,1.538839,0.057510,-0.087456,0.929426
33.800000,1,0,0,2.400000,9.810000,0.900000,30.000000,60.000000,6.000000,0.000000,-0.000000,1.500000,0.019498,-0.016121,1.493889,0.000000,0.000000,0.000000,-0.032851,-0.006133,0.001404,0.999560,-0.003083,-0.029511,-0.000091,0.008599,0.017765,0.000110,0.028602,0.084549,-0.012022,23.628231,23.628231,23.623609,0.501691,1.462589,0.057149,-0.071480,0.929659
33.850000,1,0,0,2.400000,9.810000,0.900000,30.000000,60.000000,6.000000,0.000000,-0.000000,1.500000,0.017886,-0.016398,1.493980,0.000000,0.000000,0.000000,-0.031602,-0.004932,0.002236,0.999574,-0.002880,-0.029060,-0.000084,0.007703,0.018249,0.000105,0.043718,0.059998,-0.013687,23.623609,23.623609,23.618679,0.501586,1.477345,0.007887,-0.072166,0.929845
33.900000,1,0,0,2.400000,9.810000,0.900000,30.000000,60.000000,6.000000,0.000000,-0.000000,1.500000,0.016341,-0.016611,1.494113,0.000000,0.000000,0.000000,-0.030189,-0.003537,0.003081,0.999587,-0.002699,-0.028600,-0.000077,0.006776,0.018515,0.000100,0.060470,0.083343,-0.000256,23.618679,23.618679,23.613456,0.501475,1.495572,0.072493,-0.036310,0.929984
33.950000,1,0,0,2.400000,9.810000,0.900000,30.000000,60.000000,6.000000,0.000000,-0.000000,1.500000,0.014870,-0.016749,1.494288,0.000000,0.000000,0.000000,-0.028622,-0.001965,0.003931,0.999601,-0.002541,-0.028137,-0.000072,0.005833,0.018560,0.000094,0.071286,0.074328,-0.002483,23.613456,23.613456,23.607957,0.501358,1.499359,0.058332,-0.037722,0.930076
34.000000,1,0,0,2.400000,9.810000,0.900000,30.000000,60.000000,6.000000,0.000000,-0.000000,1.500000,0.013481,-0.016804,1.494506,0.000000,0.000000,0.000000,-0.026915,-0.000232,0.004780,0.999614,-0.002407,-0.027675,-0.000067,0.004890,0.018383,0.000089,0.048368,0.041076,0.010129,23.607957,23.607957,23.602197,0.501236,1.422257,-0.015119,-0.003211,0.930122
34.050000,1,0,0,2.400000,9.810000,0.900000,30.000000,60.000000,6.000000,0.000000,-0.000000,1.500000,0.012180,-0.016770,1.494766,0.000000,0.000000,0.000000,-0.025082,0.001643,0.005623,0.999627,-0.002297,-0.027220,-0.000063,0.003962,0.017984,0.000083,0.069879,0.024539,0.010299,23.602197,23.602197,23.596196,0.501108,1.452118,-0.049558,0.001745,0.930123
34.100000,1,0,0,2.400000,9.810000,0.900000,30.000000,60.000000,6.000000,0.000000,-0.000000,1.500000,0.010974,-0.016638,1.495068,0.000000,0.000000,0.000000,-0.023137,0.003638,0.006451,0.999639,-0.002209,-0.026778,-0.000059,0.003063,0.017368,0.000077,0.040430,0.032094,0.044369,23.596196,23.596196,23.589973,0.500976,1.360271,-0.027258,0.088359,0.930079
34.150000,1,0,0,2.400000,9.810000,0.900000,30.000000,60.000000,6.000000,0.000000,-0.000000,1.500000,0.009868,-0.016404,1.495411,0.000000,0.000000,0.000000,-0.021097,0.005733,0.007259,0.999650,-0.002143,-0.026353,-0.000057,0.002210,0.016541,0.000071,0.050191,0.034377,0.035616,23.589973,23.589973,23.583548,0.500840,1.363374,-0.018647,0.072489,0.929991
34.200000,1,0,0,2.400000,9.810000,0.900000,30.000000,60.000000,6.000000,0.000000,-0.000000,1.500000,0.008866,-0.016064,1.495793,0.000000,0.000000,0.000000,-0.018976,0.007903,0.008040,0.999661,-0.002098,-0.025953,-0.000054,0.001415,0.015508,0.000065,0.013505,0.028963,0.044707,23.583548,23.583548,23.576944,0.500700,1.256100,-0.029483,0.099724,0.929862
34.250000,1,0,0,2.400000,9.810000,0.900000,30.000000,60.000000,6.000000,0.000000,-0.000000,1.500000,0.007972,-0.015613,1.496214,0.000000,0.000000,0.000000,-0.016793,0.010124,0.008788,0.999671,-0.002072,-0.025580,-0.000053,0.000693,0.014281,0.000059,0.020029,0.045259,0.038728,23.576944,23.576944,23.570183,0.500556,1.253860,0.010892,0.091059,0.929692
34.300000,1,0,0,2.400000,9.810000,0.900000,30.000000,60.000000,6.000000,0.000000,-0.000000,1.500000,0.007188,-0.015051,1.496671,0.000000,0.000000,0.000000,-0.014565,0.012372,0.009498,0.999679,-0.002063,-0.025240,-0.000052,0.000057,0.012869,0.000053,0.018760,0.028913,0.042069,23.570183,23.570183,23.563288,0.500410,1.234475,-0.027878,0.105015,0.929485
34.350000,1,0,0,2.400000,9.810000,0.900000,30.000000,60.000000,6.000000,0.000000,-0.000000,1.500000,0.006516,-0.014376,1.497163,0.000000,0.000000,0.000000,-0.012310,0.014621,0.010163,0.999687,-0.002068,-0.024938,-0.000052,-0.000482,0.011286,0.000047,0.009147,0.033773,0.022522,23.563288,23.563288,23.556284,0.500261,1.196826,-0.016447,0.064274,0.929241
34.400000,1,0,0,2.400000,9.810000,0.900000,30.000000,60.000000,6.000000,0.000000,-0.000000,1.500000,0.005957,-0.013589,1.497687,0.000000,0.000000,0.000000,-0.010045,0.016846,0.010779,0.999693,-0.002086,-0.024677,-0.000051,-0.000913,0.009547,0.000040,0.000987,0.023038,-0.022339,23.556284,23.556284,23.549198,0.500110,1.164624,-0.043014,-0.037002,0.928964
34.450000,1,0,0,2.400000,9.810000,0.900000,30.000000,60.000000,6.000000,0.000000,-0.000000,1.500000,0.005511,-0.012692,1.498240,0.000000,0.000000,0.000000,-0.007789,0.019022,0.011340,0.999699,-0.002113,-0.024462,-0.000052,-0.001227,0.007667,0.000032,-0.024474,0.025690,0.009298,23.549198,23.549198,23.542054,0.499959,1.093033,-0.037890,0.045511,0.928656
34.500000,1,0,0,2.400000,9.810000,0.900000,30.000000,60.000000,6.000000,0.000000,-0.000000,1.500000,0.005177,-0.011688,1.498820,0.000000,0.000000,0.000000,-0.005561,0.021124,0.011841,0.999703,-0.002146,-0.024295,-0.000052,-0.001418,0.005664,0.000024,-0.043855,0.042474,0.016044,23.542054,23.542054,23.534881,0.499806,1.038322,0.000851,0.068460,0.928319
34.550000,1,0,0,2.400000,9.810000,0.900000,30.000000,60.000000,6.000000,0.000000,-0.000000,1.500000,0.004954,-0.010581,1.499423,0.000000,0.000000,0.000000,-0.003376,0.023129,0.012279,0.999705,-0.002183,-0.024180,-0.000053,-0.001481,0.003557,0.000016,-0.019004,0.015107,-0.026549,23.534881,23.534881,23.527707,0.499654,1.092188,-0.066518,-0.026854,0.927958
34.600000,1,0,0,2.400000,9.810000,0.900000,30.000000,60.000000,6.000000,0.000000,-0.000000,1.500000,0.004839,-0.009377,1.500047,0.000000,0.000000,0.000000,-0.001253,0.025013,0.012650,0.999707,-0.002219,-0.024118,-0.000054,-0.001410,0.001365,0.000006,-0.002337,0.011557,-0.027954,23.527707,23.527707,23.520560,0.499502,1.128942,-0.076718,-0.023194,0.927574
34.650000,1,0,0,2.400000,9.810000,0.900000,30.000000,60.000000,6.000000,0.000000,-0.000000,1.500000,0.004827,-0.008082,1.500687,0.000000,0.000000,0.000000,0.000791,0.026754,0.012950,0.999707,-0.002252,-0.024112,-0.000054,-0.001206,-0.000891,-0.000004,0.020022,0.011418,-0.028064,23.520560,23.520560,23.513470,0.499352,1.181974,-0.078573,-0.016325,0.927172
34.700000,1,0,0,2.400000,9.810000,0.900000,30.000000,60.000000,6.000000,0.000000,-0.000000,1.500000,0.004916,-0.006705,1.501341,0.000000,0.000000,0.000000,0.002741,0.028332,0.013176,0.999705,-0.002278,-0.024163,-0.000055,-0.000869,-0.003189,-0.000015,-0.008368,0.047225,-0.010369,23.513470,23.513470,23.506466,0.499203,1.115890,0.006163,0.033346,0.926754
34.750000,1,0,0,2.400000,9.810000,0.900000,30.000000,60.000000,6.000000,0.000000,-0.000000,1.500000,0.005100,-0.005252,1.502003,0.000000,0.000000,0.000000,0.004582,0.029729,0.013327,0.999703,-0.002295,-0.024272,-0.000056,-0.000401,-0.005508,-0.000025,-0.011450,0.032242,-0.020616,23.506466,23.506466,23.499579,0.499057,1.113256,-0.030525,0.015999,0.926324
34.800000,1,0,0,2.400000,9.810000,0.900000,30.000000,60.000000,6.000000,0.000000,-0.000000,1.500000,0.005372,-0.003735,1.502672,0.000000,0.000000,0.000000,0.006298,0.030927,0.013401,0.999699,-0.002297,-0.024438,-0.000056,0.000192,-0.007826,-0.000036,-0.009760,0.039716,-0.037527,23.499579,23.499579,23.492840,0.498914,1.124805,-0.012688,-0.017327,0.925885
34.850000,1,0,0,2.400000,9.810000,0.900000,30.000000,60.000000,6.000000,0.000000,-0.000000,1.500000,0.005727,-0.002163,1.503342,0.000000,0.000000,0.000000,0.007878,0.031911,0.013396,0.999693,-0.002284,-0.024663,-0.000056,0.000906,-0.010119,-0.000046,0.009220,0.033980,-0.023545,23.492840,23.492840,23.486280,0.498774,1.180557,-0.025792,0.023474,0.925442
34.900000,1,0,0,2.400000,9.810000,0.900000,30.000000,60.000000,6.000000,0.000000,-0.000000,1.500000,0.006158,-0.000548,1.504010,0.000000,0.000000,0.000000,0.009309,0.032670,0.013312,0.999686,-0.002251,-0.024944,-0.000056,0.001730,-0.012367,-0.000056,0.022767,0.044816,-0.036116,23.486280,23.486280,23.479927,0.498639,1.225940,0.001783,0.000507,0.924998
34.950000,1,0,0,2.400000,9.810000,0.900000,30.000000,60.000000,6.000000,0.000000,-0.000000,1.500000,0.006656,0.001100,1.504672,0.000000,0.000000,0.000000,0.010581,0.033193,0.013149,0.999678,-0.002197,-0.025280,-0.000056,0.002655,-0.014547,-0.000064,-0.018726,-0.006146,-0.048775,23.479927,23.479927,23.473813,0.498509,1.141827,-0.117934,-0.022749,0.924556
35.000000,1,0,0,2.400000,9.810000,0.900000,30.000000,60.000000,6.000000,0.000000,-0.000000,1.500000,0.007213,0.002768,1.505324,0.000000,0.000000,0.000000,0.011683,0.033472,0.012907,0.999668,-0.002118,-0.025670,-0.000054,0.003668,-0.016639,-0.000070,-0.033452,-0.044323,-0.014839,23.473813,23.473813,23.467967,0.498385,1.124463,-0.205830,0.065721,0.924121
35.050000,1,0,0,2.400000,9.810000,0.900000,30.000000,60.000000,6.000000,0.000000,-0.000000,1.500000,0.007821,0.004443,1.505962,0.000000,0.000000,0.000000,0.012609,0.033501,0.012588,0.999657,-0.002013,-0.026111,-0.000053,0.004755,-0.018620,-0.000075,-0.064422,-0.029918,0.000479,23.467967,23.467967,23.462416,0.498267,1.070508,-0.166297,0.109372,0.923695
35.100000,1,0,0,2.400000,9.810000,0.900000,30.000000,60.000000,6.000000,0.000000,-0.000000,1.500000,0.008471,0.006114,1.506581,0.000000,0.000000,0.000000,0.013352,0.033279,0.012192,0.999644,-0.001879,-0.026600,-0.000050,0.005903,-0.020472,-0.000077,-0.026402,-0.006212,-0.010133,23.462416,23.462416,23.457187,0.498156,1.184379,-0.103134,0.090632,0.923283
35.150000,1,0,0,2.400000,9.810000,0.900000,30.000000,60.000000,6.000000,0.000000,-0.000000,1.500000,0.009153,0.007767,1.507180,0.000000,0.000000,0.000000,0.013907,0.032805,0.011723,0.999630,-0.001717,-0.027133,-0.000047,0.007094,-0.022177,-0.000076,-0.003389,-0.019775,-0.010646,23.457187,23.457187,23.452305,0.498053,1.264323,-0.128047,0.095939,0.922888
35.200000,1,0,0,2.400000,9.810000,0.900000,30.000000,60.000000,6.000000,0.000000,-0.000000,1.500000,0.009858,0.009390,1.507752,0.000000,0.000000,0.000000,0.014270,0.032082,0.011182,0.999615,-0.001525,-0.027707,-0.000042,0.008311,-0.023716,-0.000072,-0.003415,-0.023760,-0.002892,23.452305,23.452305,23.447793,0.497957,1.290881,-0.128565,0.120870,0.922515
35.250000,1,0,0,2.400000,9.810000,0.900000,30.000000,60.000000,6.000000,0.000000,-0.000000,1.500000,0.010577,0.010971,1.508297,0.000000,0.000000,0.000000,0.014441,0.031116,0.010574,0.999598,-0.001302,-0.028317,-0.000037,0.009536,-0.025075,-0.000065,-0.006078,-0.017970,0.005304,23.447793,23.447793,23.443671,0.497869,1.312815,-0.104192,0.146620,0.922165
35.300000,1,0,0,2.400000,9.810000,0.900000,30.000000,60.000000,6.000000,0.000000,-0.000000,1.500000,0.011299,0.012498,1.508809,0.000000,0.000000,0.000000,0.014419,0.029913,0.009901,0.999580,-0.001048,-0.028959,-0.000030,0.010751,-0.026238,-0.000055,-0.017402,-0.070156,0.006014,23.443671,23.443671,23.439957,0.497790,1.315452,-0.217537,0.154134,0.921843
35.350000,1,0,0,2.400000,9.810000,0.900000,30.000000,60.000000,6.000000,0.000000,-0.000000,1.500000,0.012016,0.013958,1.509286,0.000000,0.000000,0.000000,0.014206,0.028484,0.009168,0.999561,-0.000764,-0.029627,-0.000023,0.011938,-0.027195,-0.000042,-0.022303,-0.050869,-0.013039,23.439957,23.439957,23.436664,0.497721,1.334754,-0.157941,0.113925,0.921552
35.400000,1,0,0,2.400000,9.810000,0.900000,30.000000,60.000000,6.000000,0.000000,-0.000000,1.500000,0.012717,0.015342,1.509725,0.000000,0.000000,0.000000,0.013805,0.026842,0.008379,0.999540,-0.000452,-0.030316,-0.000014,0.013077,-0.027933,-0.000025,-0.010567,-0.082265,0.019523,23.436664,23.436664,23.433804,0.497660,1.394990,-0.218622,0.197281,0.921294
35.450000,1,0,0,2.400000,9.810000,0.900000,30.000000,60.000000,6.000000,0.000000,-0.000000,1.500000,0.013393,0.016639,1.510123,0.000000,0.000000,0.000000,0.013221,0.025001,0.007540,0.999519,-0.000111,-0.031021,-0.000003,0.014151,-0.028446,-0.000006,-0.014994,-0.057080,0.017618,23.433804,23.433804,23.431384,0.497608,1.417182,-0.142217,0.197581,0.921074
35.500000,1,0,0,2.400000,9.810000,0.900000,30.000000,60.000000,6.000000,0.000000,-0.000000,1.500000,0.014036,0.017840,1.510478,0.000000,0.000000,0.000000,0.012460,0.022979,0.006655,0.999496,0.000255,-0.031736,0.000008,0.015142,-0.028725,0.000015,-0.015088,-0.054130,-0.008387,23.431384,23.431384,23.429407,0.497566,1.450255,-0.117968,0.139688,0.920893
35.550000,1,0,0,2.400000,9.810000,0.900000,30.000000,60.000000,6.000000,0.000000,-0.000000,1.500000,0.014636,0.018934,1.510788,0.000000,0.000000,0.000000,0.011531,0.020795,0.005731,0.999473,0.000644,-0.032454,0.000021,0.016033,-0.028768,0.000037,-0.028925,-0.063269,-0.022267,23.429407,23.429407,23.427872,0.497534,1.450548,-0.121633,0.110528,0.920754
35.600000,1,0,0,2.400000,9.810000,0.900000,30.000000,60.000000,6.000000,0.000000,-0.000000,1.500000,0.015186,0.019917,1.511050,0.000000,0.000000,0.000000,0.010443,0.018468,0.004773,0.999449,0.001055,-0.033171,0.000035,0.016809,-0.028573,0.000060,-0.022002,-0.063761,0.014243,23.427872,23.427872,23.426774,0.497510,1.500597,-0.103567,0.201920,0.920660
35.650000,1,0,0,2.400000,9.810000,0.900000,30.000000,60.000000,6.000000,0.000000,-0.000000,1.500000,0.015678,0.020779,1.511265,0.000000,0.000000,0.000000,0.009207,0.016021,0.003787,0.999425,0.001483,-0.033880,0.000050,0.017455,-0.028139,0.000084,-0.019211,-0.043628,0.003891,23.426774,23.426774,23.426104,0.497496,1.540381,-0.035170,0.180450,0.920612
35.700000,1,0,0,2.400000,9.810000,0.900000,30.000000,60.000000,6.000000,0.000000,-0.000000,1.500000,0.016105,0.021517,1.511429,0.000000,0.000000,0.000000,0.007833,0.013477,0.002779,0.999400,0.001926,-0.034575,0.000067,0.017959,-0.027468,0.000106,-0.020862,-0.032937,0.014474,23.426104,23.426104,23.425849,0.497491,1.568882,0.011239,0.208817,0.920613
35.750000,1,0,0,2.400000,9.810000,0.900000,30.000000,60.000000,6.000000,0.000000,-0.000000,1.500000,0.016459,0.022126,1.511542,0.000000,0.000000,0.000000,0.006337,0.010860,0.001757,0.999376,0.002379,-0.035251,0.000084,0.018309,-0.026567,0.000127,-0.037727,-0.044788,-0.005170,23.425849,23.425849,23.425991,0.497494,1.559973,0.004052,0.164228,0.920664
35.800000,1,0,0,2.400000,9.810000,0.900000,30.000000,60.000000,6.000000,0.000000,-0.000000,1.500000,0.016736,0.022602,1.511604,0.000000,0.000000,0.000000,0.004731,0.008195,0.000727,0.999351,0.002839,-0.035901,0.000102,0.018498,-0.025441,0.000145,-0.050917,-0.024203,-0.036643,23.425991,23.425991,23.426511,0.497505,1.558721,0.075028,0.090829,0.920766
35.850000,1,0,0,2.400000,9.810000,0.900000,30.000000,60.000000,6.000000,0.000000,-0.000000,1.500000,0.016931,0.022945,1.511615,0.000000,0.000000,0.000000,0.003031,0.005507,-0.000305,0.999327,0.003302,-0.036520,0.000121,0.018518,-0.024100,0.000159,-0.045956,0.012919,-0.023745,23.426511,23.426511,23.427384,0.497523,1.599615,0.185819,0.123500,0.920922
35.900000,1,0,0,2.400000,9.810000,0.900000,30.000000,60.000000,6.000000,0.000000,-0.000000,1.500000,0.017038,0.023153,1.511574,0.000000,0.000000,0.000000,0.001253,0.002823,-0.001332,0.999304,0.003763,-0.037103,0.000140,0.018364,-0.022554,0.000170,-0.019837,0.034001,0.000495,23.427384,23.427384,23.428583,0.497549,1.689621,0.258040,0.182970,0.921131
35.950000,1,0,0,2.400000,9.810000,0.900000,30.000000,60.000000,6.000000,0.000000,-0.000000,1.500000,0.017055,0.023228,1.511482,0.000000,0.000000,0.000000,-0.000586,0.000167,-0.002347,0.999282,0.004218,-0.037645,0.000159,0.018035,-0.020816,0.000176,-0.022961,0.012848,0.009880,23.428583,23.428583,23.430079,0.497581,1.707551,0.228619,0.206366,0.921394
36.000000,1,0,0,2.400000,9.810000,0.900000,30.000000,60.000000,6.000000,0.000000,-0.000000,1.500000,0.016979,0.023171,1.511339,0.000000,0.000000,0.000000,-0.002470,-0.002435,-0.003344,0.999261,0.004663,-0.038142,0.000178,0.017531,-0.018902,0.000176,-0.025653,0.006814,0.003864,23.430079,23.430079,23.431840,0.497618,1.724404,0.234998,0.192386,0.921713
36.050000,1,0,0,2.400000,9.810000,0.900000,30.000000,60.000000,6.000000,0.000000,-0.000000,1.500000,0.016808,0.022985,1.511148,0.000000,0.000000,0.000000,-0.004381,-0.004958,-0.004316,0.999242,0.005092,-0.038588,0.000197,0.016853,-0.016827,0.000172,-0.047359,0.035864,-0.026316,23.431840,23.431840,23.433834,0.497660,1.693311,0.324891,0.119999,0.922086
36.100000,1,0,0,2.400000,9.810000,0.900000,30.000000,60.000000,6.000000,0.000000,-0.000000,1.500000,0.016541,0.022677,1.510908,0.000000,0.000000,0.000000,-0.006300,-0.007380,-0.005257,0.999225,0.005503,-0.038981,0.000215,0.016008,-0.014610,0.000161,-0.033457,0.012202,-0.059429,23.433834,23.433834,23.436027,0.497707,1.745189,0.287391,0.040173,0.922514
36.150000,1,0,0,2.400000,9.810000,0.900000,30.000000,60.000000,6.000000,0.000000,-0.000000,1.500000,0.016178,0.022250,1.510623,0.000000,0.000000,0.000000,-0.008211,-0.009677,-0.006161,0.999209,0.005891,-0.039317,0.000232,0.015003,-0.012269,0.000145,-0.030389,0.010446,-0.010260,23.436027,23.436027,23.438385,0.497757,1.768418,0.301384,0.157432,0.922996
36.200000,1,0,0,2.400000,9.810000,0.900000,30.000000,60.000000,6.000000,0.000000,-0.000000,1.500000,0.015720,0.021711,1.510293,0.000000,0.000000,0.000000,-0.010095,-0.011829,-0.007023,0.999196,0.006251,-0.039593,0.000248,0.013846,-0.009825,0.000123,-0.031577,0.020755,-0.033073,23.438385,23.438385,23.440876,0.497810,1.778651,0.343070,0.101557,0.923532
36.250000,1,0,0,2.400000,9.810000,0.900000,30.000000,60.000000,6.000000,0.000000,-0.000000,1.500000,0.015169,0.021069,1.509921,0.000000,0.000000,0.000000,-0.011935,-0.013815,-0.007836,0.999186,0.006581,-0.039807,0.000262,0.012551,-0.007299,0.000096,-0.041104,0.015603,-0.047590,23.440876,23.440876,23.443467,0.497865,1.765977,0.346216,0.065228,0.924120
36.300000,1,0,0,2.400000,9.810000,0.900000,30.000000,60.000000,6.000000,0.000000,-0.000000,1.500000,0.014528,0.020333,1.509510,0.000000,0.000000,0.000000,-0.013714,-0.015618,-0.008596,0.999178,0.006877,-0.039957,0.000275,0.011130,-0.004713,0.000065,-0.085526,0.001299,-0.057341,23.443467,23.443467,23.446128,0.497921,1.666576,0.325811,0.039990,0.924759
36.350000,1,0,0,2.400000,9.810000,0.900000,30.000000,60.000000,6.000000,0.000000,-0.000000,1.500000,0.013799,0.019511,1.509063,0.000000,0.000000,0.000000,-0.015414,-0.017222,-0.009298,0.999172,0.007136,-0.040042,0.000286,0.009600,-0.002089,0.000030,-0.099454,-0.024238,-0.031828,23.446128,23.446128,23.448829,0.497979,1.637326,0.276720,0.099058,0.925449
36.400000,1,0,0,2.400000,9.810000,0.900000,30.000000,60.000000,6.000000,0.000000,-0.000000,1.500000,0.012988,0.018614,1.508582,0.000000,0.000000,0.000000,-0.017020,-0.018614,-0.009937,0.999170,0.007356,-0.040061,0.000295,0.007978,0.000549,-0.000008,-0.065436,-0.008935,0.007569,23.448829,23.448829,23.451544,0.498037,1.720072,0.323795,0.191140,0.926186
36.450000,1,0,0,2.400000,9.810000,0.900000,30.000000,60.000000,6.000000,0.000000,-0.000000,1.500000,0.012099,0.017653,1.508070,0.000000,0.000000,0.000000,-0.018515,-0.019782,-0.010511,0.999171,0.007534,-0.040015,0.000302,0.006282,0.003178,-0.000048,-0.033115,0.005533,-0.027749,23.451544,23.451544,23.454250,0.498094,1.795670,0.366926,0.103620,0.926970
36.500000,1,0,0,2.400000,9.810000,0.900000,30.000000,60.000000,6.000000,0.000000,-0.000000,1.500000,0.011138,0.016640,1.507532,0.000000,0.000000,0.000000,-0.019887,-0.020717,-0.011015,0.999174,0.007669,-0.039903,0.000306,0.004533,0.005776,-0.000089,-0.034873,0.021732,-0.001383,23.454250,23.454250,23.456926,0.498151,1.786422,0.412189,0.163878,0.927798
36.550000,1,0,0,2.400000,9.810000,0.900000,30.000000,60.000000,6.000000,0.000000,-0.000000,1.500000,0.010112,0.015586,1.506970,0.000000,0.000000,0.000000,-0.021120,-0.021413,-0.011447,0.999180,0.007760,-0.039726,0.000309,0.002751,0.008319,-0.000129,-0.038706,0.056265,0.000677,23.456926,23.456926,23.459555,0.498207,1.769186,0.499381,0.165563,0.928666
36.600000,1,0,0,2.400000,9.810000,0.900000,30.000000,60.000000,6.000000,0.000000,-0.000000,1.500000,0.009029,0.014503,1.506388,0.000000,0.000000,0.000000,-0.022203,-0.021866,-0.011803,0.999190,0.007807,-0.039488,0.000309,0.000958,0.010786,-0.000169,-0.053318,0.074314,-0.004618,23.459555,23.459555,23.462123,0.498261,1.723145,0.544916,0.149381,0.929574
36.650000,1,0,0,2.400000,9.810000,0.900000,30.000000,60.000000,6.000000,0.000000,-0.000000,1.500000,0.007895,0.013403,1.505791,0.000000,0.000000,0.000000,-0.023125,-0.022074,-0.012084,0.999201,0.007809,-0.039188,0.000306,-0.000823,0.013154,-0.000206,-0.046245,0.053616,0.026932,23.462123,23.462123,23.464617,0.498314,1.726314,0.495358,0.221437,0.930518
36.700000,1,0,0,2.400000,9.810000,0.900000,30.000000,60.000000,6.000000,0.000000,-0.000000,1.500000,0.006719,0.012299,1.505181,0.000000,0.000000,0.000000,-0.023876,-0.022040,-0.012286,0.999216,0.007766,-0.038831,0.000302,-0.002571,0.015404,-0.000239,-0.066433,0.062730,0.008744,23.464617,23.464617,23.467031,0.498365,1.661347,0.515275,0.173963,0.931495
36.750000,1,0,0,2.400000,9.810000,0.900000,30.000000,60.000000,6.000000,0.000000,-0.000000,1.500000,0.005510,0.011203,1.504563,0.000000,0.000000,0.000000,-0.024448,-0.021768,-0.012410,0.999232,0.007681,-0.038420,0.000295,-0.004264,0.017515,-0.000269,-0.024370,0.053961,-0.011077,23.467031,23.467031,23.469358,0.498415,1.743221,0.490250,0.122432,0.932501
36.800000,1,0,0,2.400000,9.810000,0.900000,30.000000,60.000000,6.000000,0.000000,-0.000000,1.500000,0.004277,0.010126,1.503942,0.000000,0.000000,0.000000,-0.024833,-0.021263,-0.012454,0.999251,0.007554,-0.037958,0.000287,-0.005880,0.019469,-0.000294,-0.045498,0.088956,-0.033888,23.469358,23.469358,23.471595,0.498462,1.671046,0.568315,0.063618,0.933535
36.850000,1,0,0,2.400000,9.810000,0.900000,30.000000,60.000000,6.000000,0.000000,-0.000000,1.500000,0.003030,0.009080,1.503319,0.000000,0.000000,0.000000,-0.025026,-0.020534,-0.012421,0.999271,0.007388,-0.037449,0.000277,-0.007398,0.021250,-0.000314,-0.032867,0.135833,-0.015288,23.471595,23.471595,23.473741,0.498508,1.677695,0.673052,0.104108,0.934591
36.900000,1,0,0,2.400000,9.810000,0.900000,30.000000,60.000000,6.000000,0.000000,-0.000000,1.500000,0.001778,0.008076,1.502701,0.000000,0.000000,0.000000,-0.025024,-0.019595,-0.012310,0.999293,0.007186,-0.036897,0.000265,-0.008800,0.022841,-0.000329,0.006213,0.103375,-0.013383,23.473741,23.473741,23.475797,0.498552,1.745836,0.585668,0.104480,0.935666
36.950000,1,0,0,2.400000,9.810000,0.900000,30.000000,60.000000,6.000000,0.000000,-0.000000,1.500000,0.000531,0.007124,1.502090,0.000000,0.000000,0.000000,-0.024824,-0.018457,-0.012123,0.999316,0.006950,-0.036309,0.000253,-0.010066,0.024229,-0.000337,0.005190,0.077526,0.002852,23.475797,23.475797,23.477765,0.498593,1.715973,0.512576,0.139214,0.936757
37.000000,1,0,0,2.400000,9.810000,0.900000,30.000000,60.000000,6.000000,0.000000,-0.000000,1.500000,-0.000701,0.006234,1.501490,0.000000,0.000000,0.000000,-0.024426,-0.017138,-0.011862,0.999341,0.006684,-0.035689,0.000239,-0.011180,0.025403,-0.000340,-0.038609,0.071788,0.011260,23.477765,23.477765,23.479649,0.498633,1.581932,0.486347,0.155162,0.937861
37.050000,1,0,0,2.400000,9.810000,0.900000,30.000000,60.000000,6.000000,0.000000,-0.000000,1.500000,-0.001908,0.005413,1.500905,0.000000,0.000000,0.000000,-0.023831,-0.015654,-0.011530,0.999365,0.006393,-0.035042,0.000224,-0.012127,0.026352,-0.000337,-0.005433,0.064852,-0.005544,23.479649,23.479649,23.481450,0.498672,1.631375,0.456028,0.110627,0.938972
37.100000,1,0,0,2.400000,9.810000,0.900000,30.000000,60.000000,6.000000,0.000000,-0.000000,1.500000,-0.003081,0.004671,1.500338,0.000000,0.000000,0.000000,-0.023042,-0.014026,-0.011129,0.999391,0.006080,-0.034374,0.000209,-0.012895,0.027068,-0.000329,0.023808,0.050058,0.009526,23.481450,23.481450,23.483174,0.498708,1.670387,0.405842,0.142637,0.940088
37.150000,1,0,0,2.400000,9.810000,0.900000,30.000000,60.000000,6.000000,0.000000,-0.000000,1.500000,-0.004209,0.004013,1.499793,0.000000,0.000000,0.000000,-0.022063,-0.012274,-0.010664,0.999416,0.005750,-0.033691,0.000194,-0.013472,0.027545,-0.000317,0.054305,0.071852,0.024856,23.483174,23.483174,23.484823,0.498743,1.711698,0.442671,0.175344,0.941205
37.200000,1,0,0,2.400000,9.810000,0.900000,30.000000,60.000000,6.000000,0.000000,-0.000000,1.500000,-0.005284,0.003445,1.499272,0.000000,0.000000,0.000000,-0.020899,-0.010421,-0.010138,0.999441,0.005409,-0.032999,0.000179,-0.013851,0.027781,-0.000301,0.046927,0.078980,0.000339,23.484823,23.484823,23.486400,0.498777,1.661680,0.443736,0.112513,0.942318
37.250000,1,0,0,2.400000,9.810000,0.900000,30.000000,60.000000,6.000000,0.000000,-0.000000,1.500000,-0.006296,0.002972,1.498780,0.000000,0.000000,0.000000,-0.019559,-0.008490,-0.009556,0.999465,0.005060,-0.032305,0.000164,-0.014027,0.027773,-0.000281,0.046003,0.081744,0.002269,23.486400,23.486400,23.487907,0.498809,1.627004,0.433998,0.113269,0.943424
37.300000,1,0,0,2.400000,9.810000,0.900000,30.000000,60.000000,6.000000,0.000000,-0.000000,1.500000,-0.007237,0.002597,1.498318,0.000000,0.000000,0.000000,-0.018052,-0.006506,-0.008923,0.999489,0.004710,-0.031613,0.000149,-0.013996,0.027523,-0.000259,0.060814,0.060743,0.024347,23.487907,23.487907,23.489347,0.498839,1.630231,0.367137,0.162516,0.944519
37.350000,1,0,0,2.400000,9.810000,0.900000,30.000000,60.000000,6.000000,0.000000,-0.000000,1.500000,-0.008099,0.002322,1.497888,0.000000,0.000000,0.000000,-0.016387,-0.004494,-0.008243,0.999512,0.004363,-0.030931,0.000135,-0.013758,0.027033,-0.000236,0.069536,0.057855,0.000530,23.489347,23.489347,23.490720,0.498869,1.619265,0.343902,0.101765,0.945600
37.400000,1,0,0,2.400000,9.810000,0.900000,30.000000,60.000000,6.000000,0.000000,-0.000000,1.500000,-0.008874,0.002147,1.497494,0.000000,0.000000,0.000000,-0.014576,-0.002478,-0.007523,0.999534,0.004024,-0.030264,0.000122,-0.013316,0.026308,-0.000212,0.080549,0.042371,0.034265,23.490720,23.490720,23.492027,0.498896,1.614501,0.290833,0.179309,0.946662
37.450000,1,0,0,2.400000,9.810000,0.900000,30.000000,60.000000,6.000000,0.000000,-0.000000,1.500000,-0.009554,0.002074,1.497137,0.000000,0.000000,0.000000,-0.012632,-0.000484,-0.006768,0.999554,0.003699,-0.029619,0.000110,-0.012676,0.025357,-0.000188,0.078720,0.024551,0.060399,23.492027,23.492027,23.493266,0.498923,1.579886,0.232790,0.238791,0.947702
37.500000,1,0,0,2.400000,9.810000,0.900000,30.000000,60.000000,6.000000,0.000000,-0.000000,1.500000,-0.010135,0.002098,1.496818,0.000000,0.000000,0.000000,-0.010570,0.001464,-0.005984,0.999574,0.003392,-0.028999,0.000098,-0.011845,0.024188,-0.000164,0.065217,0.053873,0.067615,23.493266,23.493266,23.494439,0.498947,1.518489,0.288754,0.253063,0.948717
37.550000,1,0,0,2.400000,9.810000,0.900000,30.000000,60.000000,6.000000,0.000000,-0.000000,1.500000,-0.010610,0.002219,1.496539,0.000000,0.000000,0.000000,-0.008404,0.003341,-0.005178,0.999591,0.003109,-0.028411,0.000088,-0.010834,0.022812,-0.000142,0.078933,0.035751,0.045926,23.494439,23.494439,23.495544,0.498971,1.523901,0.231930,0.198166,0.949704
37.600000,1,0,0,2.400000,9.810000,0.900000,30.000000,60.000000,6.000000,0.000000,-0.000000,1.500000,-0.010974,0.002431,1.496300,0.000000,0.000000,0.000000,-0.006149,0.005124,-0.004355,0.999608,0.002852,-0.027861,0.000079,-0.009657,0.021244,-0.000121,0.048449,0.007860,0.035828,23.495544,23.495544,23.496580,0.498993,1.424951,0.152947,0.171301,0.950658
37.650000,1,0,0,2.400000,9.810000,0.900000,30.000000,60.000000,6.000000,0.000000,-0.000000,1.500000,-0.011223,0.002729,1.496103,0.000000,0.000000,0.000000,-0.003823,0.006790,-0.003523,0.999622,0.002627,-0.027351,0.000072,-0.008329,0.019498,-0.000102,0.083746,-0.024120,0.015273,23.496580,23.496580,23.497549,0.499014,1.485813,0.065623,0.119555,0.951578
37.700000,1,0,0,2.400000,9.810000,0.900000,30.000000,60.000000,6.000000,0.000000,-0.000000,1.500000,-0.011355,0.003107,1.495948,0.000000,0.000000,0.000000,-0.001442,0.008318,-0.002688,0.999635,0.002437,-0.026887,0.000066,-0.006869,0.017592,-0.000086,0.076766,-0.010076,0.031027,23.497549,23.497549,23.498450,0.499033,1.447344,0.090393,0.155169,0.952461
37.750000,1,0,0,2.400000,9.810000,0.900000,30.000000,60.000000,6.000000,0.000000,-0.000000,1.500000,-0.011367,0.003558,1.495834,0.000000,0.000000,0.000000,0.000976,0.009688,-0.001856,0.999647,0.002285,-0.026473,0.000061,-0.005295,0.015542,-0.000071,0.085796,-0.013683,0.052690,23.498450,23.498450,23.499288,0.499050,1.449615,0.074585,0.205188,0.953303
37.800000,1,0,0,2.400000,9.810000,0.900000,30.000000,60.000000,6.000000,0.000000,-0.000000,1.500000,-0.011257,0.004073,1.495762,0.000000,0.000000,0.000000,0.003412,0.010883,-0.001035,0.999657,0.002173,-0.026112,0.000057,-0.003629,0.013370,-0.000058,0.070592,-0.033700,0.049576,23.499288,23.499288,23.500065,0.499067,1.396199,0.021297,0.195961,0.954102
37.850000,1,0,0,2.400000,9.810000,0.900000,30.000000,60.000000,6.000000,0.000000,-0.000000,1.500000,-0.011026,0.004643,1.495731,0.000000,0.000000,0.000000,0.005849,0.011886,-0.000230,0.999665,0.002104,-0.025806,0.000054,-0.001895,0.011095,-0.000047,0.075782,-0.018712,0.058272,23.500065,23.500065,23.500786,0.499082,1.394335,0.054023,0.215296,0.954857
37.900000,1,0,0,2.400000,9.810000,0.900000,30.000000,60.000000,6.000000,0.000000,-0.000000,1.500000,-0.010673,0.005259,1.495739,0.000000,0.000000,0.000000,0.008269,0.012684,0.000552,0.999671,0.002079,-0.025558,0.000053,-0.000116,0.008739,-0.000036,0.015327,-0.004015,0.076278,23.500786,23.500786,23.501461,0.499097,1.237635,0.088114,0.257184,0.955565
37.950000,1,0,0,2.400000,9.810000,0.900000,30.000000,60.000000,6.000000,0.000000,-0.000000,1.500000,-0.010199,0.005908,1.495785,0.000000,0.000000,0.000000,0.010654,0.013266,0.001305,0.999676,0.002099,-0.025369,0.000053,0.001682,0.006325,-0.000027,0.029142,-0.019591,0.040808,23.501461,23.501461,23.502097,0.499110,1.261981,0.051653,0.170936,0.956225
38.000000,1,0,0,2.400000,9.810000,0.900000,30.000000,60.000000,6.000000,0.000000,-0.000000,1.500000,-0.009608,0.006581,1.495869,0.000000,0.000000,0.000000,0.012985,0.013621,0.002023,0.999679,0.002163,-0.025242,0.000055,0.003475,0.003876,-0.000017,0.005089,-0.019197,0.045897,23.502097,23.502097,23.502707,0.499123,1.198296,0.055634,0.182226,0.956835
