t,flight_active,online_update_configured,online_update_enabled,mass_kg,gravity_m_s2,anomaly_similarity_threshold,force_clip_norm_n,force_reject_norm_n,residual_consistency_threshold_n,pd_x,pd_y,pd_z,p_x,p_y,p_z,vd_x,vd_y,vd_z,v_x,v_y,v_z,q_w,q_x,q_y,q_z,omega_x,omega_y,omega_z,accel_world_x,accel_world_y,accel_world_z,previous_commanded_thrust_n,residual_model_thrust_n,thrust_n,thrust_norm,residual_x,residual_y,residual_z,max_similarity
0.000000,1,0,0,2.400000,9.810000,0.900000,30.000000,60.000000,6.000000,0.000000,0.000000,1.500000,0.098475,0.008266,1.480672,0.000000,0.000000,0.000000,0.038477,-0.030072,-0.011394,0.997881,0.004270,-0.064911,-0.000909,0.038525,0.037452,0.003062,0.149912,-0.133404,0.080111,23.919446,23.919446,23.887449,0.507294,3.458685,-0.119132,0.019261,0.932450
0.050000,1,0,0,2.400000,9.810000,0.900000,30.000000,60.000000,6.000000,0.000000,0.000000,1.500000,0.100634,0.006582,1.480183,0.000000,0.000000,0.000000,0.047719,-0.036683,-0.008024,0.997936,0.005167,-0.064002,-0.000770,0.033550,0.035259,0.003056,0.198056,-0.053365,0.096177,23.887449,23.887449,23.854883,0.506602,3.526904,0.115926,0.084350,0.933346
0.100000,1,0,0,2.400000,9.810000,0.900000,30.000000,60.000000,6.000000,0.000000,0.000000,1.500000,0.103227,0.004658,1.479881,0.000000,0.000000,0.000000,0.055744,-0.039688,-0.003940,0.997985,0.005929,-0.063168,-0.000640,0.027783,0.031457,0.003083,0.158691,-0.005580,0.115023,23.854883,23.854883,23.822069,0.505905,3.388677,0.267000,0.157218,0.934238
0.150000,1,0,0,2.400000,9.810000,0.900000,30.000000,60.000000,6.000000,0.000000,0.000000,1.500000,0.106180,0.002675,1.479798,0.000000,0.000000,0.000000,0.062059,-0.039025,0.000706,0.998027,0.006541,-0.062446,-0.000519,0.021530,0.026200,0.003146,0.123096,0.092513,0.108880,23.822069,23.822069,23.789320,0.505210,3.264920,0.531503,0.171071,0.935072
0.200000,1,0,0,2.400000,9.810000,0.900000,30.000000,60.000000,6.000000,0.000000,0.000000,1.500000,0.109398,0.000812,1.479958,0.000000,0.000000,0.000000,0.066256,-0.034933,0.005735,0.998060,0.006993,-0.061872,-0.000407,0.015123,0.019721,0.003243,0.077439,0.127456,0.146164,23.789320,23.789320,23.756933,0.504522,3.124057,0.636785,0.289938,0.935799
0.250000,1,0,0,2.400000,9.810000,0.900000,30.000000,60.000000,6.000000,0.000000,0.000000,1.500000,0.112765,-0.000770,1.480375,0.000000,0.000000,0.000000,0.068036,-0.027930,0.010949,0.998082,0.007287,-0.061471,-0.000303,0.008893,0.012319,0.003366,0.009472,0.206491,0.132922,23.756933,23.756933,23.725191,0.503848,2.937976,0.840277,0.288145,0.936372
0.300000,1,0,0,2.400000,9.810000,0.900000,30.000000,60.000000,6.000000,0.000000,0.000000,1.500000,0.116158,-0.001945,1.481053,0.000000,0.000000,0.000000,0.067221,-0.018770,0.016142,0.998094,0.007431,-0.061263,-0.000207,0.003153,0.004347,0.003505,-0.005757,0.231159,0.134518,23.725191,23.725191,23.694354,0.503193,2.887679,0.906115,0.322363,0.936753
0.350000,1,0,0,2.400000,9.810000,0.900000,30.000000,60.000000,6.000000,0.000000,0.000000,1.500000,0.119444,-0.002626,1.481985,0.000000,0.000000,0.000000,0.063768,-0.008384,0.021108,0.998094,0.007440,-0.061257,-0.000117,-0.001824,-0.003815,0.003647,-0.051843,0.248719,0.108177,23.694354,23.694354,23.664658,0.502562,2.772991,0.948504,0.289719,0.936912
0.400000,1,0,0,2.400000,9.810000,0.900000,30.000000,60.000000,6.000000,0.000000,0.000000,1.500000,0.122492,-0.002780,1.483156,0.000000,0.000000,0.000000,0.057769,0.002203,0.025649,0.998083,0.007337,-0.061453,-0.000032,-0.005821,-0.011774,0.003780,-0.088118,0.228824,0.064595,23.664658,23.664658,23.636308,0.501960,2.691494,0.895678,0.215658,0.936827
0.450000,1,0,0,2.400000,9.810000,0.900000,30.000000,60.000000,6.000000,0.000000,0.000000,1.500000,0.125182,-0.002420,1.484540,0.000000,0.000000,0.000000,0.049444,0.011947,0.029585,0.998060,0.007148,-0.061841,0.000050,-0.008689,-0.019149,0.003895,-0.157065,0.205644,0.041838,23.636308,23.636308,23.609472,0.501390,2.540762,0.830925,0.191306,0.936488
0.500000,1,0,0,2.400000,9.810000,0.900000,30.000000,60.000000,6.000000,0.000000,0.000000,1.500000,0.127403,-0.001615,1.486102,0.000000,0.000000,0.000000,0.039137,0.019880,0.032760,0.998027,0.006901,-0.062403,0.000130,-0.010358,-0.025590,0.003985,-0.224610,0.142639,0.029845,23.609472,23.609472,23.584269,0.500855,2.401660,0.667953,0.192279,0.935895
0.550000,1,0,0,2.400000,9.810000,0.900000,30.000000,60.000000,6.000000,0.000000,0.000000,1.500000,0.129070,-0.000476,1.487801,0.000000,0.000000,0.000000,0.027290,0.025183,0.035052,0.997985,0.006628,-0.063110,0.000208,-0.010839,-0.030801,0.004048,-0.265199,0.075335,0.005961,23.584269,23.584269,23.560770,0.500356,2.334243,0.493448,0.163973,0.935058
0.600000,1,0,0,2.400000,9.810000,0.900000,30.000000,60.000000,6.000000,0.000000,0.000000,1.500000,0.130116,0.000849,1.489591,0.000000,0.000000,0.000000,0.014426,0.027255,0.036375,0.997934,0.006357,-0.063929,0.000288,-0.010223,-0.034551,0.004083,-0.296372,0.023776,-0.013549,23.560770,23.560770,23.538989,0.499894,2.294818,0.356877,0.145197,0.933997
0.650000,1,0,0,2.400000,9.810000,0.900000,30.000000,60.000000,6.000000,0.000000,0.000000,1.500000,0.130505,0.002190,1.491422,0.000000,0.000000,0.000000,0.001120,0.025764,0.036687,0.997878,0.006114,-0.064822,0.000369,-0.008676,-0.036689,0.004094,-0.297999,-0.095721,-0.021907,23.538989,23.538989,23.518888,0.499467,2.329887,0.058598,0.152007,0.932743
0.700000,1,0,0,2.400000,9.810000,0.900000,30.000000,60.000000,6.000000,0.000000,0.000000,1.500000,0.130230,0.003365,1.493243,0.000000,0.000000,0.000000,-0.012033,0.020672,0.035986,0.997819,0.005918,-0.065747,0.000453,-0.006423,-0.037154,0.004083,-0.310999,-0.150205,-0.067711,23.518888,23.518888,23.500380,0.499074,2.339312,-0.081341,0.067579,0.931335
0.750000,1,0,0,2.400000,9.810000,0.900000,30.000000,60.000000,6.000000,0.000000,0.000000,1.500000,0.129314,0.004201,1.495004,0.000000,0.000000,0.000000,-0.024442,0.012244,0.034315,0.997759,0.005784,-0.066663,0.000541,-0.003736,-0.035974,0.004054,-0.242732,-0.205787,-0.101597,23.500380,23.500380,23.483337,0.498712,2.543476,-0.220946,0.010229,0.929818
0.800000,1,0,0,2.400000,9.810000,0.900000,30.000000,60.000000,6.000000,0.000000,0.000000,1.500000,0.127807,0.004543,1.496660,0.000000,0.000000,0.000000,-0.035562,0.001019,0.031757,0.997701,0.005720,-0.067530,0.000632,-0.000918,-0.033270,0.004011,-0.238271,-0.245452,-0.116689,23.483337,23.483337,23.467607,0.498378,2.592346,-0.319053,-0.003672,0.928242
0.850000,1,0,0,2.400000,9.810000,0.900000,30.000000,60.000000,6.000000,0.000000,0.000000,1.500000,0.125787,0.004269,1.498167,0.000000,0.000000,0.000000,-0.044909,-0.012225,0.028433,0.997647,0.005724,-0.068313,0.000728,0.001726,-0.029243,0.003955,-0.184946,-0.277476,-0.116232,23.467607,23.467607,23.453026,0.498068,2.754660,-0.395565,0.018004,0.926664
0.900000,1,0,0,2.400000,9.810000,0.900000,30.000000,60.000000,6.000000,0.000000,0.000000,1.500000,0.123353,0.003303,1.499493,0.000000,0.000000,0.000000,-0.052096,-0.026537,0.024498,0.997601,0.005790,-0.068981,0.000827,0.003899,-0.024167,0.003887,-0.134843,-0.295515,-0.121996,23.453026,23.453026,23.439440,0.497779,2.904019,-0.435645,0.022952,0.925138
0.950000,1,0,0,2.400000,9.810000,0.900000,30.000000,60.000000,6.000000,0.000000,0.000000,1.500000,0.120618,0.001615,1.500610,0.000000,0.000000,0.000000,-0.056846,-0.040872,0.020130,0.997563,0.005900,-0.069513,0.000928,0.005340,-0.018372,0.003808,-0.089608,-0.270463,-0.128052,23.439440,23.439440,23.426715,0.497509,3.035439,-0.370157,0.025388,0.923721
1.000000,1,0,0,2.400000,9.810000,0.900000,30.000000,60.000000,6.000000,0.000000,0.000000,1.500000,0.117711,-0.000767,1.501502,0.000000,0.000000,0.000000,-0.059011,-0.054169,0.015525,0.997536,0.006036,-0.069895,0.001029,0.005838,-0.012227,0.003721,-0.006401,-0.250319,-0.116545,23.426715,23.426715,23.414757,0.497255,3.251114,-0.315298,0.068180,0.922464
1.050000,1,0,0,2.400000,9.810000,0.900000,30.000000,60.000000,6.000000,0.000000,0.000000,1.500000,0.114761,-0.003768,1.502162,0.000000,0.000000,0.000000,-0.058574,-0.065444,0.010889,0.997519,0.006170,-0.070124,0.001129,0.005247,-0.006117,0.003628,0.030007,-0.218450,-0.112048,23.414757,23.414757,23.403517,0.497017,3.347417,-0.232343,0.092389,0.921418
1.100000,1,0,0,2.400000,9.810000,0.900000,30.000000,60.000000,6.000000,0.000000,0.000000,1.500000,0.111895,-0.007264,1.502594,0.000000,0.000000,0.000000,-0.055656,-0.073863,0.006426,0.997512,0.006275,-0.070205,0.001226,0.003498,-0.000424,0.003535,0.108520,-0.138563,-0.127023,23.403517,23.403517,23.393002,0.496793,3.537989,-0.035519,0.068170,0.920623
1.150000,1,0,0,2.400000,9.810000,0.900000,30.000000,60.000000,6.000000,0.000000,0.000000,1.500000,0.109233,-0.011096,1.502811,0.000000,0.000000,0.000000,-0.050503,-0.078815,0.002332,0.997515,0.006323,-0.070153,0.001317,0.000600,0.004496,0.003447,0.126296,-0.075697,-0.099879,23.393002,23.393002,23.383274,0.496587,3.576723,0.117725,0.143411,0.920114
1.200000,1,0,0,2.400000,9.810000,0.900000,30.000000,60.000000,6.000000,0.000000,0.000000,1.500000,0.106876,-0.015082,1.502836,0.000000,0.000000,0.000000,-0.043479,-0.079954,-0.001216,0.997527,0.006284,-0.069991,0.001401,-0.003356,0.008331,0.003370,0.149967,0.011105,-0.073989,23.383274,23.383274,23.374451,0.496399,3.624634,0.324397,0.214094,0.919917
1.250000,1,0,0,2.400000,9.810000,0.900000,30.000000,60.000000,6.000000,0.000000,0.000000,1.500000,0.104908,-0.019027,1.502701,0.000000,0.000000,0.000000,-0.035041,-0.077236,-0.004065,0.997545,0.006135,-0.069749,0.001476,-0.008201,0.010832,0.003311,0.150019,0.077319,-0.040549,23.374451,23.374451,23.366696,0.496235,3.612324,0.476499,0.301424,0.920046
1.300000,1,0,0,2.400000,9.810000,0.900000,30.000000,60.000000,6.000000,0.000000,0.000000,1.500000,0.103387,-0.022745,1.502443,0.000000,0.000000,0.000000,-0.025717,-0.070915,-0.006096,0.997566,0.005857,-0.069465,0.001540,-0.013705,0.011827,0.003271,0.186129,0.158609,0.004084,23.366696,23.366696,23.360213,0.496097,3.684698,0.658723,0.414213,0.920506
1.350000,1,0,0,2.400000,9.810000,0.900000,30.000000,60.000000,6.000000,0.000000,0.000000,1.500000,0.102342,-0.026067,1.502106,0.000000,0.000000,0.000000,-0.016082,-0.061524,-0.007228,0.997588,0.005436,-0.069175,0.001595,-0.019583,0.011227,0.003250,0.195606,0.191402,0.042411,23.360213,23.360213,23.355232,0.495991,3.693133,0.717901,0.510518,0.921291
1.400000,1,0,0,2.400000,9.810000,0.900000,30.000000,60.000000,6.000000,0.000000,0.000000,1.500000,0.101774,-0.028859,1.501736,0.000000,0.000000,0.000000,-0.006719,-0.049834,-0.007420,0.997609,0.004868,-0.068920,0.001638,-0.025519,0.009037,0.003244,0.146748,0.238231,0.036567,23.355232,23.355232,23.352002,0.495923,3.563420,0.803863,0.499511,0.922385
1.450000,1,0,0,2.400000,9.810000,0.900000,30.000000,60.000000,6.000000,0.000000,0.000000,1.500000,0.101656,-0.031028,1.501380,0.000000,0.000000,0.000000,0.001802,-0.036790,-0.006675,0.997625,0.004154,-0.068739,0.001671,-0.031183,0.005351,0.003244,0.176586,0.270824,0.034072,23.352002,23.352002,23.350772,0.495896,3.626260,0.848886,0.495257,0.923760
1.500000,1,0,0,2.400000,9.810000,0.900000,30.000000,60.000000,6.000000,0.000000,0.000000,1.500000,0.101932,-0.032533,1.501083,0.000000,0.000000,0.000000,0.008963,-0.023432,-0.005039,0.997633,0.003306,-0.068668,0.001694,-0.036251,0.000349,0.003240,0.118237,0.280841,0.064058,23.350772,23.350772,23.351783,0.495918,3.482794,0.833470,0.567684,0.925381
1.550000,1,0,0,2.400000,9.810000,0.900000,30.000000,60.000000,6.000000,0.000000,0.000000,1.500000,0.102522,-0.033384,1.500889,0.000000,0.000000,0.000000,0.014320,-0.010815,-0.002597,0.997631,0.002342,-0.068734,0.001708,-0.040429,-0.005714,0.003220,0.102893,0.264683,0.097575,23.351783,23.351783,23.355249,0.495992,3.449293,0.749844,0.647302,0.927204
1.600000,1,0,0,2.400000,9.810000,0.900000,30.000000,60.000000,6.000000,0.000000,0.000000,1.500000,0.103328,-0.033643,1.500835,0.000000,0.000000,0.000000,0.017525,0.000080,0.000527,0.997617,0.001288,-0.068963,0.001715,-0.043469,-0.012521,0.003173,0.088556,0.186472,0.091871,23.355249,23.355249,23.361350,0.496121,3.426029,0.513080,0.631467,0.929179
1.650000,1,0,0,2.400000,9.810000,0.900000,30.000000,60.000000,6.000000,0.000000,0.000000,1.500000,0.104235,-0.033418,1.500951,0.000000,0.000000,0.000000,0.018351,0.008425,0.004177,0.997590,0.000175,-0.069366,0.001717,-0.045186,-0.019710,0.003092,0.063205,0.119356,0.065179,23.361350,23.361350,23.370217,0.496309,3.384836,0.300171,0.563895,0.931253
1.700000,1,0,0,2.400000,9.810000,0.900000,30.000000,60.000000,6.000000,0.000000,0.000000,1.500000,0.105121,-0.032853,1.501259,0.000000,0.000000,0.000000,0.016698,0.013608,0.008175,0.997549,-0.000963,-0.069950,0.001713,-0.045468,-0.026896,0.002975,0.007034,0.110097,0.078673,23.370217,23.370217,23.381925,0.496558,3.278415,0.224940,0.591339,0.933369
1.750000,1,0,0,2.400000,9.810000,0.900000,30.000000,60.000000,6.000000,0.000000,0.000000,1.500000,0.105864,-0.032116,1.501771,0.000000,0.000000,0.000000,0.012602,0.015290,0.012324,0.997493,-0.002089,-0.070708,0.001708,-0.044287,-0.033690,0.002825,-0.081171,-0.036452,0.081274,23.381925,23.381925,23.396480,0.496867,3.103647,-0.179274,0.591138,0.935469
1.800000,1,0,0,2.400000,9.810000,0.900000,30.000000,60.000000,6.000000,0.000000,0.000000,1.500000,0.106344,-0.031384,1.502490,0.000000,0.000000,0.000000,0.006231,0.013424,0.016419,0.997425,-0.003167,-0.071627,0.001702,-0.041696,-0.039723,0.002651,-0.081796,-0.169369,0.051168,23.396480,23.396480,23.413820,0.497235,3.146947,-0.548592,0.510860,0.937499
1.850000,1,0,0,2.400000,9.810000,0.900000,30.000000,60.000000,6.000000,0.000000,0.000000,1.500000,0.106454,-0.030829,1.503408,0.000000,0.000000,0.000000,-0.002123,0.008263,0.020258,0.997345,-0.004164,-0.072683,0.001698,-0.037830,-0.044663,0.002464,-0.126005,-0.206816,0.061370,23.413820,23.413820,23.433811,0.497660,3.092459,-0.685041,0.525660,0.939408
1.900000,1,0,0,2.400000,9.810000,0.900000,30.000000,60.000000,6.000000,0.000000,0.000000,1.500000,0.106105,-0.030604,1.504508,0.000000,0.000000,0.000000,-0.012057,0.000339,0.023647,0.997255,-0.005050,-0.073845,0.001697,-0.032895,-0.048237,0.002281,-0.177751,-0.297636,0.082505,23.433811,23.433811,23.456248,0.498136,3.025261,-0.944472,0.564971,0.941148
1.950000,1,0,0,2.400000,9.810000,0.900000,30.000000,60.000000,6.000000,0.000000,0.000000,1.500000,0.105230,-0.030828,1.505763,0.000000,0.000000,0.000000,-0.023083,-0.009583,0.026413,0.997159,-0.005802,-0.075077,0.001703,-0.027156,-0.050244,0.002115,-0.178496,-0.311160,0.061637,23.456248,23.456248,23.480867,0.498659,3.084138,-1.012184,0.501687,0.942681
2.000000,1,0,0,2.400000,9.810000,0.900000,30.000000,60.000000,6.000000,0.000000,0.000000,1.500000,0.103788,-0.031580,1.507137,0.000000,0.000000,0.000000,-0.034647,-0.020565,0.028407,0.997060,-0.006403,-0.076338,0.001716,-0.020920,-0.050565,0.001979,-0.152578,-0.324325,0.051869,23.480867,23.480867,23.507350,0.499222,3.208762,-1.072053,0.463214,0.943977
2.050000,1,0,0,2.400000,9.810000,0.900000,30.000000,60.000000,6.000000,0.000000,0.000000,1.500000,0.101766,-0.032885,1.508589,0.000000,0.000000,0.000000,-0.046163,-0.031576,0.029515,0.996961,-0.006846,-0.077585,0.001738,-0.014518,-0.049174,0.001881,-0.147438,-0.316025,0.028988,23.507350,23.507350,23.535344,0.499816,3.283264,-1.073027,0.391428,0.945015
2.100000,1,0,0,2.400000,9.810000,0.900000,30.000000,60.000000,6.000000,0.000000,0.000000,1.500000,0.099182,-0.034720,1.510072,0.000000,0.000000,0.000000,-0.057042,-0.041573,0.029660,0.996865,-0.007131,-0.078776,0.001770,-0.008281,-0.046134,0.001822,-0.155369,-0.260323,-0.037796,23.535344,23.535344,23.564473,0.500435,3.324139,-0.952839,0.212446,0.945783
2.150000,1,0,0,2.400000,9.810000,0.900000,30.000000,60.000000,6.000000,0.000000,0.000000,1.500000,0.096082,-0.037009,1.511538,0.000000,0.000000,0.000000,-0.066722,-0.049588,0.028807,0.996777,-0.007266,-0.079872,0.001813,-0.002523,-0.041597,0.001801,-0.153397,-0.136894,-0.025447,23.564473,23.564473,23.594363,0.501070,3.384631,-0.663073,0.221606,0.946283
2.200000,1,0,0,2.400000,9.810000,0.900000,30.000000,60.000000,6.000000,0.000000,0.000000,1.500000,0.092538,-0.039632,1.512936,0.000000,0.000000,0.000000,-0.074699,-0.054809,0.026965,0.996699,-0.007267,-0.080839,0.001865,0.002481,-0.035795,0.001809,-0.101954,-0.029364,-0.021186,23.594363,23.594363,23.624654,0.501713,3.558025,-0.405144,0.209654,0.946525
2.250000,1,0,0,2.400000,9.810000,0.900000,30.000000,60.000000,6.000000,0.000000,0.000000,1.500000,0.088647,-0.042434,1.514219,0.000000,0.000000,0.000000,-0.080550,-0.056643,0.024185,0.996634,-0.007155,-0.081647,0.001926,0.006511,-0.029025,0.001837,-0.080698,0.052530,-0.065631,23.624654,23.624654,23.655023,0.502358,3.651764,-0.203423,0.079226,0.946529
2.300000,1,0,0,2.400000,9.810000,0.900000,30.000000,60.000000,6.000000,0.000000,0.000000,1.500000,0.084524,-0.045235,1.515341,0.000000,0.000000,0.000000,-0.083961,-0.054767,0.020559,0.996583,-0.006957,-0.082278,0.001993,0.009417,-0.021637,0.001873,-0.054023,0.108272,-0.074838,23.655023,23.655023,23.685196,0.502999,3.750298,-0.060381,0.031932,0.946327
2.350000,1,0,0,2.400000,9.810000,0.900000,30.000000,60.000000,6.000000,0.000000,0.000000,1.500000,0.080295,-0.047848,1.516263,0.000000,0.000000,0.000000,-0.084738,-0.049156,0.016216,0.996548,-0.006701,-0.082722,0.002064,0.011124,-0.014011,0.001906,0.030860,0.163030,-0.116323,23.685196,23.685196,23.714958,0.503631,3.979756,0.083021,-0.094093,0.945956
2.400000,1,0,0,2.400000,9.810000,0.900000,30.000000,60.000000,6.000000,0.000000,0.000000,1.500000,0.076095,-0.050092,1.516953,0.000000,0.000000,0.000000,-0.082819,-0.040084,0.011315,0.996529,-0.006419,-0.082976,0.002138,0.011641,-0.006537,0.001929,0.098450,0.249157,-0.110186,23.714958,23.714958,23.744163,0.504251,4.158819,0.303013,-0.106894,0.945462
2.450000,1,0,0,2.400000,9.810000,0.900000,30.000000,60.000000,6.000000,0.000000,0.000000,1.500000,0.072057,-0.051808,1.517388,0.000000,0.000000,0.000000,-0.078280,-0.028103,0.006042,0.996524,-0.006138,-0.083050,0.002210,0.011056,0.000404,0.001936,0.165550,0.307472,-0.133613,23.744163,23.744163,23.772733,0.504858,4.328165,0.456200,-0.191503,0.944894
2.500000,1,0,0,2.400000,9.810000,0.900000,30.000000,60.000000,6.000000,0.000000,0.000000,1.500000,0.068307,-0.052867,1.517554,0.000000,0.000000,0.000000,-0.071326,-0.014002,0.000597,0.996533,-0.005884,-0.082962,0.002279,0.009531,0.006464,0.001922,0.166187,0.319162,-0.147339,23.772733,23.772733,23.800653,0.505450,4.330255,0.496212,-0.253463,0.944307
2.550000,1,0,0,2.400000,9.810000,0.900000,30.000000,60.000000,6.000000,0.000000,0.000000,1.500000,0.064959,-0.053188,1.517448,0.000000,0.000000,0.000000,-0.062284,0.001263,-0.004814,0.996553,-0.005677,-0.082736,0.002343,0.007291,0.011348,0.001889,0.248186,0.284520,-0.143440,23.800653,23.800653,23.827965,0.506031,4.521052,0.422761,-0.273531,0.943755
2.600000,1,0,0,2.400000,9.810000,0.900000,30.000000,60.000000,6.000000,0.000000,0.000000,1.500000,0.062107,-0.052739,1.517077,0.000000,0.000000,0.000000,-0.051586,0.016637,-0.009983,0.996581,-0.005533,-0.082406,0.002400,0.004605,0.014826,0.001836,0.263959,0.270578,-0.141313,23.827965,23.827965,23.854756,0.506599,4.547860,0.396027,-0.298034,0.943291
2.650000,1,0,0,2.400000,9.810000,0.900000,30.000000,60.000000,6.000000,0.000000,0.000000,1.500000,0.059820,-0.051541,1.516457,0.000000,0.000000,0.000000,-0.039744,0.031058,-0.014716,0.996614,-0.005458,-0.082009,0.002449,0.001775,0.016748,0.001764,0.313853,0.261724,-0.087147,23.854756,23.854756,23.881139,0.507160,4.653259,0.378189,-0.197617,0.942966
2.700000,1,0,0,2.400000,9.810000,0.900000,30.000000,60.000000,6.000000,0.000000,0.000000,1.500000,0.058142,-0.049666,1.515616,0.000000,0.000000,0.000000,-0.027326,0.043538,-0.018836,0.996648,-0.005453,-0.081585,0.002490,-0.000893,0.017054,0.001675,0.300702,0.189227,-0.124597,23.881139,23.881139,23.907241,0.507714,4.605938,0.204297,-0.316843,0.942825
2.750000,1,0,0,2.400000,9.810000,0.900000,30.000000,60.000000,6.000000,0.000000,0.000000,1.500000,0.057087,-0.047233,1.514586,0.000000,0.000000,0.000000,-0.014925,0.053245,-0.022194,0.996682,-0.005508,-0.081172,0.002524,-0.003102,0.015774,0.001568,0.299424,0.117607,-0.063972,23.907241,23.907241,23.933185,0.508265,4.587615,0.029571,-0.200275,0.942908
2.800000,1,0,0,2.400000,9.810000,0.900000,30.000000,60.000000,6.000000,0.000000,0.000000,1.500000,0.056639,-0.044398,1.513411,0.000000,0.000000,0.000000,-0.003130,0.059567,-0.024675,0.996710,-0.005609,-0.080811,0.002552,-0.004589,0.013027,0.001444,0.293353,0.050876,-0.037517,23.933185,23.933185,23.959076,0.508815,4.560120,-0.135646,-0.165135,0.943246
2.850000,1,0,0,2.400000,9.810000,0.900000,30.000000,60.000000,6.000000,0.000000,0.000000,1.500000,0.056755,-0.041339,1.512135,0.000000,0.000000,0.000000,0.007510,0.062164,-0.026201,0.996732,-0.005736,-0.080534,0.002575,-0.005141,0.009015,0.001303,0.273934,-0.032640,-0.002365,23.959076,23.959076,23.984989,0.509365,4.504568,-0.342373,-0.108393,0.943861
2.900000,1,0,0,2.400000,9.810000,0.900000,30.000000,60.000000,6.000000,0.000000,0.000000,1.500000,0.057363,-0.038244,1.510807,0.000000,0.000000,0.000000,0.016507,0.060992,-0.026738,0.996744,-0.005863,-0.080370,0.002594,-0.004610,0.004013,0.001146,0.218746,-0.071339,0.024943,23.984989,23.984989,24.010959,0.509917,4.368509,-0.441543,-0.069623,0.944764
2.950000,1,0,0,2.400000,9.810000,0.900000,30.000000,60.000000,6.000000,0.000000,0.000000,1.500000,0.058371,-0.035298,1.509478,0.000000,0.000000,0.000000,0.023464,0.056306,-0.026292,0.996746,-0.005961,-0.080339,0.002613,-0.002922,-0.001650,0.000978,0.156164,-0.130197,0.046352,24.010959,24.010959,24.036976,0.510469,4.221044,-0.587742,-0.044053,0.945957
3.000000,1,0,0,2.400000,9.810000,0.900000,30.000000,60.000000,6.000000,0.000000,0.000000,1.500000,0.059670,-0.032664,1.508194,0.000000,0.000000,0.000000,0.028095,0.048642,-0.024915,0.996737,-0.006003,-0.080455,0.002632,-0.000085,-0.007605,0.000804,0.039596,-0.151797,0.060403,24.036976,24.036976,24.062982,0.511022,3.950937,-0.641763,-0.035096,0.947430
3.050000,1,0,0,2.400000,9.810000,0.900000,30.000000,60.000000,6.000000,0.000000,0.000000,1.500000,0.061139,-0.030471,1.507000,0.000000,0.000000,0.000000,0.030240,0.038767,-0.022698,0.996716,-0.005959,-0.080717,0.002656,0.003813,-0.013469,0.000632,-0.016655,-0.182564,0.041736,24.062982,24.062982,24.088873,0.511571,3.832639,-0.713682,-0.103552,0.949164
3.100000,1,0,0,2.400000,9.810000,0.900000,30.000000,60.000000,6.000000,0.000000,0.000000,1.500000,0.062652,-0.028808,1.505936,0.000000,0.000000,0.000000,0.029871,0.027622,-0.019769,0.996684,-0.005806,-0.081121,0.002684,0.008607,-0.018861,0.000470,-0.089110,-0.170566,0.099384,24.088873,24.088873,24.114498,0.512116,3.682160,-0.677662,0.012313,0.951127
3.150000,1,0,0,2.400000,9.810000,0.900000,30.000000,60.000000,6.000000,0.000000,0.000000,1.500000,0.064086,-0.027713,1.505032,0.000000,0.000000,0.000000,0.027096,0.016240,-0.016286,0.996642,-0.005524,-0.081649,0.002720,0.014069,-0.023424,0.000327,-0.173337,-0.249417,0.066996,24.114498,24.114498,24.139664,0.512650,3.509352,-0.853412,-0.086713,0.953283
3.200000,1,0,0,2.400000,9.810000,0.900000,30.000000,60.000000,6.000000,0.000000,0.000000,1.500000,0.065326,-0.027171,1.504313,0.000000,0.000000,0.000000,0.022150,0.005665,-0.012431,0.996593,-0.005100,-0.082277,0.002765,0.019915,-0.026850,0.000208,-0.197418,-0.239341,0.069518,24.139664,24.139664,24.164143,0.513170,3.485618,-0.808819,-0.100739,0.955584
3.250000,1,0,0,2.400000,9.810000,0.900000,30.000000,60.000000,6.000000,0.000000,0.000000,1.500000,0.066271,-0.027117,1.503792,0.000000,0.000000,0.000000,0.015385,-0.003136,-0.008402,0.996538,-0.004528,-0.082973,0.002819,0.025831,-0.028889,0.000117,-0.227585,-0.173714,0.097081,24.164143,24.164143,24.187674,0.513670,3.450460,-0.623694,-0.053442,0.957980
3.300000,1,0,0,2.400000,9.810000,0.900000,30.000000,60.000000,6.000000,0.000000,0.000000,1.500000,0.066841,-0.027441,1.503473,0.000000,0.000000,0.000000,0.007251,-0.009348,-0.004402,0.996480,-0.003811,-0.083700,0.002884,0.031487,-0.029371,0.000053,-0.264971,-0.087382,0.070043,24.187674,24.187674,24.209975,0.514143,3.399353,-0.381771,-0.135967,0.960416
3.350000,1,0,0,2.400000,9.810000,0.900000,30.000000,60.000000,6.000000,0.000000,0.000000,1.500000,0.066982,-0.027998,1.503348,0.000000,0.000000,0.000000,-0.001729,-0.012381,-0.000635,0.996422,-0.002960,-0.084418,0.002959,0.036558,-0.028210,0.000008,-0.251118,-0.047126,0.086782,24.209975,24.209975,24.230747,0.514584,3.470627,-0.243834,-0.112214,0.962833
3.400000,1,0,0,2.400000,9.810000,0.900000,30.000000,60.000000,6.000000,0.000000,0.000000,1.500000,0.066664,-0.028620,1.503402,0.000000,0.000000,0.000000,-0.010987,-0.011912,0.002710,0.996367,-0.001993,-0.085086,0.003043,0.040751,-0.025411,-0.000027,-0.229558,0.038803,0.083219,24.230747,24.230747,24.249685,0.514987,3.557780,0.009423,-0.135985,0.965174
3.450000,1,0,0,2.400000,9.810000,0.900000,30.000000,60.000000,6.000000,0.000000,0.000000,1.500000,0.065888,-0.029130,1.503609,0.000000,0.000000,0.000000,-0.019938,-0.007915,0.005461,0.996319,-0.000936,-0.085665,0.003133,0.043813,-0.021071,-0.000065,-0.193720,0.094600,0.082034,24.249685,24.249685,24.266489,0.515343,3.674614,0.194843,-0.152849,0.967386
3.500000,1,0,0,2.400000,9.810000,0.900000,30.000000,60.000000,6.000000,0.000000,0.000000,1.500000,0.064685,-0.029357,1.503936,0.000000,0.000000,0.000000,-0.028013,-0.000662,0.007475,0.996280,0.000182,-0.086118,0.003227,0.045559,-0.015370,-0.000119,-0.115788,0.163735,0.082360,24.266489,24.266489,24.280880,0.515649,3.886083,0.415245,-0.164890,0.969416
3.550000,1,0,0,2.400000,9.810000,0.900000,30.000000,60.000000,6.000000,0.000000,0.000000,1.500000,0.063110,-0.029151,1.504342,0.000000,0.000000,0.000000,-0.034689,0.009297,0.008642,0.996253,0.001325,-0.086414,0.003322,0.045873,-0.008567,-0.000200,-0.026514,0.197419,0.040056,24.280880,24.280880,24.292611,0.515898,4.116848,0.551841,-0.278030,0.971219
3.600000,1,0,0,2.400000,9.810000,0.900000,30.000000,60.000000,6.000000,0.000000,0.000000,1.500000,0.061247,-0.028396,1.504785,0.000000,0.000000,0.000000,-0.039513,0.021181,0.008891,0.996240,0.002457,-0.086530,0.003413,0.044724,-0.000981,-0.000316,-0.035889,0.216495,0.061478,24.292611,24.292611,24.301481,0.516086,4.101751,0.652866,-0.236989,0.972759
3.650000,1,0,0,2.400000,9.810000,0.900000,30.000000,60.000000,6.000000,0.000000,0.000000,1.500000,0.059196,-0.027017,1.505216,0.000000,0.000000,0.000000,-0.042134,0.034038,0.008194,0.996244,0.003542,-0.086452,0.003498,0.042162,0.007026,-0.000468,0.015386,0.232195,0.024456,24.301481,24.301481,24.307350,0.516211,4.222356,0.743493,-0.334921,0.974006
3.700000,1,0,0,2.400000,9.810000,0.900000,30.000000,60.000000,6.000000,0.000000,0.000000,1.500000,0.057074,-0.024993,1.505588,0.000000,0.000000,0.000000,-0.042312,0.046827,0.006563,0.996263,0.004547,-0.086173,0.003572,0.038320,0.015065,-0.000653,0.090704,0.163358,-0.005817,24.307350,24.307350,24.310153,0.516271,4.390509,0.627269,-0.415306,0.974942
3.750000,1,0,0,2.400000,9.810000,0.900000,30.000000,60.000000,6.000000,0.000000,0.000000,1.500000,0.055007,-0.022353,1.505857,0.000000,0.000000,0.000000,-0.039939,0.058497,0.004057,0.996300,0.005442,-0.085697,0.003633,0.033400,0.022746,-0.000861,0.105981,0.178346,-0.036244,24.310153,24.310153,24.309897,0.516265,4.404609,0.706804,-0.494629,0.975558
3.800000,1,0,0,2.400000,9.810000,0.900000,30.000000,60.000000,6.000000,0.000000,0.000000,1.500000,0.053122,-0.019178,1.505981,0.000000,0.000000,0.000000,-0.035040,0.068077,0.000771,0.996351,0.006204,-0.085039,0.003678,0.027666,0.029697,-0.001079,0.146368,0.116271,-0.054922,24.309897,24.309897,24.306673,0.516197,4.469689,0.594796,-0.544234,0.975858
3.850000,1,0,0,2.400000,9.810000,0.900000,30.000000,60.000000,6.000000,0.000000,0.000000,1.500000,0.051543,-0.015594,1.505924,0.000000,0.000000,0.000000,-0.027774,0.074752,-0.003162,0.996417,0.006816,-0.084221,0.003706,0.021423,0.035586,-0.001294,0.209547,0.022033,-0.099681,24.306673,24.306673,24.300643,0.516069,4.581298,0.398195,-0.654822,0.975854
3.900000,1,0,0,2.400000,9.810000,0.900000,30.000000,60.000000,6.000000,0.000000,0.000000,1.500000,0.050380,-0.011761,1.505657,0.000000,0.000000,0.000000,-0.018425,0.077929,-0.007578,0.996493,0.007269,-0.083273,0.003716,0.015002,0.040135,-0.001490,0.247388,-0.005726,-0.114172,24.300643,24.300643,24.292034,0.515886,4.625414,0.353328,-0.691066,0.975570
3.950000,1,0,0,2.400000,9.810000,0.900000,30.000000,60.000000,6.000000,0.000000,0.000000,1.500000,0.049728,-0.007865,1.505161,0.000000,0.000000,0.000000,-0.007390,0.077290,-0.012292,0.996578,0.007563,-0.082231,0.003709,0.008733,0.043141,-0.001657,0.290509,-0.094076,-0.112531,24.292034,24.292034,24.281120,0.515654,4.677311,0.155227,-0.686804,0.975038
4.000000,1,0,0,2.400000,9.810000,0.900000,30.000000,60.000000,6.000000,0.000000,0.000000,1.500000,0.049661,-0.004097,1.504426,0.000000,0.000000,0.000000,0.004845,0.072811,-0.017104,0.996666,0.007707,-0.081135,0.003686,0.002932,0.044483,-0.001788,0.339714,-0.186233,-0.091943,24.281120,24.281120,24.268205,0.515380,4.740905,-0.059431,-0.635216,0.974299
4.050000,1,0,0,2.400000,9.810000,0.900000,30.000000,60.000000,6.000000,0.000000,0.000000,1.500000,0.050224,-0.000643,1.503452,0.000000,0.000000,0.000000,0.017728,0.064772,-0.021807,0.996756,0.007714,-0.080027,0.003650,-0.002126,0.044132,-0.001882,0.340149,-0.215593,-0.067455,24.268205,24.268205,24.253603,0.515070,4.686627,-0.130028,-0.572363,0.973399
4.100000,1,0,0,2.400000,9.810000,0.900000,30.000000,60.000000,6.000000,0.000000,0.000000,1.500000,0.051435,0.002330,1.502251,0.000000,0.000000,0.000000,0.030671,0.053727,-0.026198,0.996843,0.007608,-0.078949,0.003602,-0.006217,0.042147,-0.001940,0.337472,-0.270072,-0.054142,24.253603,24.253603,24.237615,0.514730,4.626110,-0.266492,-0.534394,0.972390
4.150000,1,0,0,2.400000,9.810000,0.900000,30.000000,60.000000,6.000000,0.000000,0.000000,1.500000,0.053282,0.004693,1.500841,0.000000,0.000000,0.000000,0.043078,0.040465,-0.030085,0.996924,0.007414,-0.077939,0.003545,-0.009189,0.038677,-0.001970,0.320595,-0.293458,-0.060459,24.237615,24.237615,24.220519,0.514367,4.534658,-0.332614,-0.541587,0.971328
4.200000,1,0,0,2.400000,9.810000,0.900000,30.000000,60.000000,6.000000,0.000000,0.000000,1.500000,0.055724,0.006356,1.499253,0.000000,0.000000,0.000000,0.054380,0.025946,-0.033298,0.996997,0.007161,-0.077032,0.003483,-0.010965,0.033950,-0.001979,0.296158,-0.306767,-0.076725,24.220519,24.220519,24.202548,0.513985,4.429897,-0.377400,-0.570725,0.970266
4.250000,1,0,0,2.400000,9.810000,0.900000,30.000000,60.000000,6.000000,0.000000,0.000000,1.500000,0.058693,0.007284,1.497525,0.000000,0.000000,0.000000,0.064060,0.011220,-0.035695,0.997059,0.006879,-0.076256,0.003418,-0.011550,0.028262,-0.001977,0.269821,-0.310049,-0.046409,24.202548,24.202548,24.183888,0.513589,4.326759,-0.399502,-0.486164,0.969259
4.300000,1,0,0,2.400000,9.810000,0.900000,30.000000,60.000000,6.000000,0.000000,0.000000,1.500000,0.062096,0.007492,1.495699,0.000000,0.000000,0.000000,0.071683,-0.002654,-0.037168,0.997109,0.006597,-0.075630,0.003351,-0.011030,0.021958,-0.001973,0.245746,-0.299461,-0.037693,24.183888,24.183888,24.164673,0.513181,4.236195,-0.388286,-0.451588,0.968358
4.350000,1,0,0,2.400000,9.810000,0.900000,30.000000,60.000000,6.000000,0.000000,0.000000,1.500000,0.065821,0.007049,1.493825,0.000000,0.000000,0.000000,0.076917,-0.014694,-0.037647,0.997146,0.006341,-0.075165,0.003285,-0.009563,0.015415,-0.001972,0.193848,-0.223594,-0.021513,24.164673,24.164673,24.144979,0.512763,4.086513,-0.219118,-0.397313,0.967608
4.400000,1,0,0,2.400000,9.810000,0.900000,30.000000,60.000000,6.000000,0.000000,0.000000,1.500000,0.069744,0.006067,1.491952,0.000000,0.000000,0.000000,0.079552,-0.024077,-0.037106,0.997170,0.006131,-0.074861,0.003222,-0.007372,0.009021,-0.001978,0.083495,-0.156088,-0.014808,24.144979,24.144979,24.124833,0.512335,3.804241,-0.067726,-0.364077,0.967047
4.450000,1,0,0,2.400000,9.810000,0.900000,30.000000,60.000000,6.000000,0.000000,0.000000,1.500000,0.073732,0.004696,1.490131,0.000000,0.000000,0.000000,0.079509,-0.030200,-0.035562,0.997182,0.005983,-0.074711,0.003162,-0.004727,0.003151,-0.001995,0.039669,-0.085094,-0.000997,24.124833,24.124833,24.104215,0.511897,3.688915,0.095035,-0.312182,0.966707
4.500000,1,0,0,2.400000,9.810000,0.900000,30.000000,60.000000,6.000000,0.000000,0.000000,1.500000,0.077651,0.003107,1.488411,0.000000,0.000000,0.000000,0.076843,-0.032732,-0.033074,0.997184,0.005904,-0.074697,0.003106,-0.001926,-0.001848,-0.002023,-0.042167,-0.018640,0.013900,24.104215,24.104215,24.083064,0.511448,3.488792,0.250258,-0.256191,0.966608
4.550000,1,0,0,2.400000,9.810000,0.900000,30.000000,60.000000,6.000000,0.000000,0.000000,1.500000,0.081375,0.001483,1.486838,0.000000,0.000000,0.000000,0.071744,-0.031640,-0.029741,0.997177,0.005894,-0.074793,0.003053,0.000724,-0.005685,-0.002064,-0.088427,0.059255,0.039119,24.083064,24.083064,24.061284,0.510985,3.379235,0.436278,-0.174064,0.966762
4.600000,1,0,0,2.400000,9.810000,0.900000,30.000000,60.000000,6.000000,0.000000,0.000000,1.500000,0.084790,-0.000001,1.485449,0.000000,0.000000,0.000000,0.064521,-0.027187,-0.025699,0.997164,0.005945,-0.074968,0.003004,0.002925,-0.008132,-0.002117,-0.131558,0.105457,0.045999,24.061284,24.061284,24.038752,0.510507,3.280822,0.549194,-0.134728,0.967167
4.650000,1,0,0,2.400000,9.810000,0.900000,30.000000,60.000000,6.000000,0.000000,0.000000,1.500000,0.087799,-0.001188,1.484277,0.000000,0.000000,0.000000,0.055593,-0.019915,-0.021113,0.997147,0.006043,-0.075185,0.002956,0.004413,-0.009044,-0.002185,-0.156520,0.204239,0.043663,24.038752,24.038752,24.015330,0.510010,3.227876,0.790539,-0.116436,0.967814
4.700000,1,0,0,2.400000,9.810000,0.900000,30.000000,60.000000,6.000000,0.000000,0.000000,1.500000,0.090329,-0.001958,1.483344,0.000000,0.000000,0.000000,0.045460,-0.010597,-0.016170,0.997130,0.006166,-0.075404,0.002908,0.004973,-0.008361,-0.002270,-0.174694,0.227896,0.038546,24.015330,24.015330,23.990869,0.509490,3.191199,0.852812,-0.103900,0.968682
4.750000,1,0,0,2.400000,9.810000,0.900000,30.000000,60.000000,6.000000,0.000000,0.000000,1.500000,0.092334,-0.002230,1.482662,0.000000,0.000000,0.000000,0.034681,-0.000175,-0.011072,0.997115,0.006291,-0.075587,0.002858,0.004455,-0.006118,-0.002372,-0.177403,0.269806,0.069372,23.990869,23.990869,23.965231,0.508946,3.189716,0.958894,-0.004337,0.969742
4.800000,1,0,0,2.400000,9.810000,0.900000,30.000000,60.000000,6.000000,0.000000,0.000000,1.500000,0.093796,-0.001974,1.482236,0.000000,0.000000,0.000000,0.023842,0.010320,-0.006026,0.997107,0.006389,-0.075696,0.002804,0.002783,-0.002435,-0.002491,-0.190108,0.244040,0.083221,23.965231,23.965231,23.938294,0.508374,3.160529,0.901200,0.055092,0.970953
4.850000,1,0,0,2.400000,9.810000,0.900000,30.000000,60.000000,6.000000,0.000000,0.000000,1.500000,0.094727,-0.001214,1.482056,0.000000,0.000000,0.000000,0.013527,0.019850,-0.001236,0.997106,0.006430,-0.075697,0.002743,-0.000040,0.002482,-0.002626,-0.196676,0.253700,0.082656,23.938294,23.938294,23.909978,0.507772,3.140771,0.925782,0.080396,0.972272
4.900000,1,0,0,2.400000,9.810000,0.900000,30.000000,60.000000,6.000000,0.000000,0.000000,1.500000,0.095167,-0.000021,1.482105,0.000000,0.000000,0.000000,0.004289,0.027455,0.003107,0.997117,0.006388,-0.075563,0.002673,-0.003926,0.008357,-0.002770,-0.156404,0.187674,0.039827,23.909978,23.909978,23.880252,0.507141,3.226839,0.764646,0.004603,0.973647
4.950000,1,0,0,2.400000,9.810000,0.900000,30.000000,60.000000,6.000000,0.000000,0.000000,1.500000,0.095182,0.001486,1.482356,0.000000,0.000000,0.000000,-0.003384,0.032333,0.006833,0.997140,0.006236,-0.075275,0.002592,-0.008716,0.014859,-0.002915,-0.117009,0.158976,0.054835,23.880252,23.880252,23.849155,0.506481,3.303295,0.687854,0.067836,0.975023
5.000000,1,0,0,2.400000,9.810000,0.900000,30.000000,60.000000,6.000000,0.000000,0.000000,1.500000,0.094861,0.003157,1.482775,0.000000,0.000000,0.000000,-0.009091,0.033908,0.009801,0.997176,0.005956,-0.074821,0.002499,-0.014181,0.021616,-0.003053,-0.118936,0.061070,0.033648,23.849155,23.849155,23.816803,0.505793,3.272588,0.438793,0.044314,0.976345
5.050000,1,0,0,2.400000,9.810000,0.900000,30.000000,60.000000,6.000000,0.000000,0.000000,1.500000,0.094311,0.004817,1.483322,0.000000,0.000000,0.000000,-0.012538,0.031873,0.011904,0.997225,0.005535,-0.074199,0.002393,-0.020041,0.028243,-0.003171,-0.076721,-0.046133,0.055514,23.816803,23.816803,23.783394,0.505084,3.339805,0.160639,0.124137,0.977559
5.100000,1,0,0,2.400000,9.810000,0.900000,30.000000,60.000000,6.000000,0.000000,0.000000,1.500000,0.093648,0.006283,1.483950,0.000000,0.000000,0.000000,-0.013557,0.026218,0.013074,0.997286,0.004965,-0.073418,0.002274,-0.025981,0.034357,-0.003261,-0.019383,-0.105851,0.043977,23.783394,23.783394,23.749204,0.504358,3.435738,-0.010579,0.123721,0.978611
5.150000,1,0,0,2.400000,9.810000,0.900000,30.000000,60.000000,6.000000,0.000000,0.000000,1.500000,0.092996,0.007383,1.484613,0.000000,0.000000,0.000000,-0.012113,0.017233,0.013286,0.997357,0.004249,-0.072495,0.002144,-0.031672,0.039599,-0.003316,0.028308,-0.170710,-0.000301,23.749204,23.749204,23.714581,0.503623,3.501821,-0.201025,0.044562,0.979453
5.200000,1,0,0,2.400000,9.810000,0.900000,30.000000,60.000000,6.000000,0.000000,0.000000,1.500000,0.092476,0.007961,1.485263,0.000000,0.000000,0.000000,-0.008302,0.005484,0.012557,0.997436,0.003398,-0.071456,0.002003,-0.036790,0.043658,-0.003334,0.073475,-0.232690,-0.043272,23.714581,23.714581,23.679922,0.502887,3.556428,-0.390920,-0.031715,0.980044
5.250000,1,0,0,2.400000,9.810000,0.900000,30.000000,60.000000,6.000000,0.000000,0.000000,1.500000,0.092202,0.007898,1.485854,0.000000,0.000000,0.000000,-0.002355,-0.008233,0.010948,0.997519,0.002429,-0.070333,0.001855,-0.041038,0.046284,-0.003318,0.135028,-0.275494,-0.060664,23.679922,23.679922,23.645655,0.502159,3.646553,-0.540250,-0.046959,0.980350
5.300000,1,0,0,2.400000,9.810000,0.900000,30.000000,60.000000,6.000000,0.000000,0.000000,1.500000,0.092271,0.007120,1.486345,0.000000,0.000000,0.000000,0.005384,-0.022955,0.008559,0.997603,0.001368,-0.069164,0.001700,-0.044164,0.047303,-0.003276,0.156773,-0.285183,-0.035175,23.645655,23.645655,23.612212,0.501449,3.639178,-0.614347,0.040242,0.980347
5.350000,1,0,0,2.400000,9.810000,0.900000,30.000000,60.000000,6.000000,0.000000,0.000000,1.500000,0.092763,0.005603,1.486699,0.000000,0.000000,0.000000,0.014471,-0.037627,0.005525,0.997685,0.000244,-0.067991,0.001543,-0.045978,0.046629,-0.003221,0.207966,-0.279332,-0.030605,23.612212,23.612212,23.580005,0.500765,3.702510,-0.653924,0.076647,0.980020
5.400000,1,0,0,2.400000,9.810000,0.900000,30.000000,60.000000,6.000000,0.000000,0.000000,1.500000,0.093732,0.003376,1.486889,0.000000,0.000000,0.000000,0.024384,-0.051194,0.002010,0.997761,-0.000906,-0.066856,0.001384,-0.046364,0.044263,-0.003167,0.238187,-0.214724,-0.038258,23.580005,23.580005,23.549405,0.500115,3.717573,-0.553625,0.083005,0.979365
5.450000,1,0,0,2.400000,9.810000,0.900000,30.000000,60.000000,6.000000,0.000000,0.000000,1.500000,0.095205,0.000519,1.486895,0.000000,0.000000,0.000000,0.034556,-0.062676,-0.001800,0.997830,-0.002049,-0.065800,0.001228,-0.045285,0.040302,-0.003129,0.243889,-0.190663,-0.029728,23.549405,23.549405,23.520722,0.499506,3.677809,-0.550069,0.127364,0.978388
5.500000,1,0,0,2.400000,9.810000,0.900000,30.000000,60.000000,6.000000,0.000000,0.000000,1.500000,0.097182,-0.002843,1.486708,0.000000,0.000000,0.000000,0.044398,-0.071257,-0.005705,0.997889,-0.003146,-0.064860,0.001076,-0.042791,0.034926,-0.003119,0.213143,-0.178447,-0.002401,23.520722,23.520722,23.494202,0.498942,3.556371,-0.572679,0.215877,0.977108
5.550000,1,0,0,2.400000,9.810000,0.900000,30.000000,60.000000,6.000000,0.000000,0.000000,1.500000,0.099630,-0.006548,1.486327,0.000000,0.000000,0.000000,0.053337,-0.076344,-0.009501,0.997936,-0.004165,-0.064069,0.000929,-0.039010,0.028391,-0.003144,0.179243,-0.088995,-0.000014,23.494202,23.494202,23.470016,0.498429,3.434673,-0.406084,0.243462,0.975552
5.600000,1,0,0,2.400000,9.810000,0.900000,30.000000,60.000000,6.000000,0.000000,0.000000,1.500000,0.102492,-0.010414,1.485763,0.000000,0.000000,0.000000,0.060840,-0.077615,-0.012988,0.997972,-0.005075,-0.063453,0.000788,-0.034143,0.021015,-0.003206,0.154156,-0.006775,-0.003400,23.470016,23.470016,23.448269,0.497967,3.342603,-0.251642,0.256025,0.973756
5.650000,1,0,0,2.400000,9.810000,0.900000,30.000000,60.000000,6.000000,0.000000,0.000000,1.500000,0.105683,-0.014246,1.485036,0.000000,0.000000,0.000000,0.066447,-0.075050,-0.015979,0.997994,-0.005852,-0.063027,0.000655,-0.028452,0.013160,-0.003301,0.122277,0.077725,-0.029631,23.448269,23.448269,23.429001,0.497558,3.243465,-0.085424,0.212516,0.971764
5.700000,1,0,0,2.400000,9.810000,0.900000,30.000000,60.000000,6.000000,0.000000,0.000000,1.500000,0.109099,-0.017859,1.484176,0.000000,0.000000,0.000000,0.069791,-0.068927,-0.018311,0.998005,-0.006480,-0.062799,0.000530,-0.022241,0.005215,-0.003421,0.069662,0.154887,-0.025313,23.429001,23.429001,23.412202,0.497201,3.104110,0.070243,0.241008,0.969626
5.750000,1,0,0,2.400000,9.810000,0.900000,30.000000,60.000000,6.000000,0.000000,0.000000,1.500000,0.112620,-0.021088,1.483218,0.000000,0.000000,0.000000,0.070622,-0.059799,-0.019846,0.998004,-0.006950,-0.062766,0.000413,-0.015838,-0.002432,-0.003552,0.050192,0.207079,-0.004962,23.412202,23.412202,23.397816,0.496896,3.053711,0.173428,0.306619,0.967397
5.800000,1,0,0,2.400000,9.810000,0.900000,30.000000,60.000000,6.000000,0.000000,0.000000,1.500000,0.116117,-0.023802,1.482206,0.000000,0.000000,0.000000,0.068815,-0.048453,-0.020485,0.997992,-0.007261,-0.062916,0.000304,-0.009577,-0.009408,-0.003681,-0.031692,0.239194,0.026164,23.397816,23.397816,23.385753,0.496639,2.862337,0.235881,0.396682,0.965133
5.850000,1,0,0,2.400000,9.810000,0.900000,30.000000,60.000000,6.000000,0.000000,0.000000,1.500000,0.119457,-0.025913,1.481186,0.000000,0.000000,0.000000,0.064383,-0.035843,-0.020166,0.997971,-0.007420,-0.063229,0.000203,-0.003772,-0.015380,-0.003796,-0.119160,0.282091,0.033328,23.385753,23.385753,23.375893,0.496430,2.665383,0.331283,0.427794,0.962892
5.900000,1,0,0,2.400000,9.810000,0.900000,30.000000,60.000000,6.000000,0.000000,0.000000,1.500000,0.122514,-0.027383,1.480206,0.000000,0.000000,0.000000,0.057471,-0.023012,-0.018871,0.997943,-0.007443,-0.063674,0.000108,0.001299,-0.020072,-0.003886,-0.159663,0.331321,0.028716,23.375893,23.375893,23.368094,0.496264,2.587619,0.448246,0.429166,0.960728
5.950000,1,0,0,2.400000,9.810000,0.900000,30.000000,60.000000,6.000000,0.000000,0.000000,1.500000,0.125168,-0.028228,1.479315,0.000000,0.000000,0.000000,0.048352,-0.011008,-0.016625,0.997909,-0.007351,-0.064219,0.000020,0.005410,-0.023278,-0.003946,-0.194621,0.308223,0.039761,23.368094,23.368094,23.362191,0.496139,2.528000,0.396974,0.466603,0.958695
6.000000,1,0,0,2.400000,9.810000,0.900000,30.000000,60.000000,6.000000,0.000000,0.000000,1.500000,0.127318,-0.028513,1.478558,0.000000,0.000000,0.000000,0.037411,-0.000800,-0.013494,0.997871,-0.007169,-0.064824,-0.000063,0.008407,-0.024878,-0.003975,-0.209371,0.263534,0.065065,23.362191,23.362191,23.358008,0.496050,2.519900,0.298014,0.536709,0.956837
6.050000,1,0,0,2.400000,9.810000,0.900000,30.000000,60.000000,6.000000,0.000000,0.000000,1.500000,0.128886,-0.028351,1.477978,0.000000,0.000000,0.000000,0.025128,0.006802,-0.009585,0.997832,-0.006928,-0.065448,-0.000143,0.010209,-0.024839,-0.003972,-0.239733,0.170231,0.101063,23.358008,23.358008,23.355355,0.495994,2.475446,0.085155,0.630893,0.955194
6.100000,1,0,0,2.400000,9.810000,0.900000,30.000000,60.000000,6.000000,0.000000,0.000000,1.500000,0.129818,-0.027887,1.477610,0.000000,0.000000,0.000000,0.012051,0.011213,-0.005039,0.997794,-0.006657,-0.066052,-0.000220,0.010820,-0.023222,-0.003945,-0.244423,0.080418,0.110822,23.355355,23.355355,23.354045,0.495966,2.491825,-0.117952,0.660477,0.953797
6.150000,1,0,0,2.400000,9.810000,0.900000,30.000000,60.000000,6.000000,0.000000,0.000000,1.500000,0.130088,-0.027288,1.477482,0.000000,0.000000,0.000000,-0.001235,0.012118,-0.000026,0.997760,-0.006385,-0.066596,-0.000296,0.010321,-0.020173,-0.003898,-0.256066,0.022038,0.114990,23.354045,23.354045,23.353900,0.495963,2.488967,-0.245594,0.674989,0.952665
6.200000,1,0,0,2.400000,9.810000,0.900000,30.000000,60.000000,6.000000,0.000000,0.000000,1.500000,0.129701,-0.026734,1.477612,0.000000,0.000000,0.000000,-0.014132,0.009501,0.005263,0.997731,-0.006138,-0.067049,-0.000374,0.008870,-0.015920,-0.003838,-0.273939,-0.111544,0.104350,23.353900,23.353900,23.354766,0.495981,2.467057,-0.554897,0.652280,0.951809
6.250000,1,0,0,2.400000,9.810000,0.900000,30.000000,60.000000,6.000000,0.000000,0.000000,1.500000,0.128691,-0.026393,1.478010,0.000000,0.000000,0.000000,-0.026066,0.003642,0.010624,0.997709,-0.005936,-0.067384,-0.000454,0.006687,-0.010756,-0.003769,-0.196888,-0.194026,0.110736,23.354766,23.354766,23.356524,0.496019,2.667618,-0.743725,0.668736,0.951229
6.300000,1,0,0,2.400000,9.810000,0.900000,30.000000,60.000000,6.000000,0.000000,0.000000,1.500000,0.127119,-0.026414,1.478672,0.000000,0.000000,0.000000,-0.036510,-0.004902,0.015849,0.997697,-0.005795,-0.067582,-0.000537,0.004040,-0.005025,-0.003696,-0.151243,-0.231003,0.149247,23.356524,23.356524,23.359105,0.496073,2.786581,-0.826198,0.760593,0.950915
6.350000,1,0,0,2.400000,9.810000,0.900000,30.000000,60.000000,6.000000,0.000000,0.000000,1.500000,0.125072,-0.026914,1.479589,0.000000,0.000000,0.000000,-0.045021,-0.015345,0.020735,0.997694,-0.005724,-0.067634,-0.000623,0.001226,0.000896,-0.003621,-0.133780,-0.247489,0.103116,23.359105,23.359105,23.362497,0.496145,2.831236,-0.862719,0.647613,0.950844
6.400000,1,0,0,2.400000,9.810000,0.900000,30.000000,60.000000,6.000000,0.000000,0.000000,1.500000,0.122655,-0.027965,1.480737,0.000000,0.000000,0.000000,-0.051254,-0.026739,0.025093,0.997700,-0.005721,-0.067540,-0.000713,-0.001445,0.006623,-0.003547,-0.074095,-0.260653,0.125082,23.362497,23.362497,23.366745,0.496236,2.970547,-0.894505,0.696374,0.950987
6.450000,1,0,0,2.400000,9.810000,0.900000,30.000000,60.000000,6.000000,0.000000,0.000000,1.500000,0.119988,-0.029587,1.482087,0.000000,0.000000,0.000000,-0.054982,-0.038043,0.028758,0.997715,-0.005780,-0.067310,-0.000806,-0.003678,0.011780,-0.003475,-0.031158,-0.235884,0.083347,23.366745,23.366745,23.371954,0.496346,3.063437,-0.838148,0.590579,0.951304
6.500000,1,0,0,2.400000,9.810000,0.900000,30.000000,60.000000,6.000000,0.000000,0.000000,1.500000,0.117200,-0.031750,1.483599,0.000000,0.000000,0.000000,-0.056112,-0.048218,0.031592,0.997738,-0.005886,-0.066961,-0.000902,-0.005205,0.016026,-0.003409,0.001421,-0.210825,0.036315,23.371954,23.371954,23.378278,0.496481,3.126110,-0.783323,0.470411,0.951751
6.550000,1,0,0,2.400000,9.810000,0.900000,30.000000,60.000000,6.000000,0.000000,0.000000,1.500000,0.114420,-0.034374,1.485230,0.000000,0.000000,0.000000,-0.054683,-0.056305,0.033494,0.997766,-0.006020,-0.066521,-0.000998,-0.005810,0.019067,-0.003351,0.076667,-0.185051,0.028643,23.378278,23.378278,23.385904,0.496643,3.287071,-0.728054,0.443060,0.952278
6.600000,1,0,0,2.400000,9.810000,0.900000,30.000000,60.000000,6.000000,0.000000,0.000000,1.500000,0.111772,-0.037332,1.486932,0.000000,0.000000,0.000000,-0.050869,-0.061506,0.034402,0.997799,-0.006155,-0.066023,-0.001094,-0.005341,0.020681,-0.003306,0.120861,-0.097243,-0.000387,23.385904,23.385904,23.395042,0.496837,3.370948,-0.524007,0.362816,0.952831
6.650000,1,0,0,2.400000,9.810000,0.900000,30.000000,60.000000,6.000000,0.000000,0.000000,1.500000,0.109368,-0.040467,1.488654,0.000000,0.000000,0.000000,-0.044967,-0.063249,0.034299,0.997832,-0.006264,-0.065503,-0.001187,-0.003717,0.020723,-0.003279,0.133705,-0.001056,-0.029766,23.395042,23.395042,23.405903,0.497067,3.378797,-0.298647,0.280115,0.953355
6.700000,1,0,0,2.400000,9.810000,0.900000,30.000000,60.000000,6.000000,0.000000,0.000000,1.500000,0.107303,-0.043595,1.490345,0.000000,0.000000,0.000000,-0.037379,-0.061238,0.033208,0.997864,-0.006319,-0.065003,-0.001275,-0.000940,0.019138,-0.003271,0.163250,0.070082,-0.020999,23.405903,23.405903,23.418685,0.497339,3.427834,-0.130849,0.287367,0.953798
6.750000,1,0,0,2.400000,9.810000,0.900000,30.000000,60.000000,6.000000,0.000000,0.000000,1.500000,0.105650,-0.046528,1.491959,0.000000,0.000000,0.000000,-0.028596,-0.055470,0.031198,0.997893,-0.006291,-0.064563,-0.001358,0.002907,0.015960,-0.003283,0.243959,0.135891,-0.021913,23.418685,23.418685,23.433560,0.497655,3.602670,0.028022,0.269811,0.954109
6.800000,1,0,0,2.400000,9.810000,0.900000,30.000000,60.000000,6.000000,0.000000,0.000000,1.500000,0.104454,-0.049084,1.493451,0.000000,0.000000,0.000000,-0.019169,-0.046246,0.028373,0.997916,-0.006155,-0.064220,-0.001434,0.007664,0.011314,-0.003313,0.208087,0.184169,-0.043237,23.433560,23.433560,23.450664,0.498018,3.502539,0.149843,0.201738,0.954241
6.850000,1,0,0,2.400000,9.810000,0.900000,30.000000,60.000000,6.000000,0.000000,0.000000,1.500000,0.103734,-0.051104,1.494785,0.000000,0.000000,0.000000,-0.009679,-0.034141,0.024874,0.997931,-0.005891,-0.064010,-0.001502,0.013107,0.005408,-0.003354,0.209455,0.266114,-0.058476,23.450664,23.450664,23.470090,0.498430,3.498226,0.358442,0.146790,0.954157
6.900000,1,0,0,2.400000,9.810000,0.900000,30.000000,60.000000,6.000000,0.000000,0.000000,1.500000,0.103478,-0.052463,1.495930,0.000000,0.000000,0.000000,-0.000707,-0.019958,0.020871,0.997936,-0.005486,-0.063961,-0.001561,0.018957,-0.001480,-0.003396,0.214192,0.337586,-0.125636,23.470090,23.470090,23.491885,0.498893,3.509780,0.548535,-0.034173,0.953826
6.950000,1,0,0,2.400000,9.810000,0.900000,30.000000,60.000000,6.000000,0.000000,0.000000,1.500000,0.103645,-0.053081,1.496867,0.000000,0.000000,0.000000,0.007196,-0.004668,0.016554,0.997931,-0.004934,-0.064092,-0.001610,0.024900,-0.009013,-0.003427,0.195836,0.343306,-0.099224,23.491885,23.491885,23.516049,0.499406,3.474673,0.587767,0.008119,0.953225
7.000000,1,0,0,2.400000,9.810000,0.900000,30.000000,60.000000,6.000000,0.000000,0.000000,1.500000,0.104171,-0.052929,1.497584,0.000000,0.000000,0.000000,0.013537,0.010672,0.012124,0.997913,-0.004235,-0.064415,-0.001650,0.030606,-0.016820,-0.003436,0.125894,0.349866,-0.072685,23.516049,23.516049,23.542530,0.499969,3.325083,0.635897,0.049502,0.952343
7.050000,1,0,0,2.400000,9.810000,0.900000,30.000000,60.000000,6.000000,0.000000,0.000000,1.500000,0.104966,-0.052031,1.498081,0.000000,0.000000,0.000000,0.017912,0.025003,0.007787,0.997882,-0.003401,-0.064933,-0.001680,0.035751,-0.024510,-0.003413,0.046298,0.295675,-0.080761,23.542530,23.542530,23.571227,0.500578,3.161759,0.544665,0.006715,0.951181
7.100000,1,0,0,2.400000,9.810000,0.900000,30.000000,60.000000,6.000000,0.000000,0.000000,1.500000,0.105925,-0.050462,1.498367,0.000000,0.000000,0.000000,0.020020,0.037348,0.003742,0.997839,-0.002450,-0.065638,-0.001700,0.040036,-0.031696,-0.003351,-0.052798,0.246545,-0.046112,23.571227,23.571227,23.601981,0.501231,2.960721,0.471208,0.065491,0.949746
7.150000,1,0,0,2.400000,9.810000,0.900000,30.000000,60.000000,6.000000,0.000000,0.000000,1.500000,0.106928,-0.048343,1.498463,0.000000,0.000000,0.000000,0.019687,0.046890,0.000176,0.997783,-0.001405,-0.066511,-0.001712,0.043209,-0.038018,-0.003250,-0.097655,0.187716,-0.028268,23.601981,23.601981,23.634575,0.501924,2.898147,0.378970,0.083088,0.948061
7.200000,1,0,0,2.400000,9.810000,0.900000,30.000000,60.000000,6.000000,0.000000,0.000000,1.500000,0.107852,-0.045830,1.498396,0.000000,0.000000,0.000000,0.016867,0.053039,-0.002749,0.997716,-0.000297,-0.067528,-0.001717,0.045075,-0.043160,-0.003113,-0.117193,0.122590,-0.008436,23.634575,23.634575,23.668731,0.502649,2.903430,0.274710,0.104733,0.946154
7.250000,1,0,0,2.400000,9.810000,0.900000,30.000000,60.000000,6.000000,0.000000,0.000000,1.500000,0.108574,-0.043101,1.498201,0.000000,0.000000,0.000000,0.011652,0.055480,-0.004902,0.997639,0.000839,-0.068656,-0.001715,0.045517,-0.046870,-0.002951,-0.145385,0.014873,0.003874,23.668731,23.668731,23.704112,0.503400,2.893482,0.069725,0.107734,0.944064
7.300000,1,0,0,2.400000,9.810000,0.900000,30.000000,60.000000,6.000000,0.000000,0.000000,1.500000,0.108981,-0.040344,1.497920,0.000000,0.000000,0.000000,0.004264,0.054195,-0.006184,0.997554,0.001967,-0.069857,-0.001710,0.044494,-0.048969,-0.002776,-0.177758,-0.063877,0.040949,23.704112,23.704112,23.740323,0.504169,2.877219,-0.065948,0.169699,0.941837
7.350000,1,0,0,2.400000,9.810000,0.900000,30.000000,60.000000,6.000000,0.000000,0.000000,1.500000,0.108970,-0.037739,1.497598,0.000000,0.000000,0.000000,-0.004958,0.049464,-0.006539,0.997464,0.003052,-0.071088,-0.001704,0.042052,-0.049369,-0.002606,-0.182930,-0.125738,0.023935,23.740323,23.740323,23.776923,0.504947,2.927964,-0.163000,0.101506,0.939525
7.400000,1,0,0,2.400000,9.810000,0.900000,30.000000,60.000000,6.000000,0.000000,0.000000,1.500000,0.108462,-0.035446,1.497282,0.000000,0.000000,0.000000,-0.015573,0.041843,-0.005953,0.997373,0.004059,-0.072308,-0.001699,0.038318,-0.048070,-0.002453,-0.213989,-0.186488,0.018476,23.776923,23.776923,23.813441,0.505722,2.916238,-0.260920,0.060834,0.937184
7.450000,1,0,0,2.400000,9.810000,0.900000,30.000000,60.000000,6.000000,0.000000,0.000000,1.500000,0.107398,-0.033590,1.497018,0.000000,0.000000,0.000000,-0.027060,0.032117,-0.004455,0.997283,0.004958,-0.073475,-0.001698,0.033489,-0.045163,-0.002329,-0.238559,-0.204918,-0.019988,23.813441,23.813441,23.849396,0.506486,2.917720,-0.262248,-0.059127,0.934869
7.500000,1,0,0,2.400000,9.810000,0.900000,30.000000,60.000000,6.000000,0.000000,0.000000,1.500000,0.105751,-0.032254,1.496850,0.000000,0.000000,0.000000,-0.038849,0.021236,-0.002116,0.997199,0.005726,-0.074550,-0.001704,0.027826,-0.040826,-0.002242,-0.215635,-0.190082,0.000561,23.849396,23.849396,23.884324,0.507227,3.028938,-0.189885,-0.037387,0.932639
7.550000,1,0,0,2.400000,9.810000,0.900000,30.000000,60.000000,6.000000,0.000000,0.000000,1.500000,0.103518,-0.031468,1.496819,0.000000,0.000000,0.000000,-0.050349,0.010237,0.000956,0.997124,0.006346,-0.075502,-0.001719,0.021631,-0.035313,-0.002193,-0.170588,-0.168481,0.038464,23.884324,23.884324,23.917802,0.507938,3.187374,-0.108283,0.026221,0.930547
7.600000,1,0,0,2.400000,9.810000,0.900000,30.000000,60.000000,6.000000,0.000000,0.000000,1.500000,0.100730,-0.031214,1.496956,0.000000,0.000000,0.000000,-0.060977,0.000158,0.004615,0.997060,0.006808,-0.076305,-0.001743,0.015233,-0.028940,-0.002177,-0.179713,-0.165273,0.076630,23.917802,23.917802,23.949475,0.508611,3.208612,-0.078297,0.090848,0.928646
7.650000,1,0,0,2.400000,9.810000,0.900000,30.000000,60.000000,6.000000,0.000000,0.000000,1.500000,0.097444,-0.031421,1.497287,0.000000,0.000000,0.000000,-0.070191,-0.008045,0.008691,0.997009,0.007112,-0.076941,-0.001779,0.008965,-0.022065,-0.002186,-0.141029,-0.123299,0.105637,23.949475,23.949475,23.979074,0.509240,3.336520,0.037182,0.134038,0.926978
7.700000,1,0,0,2.400000,9.810000,0.900000,30.000000,60.000000,6.000000,0.000000,0.000000,1.500000,0.093743,-0.031974,1.497829,0.000000,0.000000,0.000000,-0.077517,-0.013579,0.012994,0.996972,0.007265,-0.077404,-0.001826,0.003142,-0.015074,-0.002208,-0.092818,-0.096460,0.103313,23.979074,23.979074,24.006434,0.509821,3.478778,0.109099,0.102744,0.925582
7.750000,1,0,0,2.400000,9.810000,0.900000,30.000000,60.000000,6.000000,0.000000,0.000000,1.500000,0.089730,-0.032725,1.498587,0.000000,0.000000,0.000000,-0.082573,-0.015875,0.017320,0.996949,0.007282,-0.077695,-0.001882,-0.001955,-0.008354,-0.002231,-0.083527,-0.008813,0.094669,24.006434,24.006434,24.031491,0.510353,3.519147,0.320399,0.057144,0.924485
7.800000,1,0,0,2.400000,9.810000,0.900000,30.000000,60.000000,6.000000,0.000000,0.000000,1.500000,0.085528,-0.033503,1.499558,0.000000,0.000000,0.000000,-0.085093,-0.014638,0.021464,0.996939,0.007184,-0.077825,-0.001947,-0.006100,-0.002274,-0.002243,-0.011512,0.088321,0.060523,24.031491,24.031491,24.054290,0.510837,3.702081,0.548904,-0.048655,0.923706
7.850000,1,0,0,2.400000,9.810000,0.900000,30.000000,60.000000,6.000000,0.000000,0.000000,1.500000,0.081266,-0.034130,1.500727,0.000000,0.000000,0.000000,-0.084936,-0.009871,0.025228,0.996941,0.006996,-0.077815,-0.002018,-0.009133,0.002834,-0.002237,0.008024,0.126985,0.043886,24.054290,24.054290,24.074961,0.511276,3.752035,0.632744,-0.111306,0.923251
7.900000,1,0,0,2.400000,9.810000,0.900000,30.000000,60.000000,6.000000,0.000000,0.000000,1.500000,0.077079,-0.034436,1.502071,0.000000,0.000000,0.000000,-0.082096,-0.001875,0.028428,0.996952,0.006747,-0.077692,-0.002092,-0.010973,0.006697,-0.002207,0.111028,0.195322,-0.001013,24.074961,24.074961,24.093710,0.511674,3.996613,0.784843,-0.240565,0.923119
7.950000,1,0,0,2.400000,9.810000,0.900000,30.000000,60.000000,6.000000,0.000000,0.000000,1.500000,0.073099,-0.034273,1.503558,0.000000,0.000000,0.000000,-0.076702,0.008777,0.030905,0.996970,0.006468,-0.077491,-0.002167,-0.011618,0.009113,-0.002152,0.146927,0.282971,-0.033326,24.093710,24.093710,24.110796,0.512037,4.076072,0.981775,-0.338319,0.923294
8.000000,1,0,0,2.400000,9.810000,0.900000,30.000000,60.000000,6.000000,0.000000,0.000000,1.500000,0.069447,-0.033527,1.505147,0.000000,0.000000,0.000000,-0.069010,0.021283,0.032530,0.996990,0.006187,-0.077249,-0.002241,-0.011149,0.009961,-0.002072,0.201743,0.295550,-0.031822,24.110796,24.110796,24.126501,0.512370,4.198704,0.998412,-0.353565,0.923754
8.050000,1,0,0,2.400000,9.810000,0.900000,30.000000,60.000000,6.000000,0.000000,0.000000,1.500000,0.066230,-0.032130,1.506795,0.000000,0.000000,0.000000,-0.059392,0.034678,0.033209,0.997010,0.005929,-0.077006,-0.002310,-0.009719,0.009213,-0.001970,0.223042,0.308676,-0.094040,24.126501,24.126501,24.141118,0.512681,4.240612,1.017495,-0.520366,0.924464
8.100000,1,0,0,2.400000,9.810000,0.900000,30.000000,60.000000,6.000000,0.000000,0.000000,1.500000,0.063532,-0.030062,1.508452,0.000000,0.000000,0.000000,-0.048316,0.047914,0.032891,0.997027,0.005717,-0.076801,-0.002373,-0.007546,0.006931,-0.001850,0.281106,0.268236,-0.127162,24.141118,24.141118,24.154919,0.512974,4.372394,0.910181,-0.615943,0.925385
8.150000,1,0,0,2.400000,9.810000,0.900000,30.000000,60.000000,6.000000,0.000000,0.000000,1.500000,0.061414,-0.027359,1.510067,0.000000,0.000000,0.000000,-0.036320,0.059942,0.031566,0.997038,0.005565,-0.076670,-0.002429,-0.004897,0.003263,-0.001715,0.294487,0.253568,-0.175195,24.154919,24.154919,24.168148,0.513255,4.400385,0.867619,-0.745908,0.926469
8.200000,1,0,0,2.400000,9.810000,0.900000,30.000000,60.000000,6.000000,0.000000,0.000000,1.500000,0.059906,-0.024104,1.511592,0.000000,0.000000,0.000000,-0.023985,0.069797,0.029267,0.997040,0.005481,-0.076647,-0.002476,-0.002070,-0.001562,-0.001568,0.306294,0.235696,-0.174228,24.168148,24.168148,24.180999,0.513528,4.429608,0.820664,-0.756881,0.927663
8.250000,1,0,0,2.400000,9.810000,0.900000,30.000000,60.000000,6.000000,0.000000,0.000000,1.500000,0.059011,-0.020428,1.512979,0.000000,0.000000,0.000000,-0.011906,0.076681,0.026071,0.997032,0.005467,-0.076755,-0.002515,0.000628,-0.007246,-0.001410,0.318843,0.144363,-0.182445,24.180999,24.180999,24.193611,0.513796,4.466880,0.600727,-0.788508,0.928913
8.300000,1,0,0,2.400000,9.810000,0.900000,30.000000,60.000000,6.000000,0.000000,0.000000,1.500000,0.058701,-0.016495,1.514186,0.000000,0.000000,0.000000,-0.000658,0.080021,0.022092,0.997012,0.005514,-0.077012,-0.002546,0.002899,-0.013446,-0.001243,0.259432,0.074099,-0.178726,24.193611,24.193611,24.206058,0.514060,4.338569,0.434343,-0.790107,0.930163
8.350000,1,0,0,2.400000,9.810000,0.900000,30.000000,60.000000,6.000000,0.000000,0.000000,1.500000,0.058922,-0.012491,1.515178,0.000000,0.000000,0.000000,0.009231,0.079520,0.017477,0.996979,0.005608,-0.077426,-0.002570,0.004475,-0.019784,-0.001071,0.197039,-0.000569,-0.163462,24.206058,24.206058,24.218344,0.514321,4.210630,0.259697,-0.762622,0.931359
8.400000,1,0,0,2.400000,9.810000,0.900000,30.000000,60.000000,6.000000,0.000000,0.000000,1.500000,0.059594,-0.008607,1.515926,0.000000,0.000000,0.000000,0.017309,0.075181,0.012403,0.996934,0.005731,-0.077996,-0.002588,0.005137,-0.025872,-0.000896,0.187017,-0.062853,-0.142706,24.218344,24.218344,24.230397,0.514577,4.215853,0.116102,-0.720587,0.932450
8.450000,1,0,0,2.400000,9.810000,0.900000,30.000000,60.000000,6.000000,0.000000,0.000000,1.500000,0.060617,-0.005032,1.516413,0.000000,0.000000,0.000000,0.023223,0.067306,0.007063,0.996877,0.005856,-0.078711,-0.002603,0.004729,-0.031335,-0.000725,0.121673,-0.127494,-0.159270,24.230397,24.230397,24.242075,0.514825,4.095236,-0.033027,-0.766750,0.933391
8.500000,1,0,0,2.400000,9.810000,0.900000,30.000000,60.000000,6.000000,0.000000,0.000000,1.500000,0.061876,-0.001926,1.516631,0.000000,0.000000,0.000000,0.026738,0.056469,0.001664,0.996810,0.005956,-0.079550,-0.002616,0.003169,-0.035831,-0.000564,0.091262,-0.202695,-0.165258,24.242075,24.242075,24.253161,0.515060,4.064411,-0.208723,-0.786154,0.934142
8.550000,1,0,0,2.400000,9.810000,0.900000,30.000000,60.000000,6.000000,0.000000,0.000000,1.500000,0.063249,0.000579,1.516582,0.000000,0.000000,0.000000,0.027746,0.043476,-0.003587,0.996734,0.006002,-0.080486,-0.002630,0.000455,-0.039065,-0.000421,0.020787,-0.254088,-0.128858,24.253161,24.253161,24.263375,0.515277,3.942008,-0.329911,-0.702446,0.934674
8.600000,1,0,0,2.400000,9.810000,0.900000,30.000000,60.000000,6.000000,0.000000,0.000000,1.500000,0.064610,0.002401,1.516279,0.000000,0.000000,0.000000,0.026277,0.029295,-0.008489,0.996653,0.005966,-0.081485,-0.002647,-0.003333,-0.040815,-0.000301,-0.068195,-0.223552,-0.100249,24.263375,24.263375,24.272381,0.515468,3.778059,-0.258454,-0.636038,0.934965
8.650000,1,0,0,2.400000,9.810000,0.900000,30.000000,60.000000,6.000000,0.000000,0.000000,1.500000,0.065838,0.003507,1.515742,0.000000,0.000000,0.000000,0.022492,0.014979,-0.012858,0.996570,0.005824,-0.082506,-0.002671,-0.008039,-0.040936,-0.000210,-0.117564,-0.274354,-0.073915,24.272381,24.272381,24.279801,0.515626,3.710112,-0.387404,-0.573673,0.935005
8.700000,1,0,0,2.400000,9.810000,0.900000,30.000000,60.000000,6.000000,0.000000,0.000000,1.500000,0.066825,0.003915,1.515004,0.000000,0.000000,0.000000,0.016677,0.001582,-0.016533,0.996488,0.005555,-0.083509,-0.002704,-0.013440,-0.039372,-0.000149,-0.112892,-0.231710,-0.076844,24.279801,24.279801,24.285241,0.515742,3.770730,-0.298264,-0.580083,0.934793
8.750000,1,0,0,2.400000,9.810000,0.900000,30.000000,60.000000,6.000000,0.000000,0.000000,1.500000,0.067478,0.003696,1.514103,0.000000,0.000000,0.000000,0.009226,-0.009928,-0.019384,0.996410,0.005146,-0.084452,-0.002746,-0.019259,-0.036158,-0.000115,-0.125958,-0.231938,-0.051546,24.285241,24.285241,24.288305,0.515807,3.785556,-0.318866,-0.517252,0.934339
8.800000,1,0,0,2.400000,9.810000,0.900000,30.000000,60.000000,6.000000,0.000000,0.000000,1.500000,0.067728,0.002967,1.513081,0.000000,0.000000,0.000000,0.000624,-0.018744,-0.021317,0.996341,0.004590,-0.085295,-0.002800,-0.025183,-0.031419,-0.000100,-0.159244,-0.190168,-0.010202,24.288305,24.288305,24.288627,0.515814,3.746644,-0.245839,-0.414357,0.933665
8.850000,1,0,0,2.400000,9.810000,0.900000,30.000000,60.000000,6.000000,0.000000,0.000000,1.500000,0.067531,0.001877,1.511987,0.000000,0.000000,0.000000,-0.008586,-0.024290,-0.022281,0.996283,0.003889,-0.086003,-0.002866,-0.030883,-0.025363,-0.000092,-0.139946,-0.104893,0.001078,24.288627,24.288627,24.285891,0.515755,3.826937,-0.075479,-0.382003,0.932801
8.900000,1,0,0,2.400000,9.810000,0.900000,30.000000,60.000000,6.000000,0.000000,0.000000,1.500000,0.066869,0.000598,1.510869,0.000000,0.000000,0.000000,-0.017823,-0.026259,-0.022266,0.996239,0.003053,-0.086546,-0.002942,-0.036034,-0.018270,-0.000080,-0.126080,-0.022653,-0.006497,24.285891,24.285891,24.279853,0.515627,3.885720,0.081009,-0.393218,0.931785
8.950000,1,0,0,2.400000,9.810000,0.900000,30.000000,60.000000,6.000000,0.000000,0.000000,1.500000,0.065758,-0.000689,1.509776,0.000000,0.000000,0.000000,-0.026506,-0.024646,-0.021304,0.996210,0.002099,-0.086902,-0.003028,-0.040337,-0.010476,-0.000050,-0.078851,0.068595,0.017917,24.279853,24.279853,24.270362,0.515426,4.015009,0.253403,-0.325917,0.930662
9.000000,1,0,0,2.400000,9.810000,0.900000,30.000000,60.000000,6.000000,0.000000,0.000000,1.500000,0.064237,-0.001812,1.508754,0.000000,0.000000,0.000000,-0.034081,-0.019741,-0.019472,0.996198,0.001052,-0.087059,-0.003120,-0.043535,-0.002355,0.000009,-0.046887,0.130747,0.038790,24.270362,24.270362,24.257369,0.515150,4.097463,0.351472,-0.265310,0.929483
9.050000,1,0,0,2.400000,9.810000,0.900000,30.000000,60.000000,6.000000,0.000000,0.000000,1.500000,0.062376,-0.002618,1.507842,0.000000,0.000000,0.000000,-0.040051,-0.012111,-0.016883,0.996202,-0.000059,-0.087013,-0.003216,-0.045434,0.005703,0.000102,-0.010005,0.192225,0.028528,24.257369,24.257369,24.240931,0.514801,4.181364,0.444920,-0.277584,0.928302
9.100000,1,0,0,2.400000,9.810000,0.900000,30.000000,60.000000,6.000000,0.000000,0.000000,1.500000,0.060266,-0.002991,1.507076,0.000000,0.000000,0.000000,-0.044002,-0.002545,-0.013683,0.996222,-0.001199,-0.086771,-0.003311,-0.045911,0.013311,0.000231,0.036253,0.241767,0.046693,24.240931,24.240931,24.221210,0.514382,4.277752,0.508405,-0.219767,0.927175
9.150000,1,0,0,2.400000,9.810000,0.900000,30.000000,60.000000,6.000000,0.000000,0.000000,1.500000,0.058015,-0.002856,1.506481,0.000000,0.000000,0.000000,-0.045625,0.008003,-0.010045,0.996256,-0.002332,-0.086349,-0.003403,-0.044923,0.020105,0.000392,0.062929,0.287362,0.047535,24.221210,24.221210,24.198462,0.513899,4.317952,0.562871,-0.201667,0.926156
9.200000,1,0,0,2.400000,9.810000,0.900000,30.000000,60.000000,6.000000,0.000000,0.000000,1.500000,0.055745,-0.002191,1.506075,0.000000,0.000000,0.000000,-0.044736,0.018497,-0.006163,0.996303,-0.003423,-0.085772,-0.003487,-0.042514,0.025770,0.000574,0.118982,0.252240,0.069613,24.198462,24.198462,24.173027,0.513359,4.420710,0.425842,-0.130780,0.925297
9.250000,1,0,0,2.400000,9.810000,0.900000,30.000000,60.000000,6.000000,0.000000,0.000000,1.500000,0.053584,-0.001025,1.505865,0.000000,0.000000,0.000000,-0.041279,0.027902,-0.002238,0.996359,-0.004437,-0.085070,-0.003560,-0.038806,0.030051,0.000764,0.140767,0.242091,0.089594,24.173027,24.173027,24.145307,0.512770,4.434878,0.352626,-0.063177,0.924646
9.300000,1,0,0,2.400000,9.810000,0.900000,30.000000,60.000000,6.000000,0.000000,0.000000,1.500000,0.051659,0.000565,1.505849,0.000000,0.000000,0.000000,-0.035336,0.035269,0.001527,0.996421,-0.005345,-0.084280,-0.003620,-0.033994,0.032771,0.000948,0.181823,0.173473,0.053849,24.145307,24.145307,24.115747,0.512142,4.490825,0.144405,-0.127674,0.924244
9.350000,1,0,0,2.400000,9.810000,0.900000,30.000000,60.000000,6.000000,0.000000,0.000000,1.500000,0.050089,0.002455,1.506012,0.000000,0.000000,0.000000,-0.027119,0.039816,0.004934,0.996487,-0.006122,-0.083444,-0.003665,-0.028336,0.033838,0.001113,0.216357,0.121457,0.078966,24.115747,24.115747,24.084819,0.511485,4.528677,-0.017492,-0.044588,0.924124
9.400000,1,0,0,2.400000,9.810000,0.900000,30.000000,60.000000,6.000000,0.000000,0.000000,1.500000,0.048979,0.004490,1.506333,0.000000,0.000000,0.000000,-0.016960,0.040985,0.007805,0.996553,-0.006751,-0.082603,-0.003693,-0.022135,0.033250,0.001248,0.259188,0.069260,0.060868,24.084819,24.084819,24.052996,0.510809,4.586074,-0.172540,-0.063870,0.924310
9.450000,1,0,0,2.400000,9.810000,0.900000,30.000000,60.000000,6.000000,0.000000,0.000000,1.500000,0.048418,0.006493,1.506781,0.000000,0.000000,0.000000,-0.005296,0.038497,0.009984,0.996616,-0.007222,-0.081796,-0.003705,-0.015716,0.031099,0.001350,0.289287,-0.020074,0.017601,24.052996,24.052996,24.020743,0.510125,4.614562,-0.409013,-0.142388,0.924816
9.500000,1,0,0,2.400000,9.810000,0.900000,30.000000,60.000000,6.000000,0.000000,0.000000,1.500000,0.048466,0.008279,1.507318,0.000000,0.000000,0.000000,0.007357,0.032370,0.011348,0.996674,-0.007535,-0.081061,-0.003702,-0.009414,0.027559,0.001417,0.287515,-0.081074,0.007466,24.020743,24.020743,23.988492,0.509440,4.570042,-0.569773,-0.140421,0.925645
9.550000,1,0,0,2.400000,9.810000,0.900000,30.000000,60.000000,6.000000,0.000000,0.000000,1.500000,0.049160,0.009674,1.507901,0.000000,0.000000,0.000000,0.020427,0.022920,0.011811,0.996724,-0.007696,-0.080430,-0.003684,-0.003546,0.022881,0.001454,0.290747,-0.173647,-0.000014,23.988492,23.988492,23.956634,0.508763,4.542571,-0.798972,-0.131323,0.926789
9.600000,1,0,0,2.400000,9.810000,0.900000,30.000000,60.000000,6.000000,0.000000,0.000000,1.500000,0.050506,0.010525,1.508483,0.000000,0.000000,0.000000,0.033320,0.010736,0.011325,0.996764,-0.007719,-0.079926,-0.003653,0.001608,0.017380,0.001470,0.288515,-0.235789,-0.011687,23.956634,23.956634,23.925508,0.508102,4.508233,-0.948535,-0.131747,0.928231
9.650000,1,0,0,2.400000,9.810000,0.900000,30.000000,60.000000,6.000000,0.000000,0.000000,1.500000,0.052480,0.010716,1.509017,0.000000,0.000000,0.000000,0.045447,-0.003368,0.009889,0.996794,-0.007626,-0.079567,-0.003611,0.005817,0.011411,0.001475,0.251563,-0.272470,-0.047462,23.925508,23.925508,23.895385,0.507462,4.397600,-1.031424,-0.189692,0.929943
9.700000,1,0,0,2.400000,9.810000,0.900000,30.000000,60.000000,6.000000,0.000000,0.000000,1.500000,0.055029,0.010173,1.509457,0.000000,0.000000,0.000000,0.056256,-0.018416,0.007543,0.996812,-0.007442,-0.079359,-0.003561,0.008921,0.005357,0.001479,0.184438,-0.290165,-0.037001,23.895385,23.895385,23.866465,0.506848,4.221918,-1.064437,-0.136562,0.931888
9.750000,1,0,0,2.400000,9.810000,0.900000,30.000000,60.000000,6.000000,0.000000,0.000000,1.500000,0.058075,0.008876,1.509758,0.000000,0.000000,0.000000,0.065260,-0.033348,0.004367,0.996819,-0.007196,-0.079299,-0.003505,0.010834,-0.000398,0.001490,0.169280,-0.260352,-0.076760,23.866465,23.866465,23.838870,0.506262,4.178190,-0.980519,-0.204059,0.934022
9.800000,1,0,0,2.400000,9.810000,0.900000,30.000000,60.000000,6.000000,0.000000,0.000000,1.500000,0.061518,0.006858,1.509882,0.000000,0.000000,0.000000,0.072064,-0.047110,0.000482,0.996815,-0.006918,-0.079375,-0.003445,0.011552,-0.005487,0.001515,0.116025,-0.276157,-0.080517,23.838870,23.838870,23.812643,0.505705,4.049670,-1.004605,-0.185444,0.936293
9.850000,1,0,0,2.400000,9.810000,0.900000,30.000000,60.000000,6.000000,0.000000,0.000000,1.500000,0.065240,0.004201,1.509797,0.000000,0.000000,0.000000,0.076385,-0.058734,-0.003960,0.996802,-0.006637,-0.079565,-0.003382,0.011151,-0.009582,0.001557,0.053286,-0.221254,-0.063160,23.812643,23.812643,23.787745,0.505176,3.904022,-0.858895,-0.116630,0.938647
9.900000,1,0,0,2.400000,9.810000,0.900000,30.000000,60.000000,6.000000,0.000000,0.000000,1.500000,0.069112,0.001033,1.509479,0.000000,0.000000,0.000000,0.078063,-0.067417,-0.008783,0.996782,-0.006378,-0.079843,-0.003320,0.009783,-0.012412,0.001617,-0.000879,-0.116161,-0.075717,23.787745,23.787745,23.764065,0.504673,3.783225,-0.593869,-0.120242,0.941028
9.950000,1,0,0,2.400000,9.810000,0.900000,30.000000,60.000000,6.000000,0.000000,0.000000,1.500000,0.073002,-0.002482,1.508915,0.000000,0.000000,0.000000,0.077076,-0.072588,-0.013788,0.996757,-0.006164,-0.080173,-0.003259,0.007663,-0.013779,0.001694,-0.024335,-0.007278,-0.070716,23.764065,23.764065,23.741426,0.504193,3.738750,-0.321898,-0.082482,0.943377
10.000000,1,0,0,2.400000,9.810000,0.900000,30.000000,60.000000,6.000000,0.000000,0.000000,1.500000,0.076777,-0.006162,1.508101,0.000000,0.000000,0.000000,0.073533,-0.073948,-0.018772,0.996730,-0.006009,-0.080517,-0.003201,0.005057,-0.013565,0.001788,-0.095946,0.082263,-0.067436,23.741426,23.741426,23.719602,0.503729,3.579501,-0.099217,-0.049726,0.945639
10.050000,1,0,0,2.400000,9.810000,0.900000,30.000000,60.000000,6.000000,0.000000,0.000000,1.500000,0.080316,-0.009814,1.507042,0.000000,0.000000,0.000000,0.067675,-0.071502,-0.023527,0.996705,-0.005923,-0.080836,-0.003146,0.002260,-0.011745,0.001897,-0.123756,0.095597,-0.070134,23.719602,23.719602,23.698332,0.503278,3.524256,-0.062680,-0.032272,0.947763
10.100000,1,0,0,2.400000,9.810000,0.900000,30.000000,60.000000,6.000000,0.000000,0.000000,1.500000,0.083512,-0.013253,1.505755,0.000000,0.000000,0.000000,0.059858,-0.065551,-0.027857,0.996685,-0.005905,-0.081090,-0.003094,-0.000419,-0.008384,0.002019,-0.183465,0.110685,-0.074511,23.698332,23.698332,23.677346,0.502832,3.389448,-0.025208,-0.019849,0.949702
10.150000,1,0,0,2.400000,9.810000,0.900000,30.000000,60.000000,6.000000,0.000000,0.000000,1.500000,0.086277,-0.016320,1.504266,0.000000,0.000000,0.000000,0.050536,-0.056668,-0.031580,0.996672,-0.005950,-0.081241,-0.003044,-0.002683,-0.003634,0.002156,-0.219036,0.157545,-0.065512,23.677346,23.677346,23.656382,0.502387,3.307817,0.085585,0.023651,0.951418
10.200000,1,0,0,2.400000,9.810000,0.900000,30.000000,60.000000,6.000000,0.000000,0.000000,1.500000,0.088549,-0.018885,1.502610,0.000000,0.000000,0.000000,0.040237,-0.045657,-0.034541,0.996670,-0.006043,-0.081260,-0.002996,-0.004262,0.002272,0.002305,-0.226879,0.158137,-0.045220,23.656382,23.656382,23.635212,0.501937,3.286466,0.083073,0.093233,0.952881
10.250000,1,0,0,2.400000,9.810000,0.900000,30.000000,60.000000,6.000000,0.000000,0.000000,1.500000,0.090294,-0.020866,1.500827,0.000000,0.000000,0.000000,0.029533,-0.033478,-0.036618,0.996681,-0.006164,-0.081120,-0.002947,-0.004935,0.009037,0.002465,-0.153190,0.183719,-0.057695,23.635212,23.635212,23.613661,0.501479,3.453325,0.139237,0.083176,0.954069
10.300000,1,0,0,2.400000,9.810000,0.900000,30.000000,60.000000,6.000000,0.000000,0.000000,1.500000,0.091506,-0.022230,1.498964,0.000000,0.000000,0.000000,0.019015,-0.021178,-0.037725,0.996706,-0.006288,-0.080804,-0.002895,-0.004543,0.016311,0.002634,-0.168657,0.187809,-0.052391,23.613661,23.613661,23.591626,0.501011,3.397945,0.143694,0.114829,0.954973
10.350000,1,0,0,2.400000,9.810000,0.900000,30.000000,60.000000,6.000000,0.000000,0.000000,1.500000,0.092208,-0.022999,1.497072,0.000000,0.000000,0.000000,0.009254,-0.009798,-0.037817,0.996746,-0.006389,-0.080304,-0.002838,-0.003003,0.023715,0.002805,-0.161528,0.164723,-0.029719,23.591626,23.591626,23.569088,0.500533,3.388169,0.084119,0.187249,0.955593
10.400000,1,0,0,2.400000,9.810000,0.900000,30.000000,60.000000,6.000000,0.000000,0.000000,1.500000,0.092453,-0.023242,1.495200,0.000000,0.000000,0.000000,0.000781,-0.000293,-0.036892,0.996800,-0.006436,-0.079623,-0.002774,-0.000308,0.030858,0.002971,-0.090072,0.101617,-0.013329,23.569088,23.569088,23.546117,0.500045,3.524255,-0.068951,0.243722,0.955941
10.450000,1,0,0,2.400000,9.810000,0.900000,30.000000,60.000000,6.000000,0.000000,0.000000,1.500000,0.092315,-0.023073,1.493399,0.000000,0.000000,0.000000,-0.005950,0.006545,-0.034993,0.996869,-0.006403,-0.078771,-0.002700,0.003463,0.037363,0.003122,-0.027183,0.028911,0.008295,23.546117,23.546117,23.522878,0.499551,3.631820,-0.241207,0.311921,0.956038
10.500000,1,0,0,2.400000,9.810000,0.900000,30.000000,60.000000,6.000000,0.000000,0.000000,1.500000,0.091893,-0.022641,1.491715,0.000000,0.000000,0.000000,-0.010580,0.010157,-0.032203,0.996948,-0.006263,-0.077768,-0.002616,0.008159,0.042882,0.003249,0.028072,-0.029695,0.025444,23.522878,23.522878,23.499617,0.499057,3.714106,-0.374595,0.368563,0.955914
10.550000,1,0,0,2.400000,9.810000,0.900000,30.000000,60.000000,6.000000,0.000000,0.000000,1.500000,0.091297,-0.022116,1.490191,0.000000,0.000000,0.000000,-0.012866,0.010256,-0.028643,0.997037,-0.005997,-0.076644,-0.002520,0.013559,0.047123,0.003344,0.099988,-0.079045,0.078395,23.499617,23.499617,23.476658,0.498570,3.830792,-0.479813,0.510309,0.955608
10.600000,1,0,0,2.400000,9.810000,0.900000,30.000000,60.000000,6.000000,0.000000,0.000000,1.500000,0.090647,-0.021674,1.488861,0.000000,0.000000,0.000000,-0.012694,0.006854,-0.024465,0.997132,-0.005591,-0.075432,-0.002412,0.019387,0.049856,0.003402,0.104063,-0.128140,0.098582,23.476658,23.476658,23.454381,0.498097,3.780761,-0.577819,0.572574,0.955166
10.650000,1,0,0,2.400000,9.810000,0.900000,30.000000,60.000000,6.000000,0.000000,0.000000,1.500000,0.090068,-0.021484,1.487752,0.000000,0.000000,0.000000,-0.010084,0.000260,-0.019850,0.997230,-0.005036,-0.074173,-0.002291,0.025332,0.050936,0.003421,0.146409,-0.159310,0.077865,23.454381,23.454381,23.433202,0.497647,3.820583,-0.625916,0.535762,0.954638
10.700000,1,0,0,2.400000,9.810000,0.900000,30.000000,60.000000,6.000000,0.000000,0.000000,1.500000,0.089677,-0.021692,1.486880,0.000000,0.000000,0.000000,-0.005190,-0.008946,-0.014992,0.997327,-0.004336,-0.072909,-0.002160,0.031064,0.050303,0.003406,0.164253,-0.212218,0.086820,23.433202,23.433202,23.413556,0.497230,3.801613,-0.719380,0.569176,0.954078
10.750000,1,0,0,2.400000,9.810000,0.900000,30.000000,60.000000,6.000000,0.000000,0.000000,1.500000,0.089582,-0.022409,1.486253,0.000000,0.000000,0.000000,0.001710,-0.019959,-0.010099,0.997419,-0.003499,-0.071682,-0.002020,0.036260,0.047990,0.003365,0.205936,-0.255259,0.131492,23.413556,23.413556,23.395866,0.496854,3.841891,-0.782819,0.687207,0.953540
10.800000,1,0,0,2.400000,9.810000,0.900000,30.000000,60.000000,6.000000,0.000000,0.000000,1.500000,0.089875,-0.023702,1.485867,0.000000,0.000000,0.000000,0.010226,-0.031815,-0.005375,0.997505,-0.002542,-0.070532,-0.001872,0.040618,0.044119,0.003311,0.222135,-0.254793,0.109503,23.395866,23.395866,23.380528,0.496528,3.824965,-0.736326,0.644018,0.953077
10.850000,1,0,0,2.400000,9.810000,0.900000,30.000000,60.000000,6.000000,0.000000,0.000000,1.500000,0.090624,-0.025587,1.485710,0.000000,0.000000,0.000000,0.019879,-0.043470,-0.001018,0.997580,-0.001490,-0.069496,-0.001718,0.043880,0.038895,0.003258,0.212826,-0.252599,0.053083,23.380528,23.380528,23.367891,0.496260,3.752490,-0.681312,0.516813,0.952739
10.900000,1,0,0,2.400000,9.810000,0.900000,30.000000,60.000000,6.000000,0.000000,0.000000,1.500000,0.091873,-0.028028,1.485757,0.000000,0.000000,0.000000,0.030125,-0.053885,0.002794,0.997643,-0.000372,-0.068604,-0.001560,0.045849,0.032596,0.003219,0.217533,-0.190523,0.032565,23.367891,23.367891,23.358238,0.496055,3.720757,-0.479605,0.474233,0.952573
10.950000,1,0,0,2.400000,9.810000,0.900000,30.000000,60.000000,6.000000,0.000000,0.000000,1.500000,0.093637,-0.030939,1.485977,0.000000,0.000000,0.000000,0.040384,-0.062112,0.005908,0.997692,0.000777,-0.067879,-0.001401,0.046399,0.025555,0.003205,0.190473,-0.088281,0.083378,23.358238,23.358238,23.351775,0.495918,3.620955,-0.180104,0.601150,0.952616
11.000000,1,0,0,2.400000,9.810000,0.900000,30.000000,60.000000,6.000000,0.000000,0.000000,1.500000,0.095902,-0.034189,1.486334,0.000000,0.000000,0.000000,0.050068,-0.067367,0.008202,0.997728,0.001921,-0.067336,-0.001242,0.045486,0.018144,0.003223,0.149479,-0.035236,0.041769,23.351775,23.351775,23.348629,0.495851,3.496531,0.001052,0.504402,0.952900
11.050000,1,0,0,2.400000,9.810000,0.900000,30.000000,60.000000,6.000000,0.000000,0.000000,1.500000,0.098625,-0.037617,1.486782,0.000000,0.000000,0.000000,0.058618,-0.069101,0.009594,0.997749,0.003025,-0.066977,-0.001086,0.043148,0.010750,0.003272,0.112558,0.059205,0.040783,23.348629,23.348629,23.348838,0.495855,3.390908,0.279612,0.503159,0.953446
11.100000,1,0,0,2.400000,9.810000,0.900000,30.000000,60.000000,6.000000,0.000000,0.000000,1.500000,0.101736,-0.041036,1.487277,0.000000,0.000000,0.000000,0.065526,-0.067039,0.010039,0.997758,0.004053,-0.066799,-0.000934,0.039506,0.003760,0.003347,0.070366,0.177338,0.041899,23.348838,23.348838,23.352357,0.495930,3.281413,0.611519,0.504855,0.954265
11.150000,1,0,0,2.400000,9.810000,0.900000,30.000000,60.000000,6.000000,0.000000,0.000000,1.500000,0.105143,-0.044257,1.487771,0.000000,0.000000,0.000000,0.070367,-0.061206,0.009541,0.997755,0.004975,-0.066786,-0.000787,0.034752,-0.002467,0.003441,0.034232,0.235821,-0.000653,23.352357,23.352357,23.359059,0.496072,3.194550,0.795354,0.399551,0.955357
11.200000,1,0,0,2.400000,9.810000,0.900000,30.000000,60.000000,6.000000,0.000000,0.000000,1.500000,0.108733,-0.047099,1.488216,0.000000,0.000000,0.000000,0.072821,-0.051927,0.008141,0.997742,0.005768,-0.066915,-0.000647,0.029142,-0.007616,0.003539,-0.042058,0.290719,-0.041743,23.359059,23.359059,23.368748,0.496278,3.018328,0.964543,0.295499,0.956713
11.250000,1,0,0,2.400000,9.810000,0.900000,30.000000,60.000000,6.000000,0.000000,0.000000,1.500000,0.112382,-0.049403,1.488571,0.000000,0.000000,0.000000,0.072687,-0.039797,0.005926,0.997722,0.006412,-0.067157,-0.000515,0.022977,-0.011434,0.003630,-0.067807,0.341045,-0.049845,23.368748,23.368748,23.381165,0.496542,2.969001,1.115901,0.268333,0.958312
11.300000,1,0,0,2.400000,9.810000,0.900000,30.000000,60.000000,6.000000,0.000000,0.000000,1.500000,0.115957,-0.051045,1.488797,0.000000,0.000000,0.000000,0.069896,-0.025636,0.003016,0.997697,0.006899,-0.067475,-0.000393,0.016582,-0.013746,0.003702,-0.072850,0.373460,-0.070880,23.381165,23.381165,23.396001,0.496857,2.973299,1.216954,0.207852,0.960124
11.350000,1,0,0,2.400000,9.810000,0.900000,30.000000,60.000000,6.000000,0.000000,0.000000,1.500000,0.119328,-0.051949,1.488864,0.000000,0.000000,0.000000,0.064515,-0.010425,-0.000434,0.997671,0.007228,-0.067831,-0.000280,0.010290,-0.014459,0.003747,-0.135640,0.374393,-0.085642,23.396001,23.396001,23.412915,0.497216,2.841099,1.235060,0.160192,0.962111
11.400000,1,0,0,2.400000,9.810000,0.900000,30.000000,60.000000,6.000000,0.000000,0.000000,1.500000,0.122369,-0.052088,1.488748,0.000000,0.000000,0.000000,0.056743,0.004775,-0.004246,0.997645,0.007403,-0.068184,-0.000176,0.004421,-0.013576,0.003761,-0.219575,0.387778,-0.083113,23.412915,23.412915,23.431542,0.497612,2.658349,1.275957,0.151879,0.964225
11.450000,1,0,0,2.400000,9.810000,0.900000,30.000000,60.000000,6.000000,0.000000,0.000000,1.500000,0.124968,-0.051489,1.488436,0.000000,0.000000,0.000000,0.046901,0.018911,-0.008224,0.997624,0.007441,-0.068497,-0.000082,-0.000744,-0.011185,0.003746,-0.223071,0.356082,-0.086519,23.431542,23.431542,23.451515,0.498036,2.666999,1.202214,0.127279,0.966417
11.500000,1,0,0,2.400000,9.810000,0.900000,30.000000,60.000000,6.000000,0.000000,0.000000,1.500000,0.127031,-0.050230,1.487926,0.000000,0.000000,0.000000,0.035415,0.031015,-0.012166,0.997608,0.007361,-0.068732,0.000005,-0.004973,-0.007463,0.003707,-0.271197,0.300867,-0.043350,23.451515,23.451515,23.472479,0.498481,2.565175,1.066532,0.212564,0.968631
11.550000,1,0,0,2.400000,9.810000,0.900000,30.000000,60.000000,6.000000,0.000000,0.000000,1.500000,0.128490,-0.048435,1.487224,0.000000,0.000000,0.000000,0.022796,0.040290,-0.015867,0.997600,0.007189,-0.068861,0.000084,-0.008102,-0.002661,0.003649,-0.284563,0.215410,-0.051834,23.472479,23.472479,23.494105,0.498940,2.541957,0.853952,0.172154,0.970809
11.600000,1,0,0,2.400000,9.810000,0.900000,30.000000,60.000000,6.000000,0.000000,0.000000,1.500000,0.129302,-0.046258,1.486347,0.000000,0.000000,0.000000,0.009611,0.046168,-0.019136,0.997602,0.006954,-0.068860,0.000158,-0.010043,0.002908,0.003581,-0.280610,0.164495,-0.044178,23.494105,23.494105,23.516104,0.499408,2.554342,0.721290,0.168947,0.972895
11.650000,1,0,0,2.400000,9.810000,0.900000,30.000000,60.000000,6.000000,0.000000,0.000000,1.500000,0.129452,-0.043880,1.485320,0.000000,0.000000,0.000000,-0.003547,0.048358,-0.021796,0.997614,0.006686,-0.068714,0.000230,-0.010789,0.008886,0.003512,-0.270419,0.102763,-0.050368,23.516104,23.516104,23.538243,0.499878,2.574992,0.561083,0.131185,0.974834
11.700000,1,0,0,2.400000,9.810000,0.900000,30.000000,60.000000,6.000000,0.000000,0.000000,1.500000,0.128957,-0.041484,1.484180,0.000000,0.000000,0.000000,-0.016084,0.046869,-0.023701,0.997636,0.006413,-0.068418,0.000300,-0.010414,0.014892,0.003445,-0.236821,0.007777,-0.003663,23.538243,23.538243,23.560346,0.500347,2.644804,0.320838,0.219268,0.976576
11.750000,1,0,0,2.400000,9.810000,0.900000,30.000000,60.000000,6.000000,0.000000,0.000000,1.500000,0.127863,-0.039249,1.482965,0.000000,0.000000,0.000000,-0.027445,0.042006,-0.024734,0.997668,0.006163,-0.067976,0.000371,-0.009065,0.020542,0.003387,-0.221678,-0.091556,0.043497,23.560346,23.560346,23.582306,0.500814,2.663451,0.071168,0.307566,0.978078
11.800000,1,0,0,2.400000,9.810000,0.900000,30.000000,60.000000,6.000000,0.000000,0.000000,1.500000,0.126241,-0.037330,1.481722,0.000000,0.000000,0.000000,-0.037133,0.034347,-0.024817,0.997708,0.005956,-0.067400,0.000445,-0.006957,0.025469,0.003337,-0.229803,-0.145267,0.077248,23.582306,23.582306,23.604079,0.501276,2.619980,-0.066976,0.363021,0.979303
11.850000,1,0,0,2.400000,9.810000,0.900000,30.000000,60.000000,6.000000,0.000000,0.000000,1.500000,0.124184,-0.035848,1.480500,0.000000,0.000000,0.000000,-0.044742,0.024693,-0.023916,0.997755,0.005808,-0.066715,0.000522,-0.004354,0.029345,0.003298,-0.161209,-0.182044,0.098907,23.604079,23.604079,23.625681,0.501735,2.755374,-0.161695,0.389009,0.980222
11.900000,1,0,0,2.400000,9.810000,0.900000,30.000000,60.000000,6.000000,0.000000,0.000000,1.500000,0.121806,-0.034878,1.479347,0.000000,0.000000,0.000000,-0.049975,0.014004,-0.022037,0.997806,0.005728,-0.065949,0.000604,-0.001550,0.031901,0.003269,-0.096962,-0.203522,0.099317,23.625681,23.625681,23.647179,0.502191,2.876454,-0.216494,0.363737,0.980820
11.950000,1,0,0,2.400000,9.810000,0.900000,30.000000,60.000000,6.000000,0.000000,0.000000,1.500000,0.119230,-0.034447,1.478311,0.000000,0.000000,0.000000,-0.052658,0.003319,-0.019231,0.997860,0.005718,-0.065137,0.000689,0.001147,0.032937,0.003250,-0.064958,-0.226195,0.111797,23.647179,23.647179,23.668678,0.502648,2.917935,-0.270897,0.367342,0.981088
12.000000,1,0,0,2.400000,9.810000,0.900000,30.000000,60.000000,6.000000,0.000000,0.000000,1.500000,0.116584,-0.034529,1.477438,0.000000,0.000000,0.000000,-0.052753,-0.006329,-0.015588,0.997912,0.005770,-0.064320,0.000779,0.003438,0.032340,0.003243,-0.024501,-0.171874,0.116347,23.668678,23.668678,23.690306,0.503107,2.979357,-0.137541,0.351967,0.981031
12.050000,1,0,0,2.400000,9.810000,0.900000,30.000000,60.000000,6.000000,0.000000,0.000000,1.500000,0.113996,-0.035047,1.476764,0.000000,0.000000,0.000000,-0.050355,-0.013997,-0.011236,0.997962,0.005872,-0.063538,0.000871,0.005052,0.030082,0.003250,0.013330,-0.135718,0.121979,23.690306,23.690306,23.712200,0.503572,3.036087,-0.045442,0.339357,0.980662
12.100000,1,0,0,2.400000,9.810000,0.900000,30.000000,60.000000,6.000000,0.000000,0.000000,1.500000,0.111586,-0.035883,1.476323,0.000000,0.000000,0.000000,-0.045689,-0.018910,-0.006335,0.998006,0.006003,-0.062833,0.000965,0.005767,0.026231,0.003271,0.073434,-0.091795,0.142212,23.712200,23.712200,23.734493,0.504045,3.149830,0.066708,0.362046,0.980007
12.150000,1,0,0,2.400000,9.810000,0.900000,30.000000,60.000000,6.000000,0.000000,0.000000,1.500000,0.109459,-0.036883,1.476137,0.000000,0.000000,0.000000,-0.039098,-0.020523,-0.001068,0.998042,0.006140,-0.062242,0.001060,0.005422,0.020941,0.003310,0.114534,-0.012050,0.131733,23.734493,23.734493,23.757298,0.504530,3.223344,0.265080,0.311354,0.979100
12.200000,1,0,0,2.400000,9.810000,0.900000,30.000000,60.000000,6.000000,0.000000,0.000000,1.500000,0.107701,-0.037875,1.476219,0.000000,0.000000,0.000000,-0.031024,-0.018570,0.004364,0.998068,0.006253,-0.061799,0.001153,0.003928,0.014443,0.003363,0.105404,0.056942,0.134852,23.757298,23.757298,23.780705,0.505027,3.183289,0.436583,0.293667,0.977981
12.250000,1,0,0,2.400000,9.810000,0.900000,30.000000,60.000000,6.000000,0.000000,0.000000,1.500000,0.106373,-0.038681,1.476573,0.000000,0.000000,0.000000,-0.021984,-0.013082,0.009754,0.998085,0.006315,-0.061529,0.001244,0.001279,0.007040,0.003429,0.143650,0.146800,0.125838,23.780705,23.780705,23.804773,0.505538,3.265209,0.655724,0.247263,0.976698
12.300000,1,0,0,2.400000,9.810000,0.900000,30.000000,60.000000,6.000000,0.000000,0.000000,1.500000,0.105509,-0.039130,1.477190,0.000000,0.000000,0.000000,-0.012546,-0.004386,0.014897,0.998089,0.006297,-0.061453,0.001330,-0.002453,-0.000919,0.003500,0.113447,0.216447,0.097767,23.804773,23.804773,23.829525,0.506064,3.192029,0.822579,0.155552,0.975305
12.350000,1,0,0,2.400000,9.810000,0.900000,30.000000,60.000000,6.000000,0.000000,0.000000,1.500000,0.105115,-0.039076,1.478055,0.000000,0.000000,0.000000,-0.003293,0.006919,0.019595,0.998082,0.006174,-0.061578,0.001410,-0.007116,-0.009052,0.003568,0.095011,0.271514,0.068767,23.829525,23.829525,23.854949,0.506604,3.156735,0.949451,0.062050,0.973856
12.400000,1,0,0,2.400000,9.810000,0.900000,30.000000,60.000000,6.000000,0.000000,0.000000,1.500000,0.105167,-0.038408,1.479140,0.000000,0.000000,0.000000,0.005200,0.020013,0.023673,0.998063,0.005925,-0.061904,0.001483,-0.012491,-0.016968,0.003622,0.127151,0.305652,0.034845,23.854949,23.854949,23.880999,0.507157,3.252478,1.020099,-0.042813,0.972408
12.450000,1,0,0,2.400000,9.810000,0.900000,30.000000,60.000000,6.000000,0.000000,0.000000,1.500000,0.105614,-0.037061,1.480409,0.000000,0.000000,0.000000,0.012406,0.033918,0.026981,0.998033,0.005537,-0.062422,0.001547,-0.018307,-0.024285,0.003651,0.099403,0.299187,0.021255,23.880999,23.880999,23.907591,0.507722,3.213686,0.986594,-0.098420,0.971014
12.500000,1,0,0,2.400000,9.810000,0.900000,30.000000,60.000000,6.000000,0.000000,0.000000,1.500000,0.106379,-0.035020,1.481823,0.000000,0.000000,0.000000,0.017865,0.047579,0.029403,0.997993,0.005001,-0.063111,0.001601,-0.024251,-0.030655,0.003647,0.092992,0.296367,0.039564,23.907591,23.907591,23.934603,0.508295,3.234398,0.954770,-0.076994,0.969726
12.550000,1,0,0,2.400000,9.810000,0.900000,30.000000,60.000000,6.000000,0.000000,0.000000,1.500000,0.107365,-0.032325,1.483334,0.000000,0.000000,0.000000,0.021212,0.059950,0.030859,0.997943,0.004319,-0.063944,0.001644,-0.029996,-0.035780,0.003605,0.041567,0.265861,0.045868,23.934603,23.934603,23.961874,0.508874,3.154072,0.849441,-0.083897,0.968589
12.600000,1,0,0,2.400000,9.810000,0.900000,30.000000,60.000000,6.000000,0.000000,0.000000,1.500000,0.108460,-0.029063,1.484892,0.000000,0.000000,0.000000,0.022198,0.070075,0.031314,0.997885,0.003500,-0.064887,0.001677,-0.035216,-0.039431,0.003525,-0.010445,0.199423,0.025556,23.961874,23.961874,23.989204,0.509455,3.077707,0.651226,-0.154177,0.967643
12.650000,1,0,0,2.400000,9.810000,0.900000,30.000000,60.000000,6.000000,0.000000,0.000000,1.500000,0.109543,-0.025368,1.486448,0.000000,0.000000,0.000000,0.020702,0.077170,0.030774,0.997821,0.002561,-0.065901,0.001699,-0.039609,-0.041457,0.003412,-0.043675,0.139635,-0.047167,23.989204,23.989204,24.016349,0.510031,3.049926,0.463105,-0.349721,0.966917
12.700000,1,0,0,2.400000,9.810000,0.900000,30.000000,60.000000,6.000000,0.000000,0.000000,1.500000,0.110489,-0.021406,1.487954,0.000000,0.000000,0.000000,0.016734,0.080684,0.029290,0.997754,0.001526,-0.066945,0.001712,-0.042915,-0.041797,0.003275,-0.087931,0.066782,-0.066347,24.016349,24.016349,24.043025,0.510598,2.997176,0.238894,-0.416203,0.966434
12.750000,1,0,0,2.400000,9.810000,0.900000,30.000000,60.000000,6.000000,0.000000,0.000000,1.500000,0.111178,-0.017364,1.489363,0.000000,0.000000,0.000000,0.010442,0.080342,0.026952,0.997685,0.000423,-0.067977,0.001716,-0.044933,-0.040480,0.003128,-0.131646,-0.011608,-0.095913,24.043025,24.043025,24.068912,0.511147,2.945177,-0.001932,-0.507011,0.966203
12.800000,1,0,0,2.400000,9.810000,0.900000,30.000000,60.000000,6.000000,0.000000,0.000000,1.500000,0.111499,-0.013435,1.490637,0.000000,0.000000,0.000000,0.002097,0.076172,0.023886,0.997618,-0.000711,-0.068956,0.001715,-0.045537,-0.037625,0.002984,-0.168142,-0.091771,-0.116249,24.068912,24.068912,24.093669,0.511673,2.907985,-0.248715,-0.574997,0.966225
12.850000,1,0,0,2.400000,9.810000,0.900000,30.000000,60.000000,6.000000,0.000000,0.000000,1.500000,0.111360,-0.009805,1.491742,0.000000,0.000000,0.000000,-0.007915,0.068498,0.020251,0.997555,-0.001843,-0.069846,0.001711,-0.044678,-0.033436,0.002857,-0.227441,-0.155566,-0.108985,24.093669,24.093669,24.116938,0.512167,2.811761,-0.456185,-0.575989,0.966489
12.900000,1,0,0,2.400000,9.810000,0.900000,30.000000,60.000000,6.000000,0.000000,0.000000,1.500000,0.110688,-0.006634,1.492656,0.000000,0.000000,0.000000,-0.019119,0.057915,0.016229,0.997498,-0.002935,-0.070618,0.001706,-0.042392,-0.028185,0.002755,-0.254982,-0.194252,-0.104019,24.116938,24.116938,24.138371,0.512623,2.785942,-0.601608,-0.581630,0.966975
12.950000,1,0,0,2.400000,9.810000,0.900000,30.000000,60.000000,6.000000,0.000000,0.000000,1.500000,0.109437,-0.004048,1.493362,0.000000,0.000000,0.000000,-0.030969,0.045245,0.012017,0.997449,-0.003954,-0.071249,0.001703,-0.038796,-0.022204,0.002683,-0.255292,-0.209741,-0.102812,24.138371,24.138371,24.157647,0.513032,2.818518,-0.687900,-0.595293,0.967653
13.000000,1,0,0,2.400000,9.810000,0.900000,30.000000,60.000000,6.000000,0.000000,0.000000,1.500000,0.107590,-0.002128,1.493858,0.000000,0.000000,0.000000,-0.042882,0.031462,0.007821,0.997411,-0.004868,-0.071725,0.001707,-0.034081,-0.015862,0.002641,-0.259990,-0.257264,-0.108371,24.157647,24.157647,24.174488,0.513390,2.832875,-0.846122,-0.624033,0.968484
13.050000,1,0,0,2.400000,9.810000,0.900000,30.000000,60.000000,6.000000,0.000000,0.000000,1.500000,0.105158,-0.000903,1.494148,0.000000,0.000000,0.000000,-0.054265,0.017621,0.003842,0.997384,-0.005654,-0.072042,0.001717,-0.028501,-0.009543,0.002623,-0.270821,-0.310017,-0.129908,24.174488,24.174488,24.188685,0.513691,2.824565,-1.010718,-0.689784,0.969423
13.100000,1,0,0,2.400000,9.810000,0.900000,30.000000,60.000000,6.000000,0.000000,0.000000,1.500000,0.102182,-0.000350,1.494249,0.000000,0.000000,0.000000,-0.064549,0.004771,0.000272,0.997368,-0.006293,-0.072206,0.001738,-0.022353,-0.003631,0.002618,-0.223420,-0.238647,-0.110337,24.188685,24.188685,24.200104,0.513934,2.948272,-0.870341,-0.655350,0.970419
13.150000,1,0,0,2.400000,9.810000,0.900000,30.000000,60.000000,6.000000,0.000000,0.000000,1.500000,0.098730,-0.000394,1.494185,0.000000,0.000000,0.000000,-0.073216,-0.006135,-0.002716,0.997363,-0.006776,-0.072231,0.001769,-0.015964,0.001519,0.002615,-0.221235,-0.240723,-0.041545,24.200104,24.200104,24.208695,0.514116,2.956391,-0.898648,-0.501070,0.971419
13.200000,1,0,0,2.400000,9.810000,0.900000,30.000000,60.000000,6.000000,0.000000,0.000000,1.500000,0.094894,-0.000918,1.493989,0.000000,0.000000,0.000000,-0.079826,-0.014308,-0.004977,0.997368,-0.007100,-0.072140,0.001810,-0.009669,0.005593,0.002603,-0.159270,-0.197931,-0.032207,24.208695,24.208695,24.214496,0.514239,3.102004,-0.811566,-0.487580,0.972368
13.250000,1,0,0,2.400000,9.810000,0.900000,30.000000,60.000000,6.000000,0.000000,0.000000,1.500000,0.090787,-0.001770,1.493701,0.000000,0.000000,0.000000,-0.084043,-0.019196,-0.006401,0.997379,-0.007271,-0.071963,0.001861,-0.003784,0.008343,0.002571,-0.148794,-0.106092,-0.051780,24.214496,24.214496,24.217621,0.514306,3.119512,-0.599361,-0.541410,0.973211
13.300000,1,0,0,2.400000,9.810000,0.900000,30.000000,60.000000,6.000000,0.000000,0.000000,1.500000,0.086534,-0.002778,1.493364,0.000000,0.000000,0.000000,-0.085649,-0.020522,-0.006914,0.997395,-0.007304,-0.071736,0.001921,0.001404,0.009594,0.002513,-0.099400,-0.052408,-0.012602,24.217621,24.217621,24.218250,0.514319,3.227607,-0.471974,-0.452033,0.973896
13.350000,1,0,0,2.400000,9.810000,0.900000,30.000000,60.000000,6.000000,0.000000,0.000000,1.500000,0.082267,-0.003763,1.493025,0.000000,0.000000,0.000000,-0.084558,-0.018306,-0.006485,0.997413,-0.007219,-0.071497,0.001987,0.005663,0.009259,0.002428,-0.066165,0.027511,-0.002875,24.218250,24.218250,24.216614,0.514284,3.295990,-0.275853,-0.431029,0.974377
13.400000,1,0,0,2.400000,9.810000,0.900000,30.000000,60.000000,6.000000,0.000000,0.000000,1.500000,0.078122,-0.004554,1.492731,0.000000,0.000000,0.000000,-0.080819,-0.012867,-0.005127,0.997429,-0.007041,-0.071286,0.002058,0.008825,0.007341,0.002316,-0.012478,0.116320,-0.017519,24.216614,24.216614,24.212974,0.514207,3.414477,-0.053852,-0.466137,0.974612
13.450000,1,0,0,2.400000,9.810000,0.900000,30.000000,60.000000,6.000000,0.000000,0.000000,1.500000,0.074227,-0.005005,1.492527,0.000000,0.000000,0.000000,-0.074615,-0.004793,-0.002894,0.997441,-0.006798,-0.071141,0.002131,0.010800,0.003933,0.002182,0.069917,0.189699,0.025613,24.212974,24.212974,24.207606,0.514093,3.604770,0.134271,-0.360176,0.974570
13.500000,1,0,0,2.400000,9.810000,0.900000,30.000000,60.000000,6.000000,0.000000,0.000000,1.500000,0.070697,-0.005003,1.492455,0.000000,0.000000,0.000000,-0.066250,0.005107,0.000119,0.997446,-0.006520,-0.071099,0.002203,0.011577,-0.000787,0.002032,0.127354,0.209173,0.053023,24.207606,24.207606,24.200784,0.513948,3.739807,0.194729,-0.289553,0.974227
13.550000,1,0,0,2.400000,9.810000,0.900000,30.000000,60.000000,6.000000,0.000000,0.000000,1.500000,0.067631,-0.004480,1.492550,0.000000,0.000000,0.000000,-0.056139,0.015867,0.003780,0.997441,-0.006237,-0.071187,0.002273,0.011228,-0.006564,0.001872,0.160864,0.238272,0.038682,24.200784,24.200784,24.192767,0.513778,3.823527,0.278581,-0.316781,0.973570
13.600000,1,0,0,2.400000,9.810000,0.900000,30.000000,60.000000,6.000000,0.000000,0.000000,1.500000,0.065104,-0.003419,1.492841,0.000000,0.000000,0.000000,-0.044779,0.026448,0.007928,0.997425,-0.005974,-0.071430,0.002338,0.009898,-0.013082,0.001707,0.191572,0.194375,0.078207,24.192767,24.192767,24.183788,0.513587,3.907745,0.186256,-0.212467,0.972595
13.650000,1,0,0,2.400000,9.810000,0.900000,30.000000,60.000000,6.000000,0.000000,0.000000,1.500000,0.063164,-0.001856,1.493348,0.000000,0.000000,0.000000,-0.032731,0.035818,0.012379,0.997397,-0.005754,-0.071841,0.002397,0.007798,-0.019981,0.001541,0.214360,0.153300,0.072481,24.183788,24.183788,24.174046,0.513380,3.980879,0.098654,-0.214600,0.971311
13.700000,1,0,0,2.400000,9.810000,0.900000,30.000000,60.000000,6.000000,0.000000,0.000000,1.500000,0.061832,0.000127,1.494081,0.000000,0.000000,0.000000,-0.020583,0.043041,0.016933,0.997355,-0.005593,-0.072425,0.002448,0.005191,-0.026876,0.001377,0.204677,0.096051,0.041839,24.174046,24.174046,24.163699,0.513160,3.984255,-0.030589,-0.274514,0.969737
13.750000,1,0,0,2.400000,9.810000,0.900000,30.000000,60.000000,6.000000,0.000000,0.000000,1.500000,0.061098,0.002400,1.495039,0.000000,0.000000,0.000000,-0.008927,0.047348,0.021384,0.997301,-0.005499,-0.073177,0.002492,0.002372,-0.033381,0.001215,0.192588,-0.017072,0.059409,24.163699,24.163699,24.152861,0.512930,3.989800,-0.297189,-0.216867,0.967901
13.800000,1,0,0,2.400000,9.810000,0.900000,30.000000,60.000000,6.000000,0.000000,0.000000,1.500000,0.060922,0.004804,1.496214,0.000000,0.000000,0.000000,0.001680,0.048207,0.025529,0.997234,-0.005474,-0.074083,0.002527,-0.000352,-0.039126,0.001057,0.160785,-0.093577,0.062449,24.152861,24.152861,24.141596,0.512691,3.955284,-0.479235,-0.192420,0.965840
13.850000,1,0,0,2.400000,9.810000,0.900000,30.000000,60.000000,6.000000,0.000000,0.000000,1.500000,0.061240,0.007159,1.497584,0.000000,0.000000,0.000000,0.010738,0.045365,0.029178,0.997156,-0.005512,-0.075119,0.002554,-0.002682,-0.043781,0.000906,0.154493,-0.178160,0.041898,24.141596,24.141596,24.129913,0.512443,3.988129,-0.683707,-0.223117,0.963599
13.900000,1,0,0,2.400000,9.810000,0.900000,30.000000,60.000000,6.000000,0.000000,0.000000,1.500000,0.061963,0.009279,1.499121,0.000000,0.000000,0.000000,0.017832,0.038864,0.032160,0.997069,-0.005600,-0.076255,0.002574,-0.004345,-0.047074,0.000763,0.122668,-0.204396,0.026685,24.129913,24.129913,24.117769,0.512185,3.964345,-0.750540,-0.239736,0.961230
13.950000,1,0,0,2.400000,9.810000,0.900000,30.000000,60.000000,6.000000,0.000000,0.000000,1.500000,0.062985,0.010990,1.500787,0.000000,0.000000,0.000000,0.022658,0.029047,0.034332,0.996976,-0.005718,-0.077453,0.002589,-0.005115,-0.048804,0.000634,0.147793,-0.250168,0.025427,24.117769,24.117769,24.105065,0.511915,4.080111,-0.865716,-0.221802,0.958786
14.000000,1,0,0,2.400000,9.810000,0.900000,30.000000,60.000000,6.000000,0.000000,0.000000,1.500000,0.064188,0.012139,1.502538,0.000000,0.000000,0.000000,0.025032,0.016525,0.035585,0.996880,-0.005842,-0.078674,0.002601,-0.004830,-0.048854,0.000523,0.070423,-0.316676,0.007664,24.105065,24.105065,24.091654,0.511630,3.950789,-1.030941,-0.242627,0.956326
14.050000,1,0,0,2.400000,9.810000,0.900000,30.000000,60.000000,6.000000,0.000000,0.000000,1.500000,0.065447,0.012611,1.504329,0.000000,0.000000,0.000000,0.024903,0.002131,0.035851,0.996784,-0.005945,-0.079874,0.002612,-0.003399,-0.047197,0.000434,0.005220,-0.306541,-0.012524,24.091654,24.091654,24.077348,0.511327,3.849510,-1.011183,-0.268603,0.953906
14.100000,1,0,0,2.400000,9.810000,0.900000,30.000000,60.000000,6.000000,0.000000,0.000000,1.500000,0.066638,0.012337,1.506107,0.000000,0.000000,0.000000,0.022355,-0.013148,0.035101,0.996692,-0.005998,-0.081013,0.002624,-0.000810,-0.043897,0.000371,-0.040964,-0.345756,-0.008933,24.077348,24.077348,24.061937,0.510999,3.790680,-1.107442,-0.237013,0.951583
14.150000,1,0,0,2.400000,9.810000,0.900000,30.000000,60.000000,6.000000,0.000000,0.000000,1.500000,0.067645,0.011299,1.507822,0.000000,0.000000,0.000000,0.017602,-0.028250,0.033351,0.996607,-0.005972,-0.082050,0.002641,0.002864,-0.039107,0.000333,-0.092750,-0.312696,-0.044954,24.061937,24.061937,24.045203,0.510644,3.713305,-1.026478,-0.300135,0.949408
14.200000,1,0,0,2.400000,9.810000,0.900000,30.000000,60.000000,6.000000,0.000000,0.000000,1.500000,0.068367,0.009532,1.509426,0.000000,0.000000,0.000000,0.010979,-0.042122,0.030662,0.996533,-0.005843,-0.082950,0.002665,0.007478,-0.033059,0.000316,-0.122883,-0.283159,-0.081689,24.045203,24.045203,24.026949,0.510256,3.681122,-0.948993,-0.364714,0.947426
14.250000,1,0,0,2.400000,9.810000,0.900000,30.000000,60.000000,6.000000,0.000000,0.000000,1.500000,0.068719,0.007123,1.510874,0.000000,0.000000,0.000000,0.002918,-0.053806,0.027130,0.996473,-0.005591,-0.083688,0.002698,0.012814,-0.026051,0.000314,-0.158707,-0.258468,-0.088639,24.026949,24.026949,24.007017,0.509833,3.627162,-0.877177,-0.357630,0.945677
14.300000,1,0,0,2.400000,9.810000,0.900000,30.000000,60.000000,6.000000,0.000000,0.000000,1.500000,0.068643,0.004201,1.512127,0.000000,0.000000,0.000000,-0.006067,-0.062518,0.022892,0.996428,-0.005199,-0.084242,0.002742,0.018601,-0.018434,0.000317,-0.141993,-0.190324,-0.105251,24.007017,24.007017,23.985312,0.509372,3.690230,-0.694427,-0.373584,0.944191
14.350000,1,0,0,2.400000,9.810000,0.900000,30.000000,60.000000,6.000000,0.000000,0.000000,1.500000,0.068106,0.000930,1.513154,0.000000,0.000000,0.000000,-0.015414,-0.067705,0.018111,0.996400,-0.004662,-0.084602,0.002797,0.024529,-0.010588,0.000313,-0.190873,-0.109163,-0.145551,23.985312,23.985312,23.961818,0.508873,3.586309,-0.473453,-0.446247,0.942987
14.400000,1,0,0,2.400000,9.810000,0.900000,30.000000,60.000000,6.000000,0.000000,0.000000,1.500000,0.067105,-0.002506,1.513932,0.000000,0.000000,0.000000,-0.024539,-0.069095,0.012976,0.996389,-0.003978,-0.084767,0.002863,0.030270,-0.002905,0.000291,-0.195142,-0.014569,-0.139466,23.961818,23.961818,23.936607,0.508338,3.579873,-0.213308,-0.407425,0.942076
14.450000,1,0,0,2.400000,9.810000,0.900000,30.000000,60.000000,6.000000,0.000000,0.000000,1.500000,0.065666,-0.005916,1.514449,0.000000,0.000000,0.000000,-0.032868,-0.066716,0.007688,0.996393,-0.003159,-0.084746,0.002940,0.035498,0.004236,0.000243,-0.169661,0.050434,-0.159596,23.936607,23.936607,23.909840,0.507769,3.635709,-0.017698,-0.431336,0.941457
14.500000,1,0,0,2.400000,9.810000,0.900000,30.000000,60.000000,6.000000,0.000000,0.000000,1.500000,0.063841,-0.009120,1.514702,0.000000,0.000000,0.000000,-0.039865,-0.060892,0.002455,0.996411,-0.002218,-0.084558,0.003024,0.039909,0.010485,0.000164,-0.131444,0.187568,-0.141611,23.909840,23.909840,23.881762,0.507173,3.713883,0.356692,-0.363557,0.941118
14.550000,1,0,0,2.400000,9.810000,0.900000,30.000000,60.000000,6.000000,0.000000,0.000000,1.500000,0.061709,-0.011958,1.514699,0.000000,0.000000,0.000000,-0.045066,-0.052219,-0.002519,0.996441,-0.001181,-0.084228,0.003115,0.043241,0.015546,0.000054,-0.093589,0.215346,-0.118134,23.881762,23.881762,23.852685,0.506555,3.784265,0.473129,-0.282366,0.941037
14.600000,1,0,0,2.400000,9.810000,0.900000,30.000000,60.000000,6.000000,0.000000,0.000000,1.500000,0.059371,-0.014308,1.514458,0.000000,0.000000,0.000000,-0.048097,-0.041513,-0.007041,0.996478,-0.000077,-0.083789,0.003207,0.045292,0.019188,-0.000080,-0.044016,0.210030,-0.115435,23.852685,23.852685,23.822965,0.505924,3.877464,0.513218,-0.250812,0.941184
14.650000,1,0,0,2.400000,9.810000,0.900000,30.000000,60.000000,6.000000,0.000000,0.000000,1.500000,0.056940,-0.016091,1.514005,0.000000,0.000000,0.000000,-0.048699,-0.029745,-0.010941,0.996520,0.001061,-0.083278,0.003299,0.045931,0.021263,-0.000230,-0.015757,0.279929,-0.099597,23.822965,23.822965,23.792988,0.505288,3.916052,0.735283,-0.187513,0.941519
14.700000,1,0,0,2.400000,9.810000,0.900000,30.000000,60.000000,6.000000,0.000000,0.000000,1.500000,0.054543,-0.017282,1.513376,0.000000,0.000000,0.000000,-0.046740,-0.017960,-0.014076,0.996563,0.002197,-0.082735,0.003387,0.045107,0.021708,-0.000382,0.047312,0.241229,-0.078194,23.792988,23.792988,23.763139,0.504654,4.036700,0.696453,-0.110693,0.941998
14.750000,1,0,0,2.400000,9.810000,0.900000,30.000000,60.000000,6.000000,0.000000,0.000000,1.500000,0.052309,-0.017904,1.512612,0.000000,0.000000,0.000000,-0.042220,-0.007195,-0.016338,0.996604,0.003294,-0.082202,0.003468,0.042852,0.020552,-0.000525,0.129573,0.202066,-0.035397,23.763139,23.763139,23.733787,0.504030,4.203907,0.654543,0.017566,0.942568
14.800000,1,0,0,2.400000,9.810000,0.900000,30.000000,60.000000,6.000000,0.000000,0.000000,1.500000,0.050362,-0.018034,1.511758,0.000000,0.000000,0.000000,-0.035276,0.001610,-0.017656,0.996640,0.004320,-0.081716,0.003540,0.039280,0.017916,-0.000648,0.175772,0.182844,0.013983,23.733787,23.733787,23.705272,0.503425,4.286949,0.656907,0.161621,0.943178
14.850000,1,0,0,2.400000,9.810000,0.900000,30.000000,60.000000,6.000000,0.000000,0.000000,1.500000,0.048817,-0.017789,1.510863,0.000000,0.000000,0.000000,-0.026171,0.007684,-0.018005,0.996668,0.005242,-0.081312,0.003600,0.034579,0.014002,-0.000743,0.230483,0.087259,0.045780,23.705272,23.705272,23.677890,0.502843,4.394490,0.470988,0.263369,0.943771
14.900000,1,0,0,2.400000,9.810000,0.900000,30.000000,60.000000,6.000000,0.000000,0.000000,1.500000,0.047775,-0.017320,1.509974,0.000000,0.000000,0.000000,-0.015283,0.010491,-0.017401,0.996688,0.006036,-0.081020,0.003647,0.029001,0.009082,-0.000810,0.280993,0.009938,0.063375,23.677890,23.677890,23.651895,0.502291,4.497402,0.322735,0.330791,0.944296
14.950000,1,0,0,2.400000,9.810000,0.900000,30.000000,60.000000,6.000000,0.000000,0.000000,1.500000,0.047311,-0.016799,1.509138,0.000000,0.000000,0.000000,-0.003083,0.009773,-0.015901,0.996696,0.006684,-0.080860,0.003679,0.022844,0.003488,-0.000850,0.330722,-0.054022,0.092996,23.651895,23.651895,23.627490,0.501773,4.604917,0.199550,0.426698,0.944701
15.000000,1,0,0,2.400000,9.810000,0.900000,30.000000,60.000000,6.000000,0.000000,0.000000,1.500000,0.047479,-0.016401,1.508397,0.000000,0.000000,0.000000,0.009884,0.005571,-0.013606,0.996694,0.007175,-0.080844,0.003698,0.016432,-0.002415,-0.000871,0.349185,-0.122272,0.104070,23.627490,23.627490,23.604831,0.501292,4.644463,0.058609,0.477561,0.944941
15.050000,1,0,0,2.400000,9.810000,0.900000,30.000000,60.000000,6.000000,0.000000,0.000000,1.500000,0.048303,-0.016294,1.507788,0.000000,0.000000,0.000000,0.023035,-0.001779,-0.010648,0.996681,0.007507,-0.080976,0.003702,0.010099,-0.008240,-0.000883,0.322241,-0.188895,0.140860,23.604831,23.604831,23.584028,0.500850,4.582243,-0.085953,0.589455,0.944978
15.100000,1,0,0,2.400000,9.810000,0.900000,30.000000,60.000000,6.000000,0.000000,0.000000,1.500000,0.049776,-0.016622,1.507340,0.000000,0.000000,0.000000,0.035772,-0.011671,-0.007192,0.996657,0.007687,-0.081249,0.003692,0.004166,-0.013607,-0.000898,0.287972,-0.242004,0.144210,23.584028,23.584028,23.565146,0.500449,4.509342,-0.205304,0.620238,0.944780
15.150000,1,0,0,2.400000,9.810000,0.900000,30.000000,60.000000,6.000000,0.000000,0.000000,1.500000,0.051863,-0.017490,1.507074,0.000000,0.000000,0.000000,0.047519,-0.023282,-0.003422,0.996625,0.007727,-0.081647,0.003669,-0.001082,-0.018162,-0.000926,0.274532,-0.308276,0.136196,23.565146,23.565146,23.548201,0.500089,4.492578,-0.362805,0.622716,0.944328
15.200000,1,0,0,2.400000,9.810000,0.900000,30.000000,60.000000,6.000000,0.000000,0.000000,1.500000,0.054502,-0.018962,1.507000,0.000000,0.000000,0.000000,0.057747,-0.035635,0.000462,0.996584,0.007648,-0.082145,0.003635,-0.005408,-0.021592,-0.000974,0.266561,-0.314220,0.174415,23.548201,23.548201,23.533163,0.499770,4.493934,-0.381122,0.734943,0.943609
15.250000,1,0,0,2.400000,9.810000,0.900000,30.000000,60.000000,6.000000,0.000000,0.000000,1.500000,0.057605,-0.021049,1.507119,0.000000,0.000000,0.000000,0.066003,-0.047681,0.004255,0.996539,0.007474,-0.082712,0.003591,-0.008643,-0.023652,-0.001046,0.209295,-0.257933,0.159666,23.533163,23.533163,23.519955,0.499489,4.380504,-0.254490,0.718655,0.942624
15.300000,1,0,0,2.400000,9.810000,0.900000,30.000000,60.000000,6.000000,0.000000,0.000000,1.500000,0.061064,-0.023708,1.507421,0.000000,0.000000,0.000000,0.071935,-0.058384,0.007759,0.996491,0.007235,-0.083311,0.003539,-0.010693,-0.024169,-0.001144,0.165808,-0.216856,0.146365,23.519955,23.519955,23.508458,0.499245,4.301939,-0.167432,0.704276,0.941382
15.350000,1,0,0,2.400000,9.810000,0.900000,30.000000,60.000000,6.000000,0.000000,0.000000,1.500000,0.064756,-0.026849,1.507887,0.000000,0.000000,0.000000,0.075310,-0.066804,0.010785,0.996443,0.006961,-0.083904,0.003481,-0.011544,-0.023057,-0.001265,0.081989,-0.186491,0.119957,23.508458,23.508458,23.498514,0.499034,4.126497,-0.107748,0.656708,0.939904
15.400000,1,0,0,2.400000,9.810000,0.900000,30.000000,60.000000,6.000000,0.000000,0.000000,1.500000,0.068550,-0.030337,1.508489,0.000000,0.000000,0.000000,0.076024,-0.072175,0.013169,0.996400,0.006679,-0.084448,0.003420,-0.011263,-0.020322,-0.001404,0.022281,-0.113848,0.093251,23.498514,23.498514,23.489937,0.498852,4.006922,0.053098,0.606544,0.938221
15.450000,1,0,0,2.400000,9.810000,0.900000,30.000000,60.000000,6.000000,0.000000,0.000000,1.500000,0.072314,-0.034006,1.509191,0.000000,0.000000,0.000000,0.074107,-0.073967,0.014773,0.996363,0.006417,-0.084905,0.003357,-0.009994,-0.016060,-0.001558,-0.059176,-0.034667,0.051698,23.489937,23.489937,23.482529,0.498695,3.831279,0.230564,0.518743,0.936371
15.500000,1,0,0,2.400000,9.810000,0.900000,30.000000,60.000000,6.000000,0.000000,0.000000,1.500000,0.075920,-0.037670,1.509951,0.000000,0.000000,0.000000,0.069724,-0.071930,0.015496,0.996336,0.006197,-0.085238,0.003295,-0.007947,-0.010452,-0.001720,-0.171652,0.034782,0.043361,23.482529,23.482529,23.476098,0.498558,3.575621,0.386634,0.508568,0.934399
15.550000,1,0,0,2.400000,9.810000,0.900000,30.000000,60.000000,6.000000,0.000000,0.000000,1.500000,0.079250,-0.041136,1.510725,0.000000,0.000000,0.000000,0.063164,-0.066114,0.015275,0.996322,0.006034,-0.085417,0.003235,-0.005381,-0.003755,-0.001889,-0.206645,0.132956,0.009808,23.476098,23.476098,23.470473,0.498439,3.498912,0.614358,0.435721,0.932358
15.600000,1,0,0,2.400000,9.810000,0.900000,30.000000,60.000000,6.000000,0.000000,0.000000,1.500000,0.082207,-0.044224,1.511463,0.000000,0.000000,0.000000,0.054827,-0.056867,0.014090,0.996322,0.005939,-0.085419,0.003177,-0.002589,0.003712,-0.002061,-0.291927,0.192297,0.006814,23.470473,23.470473,23.465527,0.498333,3.293395,0.752022,0.434038,0.930303
15.650000,1,0,0,2.400000,9.810000,0.900000,30.000000,60.000000,6.000000,0.000000,0.000000,1.500000,0.084711,-0.046776,1.512118,0.000000,0.000000,0.000000,0.045198,-0.044804,0.011965,0.996339,0.005913,-0.085229,0.003122,0.000119,0.011586,-0.002235,-0.286125,0.272825,-0.010140,23.465527,23.465527,23.461186,0.498241,3.297666,0.943755,0.396682,0.928290
15.700000,1,0,0,2.400000,9.810000,0.900000,30.000000,60.000000,6.000000,0.000000,0.000000,1.500000,0.086714,-0.048671,1.512645,0.000000,0.000000,0.000000,0.034827,-0.030763,0.008964,0.996372,0.005950,-0.084841,0.003069,0.002445,0.019480,-0.002410,-0.281667,0.261814,-0.017717,23.461186,23.461186,23.457441,0.498162,3.289642,0.918737,0.379701,0.926375
15.750000,1,0,0,2.400000,9.810000,0.900000,30.000000,60.000000,6.000000,0.000000,0.000000,1.500000,0.088191,-0.049836,1.513001,0.000000,0.000000,0.000000,0.024297,-0.015732,0.005194,0.996421,0.006037,-0.084260,0.003018,0.004114,0.027003,-0.002583,-0.251322,0.260857,-0.049001,23.457441,23.457441,23.454347,0.498096,3.334886,0.920179,0.303753,0.924614
15.800000,1,0,0,2.400000,9.810000,0.900000,30.000000,60.000000,6.000000,0.000000,0.000000,1.500000,0.089151,-0.050246,1.513153,0.000000,0.000000,0.000000,0.014194,-0.000773,0.000793,0.996484,0.006154,-0.083500,0.002966,0.004899,0.033785,-0.002750,-0.236347,0.258296,-0.056995,23.454347,23.454347,23.452024,0.498047,3.335038,0.919196,0.281706,0.923054
15.850000,1,0,0,2.400000,9.810000,0.900000,30.000000,60.000000,6.000000,0.000000,0.000000,1.500000,0.089627,-0.049932,1.513073,0.000000,0.000000,0.000000,0.005077,0.013063,-0.004069,0.996560,0.006278,-0.082584,0.002911,0.004634,0.039492,-0.002906,-0.193530,0.222090,-0.038987,23.452024,23.452024,23.450640,0.498017,3.394888,0.837764,0.320151,0.921741
15.900000,1,0,0,2.400000,9.810000,0.900000,30.000000,60.000000,6.000000,0.000000,0.000000,1.500000,0.089683,-0.048974,1.512742,0.000000,0.000000,0.000000,-0.002555,0.024824,-0.009203,0.996645,0.006382,-0.081542,0.002852,0.003226,0.043848,-0.003045,-0.174297,0.182069,-0.018025,23.450640,23.450640,23.450399,0.498012,3.392445,0.746186,0.363865,0.920710
15.950000,1,0,0,2.400000,9.810000,0.900000,30.000000,60.000000,6.000000,0.000000,0.000000,1.500000,0.089404,-0.047497,1.512152,0.000000,0.000000,0.000000,-0.008283,0.033730,-0.014404,0.996737,0.006436,-0.080411,0.002786,0.000660,0.046651,-0.003160,-0.137252,0.075633,-0.063463,23.450399,23.450399,23.451524,0.498036,3.428781,0.492880,0.246489,0.919987
16.000000,1,0,0,2.400000,9.810000,0.900000,30.000000,60.000000,6.000000,0.000000,0.000000,1.500000,0.088892,-0.045658,1.511304,0.000000,0.000000,0.000000,-0.011795,0.039236,-0.019465,0.996832,0.006412,-0.079230,0.002711,-0.002997,0.047780,-0.003245,-0.105679,0.026751,-0.012689,23.451524,23.451524,23.454239,0.498094,3.449922,0.374062,0.358382,0.919590
16.050000,1,0,0,2.400000,9.810000,0.900000,30.000000,60.000000,6.000000,0.000000,0.000000,1.500000,0.088264,-0.043635,1.510211,0.000000,0.000000,0.000000,-0.012900,0.041077,-0.024184,0.996927,0.006285,-0.078043,0.002627,-0.007599,0.047206,-0.003296,-0.071406,-0.049403,-0.010112,23.454239,23.454239,23.458754,0.498190,3.477477,0.184957,0.353050,0.919525
16.100000,1,0,0,2.400000,9.810000,0.900000,30.000000,60.000000,6.000000,0.000000,0.000000,1.500000,0.087643,-0.041611,1.508894,0.000000,0.000000,0.000000,-0.011540,0.039290,-0.028372,0.997018,0.006034,-0.076891,0.002532,-0.012933,0.044991,-0.003315,0.030480,-0.087000,0.004343,23.458754,23.458754,23.465249,0.498328,3.669204,0.082575,0.374763,0.919787
16.150000,1,0,0,2.400000,9.810000,0.900000,30.000000,60.000000,6.000000,0.000000,0.000000,1.500000,0.087150,-0.039761,1.507385,0.000000,0.000000,0.000000,-0.007790,0.034203,-0.031861,0.997103,0.005643,-0.075813,0.002426,-0.018729,0.041282,-0.003305,0.126048,-0.113420,-0.013592,23.465249,23.465249,23.473872,0.498511,3.849517,0.000499,0.317364,0.920362
16.200000,1,0,0,2.400000,9.810000,0.900000,30.000000,60.000000,6.000000,0.000000,0.000000,1.500000,0.086901,-0.038236,1.505722,0.000000,0.000000,0.000000,-0.001858,0.026417,-0.034516,0.997179,0.005106,-0.074845,0.002308,-0.024678,0.036310,-0.003275,0.115056,-0.170453,-0.006191,23.473872,23.473872,23.484724,0.498741,3.779455,-0.161930,0.319482,0.921224
16.250000,1,0,0,2.400000,9.810000,0.900000,30.000000,60.000000,6.000000,0.000000,0.000000,1.500000,0.086995,-0.037151,1.503949,0.000000,0.000000,0.000000,0.005930,0.016750,-0.036234,0.997245,0.004422,-0.074013,0.002179,-0.030454,0.030371,-0.003236,0.137495,-0.166837,0.028411,23.484724,23.484724,23.497862,0.499020,3.796303,-0.185686,0.385674,0.922339
16.300000,1,0,0,2.400000,9.810000,0.900000,30.000000,60.000000,6.000000,0.000000,0.000000,1.500000,0.087517,-0.036576,1.502115,0.000000,0.000000,0.000000,0.015144,0.006170,-0.036952,0.997299,0.003601,-0.073338,0.002041,-0.035728,0.023810,-0.003199,0.153234,-0.141105,0.073506,23.497862,23.497862,23.513292,0.499348,3.804678,-0.162866,0.475927,0.923664
16.350000,1,0,0,2.400000,9.810000,0.900000,30.000000,60.000000,6.000000,0.000000,0.000000,1.500000,0.088525,-0.036531,1.500271,0.000000,0.000000,0.000000,0.025275,-0.004280,-0.036652,0.997339,0.002657,-0.072831,0.001894,-0.040197,0.017006,-0.003176,0.141748,-0.140272,0.069382,23.513292,23.513292,23.530967,0.499723,3.755822,-0.205557,0.447002,0.925152
16.400000,1,0,0,2.400000,9.810000,0.900000,30.000000,60.000000,6.000000,0.000000,0.000000,1.500000,0.090051,-0.036985,1.498467,0.000000,0.000000,0.000000,0.035758,-0.013574,-0.035357,0.997366,0.001615,-0.072492,0.001739,-0.043596,0.010348,-0.003174,0.160916,-0.132134,0.050975,23.530967,23.530967,23.550788,0.500144,3.788697,-0.235391,0.382811,0.926750
16.450000,1,0,0,2.400000,9.810000,0.900000,30.000000,60.000000,6.000000,0.000000,0.000000,1.500000,0.092097,-0.037854,1.496751,0.000000,0.000000,0.000000,0.046008,-0.020780,-0.033134,0.997381,0.000504,-0.072314,0.001579,-0.045722,0.004211,-0.003196,0.166701,-0.073774,0.077866,23.550788,23.550788,23.572601,0.500607,3.797217,-0.148004,0.426411,0.928401
16.500000,1,0,0,2.400000,9.810000,0.900000,30.000000,60.000000,6.000000,0.000000,0.000000,1.500000,0.094638,-0.039015,1.495167,0.000000,0.000000,0.000000,0.055443,-0.025144,-0.030089,0.997383,-0.000642,-0.072278,0.001415,-0.046438,-0.001058,-0.003243,0.129956,-0.023833,0.092704,23.572601,23.572601,23.596196,0.501108,3.710599,-0.082579,0.440202,0.930050
16.550000,1,0,0,2.400000,9.810000,0.900000,30.000000,60.000000,6.000000,0.000000,0.000000,1.500000,0.097619,-0.040312,1.493753,0.000000,0.000000,0.000000,0.063521,-0.026145,-0.026361,0.997376,-0.001788,-0.072360,0.001250,-0.045692,-0.005166,-0.003306,0.117406,0.014496,0.113871,23.596196,23.596196,23.621311,0.501642,3.687774,-0.045094,0.468346,0.931642
16.600000,1,0,0,2.400000,9.810000,0.900000,30.000000,60.000000,6.000000,0.000000,0.000000,1.500000,0.100959,-0.041569,1.492540,0.000000,0.000000,0.000000,0.069766,-0.023544,-0.022121,0.997362,-0.002897,-0.072528,0.001086,-0.043512,-0.007886,-0.003376,0.074114,0.071831,0.113605,23.621311,23.621311,23.647638,0.502201,3.595375,0.039631,0.444246,0.933125
16.650000,1,0,0,2.400000,9.810000,0.900000,30.000000,60.000000,6.000000,0.000000,0.000000,1.500000,0.104558,-0.042607,1.491547,0.000000,0.000000,0.000000,0.073793,-0.017398,-0.017556,0.997342,-0.003934,-0.072744,0.000926,-0.040010,-0.009071,-0.003442,0.037589,0.078649,0.096266,23.647638,23.647638,23.674829,0.502778,3.521673,0.006373,0.378402,0.934454
16.700000,1,0,0,2.400000,9.810000,0.900000,30.000000,60.000000,6.000000,0.000000,0.000000,1.500000,0.108297,-0.043256,1.490786,0.000000,0.000000,0.000000,0.075327,-0.008064,-0.012871,0.997322,-0.004869,-0.072969,0.000772,-0.035370,-0.008661,-0.003492,-0.003032,0.146500,0.112866,23.674829,23.674829,23.702517,0.503366,3.438713,0.124317,0.393285,0.935590
16.750000,1,0,0,2.400000,9.810000,0.900000,30.000000,60.000000,6.000000,0.000000,0.000000,1.500000,0.112047,-0.043371,1.490258,0.000000,0.000000,0.000000,0.074222,0.003837,-0.008272,0.997304,-0.005677,-0.073165,0.000626,-0.029842,-0.006690,-0.003518,-0.065021,0.205513,0.124096,23.702517,23.702517,23.730329,0.503957,3.303142,0.226988,0.394603,0.936502
16.800000,1,0,0,2.400000,9.810000,0.900000,30.000000,60.000000,6.000000,0.000000,0.000000,1.500000,0.115675,-0.042843,1.489954,0.000000,0.000000,0.000000,0.070464,0.017467,-0.003958,0.997290,-0.006340,-0.073293,0.000489,-0.023722,-0.003280,-0.003514,-0.077651,0.236825,0.083737,23.730329,23.730329,23.757906,0.504543,3.282879,0.270017,0.271499,0.937169
16.850000,1,0,0,2.400000,9.810000,0.900000,30.000000,60.000000,6.000000,0.000000,0.000000,1.500000,0.119051,-0.041612,1.489855,0.000000,0.000000,0.000000,0.064173,0.031834,-0.000117,0.997285,-0.006845,-0.073320,0.000365,-0.017334,0.001366,-0.003482,-0.157383,0.236154,0.090429,23.757906,23.757906,23.784926,0.505116,3.096785,0.243671,0.260784,0.937581
16.900000,1,0,0,2.400000,9.810000,0.900000,30.000000,60.000000,6.000000,0.000000,0.000000,1.500000,0.122054,-0.039665,1.489932,0.000000,0.000000,0.000000,0.055602,0.045879,0.003088,0.997290,-0.007192,-0.073218,0.000252,-0.011013,0.006973,-0.003426,-0.157983,0.203416,0.104589,23.784926,23.784926,23.811118,0.505673,3.094463,0.147893,0.267566,0.937737
16.950000,1,0,0,2.400000,9.810000,0.900000,30.000000,60.000000,6.000000,0.000000,0.000000,1.500000,0.124579,-0.037047,1.490150,0.000000,0.000000,0.000000,0.045115,0.058559,0.005521,0.997307,-0.007385,-0.072968,0.000151,-0.005077,0.013207,-0.003354,-0.205902,0.151088,0.081300,23.811118,23.811118,23.836283,0.506207,2.971436,0.012391,0.184157,0.937649
17.000000,1,0,0,2.400000,9.810000,0.900000,30.000000,60.000000,6.000000,0.000000,0.000000,1.500000,0.126542,-0.033848,1.490469,0.000000,0.000000,0.000000,0.033177,0.068928,0.007086,0.997336,-0.007438,-0.072559,0.000061,0.000183,0.019701,-0.003277,-0.237667,0.107836,0.050873,23.836283,23.836283,23.860295,0.506717,2.879464,-0.094647,0.083435,0.937335
17.050000,1,0,0,2.400000,9.810000,0.900000,30.000000,60.000000,6.000000,0.000000,0.000000,1.500000,0.127882,-0.030205,1.490844,0.000000,0.000000,0.000000,0.020325,0.076218,0.007722,0.997378,-0.007372,-0.071988,-0.000020,0.004532,0.026068,-0.003203,-0.245519,0.047130,-0.003026,23.860295,23.860295,23.883105,0.507202,2.837051,-0.237816,-0.073663,0.936828
17.100000,1,0,0,2.400000,9.810000,0.900000,30.000000,60.000000,6.000000,0.000000,0.000000,1.500000,0.128569,-0.026287,1.491226,0.000000,0.000000,0.000000,0.007139,0.079897,0.007413,0.997431,-0.007210,-0.071264,-0.000093,0.007795,0.031926,-0.003143,-0.215990,0.019427,-0.040359,23.883105,23.883105,23.904737,0.507661,2.876866,-0.297196,-0.190899,0.936164
17.150000,1,0,0,2.400000,9.810000,0.900000,30.000000,60.000000,6.000000,0.000000,0.000000,1.500000,0.128600,-0.022280,1.491570,0.000000,0.000000,0.000000,-0.005783,0.079715,0.006188,0.997494,-0.006981,-0.070404,-0.000161,0.009876,0.036919,-0.003101,-0.222543,-0.076088,-0.055305,23.904737,23.904737,23.925273,0.508097,2.823394,-0.516096,-0.254160,0.935389
17.200000,1,0,0,2.400000,9.810000,0.900000,30.000000,60.000000,6.000000,0.000000,0.000000,1.500000,0.128004,-0.018379,1.491830,0.000000,0.000000,0.000000,-0.017860,0.075724,0.004114,0.997564,-0.006716,-0.069434,-0.000227,0.010759,0.040735,-0.003080,-0.205249,-0.148095,-0.075804,23.925273,23.925273,23.944840,0.508513,2.821679,-0.676766,-0.330354,0.934554
17.250000,1,0,0,2.400000,9.810000,0.900000,30.000000,60.000000,6.000000,0.000000,0.000000,1.500000,0.126837,-0.014766,1.491969,0.000000,0.000000,0.000000,-0.028557,0.068270,0.001299,0.997638,-0.006443,-0.068385,-0.000292,0.010507,0.043125,-0.003079,-0.194968,-0.235709,-0.059725,23.944840,23.944840,23.963590,0.508911,2.799209,-0.874485,-0.318232,0.933712
17.300000,1,0,0,2.400000,9.810000,0.900000,30.000000,60.000000,6.000000,0.000000,0.000000,1.500000,0.125179,-0.011599,1.491950,0.000000,0.000000,0.000000,-0.037412,0.057969,-0.002113,0.997714,-0.006189,-0.067297,-0.000359,0.009262,0.043917,-0.003096,-0.150935,-0.292149,-0.103851,23.963590,23.963590,23.981680,0.509295,2.855633,-0.998261,-0.449939,0.932919
17.350000,1,0,0,2.400000,9.810000,0.900000,30.000000,60.000000,6.000000,0.000000,0.000000,1.500000,0.123133,-0.009002,1.491750,0.000000,0.000000,0.000000,-0.044062,0.045655,-0.005955,0.997788,-0.005976,-0.066210,-0.000429,0.007231,0.043025,-0.003127,-0.141584,-0.304940,-0.115159,23.981680,23.981680,23.999260,0.509668,2.828692,-1.019232,-0.502091,0.932227
17.400000,1,0,0,2.400000,9.810000,0.900000,30.000000,60.000000,6.000000,0.000000,0.000000,1.500000,0.120814,-0.007051,1.491351,0.000000,0.000000,0.000000,-0.048259,0.032312,-0.010034,0.997857,-0.005821,-0.065166,-0.000504,0.004671,0.040453,-0.003170,-0.032603,-0.280892,-0.102530,23.999260,23.999260,24.016451,0.510033,3.042764,-0.954541,-0.495876,0.931688
17.450000,1,0,0,2.400000,9.810000,0.900000,30.000000,60.000000,6.000000,0.000000,0.000000,1.500000,0.118350,-0.005771,1.490746,0.000000,0.000000,0.000000,-0.049884,0.018995,-0.014151,0.997920,-0.005734,-0.064206,-0.000584,0.001875,0.036297,-0.003220,-0.021969,-0.212470,-0.060540,24.016451,24.016451,24.033341,0.510392,3.024683,-0.786576,-0.418159,0.931350
17.500000,1,0,0,2.400000,9.810000,0.900000,30.000000,60.000000,6.000000,0.000000,0.000000,1.500000,0.115868,-0.005134,1.489939,0.000000,0.000000,0.000000,-0.048954,0.006745,-0.018099,0.997974,-0.005716,-0.063367,-0.000669,-0.000849,0.030738,-0.003278,0.058221,-0.188516,-0.087171,24.033341,24.033341,24.049978,0.510745,3.179227,-0.728666,-0.503973,0.931251
17.550000,1,0,0,2.400000,9.810000,0.900000,30.000000,60.000000,6.000000,0.000000,0.000000,1.500000,0.113495,-0.005063,1.488942,0.000000,0.000000,0.000000,-0.045617,-0.003497,-0.021681,0.998017,-0.005762,-0.062682,-0.000759,-0.003200,0.024033,-0.003342,0.153261,-0.182402,-0.100258,24.049978,24.049978,24.066361,0.511093,3.376652,-0.716646,-0.556012,0.931425
17.600000,1,0,0,2.400000,9.810000,0.900000,30.000000,60.000000,6.000000,0.000000,0.000000,1.500000,0.111342,-0.005437,1.487780,0.000000,0.000000,0.000000,-0.040150,-0.010966,-0.024714,0.998048,-0.005859,-0.062176,-0.000852,-0.004903,0.016500,-0.003412,0.200310,-0.108675,-0.079563,24.066361,24.066361,24.082449,0.511435,3.467346,-0.544822,-0.525588,0.931893
17.650000,1,0,0,2.400000,9.810000,0.900000,30.000000,60.000000,6.000000,0.000000,0.000000,1.500000,0.109509,-0.006104,1.486483,0.000000,0.000000,0.000000,-0.032939,-0.015132,-0.027036,0.998066,-0.005988,-0.061864,-0.000949,-0.005730,0.008502,-0.003487,0.263365,-0.028860,-0.050408,24.082449,24.082449,24.098152,0.511768,3.605695,-0.359940,-0.473368,0.932670
17.700000,1,0,0,2.400000,9.810000,0.900000,30.000000,60.000000,6.000000,0.000000,0.000000,1.500000,0.108069,-0.006891,1.485090,0.000000,0.000000,0.000000,-0.024459,-0.015745,-0.028520,0.998072,-0.006125,-0.061753,-0.001046,-0.005512,0.000428,-0.003563,0.211400,-0.002898,-0.037747,24.098152,24.098152,24.113344,0.512091,3.477571,-0.304697,-0.459145,0.933756
17.750000,1,0,0,2.400000,9.810000,0.900000,30.000000,60.000000,6.000000,0.000000,0.000000,1.500000,0.107075,-0.007620,1.483646,0.000000,0.000000,0.000000,-0.015252,-0.012856,-0.029070,0.998066,-0.006242,-0.061840,-0.001143,-0.004152,-0.007334,-0.003637,0.240055,0.078927,-0.033564,24.113344,24.113344,24.127861,0.512399,3.552380,-0.114452,-0.463587,0.935144
17.800000,1,0,0,2.400000,9.810000,0.900000,30.000000,60.000000,6.000000,0.000000,0.000000,1.500000,0.106547,-0.008124,1.482200,0.000000,0.000000,0.000000,-0.005895,-0.006810,-0.028634,0.998048,-0.006312,-0.062114,-0.001237,-0.001632,-0.014410,-0.003700,0.187926,0.138551,0.052794,24.127861,24.127861,24.141509,0.512689,3.442153,0.024837,-0.269055,0.936814
17.850000,1,0,0,2.400000,9.810000,0.900000,30.000000,60.000000,6.000000,0.000000,0.000000,1.500000,0.106478,-0.008258,1.480800,0.000000,0.000000,0.000000,0.003028,0.001782,-0.027201,0.998021,-0.006304,-0.062552,-0.001327,0.001981,-0.020468,-0.003747,0.142152,0.161176,0.078187,24.141509,24.141509,24.154069,0.512956,3.354989,0.079033,-0.219021,0.938738
17.900000,1,0,0,2.400000,9.810000,0.900000,30.000000,60.000000,6.000000,0.000000,0.000000,1.500000,0.106833,-0.007917,1.479495,0.000000,0.000000,0.000000,0.010960,0.012093,-0.024805,0.997985,-0.006194,-0.063126,-0.001411,0.006547,-0.025230,-0.003769,0.110529,0.190866,0.088009,24.154069,24.154069,24.165304,0.513195,3.308199,0.155136,-0.204492,0.940877
17.950000,1,0,0,2.400000,9.810000,0.900000,30.000000,60.000000,6.000000,0.000000,0.000000,1.500000,0.107549,-0.007037,1.478334,0.000000,0.000000,0.000000,0.017397,0.023146,-0.021519,0.997944,-0.005961,-0.063800,-0.001486,0.011854,-0.028492,-0.003761,0.076889,0.202096,0.092231,24.165304,24.165304,24.174969,0.513400,3.261269,0.192931,-0.201505,0.943187
18.000000,1,0,0,2.400000,9.810000,0.900000,30.000000,60.000000,6.000000,0.000000,0.000000,1.500000,0.108541,-0.005607,1.477356,0.000000,0.000000,0.000000,0.021916,0.033897,-0.017459,0.997899,-0.005589,-0.064536,-0.001552,0.017634,-0.030133,-0.003720,0.070144,0.189432,0.079473,24.174969,24.174969,24.182819,0.513567,3.281684,0.180127,-0.237350,0.945616
18.050000,1,0,0,2.400000,9.810000,0.900000,30.000000,60.000000,6.000000,0.000000,0.000000,1.500000,0.109703,-0.003669,1.476598,0.000000,0.000000,0.000000,0.024198,0.043318,-0.012770,0.997852,-0.005070,-0.065292,-0.001606,0.023579,-0.030122,-0.003649,0.022648,0.179989,0.077630,24.182819,24.182819,24.188623,0.513690,3.205085,0.182199,-0.245077,0.948110
18.100000,1,0,0,2.400000,9.810000,0.900000,30.000000,60.000000,6.000000,0.000000,0.000000,1.500000,0.110920,-0.001313,1.476087,0.000000,0.000000,0.000000,0.024047,0.050484,-0.007629,0.997807,-0.004405,-0.066028,-0.001649,0.029364,-0.028517,-0.003551,-0.058172,0.130920,0.080221,24.188623,24.188623,24.192173,0.513765,3.047304,0.096326,-0.240242,0.950610
18.150000,1,0,0,2.400000,9.810000,0.900000,30.000000,60.000000,6.000000,0.000000,0.000000,1.500000,0.112066,0.001329,1.475840,0.000000,0.000000,0.000000,0.021394,0.054645,-0.002228,0.997765,-0.003600,-0.066706,-0.001681,0.034659,-0.025466,-0.003438,-0.087747,0.073277,0.106358,24.192173,24.192173,24.193293,0.513789,3.009437,-0.003355,-0.176990,0.953059
18.200000,1,0,0,2.400000,9.810000,0.900000,30.000000,60.000000,6.000000,0.000000,0.000000,1.500000,0.113019,0.004093,1.475865,0.000000,0.000000,0.000000,0.016308,0.055290,0.003226,0.997728,-0.002673,-0.067292,-0.001701,0.039160,-0.021197,-0.003321,-0.137205,0.044317,0.068618,24.193293,24.193293,24.191855,0.513758,2.919135,-0.028208,-0.265157,0.955402
18.250000,1,0,0,2.400000,9.810000,0.900000,30.000000,60.000000,6.000000,0.000000,0.000000,1.500000,0.113660,0.006795,1.476160,0.000000,0.000000,0.000000,0.008988,0.052190,0.008525,0.997699,-0.001646,-0.067760,-0.001712,0.042602,-0.016002,-0.003211,-0.141776,-0.015230,0.045499,24.191855,24.191855,24.187784,0.513672,2.930523,-0.121617,-0.316380,0.957588
18.300000,1,0,0,2.400000,9.810000,0.900000,30.000000,60.000000,6.000000,0.000000,0.000000,1.500000,0.113886,0.009250,1.476712,0.000000,0.000000,0.000000,-0.000244,0.045416,0.013468,0.997678,-0.000549,-0.068090,-0.001716,0.044776,-0.010227,-0.003118,-0.241161,-0.126559,0.046931,24.187784,24.187784,24.181061,0.513529,2.707391,-0.335871,-0.306855,0.959570
18.350000,1,0,0,2.400000,9.810000,0.900000,30.000000,60.000000,6.000000,0.000000,0.000000,1.500000,0.113611,0.011282,1.477498,0.000000,0.000000,0.000000,-0.010963,0.035335,0.017870,0.997665,0.000586,-0.068272,-0.001716,0.045546,-0.004246,-0.003048,-0.249962,-0.169761,0.012617,24.181061,24.181061,24.171732,0.513331,2.694211,-0.384831,-0.381344,0.961310
18.400000,1,0,0,2.400000,9.810000,0.900000,30.000000,60.000000,6.000000,0.000000,0.000000,1.500000,0.112773,0.012739,1.478487,0.000000,0.000000,0.000000,-0.022661,0.022579,0.021570,0.997661,0.001721,-0.068307,-0.001714,0.044854,0.001554,-0.003002,-0.267319,-0.188494,0.028925,24.171732,24.171732,24.159901,0.513080,2.653037,-0.375029,-0.332608,0.962778
18.450000,1,0,0,2.400000,9.810000,0.900000,30.000000,60.000000,6.000000,0.000000,0.000000,1.500000,0.111338,0.013509,1.479641,0.000000,0.000000,0.000000,-0.034772,0.007998,0.024435,0.997666,0.002822,-0.068203,-0.001713,0.042728,0.006799,-0.002977,-0.282815,-0.228541,0.025396,24.159901,24.159901,24.145731,0.512779,2.609327,-0.418121,-0.329802,0.963955
18.500000,1,0,0,2.400000,9.810000,0.900000,30.000000,60.000000,6.000000,0.000000,0.000000,1.500000,0.109299,0.013525,1.480915,0.000000,0.000000,0.000000,-0.046706,-0.007411,0.026373,0.997678,0.003852,-0.067978,-0.001717,0.039274,0.011147,-0.002964,-0.273298,-0.204066,0.010838,24.145731,24.145731,24.129433,0.512433,2.619548,-0.309792,-0.351846,0.964831
18.550000,1,0,0,2.400000,9.810000,0.900000,30.000000,60.000000,6.000000,0.000000,0.000000,1.500000,0.106680,0.012772,1.482262,0.000000,0.000000,0.000000,-0.057874,-0.022582,0.027329,0.997696,0.004782,-0.067659,-0.001726,0.034676,0.014305,-0.002953,-0.213525,-0.182165,-0.049409,24.129433,24.129433,24.111263,0.512047,2.745579,-0.212578,-0.481992,0.965408
18.600000,1,0,0,2.400000,9.810000,0.900000,30.000000,60.000000,6.000000,0.000000,0.000000,1.500000,0.103533,0.011288,1.483631,0.000000,0.000000,0.000000,-0.067725,-0.036467,0.027293,0.997717,0.005586,-0.067279,-0.001744,0.029180,0.016049,-0.002930,-0.184696,-0.101942,-0.063090,24.111263,24.111263,24.091503,0.511627,2.794142,0.018430,-0.498899,0.965697
18.650000,1,0,0,2.400000,9.810000,0.900000,30.000000,60.000000,6.000000,0.000000,0.000000,1.500000,0.099937,0.009163,1.484975,0.000000,0.000000,0.000000,-0.075769,-0.048121,0.026296,0.997740,0.006244,-0.066873,-0.001770,0.023082,0.016236,-0.002885,-0.088385,-0.034781,-0.113483,24.091503,24.091503,24.070460,0.511180,3.003292,0.211006,-0.602506,0.965720
18.700000,1,0,0,2.400000,9.810000,0.900000,30.000000,60.000000,6.000000,0.000000,0.000000,1.500000,0.095993,0.006526,1.486246,0.000000,0.000000,0.000000,-0.081606,-0.056774,0.024414,0.997763,0.006746,-0.066483,-0.001805,0.016706,0.014809,-0.002811,-0.085157,-0.030721,-0.117727,24.070460,24.070460,24.048445,0.510713,2.989619,0.244528,-0.594030,0.965509
18.750000,1,0,0,2.400000,9.810000,0.900000,30.000000,60.000000,6.000000,0.000000,0.000000,1.500000,0.091819,0.003544,1.487404,0.000000,0.000000,0.000000,-0.084946,-0.061897,0.021758,0.997783,0.007089,-0.066148,-0.001849,0.010384,0.011804,-0.002705,-0.052211,0.029144,-0.138802,24.048445,24.048445,24.025768,0.510231,3.049800,0.404248,-0.624699,0.965103
18.800000,1,0,0,2.400000,9.810000,0.900000,30.000000,60.000000,6.000000,0.000000,0.000000,1.500000,0.087543,0.000400,1.488412,0.000000,0.000000,0.000000,-0.085623,-0.063243,0.018474,0.997797,0.007277,-0.065907,-0.001901,0.004438,0.007344,-0.002568,0.027535,0.134163,-0.186551,24.025768,24.025768,24.002725,0.509742,3.226686,0.664883,-0.718227,0.964547
18.850000,1,0,0,2.400000,9.810000,0.900000,30.000000,60.000000,6.000000,0.000000,0.000000,1.500000,0.083301,-0.002718,1.489243,0.000000,0.000000,0.000000,-0.083608,-0.060864,0.014736,0.997805,0.007325,-0.065792,-0.001960,-0.000841,0.001637,-0.002406,0.107248,0.186741,-0.182851,24.002725,24.002725,23.979587,0.509250,3.409518,0.792847,-0.687198,0.963894
18.900000,1,0,0,2.400000,9.810000,0.900000,30.000000,60.000000,6.000000,0.000000,0.000000,1.500000,0.079226,-0.005630,1.489881,0.000000,0.000000,0.000000,-0.079002,-0.055109,0.010736,0.997802,0.007251,-0.065832,-0.002023,-0.005215,-0.005039,-0.002228,0.125798,0.243572,-0.153614,23.979587,23.979587,23.956592,0.508762,3.452930,0.925167,-0.593890,0.963196
18.950000,1,0,0,2.400000,9.810000,0.900000,30.000000,60.000000,6.000000,0.000000,0.000000,1.500000,0.075440,-0.008183,1.490316,0.000000,0.000000,0.000000,-0.072041,-0.046592,0.006675,0.997789,0.007080,-0.066047,-0.002089,-0.008508,-0.012350,-0.002042,0.127405,0.307204,-0.136086,23.956592,23.956592,23.933940,0.508281,3.464017,1.069174,-0.527788,0.962508
19.000000,1,0,0,2.400000,9.810000,0.900000,30.000000,60.000000,6.000000,0.000000,0.000000,1.500000,0.072055,-0.010257,1.490551,0.000000,0.000000,0.000000,-0.063075,-0.036146,0.002758,0.997764,0.006842,-0.066449,-0.002157,-0.010620,-0.019924,-0.001859,0.169396,0.314218,-0.081380,23.933940,23.933940,23.911780,0.507810,3.580907,1.074028,-0.371653,0.961884
19.050000,1,0,0,2.400000,9.810000,0.900000,30.000000,60.000000,6.000000,0.000000,0.000000,1.500000,0.069159,-0.011781,1.490597,0.000000,0.000000,0.000000,-0.052557,-0.024748,-0.000818,0.997726,0.006565,-0.067038,-0.002224,-0.011532,-0.027371,-0.001685,0.234338,0.311314,-0.066191,23.911780,23.911780,23.890213,0.507352,3.761835,1.053255,-0.309651,0.961375
19.100000,1,0,0,2.400000,9.810000,0.900000,30.000000,60.000000,6.000000,0.000000,0.000000,1.500000,0.066816,-0.012733,1.490478,0.000000,0.000000,0.000000,-0.041011,-0.013445,-0.003873,0.997676,0.006279,-0.067808,-0.002288,-0.011305,-0.034306,-0.001524,0.192439,0.289219,-0.083576,23.890213,23.890213,23.869285,0.506908,3.694911,0.986006,-0.325220,0.961024
19.150000,1,0,0,2.400000,9.810000,0.900000,30.000000,60.000000,6.000000,0.000000,0.000000,1.500000,0.065065,-0.013144,1.490221,0.000000,0.000000,0.000000,-0.029013,-0.003266,-0.006251,0.997614,0.006010,-0.068741,-0.002348,-0.010078,-0.040369,-0.001379,0.229339,0.226228,-0.061791,23.869285,23.869285,23.848985,0.506477,3.824837,0.821479,-0.246282,0.960872
19.200000,1,0,0,2.400000,9.810000,0.900000,30.000000,60.000000,6.000000,0.000000,0.000000,1.500000,0.063913,-0.013094,1.489866,0.000000,0.000000,0.000000,-0.017156,0.004862,-0.007825,0.997541,0.005782,-0.069810,-0.002403,-0.008055,-0.045246,-0.001249,0.264306,0.157014,-0.045943,23.848985,23.848985,23.829251,0.506058,3.956616,0.643967,-0.181199,0.960948
19.250000,1,0,0,2.400000,9.810000,0.900000,30.000000,60.000000,6.000000,0.000000,0.000000,1.500000,0.063338,-0.012705,1.489454,0.000000,0.000000,0.000000,-0.006020,0.010189,-0.008509,0.997459,0.005612,-0.070984,-0.002451,-0.005492,-0.048684,-0.001132,0.233570,0.073193,-0.023985,23.829251,23.829251,23.809970,0.505648,3.935622,0.434150,-0.101175,0.961273
19.300000,1,0,0,2.400000,9.810000,0.900000,30.000000,60.000000,6.000000,0.000000,0.000000,1.500000,0.063290,-0.012131,1.489031,0.000000,0.000000,0.000000,0.003857,0.012205,-0.008254,0.997370,0.005509,-0.072224,-0.002493,-0.002683,-0.050509,-0.001029,0.214881,0.018711,0.000975,23.809970,23.809970,23.790988,0.505245,3.946621,0.297968,-0.013786,0.961859
19.350000,1,0,0,2.400000,9.810000,0.900000,30.000000,60.000000,6.000000,0.000000,0.000000,1.500000,0.063694,-0.011544,1.488644,0.000000,0.000000,0.000000,0.012008,0.010680,-0.007056,0.997278,0.005475,-0.073488,-0.002526,0.000065,-0.050631,-0.000937,0.173924,-0.090591,0.034829,23.790988,23.790988,23.772117,0.504844,3.905265,0.033557,0.094995,0.962706
19.400000,1,0,0,2.400000,9.810000,0.900000,30.000000,60.000000,6.000000,0.000000,0.000000,1.500000,0.064456,-0.011121,1.488340,0.000000,0.000000,0.000000,0.018063,0.005683,-0.004952,0.997185,0.005506,-0.074734,-0.002553,0.002452,-0.049051,-0.000856,0.116462,-0.138874,0.054341,23.772117,23.772117,23.753155,0.504442,3.823350,-0.081325,0.169285,0.963803
19.450000,1,0,0,2.400000,9.810000,0.900000,30.000000,60.000000,6.000000,0.000000,0.000000,1.500000,0.065461,-0.011027,1.488163,0.000000,0.000000,0.000000,0.021765,-0.002421,-0.002024,0.997095,0.005589,-0.075920,-0.002574,0.004201,-0.045861,-0.000789,0.107981,-0.200102,0.057745,23.753155,23.753155,23.733897,0.504033,3.856059,-0.224783,0.204738,0.965130
19.500000,1,0,0,2.400000,9.810000,0.900000,30.000000,60.000000,6.000000,0.000000,0.000000,1.500000,0.066591,-0.011404,1.488150,0.000000,0.000000,0.000000,0.022984,-0.013004,0.001612,0.997011,0.005705,-0.077009,-0.002590,0.005080,-0.041241,-0.000736,0.040786,-0.221005,0.086145,23.733897,23.733897,23.714152,0.503613,3.743103,-0.269867,0.299897,0.966656
19.550000,1,0,0,2.400000,9.810000,0.900000,30.000000,60.000000,6.000000,0.000000,0.000000,1.500000,0.067718,-0.012355,1.488333,0.000000,0.000000,0.000000,0.021726,-0.025223,0.005805,0.996935,0.005831,-0.077967,-0.002603,0.004919,-0.035444,-0.000699,0.011986,-0.263347,0.124052,23.714152,23.714152,23.693770,0.503181,3.715994,-0.365945,0.417494,0.968343
19.600000,1,0,0,2.400000,9.810000,0.900000,30.000000,60.000000,6.000000,0.000000,0.000000,1.500000,0.068724,-0.013937,1.488737,0.000000,0.000000,0.000000,0.018130,-0.038090,0.010378,0.996872,0.005939,-0.078769,-0.002617,0.003618,-0.028787,-0.000675,-0.014180,-0.256280,0.109723,23.693770,23.693770,23.672651,0.502732,3.687693,-0.344276,0.409254,0.970145
19.650000,1,0,0,2.400000,9.810000,0.900000,30.000000,60.000000,6.000000,0.000000,0.000000,1.500000,0.069497,-0.016157,1.489374,0.000000,0.000000,0.000000,0.012462,-0.050550,0.015137,0.996821,0.006001,-0.079398,-0.002632,0.001156,-0.021629,-0.000662,-0.035705,-0.212971,0.136543,23.672651,23.672651,23.650770,0.502267,3.662222,-0.237822,0.499221,0.972011
19.700000,1,0,0,2.400000,9.810000,0.900000,30.000000,60.000000,6.000000,0.000000,0.000000,1.500000,0.069942,-0.018968,1.490250,0.000000,0.000000,0.000000,0.005097,-0.061571,0.019875,0.996786,0.005987,-0.079846,-0.002652,-0.002403,-0.014357,-0.000654,-0.116522,-0.163749,0.169234,23.650770,23.650770,23.628182,0.501788,3.485796,-0.120708,0.602652,0.973886
19.750000,1,0,0,2.400000,9.810000,0.900000,30.000000,60.000000,6.000000,0.000000,0.000000,1.500000,0.069986,-0.022275,1.491358,0.000000,0.000000,0.000000,-0.003493,-0.070222,0.024389,0.996765,0.005874,-0.080115,-0.002679,-0.006921,-0.007358,-0.000643,-0.169191,-0.115679,0.140752,23.628182,23.628182,23.605034,0.501296,3.368388,-0.011103,0.558565,0.975713
19.800000,1,0,0,2.400000,9.810000,0.900000,30.000000,60.000000,6.000000,0.000000,0.000000,1.500000,0.069581,-0.025938,1.492682,0.000000,0.000000,0.000000,-0.012772,-0.075754,0.028479,0.996758,0.005638,-0.080217,-0.002715,-0.012189,-0.001003,-0.000621,-0.186992,-0.062637,0.149421,23.605034,23.605034,23.581562,0.500798,3.326708,0.104692,0.602863,0.977437
19.850000,1,0,0,2.400000,9.810000,0.900000,30.000000,60.000000,6.000000,0.000000,0.000000,1.500000,0.068707,-0.029790,1.494196,0.000000,0.000000,0.000000,-0.022165,-0.077657,0.031966,0.996763,0.005265,-0.080171,-0.002760,-0.017941,0.004377,-0.000580,-0.181199,0.019907,0.123979,23.581562,23.581562,23.558087,0.500299,3.334704,0.284828,0.564435,0.979003
19.900000,1,0,0,2.400000,9.810000,0.900000,30.000000,60.000000,6.000000,0.000000,0.000000,1.500000,0.067373,-0.033640,1.495866,0.000000,0.000000,0.000000,-0.031087,-0.075707,0.034695,0.996779,0.004745,-0.080007,-0.002814,-0.023869,0.008507,-0.000515,-0.107693,0.085492,0.081457,23.558087,23.558087,23.535001,0.499809,3.499626,0.417426,0.484063,0.980362
19.950000,1,0,0,2.400000,9.810000,0.900000,30.000000,60.000000,6.000000,0.000000,0.000000,1.500000,0.065616,-0.037297,1.497650,0.000000,0.000000,0.000000,-0.038976,-0.069976,0.036542,0.996802,0.004079,-0.079756,-0.002879,-0.029648,0.011184,-0.000425,-0.138935,0.183194,0.102104,23.535001,23.535001,23.512743,0.499336,3.409218,0.620258,0.554246,0.981472
20.000000,1,0,0,2.400000,9.810000,0.900000,30.000000,60.000000,6.000000,0.000000,0.000000,1.500000,0.063501,-0.040580,1.499504,0.000000,0.000000,0.000000,-0.045324,-0.060836,0.037420,0.996828,0.003275,-0.079458,-0.002951,-0.034950,0.012289,-0.000313,-0.113272,0.275379,0.068082,23.512743,23.512743,23.491783,0.498891,3.453293,0.803389,0.492055,0.982297
20.050000,1,0,0,2.400000,9.810000,0.900000,30.000000,60.000000,6.000000,0.000000,0.000000,1.500000,0.061116,-0.043334,1.501376,0.000000,0.000000,0.000000,-0.049699,-0.048923,0.037285,0.996855,0.002347,-0.079152,-0.003030,-0.039466,0.011789,-0.000185,-0.045722,0.321698,-0.010652,23.491783,23.491783,23.472587,0.498483,3.597734,0.870726,0.321264,0.982811
20.100000,1,0,0,2.400000,9.810000,0.900000,30.000000,60.000000,6.000000,0.000000,0.000000,1.500000,0.058569,-0.045441,1.503215,0.000000,0.000000,0.000000,-0.051774,-0.035088,0.036135,0.996879,0.001319,-0.078877,-0.003114,-0.042931,0.009748,-0.000051,0.005843,0.325917,-0.060083,23.472587,23.472587,23.455597,0.498123,3.705554,0.832388,0.219370,0.982997
20.150000,1,0,0,2.400000,9.810000,0.900000,30.000000,60.000000,6.000000,0.000000,0.000000,1.500000,0.055981,-0.046828,1.504973,0.000000,0.000000,0.000000,-0.051340,-0.020327,0.034010,0.996895,0.000219,-0.078671,-0.003201,-0.045133,0.006313,0.000076,0.058048,0.296747,-0.074165,23.455597,23.455597,23.441207,0.497817,3.818430,0.710635,0.200747,0.982851
20.200000,1,0,0,2.400000,9.810000,0.900000,30.000000,60.000000,6.000000,0.000000,0.000000,1.500000,0.053478,-0.047476,1.506601,0.000000,0.000000,0.000000,-0.048318,-0.005705,0.030994,0.996903,-0.000918,-0.078565,-0.003287,-0.045934,0.001713,0.000187,0.024567,0.272972,-0.100309,23.441207,23.441207,23.429737,0.497573,3.730725,0.600099,0.151470,0.982377
20.250000,1,0,0,2.400000,9.810000,0.900000,30.000000,60.000000,6.000000,0.000000,0.000000,1.500000,0.051191,-0.047418,1.508059,0.000000,0.000000,0.000000,-0.042765,0.007735,0.027206,0.996900,-0.002059,-0.078585,-0.003371,-0.045273,-0.003757,0.000273,0.071389,0.193617,-0.110956,23.429737,23.429737,23.421424,0.497397,3.842047,0.356100,0.137554,0.981591
20.300000,1,0,0,2.400000,9.810000,0.900000,30.000000,60.000000,6.000000,0.000000,0.000000,1.500000,0.049241,-0.046738,1.509312,0.000000,0.000000,0.000000,-0.034871,0.019054,0.022801,0.996883,-0.003165,-0.078749,-0.003450,-0.043173,-0.009753,0.000332,0.119109,0.128487,-0.073682,23.421424,23.421424,23.416410,0.497290,3.962678,0.147854,0.236699,0.980518
20.350000,1,0,0,2.400000,9.810000,0.900000,30.000000,60.000000,6.000000,0.000000,0.000000,1.500000,0.047738,-0.045561,1.510332,0.000000,0.000000,0.000000,-0.024949,0.027492,0.017956,0.996854,-0.004202,-0.079065,-0.003522,-0.039739,-0.015896,0.000365,0.132277,0.105106,-0.082768,23.416410,23.416410,23.414740,0.497255,4.007958,0.043021,0.222539,0.979195
20.400000,1,0,0,2.400000,9.810000,0.900000,30.000000,60.000000,6.000000,0.000000,0.000000,1.500000,0.046773,-0.044045,1.511103,0.000000,0.000000,0.000000,-0.013418,0.032528,0.012869,0.996813,-0.005140,-0.079532,-0.003585,-0.035152,-0.021802,0.000379,0.145388,0.028849,-0.078808,23.414740,23.414740,23.416360,0.497289,4.060649,-0.184058,0.237573,0.977663
20.450000,1,0,0,2.400000,9.810000,0.900000,30.000000,60.000000,6.000000,0.000000,0.000000,1.500000,0.046415,-0.042369,1.511618,0.000000,0.000000,0.000000,-0.000783,0.033924,0.007745,0.996759,-0.005952,-0.080140,-0.003637,-0.029657,-0.027094,0.000384,0.166484,-0.032494,-0.101485,23.416360,23.416360,23.421127,0.497391,4.139563,-0.369491,0.186515,0.975971
20.500000,1,0,0,2.400000,9.810000,0.900000,30.000000,60.000000,6.000000,0.000000,0.000000,1.500000,0.046704,-0.040713,1.511881,0.000000,0.000000,0.000000,0.012394,0.031742,0.002791,0.996696,-0.006620,-0.080869,-0.003676,-0.023546,-0.031431,0.000392,0.197107,-0.127530,-0.094015,23.421127,23.421127,23.428814,0.497554,4.247492,-0.629047,0.205629,0.974173
20.550000,1,0,0,2.400000,9.810000,0.900000,30.000000,60.000000,6.000000,0.000000,0.000000,1.500000,0.047653,-0.039248,1.511903,0.000000,0.000000,0.000000,0.025517,0.026339,-0.001796,0.996625,-0.007131,-0.081692,-0.003702,-0.017145,-0.034519,0.000417,0.199340,-0.213514,-0.106647,23.428814,23.428814,23.439122,0.497773,4.292137,-0.859599,0.174321,0.972324
20.600000,1,0,0,2.400000,9.810000,0.900000,30.000000,60.000000,6.000000,0.000000,0.000000,1.500000,0.049245,-0.038122,1.511710,0.000000,0.000000,0.000000,0.037995,0.018335,-0.005835,0.996550,-0.007482,-0.082574,-0.003713,-0.010785,-0.036136,0.000468,0.196197,-0.290682,-0.120619,23.439122,23.439122,23.451699,0.498040,4.327124,-1.061555,0.137653,0.970482
20.650000,1,0,0,2.400000,9.810000,0.900000,30.000000,60.000000,6.000000,0.000000,0.000000,1.500000,0.051432,-0.037444,1.511332,0.000000,0.000000,0.000000,0.049266,0.008564,-0.009171,0.996473,-0.007680,-0.083477,-0.003710,-0.004791,-0.036137,0.000551,0.180627,-0.298837,-0.091376,23.451699,23.451699,23.466147,0.498347,4.333693,-1.090665,0.202603,0.968702
20.700000,1,0,0,2.400000,9.810000,0.900000,30.000000,60.000000,6.000000,0.000000,0.000000,1.500000,0.054143,-0.037279,1.510807,0.000000,0.000000,0.000000,0.058830,-0.001994,-0.011683,0.996399,-0.007735,-0.084359,-0.003692,0.000547,-0.034466,0.000669,0.216353,-0.244214,-0.087651,23.466147,23.466147,23.482046,0.498684,4.462813,-0.962465,0.204291,0.967033
20.750000,1,0,0,2.400000,9.810000,0.900000,30.000000,60.000000,6.000000,0.000000,0.000000,1.500000,0.057280,-0.037640,1.510179,0.000000,0.000000,0.000000,0.066273,-0.012296,-0.013285,0.996329,-0.007669,-0.085180,-0.003661,0.004987,-0.031160,0.000819,0.171457,-0.224083,-0.065181,23.482046,23.482046,23.498968,0.499044,4.395887,-0.911293,0.249034,0.965524
20.800000,1,0,0,2.400000,9.810000,0.900000,30.000000,60.000000,6.000000,0.000000,0.000000,1.500000,0.060730,-0.038487,1.509494,0.000000,0.000000,0.000000,0.071289,-0.021321,-0.013932,0.996269,-0.007505,-0.085899,-0.003619,0.008351,-0.026343,0.000994,0.173910,-0.197089,-0.037076,23.498968,23.498968,23.516500,0.499416,4.438137,-0.839031,0.305482,0.964212
20.850000,1,0,0,2.400000,9.810000,0.900000,30.000000,60.000000,6.000000,0.000000,0.000000,1.500000,0.064365,-0.039735,1.508801,0.000000,0.000000,0.000000,0.073696,-0.028151,-0.013625,0.996220,-0.007272,-0.086482,-0.003567,0.010535,-0.020223,0.001186,0.137921,-0.115214,-0.052469,23.516500,23.516500,23.534265,0.499793,4.381942,-0.631747,0.255831,0.963128
20.900000,1,0,0,2.400000,9.810000,0.900000,30.000000,60.000000,6.000000,0.000000,0.000000,1.500000,0.068055,-0.041253,1.508147,0.000000,0.000000,0.000000,0.073445,-0.032049,-0.012404,0.996186,-0.006999,-0.086900,-0.003508,0.011516,-0.013081,0.001387,0.051336,-0.059736,0.000821,23.534265,23.534265,23.551939,0.500169,4.196690,-0.485895,0.369451,0.962294
20.950000,1,0,0,2.400000,9.810000,0.900000,30.000000,60.000000,6.000000,0.000000,0.000000,1.500000,0.071667,-0.042883,1.507575,0.000000,0.000000,0.000000,0.070622,-0.032519,-0.010354,0.996168,-0.006716,-0.087130,-0.003444,0.011355,-0.005251,0.001587,-0.080054,-0.021834,0.060468,23.551939,23.551939,23.569270,0.500537,3.895202,-0.381677,0.496903,0.961719
21.000000,1,0,0,2.400000,9.810000,0.900000,30.000000,60.000000,6.000000,0.000000,0.000000,1.500000,0.075078,-0.044444,1.507123,0.000000,0.000000,0.000000,0.065444,-0.029350,-0.007595,0.996168,-0.006450,-0.087160,-0.003378,0.010186,0.002891,0.001782,-0.085820,0.079797,0.059189,23.569270,23.569270,23.586097,0.500894,3.885854,-0.125230,0.476850,0.961405
21.050000,1,0,0,2.400000,9.810000,0.900000,30.000000,60.000000,6.000000,0.000000,0.000000,1.500000,0.078178,-0.045758,1.506825,0.000000,0.000000,0.000000,0.058247,-0.022626,-0.004279,0.996184,-0.006223,-0.086987,-0.003312,0.008212,0.010955,0.001966,-0.130465,0.156918,0.098643,23.586097,23.586097,23.602350,0.501239,3.773645,0.070594,0.553416,0.961339
21.100000,1,0,0,2.400000,9.810000,0.900000,30.000000,60.000000,6.000000,0.000000,0.000000,1.500000,0.080876,-0.046654,1.506702,0.000000,0.000000,0.000000,0.049467,-0.012730,-0.000583,0.996218,-0.006052,-0.086619,-0.003248,0.005687,0.018553,0.002139,-0.148367,0.222721,0.100320,23.602350,23.602350,23.618060,0.501573,3.716347,0.236645,0.538315,0.961502
21.150000,1,0,0,2.400000,9.810000,0.900000,30.000000,60.000000,6.000000,0.000000,0.000000,1.500000,0.083107,-0.046989,1.506769,0.000000,0.000000,0.000000,0.039622,-0.000305,0.003297,0.996266,-0.005948,-0.086070,-0.003187,0.002904,0.025324,0.002299,-0.181514,0.236540,0.080981,23.618060,23.618060,23.633347,0.501897,3.613927,0.274835,0.471898,0.961864
21.200000,1,0,0,2.400000,9.810000,0.900000,30.000000,60.000000,6.000000,0.000000,0.000000,1.500000,0.084830,-0.046657,1.507031,0.000000,0.000000,0.000000,0.029275,0.013790,0.007158,0.996327,-0.005913,-0.085367,-0.003129,0.000169,0.030951,0.002447,-0.203989,0.291951,0.073461,23.633347,23.633347,23.648412,0.502217,3.529734,0.409602,0.433067,0.962386
21.250000,1,0,0,2.400000,9.810000,0.900000,30.000000,60.000000,6.000000,0.000000,0.000000,1.500000,0.086036,-0.045599,1.507481,0.000000,0.000000,0.000000,0.019016,0.028555,0.010797,0.996398,-0.005942,-0.084540,-0.003073,-0.002216,0.035180,0.002581,-0.202903,0.291403,0.096041,23.648412,23.648412,23.663513,0.502538,3.496216,0.407046,0.465784,0.963023
21.300000,1,0,0,2.400000,9.810000,0.900000,30.000000,60.000000,6.000000,0.000000,0.000000,1.500000,0.086743,-0.043808,1.508104,0.000000,0.000000,0.000000,0.009422,0.042927,0.014021,0.996474,-0.006024,-0.083626,-0.003020,-0.003972,0.037833,0.002700,-0.187923,0.271869,0.065239,23.663513,23.663513,23.678945,0.502866,3.491943,0.356463,0.369752,0.963725
21.350000,1,0,0,2.400000,9.810000,0.900000,30.000000,60.000000,6.000000,0.000000,0.000000,1.500000,0.086998,-0.041330,1.508874,0.000000,0.000000,0.000000,0.001030,0.055864,0.016655,0.996554,-0.006138,-0.082667,-0.002966,-0.004866,0.038819,0.002801,-0.170847,0.218109,0.026342,23.678945,23.678945,23.695013,0.503207,3.490548,0.222146,0.253696,0.964439
21.400000,1,0,0,2.400000,9.810000,0.900000,30.000000,60.000000,6.000000,0.000000,0.000000,1.500000,0.086873,-0.038261,1.509757,0.000000,0.000000,0.000000,-0.005691,0.066432,0.018550,0.996633,-0.006263,-0.081704,-0.002911,-0.004724,0.038136,0.002881,-0.136355,0.137229,-0.004581,23.695013,23.695013,23.712008,0.503568,3.530808,0.022262,0.156206,0.965109
21.450000,1,0,0,2.400000,9.810000,0.900000,30.000000,60.000000,6.000000,0.000000,0.000000,1.500000,0.086463,-0.034739,1.510714,0.000000,0.000000,0.000000,-0.010364,0.073880,0.019589,0.996708,-0.006371,-0.080778,-0.002853,-0.003444,0.035875,0.002938,-0.044449,0.062346,0.000435,23.712008,23.712008,23.730186,0.503954,3.710675,-0.162427,0.144408,0.965681
21.500000,1,0,0,2.400000,9.810000,0.900000,30.000000,60.000000,6.000000,0.000000,0.000000,1.500000,0.085876,-0.030934,1.511700,0.000000,0.000000,0.000000,-0.012726,0.077697,0.019693,0.996776,-0.006432,-0.079927,-0.002790,-0.001004,0.032211,0.002971,0.002379,-0.015279,-0.054671,23.730186,23.730186,23.749749,0.504369,3.785974,-0.351531,-0.012244,0.966106
21.550000,1,0,0,2.400000,9.810000,0.900000,30.000000,60.000000,6.000000,0.000000,0.000000,1.500000,0.085231,-0.027034,1.512668,0.000000,0.000000,0.000000,-0.012641,0.077657,0.018826,0.996836,-0.006419,-0.079181,-0.002719,0.002540,0.027398,0.002982,0.051520,-0.048831,-0.072900,23.749749,23.749749,23.770833,0.504817,3.871992,-0.431349,-0.080944,0.966336
21.600000,1,0,0,2.400000,9.810000,0.900000,30.000000,60.000000,6.000000,0.000000,0.000000,1.500000,0.084652,-0.023231,1.513567,0.000000,0.000000,0.000000,-0.010105,0.073835,0.016994,0.996885,-0.006305,-0.078567,-0.002639,0.007049,0.021747,0.002977,0.079566,-0.131933,-0.097583,23.770833,23.770833,23.793505,0.505299,3.913760,-0.625335,-0.165676,0.966333
21.650000,1,0,0,2.400000,9.810000,0.900000,30.000000,60.000000,6.000000,0.000000,0.000000,1.500000,0.084259,-0.019707,1.514352,0.000000,0.000000,0.000000,-0.005249,0.066600,0.014244,0.996924,-0.006070,-0.078101,-0.002549,0.012318,0.015617,0.002962,0.087264,-0.177786,-0.097547,23.793505,23.793505,23.817755,0.505814,3.913876,-0.724126,-0.191592,0.966063
21.700000,1,0,0,2.400000,9.810000,0.900000,30.000000,60.000000,6.000000,0.000000,0.000000,1.500000,0.084162,-0.016618,1.514978,0.000000,0.000000,0.000000,0.001667,0.056589,0.010668,0.996950,-0.005697,-0.077790,-0.002448,0.018082,0.009389,0.002946,0.143863,-0.222572,-0.092084,23.817755,23.817755,23.843503,0.506361,4.038895,-0.813790,-0.204950,0.965506
21.750000,1,0,0,2.400000,9.810000,0.900000,30.000000,60.000000,6.000000,0.000000,0.000000,1.500000,0.084454,-0.014081,1.515407,0.000000,0.000000,0.000000,0.010272,0.044647,0.006391,0.996966,-0.005177,-0.077632,-0.002335,0.024036,0.003451,0.002939,0.196204,-0.246380,-0.084752,23.843503,23.843503,23.870598,0.506936,4.161133,-0.846100,-0.214232,0.964648
21.800000,1,0,0,2.400000,9.810000,0.900000,30.000000,60.000000,6.000000,0.000000,0.000000,1.500000,0.085210,-0.012169,1.515608,0.000000,0.000000,0.000000,0.020100,0.031767,0.001573,0.996971,-0.004511,-0.077615,-0.002209,0.029852,-0.001832,0.002949,0.208245,-0.267793,-0.081790,23.870598,23.870598,23.898819,0.507535,4.193523,-0.865590,-0.234325,0.963488
21.850000,1,0,0,2.400000,9.810000,0.900000,30.000000,60.000000,6.000000,0.000000,0.000000,1.500000,0.086476,-0.010902,1.515558,0.000000,0.000000,0.000000,0.030614,0.019004,-0.003605,0.996966,-0.003705,-0.077718,-0.002072,0.035203,-0.006131,0.002979,0.261694,-0.199119,-0.133286,23.898819,23.898819,23.927886,0.508153,4.331170,-0.662124,-0.385346,0.962035
21.900000,1,0,0,2.400000,9.810000,0.900000,30.000000,60.000000,6.000000,0.000000,0.000000,1.500000,0.088273,-0.010249,1.515245,0.000000,0.000000,0.000000,0.041238,0.007389,-0.008942,0.996954,-0.002775,-0.077913,-0.001923,0.039780,-0.009173,0.003030,0.288985,-0.145251,-0.137196,23.927886,23.927886,23.957461,0.508781,4.410552,-0.488153,-0.422280,0.960308
21.950000,1,0,0,2.400000,9.810000,0.900000,30.000000,60.000000,6.000000,0.000000,0.000000,1.500000,0.090592,-0.010128,1.514665,0.000000,0.000000,0.000000,0.051383,-0.002150,-0.014231,0.996937,-0.001743,-0.078167,-0.001765,0.043314,-0.010760,0.003096,0.227750,-0.098882,-0.147228,23.957461,23.957461,23.987153,0.509411,4.280328,-0.327199,-0.473902,0.958337
22.000000,1,0,0,2.400000,9.810000,0.900000,30.000000,60.000000,6.000000,0.000000,0.000000,1.500000,0.093394,-0.010417,1.513826,0.000000,0.000000,0.000000,0.060480,-0.008869,-0.019267,0.996917,-0.000639,-0.078440,-0.001599,0.045592,-0.010775,0.003170,0.241713,-0.031853,-0.148605,23.987153,23.987153,24.016530,0.510035,4.331570,-0.113032,-0.504606,0.956160
22.050000,1,0,0,2.400000,9.810000,0.900000,30.000000,60.000000,6.000000,0.000000,0.000000,1.500000,0.096613,-0.010960,1.512746,0.000000,0.000000,0.000000,0.068011,-0.012264,-0.023853,0.996898,0.000504,-0.078694,-0.001429,0.046472,-0.009191,0.003241,0.228813,0.039849,-0.102971,24.016530,24.016530,24.045132,0.510642,4.317370,0.114392,-0.422192,0.953822
22.100000,1,0,0,2.400000,9.810000,0.900000,30.000000,60.000000,6.000000,0.000000,0.000000,1.500000,0.100161,-0.011584,1.511451,0.000000,0.000000,0.000000,0.073532,-0.012113,-0.027812,0.996881,0.001652,-0.078889,-0.001256,0.045890,-0.006071,0.003296,0.145736,0.121593,-0.077220,24.045132,24.045132,24.072485,0.511223,4.131818,0.366243,-0.387042,0.951375
22.150000,1,0,0,2.400000,9.810000,0.900000,30.000000,60.000000,6.000000,0.000000,0.000000,1.500000,0.103927,-0.012113,1.509977,0.000000,0.000000,0.000000,0.076701,-0.008495,-0.030995,0.996871,0.002766,-0.078988,-0.001085,0.043866,-0.001570,0.003327,0.103753,0.164531,-0.097522,24.072485,24.072485,24.098124,0.511768,4.040136,0.523521,-0.461787,0.948873
22.200000,1,0,0,2.400000,9.810000,0.900000,30.000000,60.000000,6.000000,0.000000,0.000000,1.500000,0.107788,-0.012382,1.508366,0.000000,0.000000,0.000000,0.077296,-0.001783,-0.033283,0.996870,0.003814,-0.078960,-0.000918,0.040501,0.004083,0.003326,0.012647,0.232436,-0.112725,24.098124,24.098124,24.121614,0.512267,3.824199,0.737587,-0.523471,0.946375
22.250000,1,0,0,2.400000,9.810000,0.900000,30.000000,60.000000,6.000000,0.000000,0.000000,1.500000,0.111612,-0.012250,1.506665,0.000000,0.000000,0.000000,0.075222,0.007389,-0.034598,0.996880,0.004763,-0.078780,-0.000759,0.035974,0.010588,0.003293,-0.061353,0.232886,-0.062056,24.121614,24.121614,24.142581,0.512712,3.641675,0.785083,-0.426044,0.943938
22.300000,1,0,0,2.400000,9.810000,0.900000,30.000000,60.000000,6.000000,0.000000,0.000000,1.500000,0.115267,-0.011616,1.504923,0.000000,0.000000,0.000000,0.070522,0.018177,-0.034903,0.996904,0.005587,-0.078431,-0.000611,0.030528,0.017597,0.003231,-0.134187,0.235436,-0.037493,24.142581,24.142581,24.160724,0.513097,3.453420,0.831653,-0.390038,0.941617
22.350000,1,0,0,2.400000,9.810000,0.900000,30.000000,60.000000,6.000000,0.000000,0.000000,1.500000,0.118624,-0.010422,1.503192,0.000000,0.000000,0.000000,0.063371,0.029591,-0.034204,0.996941,0.006267,-0.077904,-0.000474,0.024454,0.024731,0.003149,-0.141413,0.238696,-0.009783,24.160724,24.160724,24.175843,0.513418,3.413660,0.872982,-0.345042,0.939463
22.400000,1,0,0,2.400000,9.810000,0.900000,30.000000,60.000000,6.000000,0.000000,0.000000,1.500000,0.121568,-0.008664,1.501519,0.000000,0.000000,0.000000,0.054067,0.040586,-0.032549,0.996992,0.006791,-0.077201,-0.000351,0.018074,0.031601,0.003059,-0.145894,0.218177,0.000426,24.175843,24.175843,24.187843,0.513673,3.371565,0.849702,-0.340410,0.937523
22.450000,1,0,0,2.400000,9.810000,0.900000,30.000000,60.000000,6.000000,0.000000,0.000000,1.500000,0.124001,-0.006388,1.499951,0.000000,0.000000,0.000000,0.043021,0.050136,-0.030029,0.997057,0.007157,-0.076335,-0.000241,0.011724,0.037829,0.002974,-0.209344,0.159159,0.060533,24.187843,24.187843,24.196743,0.513862,3.179553,0.726289,-0.214200,0.935833
22.500000,1,0,0,2.400000,9.810000,0.900000,30.000000,60.000000,6.000000,0.000000,0.000000,1.500000,0.125849,-0.003689,1.498528,0.000000,0.000000,0.000000,0.030728,0.057328,-0.026769,0.997132,0.007368,-0.075325,-0.000144,0.005725,0.043069,0.002905,-0.259219,0.068146,0.097528,24.196743,24.196743,24.202664,0.513988,3.012713,0.518558,-0.141472,0.934424
22.550000,1,0,0,2.400000,9.810000,0.900000,30.000000,60.000000,6.000000,0.000000,0.000000,1.500000,0.127063,-0.000706,1.497284,0.000000,0.000000,0.000000,0.017746,0.061429,-0.022928,0.997216,0.007437,-0.074200,-0.000058,0.000371,0.047027,0.002863,-0.271147,0.011230,0.106501,24.202664,24.202664,24.205817,0.514055,2.930927,0.385728,-0.133884,0.933315
22.600000,1,0,0,2.400000,9.810000,0.900000,30.000000,60.000000,6.000000,0.000000,0.000000,1.500000,0.127622,0.002394,1.496242,0.000000,0.000000,0.000000,0.004667,0.061952,-0.018688,0.997305,0.007383,-0.072994,0.000018,-0.004093,0.049477,0.002851,-0.298886,-0.103028,0.131425,24.205817,24.205817,24.206484,0.514069,2.806896,0.109272,-0.085814,0.932515
22.650000,1,0,0,2.400000,9.810000,0.900000,30.000000,60.000000,6.000000,0.000000,0.000000,1.500000,0.127538,0.005426,1.495419,0.000000,0.000000,0.000000,-0.007914,0.058691,-0.014246,0.997397,0.007231,-0.071747,0.000088,-0.007487,0.050273,0.002872,-0.300704,-0.178138,0.107508,24.206484,24.206484,24.204992,0.514037,2.742736,-0.078047,-0.152720,0.932022
22.700000,1,0,0,2.400000,9.810000,0.900000,30.000000,60.000000,6.000000,0.000000,0.000000,1.500000,0.126848,0.008201,1.494818,0.000000,0.000000,0.000000,-0.019433,0.051744,-0.009808,0.997487,0.007009,-0.070502,0.000154,-0.009705,0.049357,0.002922,-0.293499,-0.195035,0.129765,24.204992,24.204992,24.201689,0.513967,2.699978,-0.129097,-0.106553,0.931823
22.750000,1,0,0,2.400000,9.810000,0.900000,30.000000,60.000000,6.000000,0.000000,0.000000,1.500000,0.125621,0.010545,1.494434,0.000000,0.000000,0.000000,-0.029381,0.041500,-0.005577,0.997573,0.006747,-0.069301,0.000218,-0.010720,0.046763,0.002994,-0.259084,-0.254903,0.179527,24.201689,24.201689,24.196916,0.513866,2.724375,-0.285269,0.007841,0.931897
22.800000,1,0,0,2.400000,9.810000,0.900000,30.000000,60.000000,6.000000,0.000000,0.000000,1.500000,0.123944,0.012307,1.494253,0.000000,0.000000,0.000000,-0.037335,0.028615,-0.001746,0.997652,0.006473,-0.068184,0.000282,-0.010590,0.042614,0.003082,-0.170957,-0.306470,0.179539,24.196916,24.196916,24.190995,0.513740,2.881537,-0.422072,0.004989,0.932211
22.850000,1,0,0,2.400000,9.810000,0.900000,30.000000,60.000000,6.000000,0.000000,0.000000,1.500000,0.121926,0.013377,1.494250,0.000000,0.000000,0.000000,-0.042977,0.013952,0.001512,0.997721,0.006216,-0.067187,0.000350,-0.009445,0.037116,0.003178,-0.066778,-0.364618,0.190263,24.190995,24.190995,24.184208,0.513596,3.082880,-0.573903,0.029908,0.932726
22.900000,1,0,0,2.400000,9.810000,0.900000,30.000000,60.000000,6.000000,0.000000,0.000000,1.500000,0.119688,0.013689,1.494392,0.000000,0.000000,0.000000,-0.046110,-0.001480,0.004050,0.997779,0.005997,-0.066342,0.000421,-0.007487,0.030547,0.003275,-0.031717,-0.350230,0.123385,24.184208,24.184208,24.176787,0.513438,3.125499,-0.549760,-0.129460,0.933395
22.950000,1,0,0,2.400000,9.810000,0.900000,30.000000,60.000000,6.000000,0.000000,0.000000,1.500000,0.117358,0.013234,1.494641,0.000000,0.000000,0.000000,-0.046673,-0.016616,0.005755,0.997824,0.005835,-0.065671,0.000498,-0.004969,0.023243,0.003369,0.007589,-0.315914,0.082728,24.176787,24.176787,24.168912,0.513271,3.186579,-0.475066,-0.224060,0.934168
23.000000,1,0,0,2.400000,9.810000,0.900000,30.000000,60.000000,6.000000,0.000000,0.000000,1.500000,0.115062,0.012050,1.494953,0.000000,0.000000,0.000000,-0.044735,-0.030412,0.006553,0.997856,0.005740,-0.065187,0.000580,-0.002181,0.015574,0.003458,0.073862,-0.277860,-0.003374,24.168912,24.168912,24.160704,0.513097,3.321340,-0.388168,-0.426015,0.934990
23.050000,1,0,0,2.400000,9.810000,0.900000,30.000000,60.000000,6.000000,0.000000,0.000000,1.500000,0.112922,0.010230,1.495281,0.000000,0.000000,0.000000,-0.040500,-0.041935,0.006410,0.997876,0.005715,-0.064895,0.000667,0.000570,0.007932,0.003538,0.096533,-0.259427,-0.040355,24.160704,24.160704,24.152229,0.512917,3.360628,-0.344985,-0.508483,0.935806
23.100000,1,0,0,2.400000,9.810000,0.900000,30.000000,60.000000,6.000000,0.000000,0.000000,1.500000,0.111045,0.007907,1.495578,0.000000,0.000000,0.000000,-0.034291,-0.050434,0.005338,0.997882,0.005754,-0.064789,0.000760,0.002981,0.000702,0.003610,0.170132,-0.179230,-0.068815,24.152229,24.152229,24.143491,0.512731,3.531052,-0.150422,-0.569026,0.936563
23.150000,1,0,0,2.400000,9.810000,0.900000,30.000000,60.000000,6.000000,0.000000,0.000000,1.500000,0.109519,0.005246,1.495800,0.000000,0.000000,0.000000,-0.026533,-0.055403,0.003387,0.997877,0.005846,-0.064854,0.000857,0.004773,-0.005755,0.003671,0.189536,-0.102531,-0.060173,24.143491,24.143491,24.134441,0.512539,3.579600,0.038312,-0.539159,0.937211
23.200000,1,0,0,2.400000,9.810000,0.900000,30.000000,60.000000,6.000000,0.000000,0.000000,1.500000,0.108409,0.002430,1.495904,0.000000,0.000000,0.000000,-0.017733,-0.056619,0.000653,0.997863,0.005973,-0.065067,0.000957,0.005710,-0.011124,0.003720,0.219988,-0.023787,-0.053797,24.134441,24.134441,24.124973,0.512338,3.661718,0.233623,-0.513471,0.937703
23.250000,1,0,0,2.400000,9.810000,0.900000,30.000000,60.000000,6.000000,0.000000,0.000000,1.500000,0.107754,-0.000355,1.495854,0.000000,0.000000,0.000000,-0.008450,-0.054161,-0.002736,0.997840,0.006111,-0.065399,0.001057,0.005618,-0.015152,0.003752,0.184808,0.085606,-0.044449,24.124973,24.124973,24.114934,0.512125,3.591893,0.503015,-0.479485,0.938002
23.300000,1,0,0,2.400000,9.810000,0.900000,30.000000,60.000000,6.000000,0.000000,0.000000,1.500000,0.107563,-0.002931,1.495622,0.000000,0.000000,0.000000,0.000733,-0.048402,-0.006620,0.997812,0.006233,-0.065812,0.001157,0.004389,-0.017661,0.003763,0.212700,0.155225,-0.002813,24.114934,24.114934,24.104123,0.511895,3.677273,0.676154,-0.366919,0.938076
23.350000,1,0,0,2.400000,9.810000,0.900000,30.000000,60.000000,6.000000,0.000000,0.000000,1.500000,0.107816,-0.005150,1.495187,0.000000,0.000000,0.000000,0.009240,-0.039975,-0.010815,0.997781,0.006309,-0.066267,0.001253,0.001998,-0.018561,0.003752,0.181759,0.229642,-0.022797,24.104123,24.104123,24.092308,0.511644,3.623383,0.858617,-0.401218,0.937906
23.400000,1,0,0,2.400000,9.810000,0.900000,30.000000,60.000000,6.000000,0.000000,0.000000,1.500000,0.108466,-0.006898,1.494539,0.000000,0.000000,0.000000,0.016530,-0.029726,-0.015122,0.997751,0.006312,-0.066725,0.001344,-0.001500,-0.017851,0.003714,0.109401,0.229641,-0.053796,24.092308,24.092308,24.079239,0.511367,3.470054,0.858908,-0.460969,0.937480
23.450000,1,0,0,2.400000,9.810000,0.900000,30.000000,60.000000,6.000000,0.000000,0.000000,1.500000,0.109441,-0.008109,1.493676,0.000000,0.000000,0.000000,0.022132,-0.018643,-0.019337,0.997723,0.006215,-0.067146,0.001427,-0.005970,-0.015621,0.003652,0.040298,0.299689,-0.032908,24.079239,24.079239,24.064664,0.511057,3.322595,1.022486,-0.395229,0.936797
23.500000,1,0,0,2.400000,9.810000,0.900000,30.000000,60.000000,6.000000,0.000000,0.000000,1.500000,0.110645,-0.008766,1.492610,0.000000,0.000000,0.000000,0.025663,-0.007771,-0.023258,0.997700,0.005996,-0.067495,0.001501,-0.011209,-0.012047,0.003568,-0.034459,0.285813,-0.049362,24.064664,24.064664,24.048351,0.510711,3.157882,0.978766,-0.418147,0.935869
23.550000,1,0,0,2.400000,9.810000,0.900000,30.000000,60.000000,6.000000,0.000000,0.000000,1.500000,0.111968,-0.008907,1.491359,0.000000,0.000000,0.000000,0.026853,0.001867,-0.026693,0.997686,0.005640,-0.067740,0.001563,-0.016955,-0.007381,0.003471,-0.043829,0.240983,-0.011989,24.048351,24.048351,24.030110,0.510323,3.144929,0.854107,-0.310892,0.934715
23.600000,1,0,0,2.400000,9.810000,0.900000,30.000000,60.000000,6.000000,0.000000,0.000000,1.500000,0.113289,-0.008615,1.489952,0.000000,0.000000,0.000000,0.025557,0.009359,-0.029471,0.997680,0.005138,-0.067859,0.001614,-0.022903,-0.001934,0.003369,-0.125159,0.179054,-0.022351,24.030110,24.030110,24.009813,0.509892,2.952969,0.681343,-0.317174,0.933367
23.650000,1,0,0,2.400000,9.810000,0.900000,30.000000,60.000000,6.000000,0.000000,0.000000,1.500000,0.114482,-0.008019,1.488425,0.000000,0.000000,0.000000,0.021765,0.013977,-0.031450,0.997685,0.004488,-0.067836,0.001653,-0.028727,0.003934,0.003273,-0.187350,0.138410,-0.006138,24.009813,24.009813,23.987406,0.509417,2.799919,0.552563,-0.258605,0.931862
23.700000,1,0,0,2.400000,9.810000,0.900000,30.000000,60.000000,6.000000,0.000000,0.000000,1.500000,0.115426,-0.007274,1.486822,0.000000,0.000000,0.000000,0.015598,0.015236,-0.032520,0.997700,0.003697,-0.067665,0.001681,-0.034098,0.009845,0.003193,-0.237200,0.086560,0.032068,23.987406,23.987406,23.962920,0.508897,2.669190,0.390161,-0.146130,0.930247
23.750000,1,0,0,2.400000,9.810000,0.900000,30.000000,60.000000,6.000000,0.000000,0.000000,1.500000,0.116006,-0.006555,1.485189,0.000000,0.000000,0.000000,0.007310,0.012932,-0.032612,0.997724,0.002781,-0.067351,0.001700,-0.038707,0.015412,0.003134,-0.246386,0.010219,0.042270,23.962920,23.962920,23.936474,0.508335,2.628959,0.163006,-0.099700,0.928573
23.800000,1,0,0,2.400000,9.810000,0.900000,30.000000,60.000000,6.000000,0.000000,0.000000,1.500000,0.116127,-0.006038,1.483577,0.000000,0.000000,0.000000,-0.002734,0.007166,-0.031696,0.997756,0.001763,-0.066906,0.001710,-0.042284,0.020270,0.003101,-0.205286,-0.071185,0.021866,23.936474,23.936474,23.908266,0.507736,2.702980,-0.081164,-0.125547,0.926893
23.850000,1,0,0,2.400000,9.810000,0.900000,30.000000,60.000000,6.000000,0.000000,0.000000,1.500000,0.115711,-0.005889,1.482036,0.000000,0.000000,0.000000,-0.014070,-0.001673,-0.029789,0.997795,0.000670,-0.066352,0.001715,-0.044612,0.024092,0.003089,-0.190018,-0.158315,0.062080,23.908266,23.908266,23.878565,0.507105,2.709645,-0.342538,-0.004734,0.925266
23.900000,1,0,0,2.400000,9.810000,0.900000,30.000000,60.000000,6.000000,0.000000,0.000000,1.500000,0.114708,-0.006246,1.480614,0.000000,0.000000,0.000000,-0.026162,-0.012931,-0.026948,0.997837,-0.000464,-0.065719,0.001718,-0.045548,0.026607,0.003093,-0.215229,-0.171710,0.069416,23.878565,23.878565,23.847692,0.506449,2.615252,-0.428804,0.038307,0.923745
23.950000,1,0,0,2.400000,9.810000,0.900000,30.000000,60.000000,6.000000,0.000000,0.000000,1.500000,0.113092,-0.007209,1.479355,0.000000,0.000000,0.000000,-0.038431,-0.025749,-0.023271,0.997880,-0.001603,-0.065041,0.001720,-0.045023,0.027618,0.003101,-0.205923,-0.222675,0.091893,23.847692,23.847692,23.816003,0.505776,2.601508,-0.605355,0.118741,0.922385
24.000000,1,0,0,2.400000,9.810000,0.900000,30.000000,60.000000,6.000000,0.000000,0.000000,1.500000,0.110871,-0.008830,1.478299,0.000000,0.000000,0.000000,-0.050283,-0.039126,-0.018893,0.997922,-0.002710,-0.064358,0.001725,-0.043055,0.027009,0.003100,-0.204785,-0.197841,0.123277,23.816003,23.816003,23.783869,0.505094,2.567876,-0.598362,0.221502,0.921233
24.050000,1,0,0,2.400000,9.810000,0.900000,30.000000,60.000000,6.000000,0.000000,0.000000,1.500000,0.108081,-0.011113,1.477475,0.000000,0.000000,0.000000,-0.061141,-0.052005,-0.013978,0.997960,-0.003752,-0.063711,0.001733,-0.039743,0.024756,0.003078,-0.184315,-0.179116,0.103310,23.783869,23.783869,23.751664,0.504410,2.582340,-0.602731,0.201825,0.920334
24.100000,1,0,0,2.400000,9.810000,0.900000,30.000000,60.000000,6.000000,0.000000,0.000000,1.500000,0.104783,-0.014005,1.476907,0.000000,0.000000,0.000000,-0.070474,-0.063354,-0.008714,0.997992,-0.004696,-0.063139,0.001748,-0.035262,0.020925,0.003024,-0.095886,-0.174356,0.068002,23.751664,23.751664,23.719751,0.503732,2.763548,-0.635821,0.145960,0.919720
24.150000,1,0,0,2.400000,9.810000,0.900000,30.000000,60.000000,6.000000,0.000000,0.000000,1.500000,0.101066,-0.017407,1.476606,0.000000,0.000000,0.000000,-0.077826,-0.072256,-0.003301,0.998017,-0.005515,-0.062681,0.001768,-0.029852,0.015670,0.002933,-0.073050,-0.099953,0.108431,23.719751,23.719751,23.688474,0.503068,2.792785,-0.495741,0.272308,0.919418
24.200000,1,0,0,2.400000,9.810000,0.900000,30.000000,60.000000,6.000000,0.000000,0.000000,1.500000,0.097039,-0.021178,1.476576,0.000000,0.000000,0.000000,-0.082839,-0.077976,0.002051,0.998032,-0.006190,-0.062369,0.001796,-0.023804,0.009226,0.002805,-0.000986,-0.068750,0.076747,23.688474,23.688474,23.658153,0.502424,2.947184,-0.452401,0.225823,0.919444
24.250000,1,0,0,2.400000,9.810000,0.900000,30.000000,60.000000,6.000000,0.000000,0.000000,1.500000,0.092825,-0.025144,1.476807,0.000000,0.000000,0.000000,-0.085274,-0.080027,0.007138,0.998038,-0.006710,-0.062229,0.001831,-0.017440,0.001891,0.002643,0.077099,0.032889,0.055796,23.658153,23.658153,23.629079,0.501807,3.124286,-0.232535,0.205119,0.919801
24.300000,1,0,0,2.400000,9.810000,0.900000,30.000000,60.000000,6.000000,0.000000,0.000000,1.500000,0.088557,-0.029116,1.477282,0.000000,0.000000,0.000000,-0.085017,-0.078207,0.011767,0.998032,-0.007069,-0.062280,0.001873,-0.011093,-0.005984,0.002458,0.109037,0.118690,0.075863,23.629079,23.629079,23.601515,0.501221,3.199738,-0.043056,0.282657,0.920485
24.350000,1,0,0,2.400000,9.810000,0.900000,30.000000,60.000000,6.000000,0.000000,0.000000,1.500000,0.084368,-0.032901,1.477973,0.000000,0.000000,0.000000,-0.082094,-0.072615,0.015766,0.998015,-0.007273,-0.062529,0.001921,-0.005088,-0.014017,0.002261,0.174781,0.178725,0.060930,23.601515,23.601515,23.575689,0.500673,3.365838,0.091968,0.275773,0.921479
24.400000,1,0,0,2.400000,9.810000,0.900000,30.000000,60.000000,6.000000,0.000000,0.000000,1.500000,0.080389,-0.036321,1.478845,0.000000,0.000000,0.000000,-0.076662,-0.063643,0.018992,0.997986,-0.007334,-0.062977,0.001975,0.000282,-0.021816,0.002065,0.236256,0.200160,0.033092,23.575689,23.575689,23.551792,0.500165,3.531155,0.141126,0.237274,0.922756
24.450000,1,0,0,2.400000,9.810000,0.900000,30.000000,60.000000,6.000000,0.000000,0.000000,1.500000,0.076739,-0.039220,1.479857,0.000000,0.000000,0.000000,-0.069005,-0.051947,0.021334,0.997946,-0.007271,-0.063612,0.002033,0.004770,-0.029001,0.001881,0.266607,0.257823,0.014002,23.551792,23.551792,23.529969,0.499702,3.630743,0.283080,0.218907,0.924282
24.500000,1,0,0,2.400000,9.810000,0.900000,30.000000,60.000000,6.000000,0.000000,0.000000,1.500000,0.073519,-0.041484,1.480963,0.000000,0.000000,0.000000,-0.059516,-0.038392,0.022722,0.997896,-0.007108,-0.064415,0.002094,0.008192,-0.035225,0.001718,0.249274,0.288857,-0.020839,23.529969,23.529969,23.510313,0.499285,3.623927,0.365800,0.161658,0.926012
24.550000,1,0,0,2.400000,9.810000,0.900000,30.000000,60.000000,6.000000,0.000000,0.000000,1.500000,0.070810,-0.043045,1.482113,0.000000,0.000000,0.000000,-0.048681,-0.023982,0.023127,0.997836,-0.006874,-0.065357,0.002157,0.010441,-0.040190,0.001581,0.272743,0.315494,-0.062512,23.510313,23.510313,23.492859,0.498914,3.721775,0.441299,0.086732,0.927897
24.600000,1,0,0,2.400000,9.810000,0.900000,30.000000,60.000000,6.000000,0.000000,0.000000,1.500000,0.068665,-0.043886,1.483259,0.000000,0.000000,0.000000,-0.037048,-0.009781,0.022565,0.997768,-0.006598,-0.066406,0.002220,0.011486,-0.043667,0.001471,0.262450,0.304934,-0.084873,23.492859,23.492859,23.477581,0.498589,3.743725,0.429444,0.056684,0.929883
24.650000,1,0,0,2.400000,9.810000,0.900000,30.000000,60.000000,6.000000,0.000000,0.000000,1.500000,0.067109,-0.044044,1.484354,0.000000,0.000000,0.000000,-0.025204,0.003177,0.021093,0.997695,-0.006311,-0.067520,0.002282,0.011382,-0.045507,0.001386,0.277564,0.252280,-0.112520,23.477581,23.477581,23.464387,0.498309,3.829958,0.317080,0.012310,0.931915
24.700000,1,0,0,2.400000,9.810000,0.900000,30.000000,60.000000,6.000000,0.000000,0.000000,1.500000,0.066138,-0.043605,1.485355,0.000000,0.000000,0.000000,-0.013739,0.013965,0.018809,0.997619,-0.006038,-0.068660,0.002342,0.010258,-0.045649,0.001320,0.243036,0.177403,-0.146264,23.464387,23.464387,23.453133,0.498070,3.798407,0.150613,-0.048478,0.933935
24.750000,1,0,0,2.400000,9.810000,0.900000,30.000000,60.000000,6.000000,0.000000,0.000000,1.500000,0.065719,-0.042696,1.486224,0.000000,0.000000,0.000000,-0.003218,0.021844,0.015844,0.997542,-0.005805,-0.069782,0.002397,0.008311,-0.044124,0.001270,0.241227,0.093728,-0.127097,23.453133,23.453133,23.443623,0.497868,3.844768,-0.038825,0.015826,0.935888
24.800000,1,0,0,2.400000,9.810000,0.900000,30.000000,60.000000,6.000000,0.000000,0.000000,1.500000,0.065792,-0.041477,1.486931,0.000000,0.000000,0.000000,0.005846,0.026318,0.012363,0.997468,-0.005628,-0.070847,0.002446,0.005795,-0.041052,0.001230,0.224766,0.017066,-0.104061,23.443623,23.443623,23.435634,0.497699,3.853473,-0.214116,0.087453,0.937722
24.850000,1,0,0,2.400000,9.810000,0.900000,30.000000,60.000000,6.000000,0.000000,0.000000,1.500000,0.066272,-0.040125,1.487455,0.000000,0.000000,0.000000,0.013025,0.027177,0.008550,0.997399,-0.005518,-0.071817,0.002490,0.002997,-0.036635,0.001198,0.157884,-0.040213,-0.059393,23.435634,23.435634,23.428928,0.497556,3.736975,-0.346074,0.208999,0.939392
24.900000,1,0,0,2.400000,9.810000,0.900000,30.000000,60.000000,6.000000,0.000000,0.000000,1.500000,0.067057,-0.038818,1.487784,0.000000,0.000000,0.000000,0.017992,0.024509,0.004605,0.997338,-0.005478,-0.072664,0.002527,0.000225,-0.031149,0.001170,0.074674,-0.098996,-0.074962,23.428928,23.428928,23.423279,0.497436,3.575679,-0.484981,0.183981,0.940858
24.950000,1,0,0,2.400000,9.810000,0.900000,30.000000,60.000000,6.000000,0.000000,0.000000,1.500000,0.068031,-0.037726,1.487916,0.000000,0.000000,0.000000,0.020544,0.018698,0.000730,0.997287,-0.005504,-0.073364,0.002558,-0.002217,-0.024926,0.001145,0.013038,-0.166421,-0.090507,23.423279,23.423279,23.418484,0.497334,3.459477,-0.647763,0.157065,0.942091
25.000000,1,0,0,2.400000,9.810000,0.900000,30.000000,60.000000,6.000000,0.000000,0.000000,1.500000,0.069070,-0.036990,1.487861,0.000000,0.000000,0.000000,0.020605,0.010385,-0.002872,0.997246,-0.005584,-0.073904,0.002583,-0.004051,-0.018333,0.001122,-0.017539,-0.237393,-0.116443,23.418484,23.418484,23.414389,0.497247,3.410476,-0.821634,0.103327,0.943068
25.050000,1,0,0,2.400000,9.810000,0.900000,30.000000,60.000000,6.000000,0.000000,0.000000,1.500000,0.070051,-0.036715,1.487637,0.000000,0.000000,0.000000,0.018237,0.000421,-0.006015,0.997218,-0.005701,-0.074279,0.002604,-0.005038,-0.011758,0.001100,-0.045989,-0.212273,-0.075882,23.414389,23.414389,23.410897,0.497173,3.359016,-0.766608,0.207385,0.943780
25.100000,1,0,0,2.400000,9.810000,0.900000,30.000000,60.000000,6.000000,0.000000,0.000000,1.500000,0.070856,-0.036959,1.487270,0.000000,0.000000,0.000000,0.013633,-0.010206,-0.008531,0.997201,-0.005830,-0.074494,0.002623,-0.005000,-0.005584,0.001075,-0.108828,-0.245562,-0.045349,23.410897,23.410897,23.407977,0.497111,3.217693,-0.852384,0.285685,0.944226
25.150000,1,0,0,2.400000,9.810000,0.900000,30.000000,60.000000,6.000000,0.000000,0.000000,1.500000,0.071382,-0.037730,1.486797,0.000000,0.000000,0.000000,0.007106,-0.020450,-0.010283,0.997195,-0.005944,-0.074564,0.002642,-0.003828,-0.000168,0.001042,-0.161755,-0.204972,-0.043172,23.407977,23.407977,23.405664,0.497062,3.093496,-0.760194,0.294348,0.944417
25.200000,1,0,0,2.400000,9.810000,0.900000,30.000000,60.000000,6.000000,0.000000,0.000000,1.500000,0.071542,-0.038981,1.486257,0.000000,0.000000,0.000000,-0.000926,-0.029296,-0.011167,0.997198,-0.006015,-0.074511,0.002662,-0.001495,0.004177,0.000998,-0.152409,-0.140787,-0.042321,23.405664,23.405664,23.404054,0.497028,3.113160,-0.609365,0.298351,0.944374
25.250000,1,0,0,2.400000,9.810000,0.900000,30.000000,60.000000,6.000000,0.000000,0.000000,1.500000,0.071273,-0.040621,1.485695,0.000000,0.000000,0.000000,-0.009960,-0.035839,-0.011120,0.997209,-0.006013,-0.074366,0.002685,0.001948,0.007200,0.000936,-0.125938,-0.094542,-0.039332,23.404054,23.404054,23.403304,0.497012,3.169731,-0.498240,0.306106,0.944128
25.300000,1,0,0,2.400000,9.810000,0.900000,30.000000,60.000000,6.000000,0.000000,0.000000,1.500000,0.070538,-0.042514,1.485161,0.000000,0.000000,0.000000,-0.019442,-0.039361,-0.010119,0.997225,-0.005914,-0.074164,0.002714,0.006369,0.008728,0.000854,-0.155567,-0.004235,0.036764,23.403304,23.403304,23.403610,0.497019,3.089122,-0.276775,0.488017,0.943715
25.350000,1,0,0,2.400000,9.810000,0.900000,30.000000,60.000000,6.000000,0.000000,0.000000,1.500000,0.069331,-0.044498,1.484699,0.000000,0.000000,0.000000,-0.028787,-0.039393,-0.008187,0.997242,-0.005694,-0.073943,0.002749,0.011566,0.008672,0.000748,-0.117475,0.044754,0.066192,23.403610,23.403610,23.405206,0.497052,3.170315,-0.148840,0.556688,0.943183
25.400000,1,0,0,2.400000,9.810000,0.900000,30.000000,60.000000,6.000000,0.000000,0.000000,1.500000,0.067672,-0.046392,1.484356,0.000000,0.000000,0.000000,-0.037418,-0.035745,-0.005386,0.997259,-0.005337,-0.073743,0.002792,0.017280,0.007034,0.000622,-0.047530,0.134559,0.087305,23.405206,23.405206,23.408343,0.497119,3.329102,0.083456,0.604216,0.942580
25.450000,1,0,0,2.400000,9.810000,0.900000,30.000000,60.000000,6.000000,0.000000,0.000000,1.500000,0.065610,-0.048013,1.484173,0.000000,0.000000,0.000000,-0.044789,-0.028533,-0.001821,0.997272,-0.004833,-0.073602,0.002842,0.023206,0.003906,0.000482,-0.042428,0.193122,0.119258,23.408343,23.408343,23.413279,0.497224,3.335222,0.247620,0.676588,0.941960
25.500000,1,0,0,2.400000,9.810000,0.900000,30.000000,60.000000,6.000000,0.000000,0.000000,1.500000,0.063222,-0.049193,1.484185,0.000000,0.000000,0.000000,-0.050421,-0.018163,0.002370,0.997278,-0.004183,-0.073556,0.002900,0.029020,-0.000533,0.000335,-0.015384,0.209546,0.094263,23.413279,23.413279,23.420264,0.497372,3.398629,0.317573,0.611125,0.941379
25.550000,1,0,0,2.400000,9.810000,0.900000,30.000000,60.000000,6.000000,0.000000,0.000000,1.500000,0.060604,-0.049788,1.484418,0.000000,0.000000,0.000000,-0.053922,-0.005303,0.007019,0.997275,-0.003391,-0.073633,0.002965,0.034391,-0.006030,0.000193,0.034594,0.292873,0.090926,23.420264,23.420264,23.429529,0.497569,3.523118,0.554711,0.596461,0.940888
25.600000,1,0,0,2.400000,9.810000,0.900000,30.000000,60.000000,6.000000,0.000000,0.000000,1.500000,0.057870,-0.049696,1.484891,0.000000,0.000000,0.000000,-0.055012,0.009175,0.011937,0.997261,-0.002474,-0.073857,0.003037,0.039010,-0.012270,0.000068,0.108629,0.345121,0.106414,23.429529,23.429529,23.441270,0.497818,3.712471,0.723195,0.625764,0.940540
25.650000,1,0,0,2.400000,9.810000,0.900000,30.000000,60.000000,6.000000,0.000000,0.000000,1.500000,0.055145,-0.048860,1.485613,0.000000,0.000000,0.000000,-0.053535,0.024259,0.016923,0.997234,-0.001453,-0.074242,0.003114,0.042604,-0.018894,-0.000032,0.133460,0.329386,0.114643,23.441270,23.441270,23.455635,0.498123,3.791559,0.733436,0.636386,0.940379
25.700000,1,0,0,2.400000,9.810000,0.900000,30.000000,60.000000,6.000000,0.000000,0.000000,1.500000,0.052560,-0.047278,1.486581,0.000000,0.000000,0.000000,-0.049466,0.038882,0.021767,0.997194,-0.000357,-0.074793,0.003194,0.044956,-0.025517,-0.000102,0.165991,0.298692,0.132581,23.455635,23.455635,23.472712,0.498486,3.897215,0.711378,0.668987,0.940446
25.750000,1,0,0,2.400000,9.810000,0.900000,30.000000,60.000000,6.000000,0.000000,0.000000,1.500000,0.050240,-0.044997,1.487784,0.000000,0.000000,0.000000,-0.042920,0.052009,0.026269,0.997140,0.000781,-0.075504,0.003277,0.045918,-0.031753,-0.000139,0.239671,0.277451,0.112180,23.472712,23.472712,23.492520,0.498907,4.109530,0.714077,0.608179,0.940772
25.800000,1,0,0,2.400000,9.810000,0.900000,30.000000,60.000000,6.000000,0.000000,0.000000,1.500000,0.048305,-0.042117,1.489199,0.000000,0.000000,0.000000,-0.034137,0.062715,0.030240,0.997073,0.001926,-0.076362,0.003359,0.045420,-0.037234,-0.000151,0.221651,0.240782,0.095669,23.492520,23.492520,23.514994,0.499384,4.109037,0.680158,0.555238,0.941378
25.850000,1,0,0,2.400000,9.810000,0.900000,30.000000,60.000000,6.000000,0.000000,0.000000,1.500000,0.046858,-0.038778,1.490796,0.000000,0.000000,0.000000,-0.023476,0.070267,0.033512,0.996994,0.003041,-0.077344,0.003438,0.043476,-0.041631,-0.000145,0.253298,0.119002,0.091462,23.514994,23.514994,23.539987,0.499915,4.233969,0.440677,0.530286,0.942277
25.900000,1,0,0,2.400000,9.810000,0.900000,30.000000,60.000000,6.000000,0.000000,0.000000,1.500000,0.045981,-0.035152,1.492536,0.000000,0.000000,0.000000,-0.011394,0.074176,0.035948,0.996906,0.004090,-0.078419,0.003513,0.040182,-0.044672,-0.000136,0.235465,0.027987,0.052295,23.539987,23.539987,23.567267,0.500494,4.244970,0.272087,0.419828,0.943469
25.950000,1,0,0,2.400000,9.810000,0.900000,30.000000,60.000000,6.000000,0.000000,0.000000,1.500000,0.045733,-0.031425,1.494375,0.000000,0.000000,0.000000,0.001575,0.074240,0.037446,0.996812,0.005042,-0.079551,0.003579,0.035711,-0.046157,-0.000138,0.230008,-0.058418,0.034322,23.567267,23.567267,23.596522,0.501115,4.288792,0.110110,0.358586,0.944946
26.000000,1,0,0,2.400000,9.810000,0.900000,30.000000,60.000000,6.000000,0.000000,0.000000,1.500000,0.046144,-0.027790,1.496264,0.000000,0.000000,0.000000,0.014853,0.070559,0.037943,0.996715,0.005871,-0.080699,0.003635,0.030303,-0.045969,-0.000164,0.230085,-0.157718,0.010108,23.596522,23.596522,23.627377,0.501771,4.347112,-0.088538,0.280698,0.946688
26.050000,1,0,0,2.400000,9.810000,0.900000,30.000000,60.000000,6.000000,0.000000,0.000000,1.500000,0.047214,-0.024425,1.498153,0.000000,0.000000,0.000000,0.027843,0.063524,0.037419,0.996619,0.006556,-0.081822,0.003679,0.024244,-0.044083,-0.000225,0.254327,-0.240274,-0.057673,23.627377,23.627377,23.659405,0.502451,4.462639,-0.253692,0.096599,0.948664
26.100000,1,0,0,2.400000,9.810000,0.900000,30.000000,60.000000,6.000000,0.000000,0.000000,1.500000,0.048913,-0.021483,1.499989,0.000000,0.000000,0.000000,0.039959,0.053790,0.035897,0.996528,0.007085,-0.082878,0.003708,0.017858,-0.040563,-0.000326,0.225171,-0.294138,-0.077602,23.659405,23.659405,23.692153,0.503146,4.447215,-0.357299,0.025743,0.950837
26.150000,1,0,0,2.400000,9.810000,0.900000,30.000000,60.000000,6.000000,0.000000,0.000000,1.500000,0.051186,-0.019077,1.501727,0.000000,0.000000,0.000000,0.050664,0.042217,0.033443,0.996445,0.007454,-0.083827,0.003722,0.011477,-0.035562,-0.000467,0.189527,-0.310645,-0.096216,23.692153,23.692153,23.725164,0.503847,4.411522,-0.378797,-0.043469,0.953161
26.200000,1,0,0,2.400000,9.810000,0.900000,30.000000,60.000000,6.000000,0.000000,0.000000,1.500000,0.053948,-0.017275,1.503320,0.000000,0.000000,0.000000,0.059488,0.029803,0.030162,0.996375,0.007668,-0.084637,0.003720,0.005427,-0.029314,-0.000642,0.129183,-0.334202,-0.082158,23.725164,23.725164,23.758003,0.504545,4.310164,-0.424609,-0.035649,0.955585
26.250000,1,0,0,2.400000,9.810000,0.900000,30.000000,60.000000,6.000000,0.000000,0.000000,1.500000,0.057097,-0.016093,1.504731,0.000000,0.000000,0.000000,0.066060,0.017603,0.026195,0.996320,0.007738,-0.085278,0.003702,0.000003,-0.022117,-0.000843,0.065449,-0.265994,-0.088029,23.758003,23.758003,23.790278,0.505230,4.192893,-0.257051,-0.076872,0.958053
26.300000,1,0,0,2.400000,9.810000,0.900000,30.000000,60.000000,6.000000,0.000000,0.000000,1.500000,0.060513,-0.015494,1.505931,0.000000,0.000000,0.000000,0.070123,0.006639,0.021709,0.996282,0.007683,-0.085733,0.003670,-0.004546,-0.014322,-0.001058,0.006546,-0.234715,-0.087295,23.790278,23.790278,23.821662,0.505897,4.078428,-0.184131,-0.103252,0.960507
26.350000,1,0,0,2.400000,9.810000,0.900000,30.000000,60.000000,6.000000,0.000000,0.000000,1.500000,0.064065,-0.015393,1.506897,0.000000,0.000000,0.000000,0.071548,-0.002175,0.016896,0.996261,0.007528,-0.085990,0.003625,-0.008034,-0.006309,-0.001275,-0.023666,-0.195084,-0.053373,23.821662,23.821662,23.851903,0.506539,4.023452,-0.096047,-0.050766,0.962890
26.400000,1,0,0,2.400000,9.810000,0.900000,30.000000,60.000000,6.000000,0.000000,0.000000,1.500000,0.067623,-0.015664,1.507618,0.000000,0.000000,0.000000,0.070342,-0.008118,0.011958,0.996258,0.007299,-0.086050,0.003570,-0.010350,0.001529,-0.001483,-0.089325,-0.165634,-0.048130,23.851903,23.851903,23.880833,0.507153,3.873915,-0.035958,-0.067647,0.965148
26.450000,1,0,0,2.400000,9.810000,0.900000,30.000000,60.000000,6.000000,0.000000,0.000000,1.500000,0.071058,-0.016149,1.508094,0.000000,0.000000,0.000000,0.066645,-0.010711,0.007101,0.996271,0.007028,-0.085920,0.003508,-0.011463,0.008812,-0.001674,-0.104369,-0.107586,-0.079191,23.880833,23.880833,23.908366,0.507738,3.836724,0.090618,-0.171943,0.967229
26.500000,1,0,0,2.400000,9.810000,0.900000,30.000000,60.000000,6.000000,0.000000,0.000000,1.500000,0.074251,-0.016676,1.508333,0.000000,0.000000,0.000000,0.060724,-0.009762,0.002528,0.996299,0.006744,-0.085620,0.003442,-0.011421,0.015191,-0.001844,-0.129570,-0.048302,-0.041466,23.908366,23.908366,23.934495,0.508293,3.766825,0.219433,-0.111178,0.969088
26.550000,1,0,0,2.400000,9.810000,0.900000,30.000000,60.000000,6.000000,0.000000,0.000000,1.500000,0.077100,-0.017068,1.508355,0.000000,0.000000,0.000000,0.052959,-0.005378,-0.001574,0.996339,0.006473,-0.085175,0.003373,-0.010353,0.020368,-0.001992,-0.187455,0.023854,-0.032063,23.934495,23.934495,23.959282,0.508819,3.611366,0.379731,-0.118165,0.970686
26.600000,1,0,0,2.400000,9.810000,0.900000,30.000000,60.000000,6.000000,0.000000,0.000000,1.500000,0.079524,-0.017163,1.508186,0.000000,0.000000,0.000000,0.043822,0.002043,-0.005039,0.996388,0.006240,-0.084618,0.003306,-0.008454,0.024115,-0.002117,-0.171101,0.053837,-0.037943,23.959282,23.959282,23.982838,0.509320,3.628498,0.440540,-0.161372,0.971997
26.650000,1,0,0,2.400000,9.810000,0.900000,30.000000,60.000000,6.000000,0.000000,0.000000,1.500000,0.081468,-0.016824,1.507864,0.000000,0.000000,0.000000,0.033851,0.011842,-0.007731,0.996443,0.006062,-0.083987,0.003240,-0.005976,0.026279,-0.002222,-0.183801,0.127992,-0.003380,23.982838,23.982838,24.005311,0.509797,3.572110,0.609957,-0.106845,0.972999
26.700000,1,0,0,2.400000,9.810000,0.900000,30.000000,60.000000,6.000000,0.000000,0.000000,1.500000,0.082905,-0.015953,1.507428,0.000000,0.000000,0.000000,0.023626,0.023157,-0.009551,0.996500,0.005950,-0.083323,0.003178,-0.003205,0.026800,-0.002309,-0.146775,0.180774,0.016427,24.005311,24.005311,24.026867,0.510255,3.633205,0.731221,-0.086865,0.973686
26.750000,1,0,0,2.400000,9.810000,0.900000,30.000000,60.000000,6.000000,0.000000,0.000000,1.500000,0.083836,-0.014499,1.506924,0.000000,0.000000,0.000000,0.013733,0.034989,-0.010438,0.996555,0.005907,-0.082665,0.003120,-0.000449,0.025707,-0.002380,-0.116043,0.184530,-0.015495,24.026867,24.026867,24.047674,0.510696,3.679297,0.738159,-0.190001,0.974058
26.800000,1,0,0,2.400000,9.810000,0.900000,30.000000,60.000000,6.000000,0.000000,0.000000,1.500000,0.084293,-0.012463,1.506400,0.000000,0.000000,0.000000,0.004735,0.046288,-0.010373,0.996606,0.005931,-0.082054,0.003065,0.001988,0.023118,-0.002435,-0.122472,0.173186,0.027551,24.047674,24.047674,24.067883,0.511126,3.638194,0.712007,-0.112044,0.974130
26.850000,1,0,0,2.400000,9.810000,0.900000,30.000000,60.000000,6.000000,0.000000,0.000000,1.500000,0.084333,-0.009897,1.505902,0.000000,0.000000,0.000000,-0.002854,0.056034,-0.009382,0.996649,0.006008,-0.081523,0.003013,0.003825,0.019236,-0.002475,-0.121672,0.125304,0.060776,24.067883,24.067883,24.087621,0.511545,3.618135,0.600780,-0.056373,0.973924
26.900000,1,0,0,2.400000,9.810000,0.900000,30.000000,60.000000,6.000000,0.000000,0.000000,1.500000,0.084038,-0.006901,1.505476,0.000000,0.000000,0.000000,-0.008601,0.063325,-0.007532,0.996683,0.006121,-0.081102,0.002963,0.004823,0.014334,-0.002501,-0.067548,0.072179,0.067029,24.087621,24.087621,24.106976,0.511956,3.731169,0.478727,-0.064069,0.973472
26.950000,1,0,0,2.400000,9.810000,0.900000,30.000000,60.000000,6.000000,0.000000,0.000000,1.500000,0.083509,-0.003617,1.505162,0.000000,0.000000,0.000000,-0.012176,0.067445,-0.004929,0.996705,0.006248,-0.080813,0.002912,0.004800,0.008741,-0.002515,0.002398,0.038166,0.052565,24.106976,24.106976,24.125990,0.512360,3.888353,0.403182,-0.120064,0.972814
27.000000,1,0,0,2.400000,9.810000,0.900000,30.000000,60.000000,6.000000,0.000000,0.000000,1.500000,0.082860,-0.000217,1.504993,0.000000,0.000000,0.000000,-0.013366,0.067928,-0.001715,0.996717,0.006360,-0.080668,0.002859,0.003645,0.002826,-0.002520,0.054215,-0.022754,0.041026,24.125990,24.125990,24.144657,0.512756,4.008841,0.262397,-0.167584,0.971998
27.050000,1,0,0,2.400000,9.810000,0.900000,30.000000,60.000000,6.000000,0.000000,0.000000,1.500000,0.082214,0.003112,1.504998,0.000000,0.000000,0.000000,-0.012090,0.064595,0.001943,0.996716,0.006430,-0.080670,0.002801,0.001328,-0.003027,-0.002520,0.098621,-0.134683,0.020331,24.144657,24.144657,24.162920,0.513144,4.118543,-0.002870,-0.235613,0.971075
27.100000,1,0,0,2.400000,9.810000,0.900000,30.000000,60.000000,6.000000,0.000000,0.000000,1.500000,0.081692,0.006181,1.505192,0.000000,0.000000,0.000000,-0.008400,0.057569,0.005855,0.996705,0.006428,-0.080814,0.002737,-0.002104,-0.008438,-0.002524,0.128669,-0.208586,0.049178,24.162920,24.162920,24.180671,0.513521,4.200493,-0.180325,-0.183284,0.970099
27.150000,1,0,0,2.400000,9.810000,0.900000,30.000000,60.000000,6.000000,0.000000,0.000000,1.500000,0.081411,0.008814,1.505584,0.000000,0.000000,0.000000,-0.002483,0.047262,0.009820,0.996684,0.006328,-0.081084,0.002663,-0.006520,-0.013049,-0.002538,0.187515,-0.242362,0.041908,24.180671,24.180671,24.197755,0.513884,4.357530,-0.266218,-0.216200,0.969125
27.200000,1,0,0,2.400000,9.810000,0.900000,30.000000,60.000000,6.000000,0.000000,0.000000,1.500000,0.081476,0.010863,1.506172,0.000000,0.000000,0.000000,0.005355,0.034349,0.013634,0.996655,0.006108,-0.081455,0.002579,-0.011722,-0.016551,-0.002569,0.202815,-0.312369,0.042301,24.197755,24.197755,24.213976,0.514228,4.414872,-0.444902,-0.229325,0.968206
27.250000,1,0,0,2.400000,9.810000,0.900000,30.000000,60.000000,6.000000,0.000000,0.000000,1.500000,0.081972,0.012220,1.506942,0.000000,0.000000,0.000000,0.014699,0.019710,0.017099,0.996621,0.005752,-0.081898,0.002482,-0.017450,-0.018696,-0.002621,0.213057,-0.312057,0.004088,24.213976,24.213976,24.229102,0.514549,4.463391,-0.461482,-0.333743,0.967395
27.300000,1,0,0,2.400000,9.810000,0.900000,30.000000,60.000000,6.000000,0.000000,0.000000,1.500000,0.082962,0.012823,1.507872,0.000000,0.000000,0.000000,0.025051,0.004360,0.020030,0.996585,0.005250,-0.082376,0.002371,-0.023402,-0.019312,-0.002696,0.213048,-0.320797,0.027484,24.229102,24.229102,24.242878,0.514842,4.488849,-0.506924,-0.288980,0.966736
27.350000,1,0,0,2.400000,9.810000,0.900000,30.000000,60.000000,6.000000,0.000000,0.000000,1.500000,0.084484,0.012662,1.508933,0.000000,0.000000,0.000000,0.035853,-0.010634,0.022267,0.996549,0.004600,-0.082849,0.002246,-0.029254,-0.018312,-0.002790,0.203724,-0.282254,0.043234,24.242878,24.242878,24.255032,0.515100,4.491559,-0.446122,-0.261287,0.966267
27.400000,1,0,0,2.400000,9.810000,0.900000,30.000000,60.000000,6.000000,0.000000,0.000000,1.500000,0.086545,0.011782,1.510085,0.000000,0.000000,0.000000,0.046520,-0.024236,0.023680,0.996517,0.003809,-0.083277,0.002107,-0.034675,-0.015701,-0.002896,0.148578,-0.278425,0.011096,24.255032,24.255032,24.265292,0.515318,4.381909,-0.475563,-0.347276,0.966019
27.450000,1,0,0,2.400000,9.810000,0.900000,30.000000,60.000000,6.000000,0.000000,0.000000,1.500000,0.089124,0.010277,1.511286,0.000000,0.000000,0.000000,0.056467,-0.035524,0.024174,0.996491,0.002892,-0.083622,0.001955,-0.039354,-0.011575,-0.003003,0.158037,-0.205156,0.002813,24.265292,24.265292,24.273396,0.515490,4.422981,-0.344575,-0.374781,0.966014
27.500000,1,0,0,2.400000,9.810000,0.900000,30.000000,60.000000,6.000000,0.000000,0.000000,1.500000,0.092171,0.008281,1.512487,0.000000,0.000000,0.000000,0.065141,-0.043769,0.023696,0.996475,0.001871,-0.083846,0.001792,-0.043016,-0.006115,-0.003098,0.143078,-0.130424,-0.007794,24.273396,24.273396,24.279104,0.515611,4.399343,-0.215232,-0.406638,0.966261
27.550000,1,0,0,2.400000,9.810000,0.900000,30.000000,60.000000,6.000000,0.000000,0.000000,1.500000,0.095609,0.005959,1.513639,0.000000,0.000000,0.000000,0.072052,-0.048487,0.022233,0.996471,0.000773,-0.083921,0.001621,-0.045441,0.000422,-0.003171,0.090983,-0.107206,-0.028045,24.279104,24.279104,24.282215,0.515677,4.278962,-0.213299,-0.460402,0.966762
27.600000,1,0,0,2.400000,9.810000,0.900000,30.000000,60.000000,6.000000,0.000000,0.000000,1.500000,0.099340,0.003494,1.514694,0.000000,0.000000,0.000000,0.076794,-0.049482,0.019818,0.996480,-0.000369,-0.083822,0.001445,-0.046479,0.007718,-0.003211,0.039682,0.010576,-0.070344,24.282215,24.282215,24.282575,0.515685,4.151720,0.013423,-0.565810,0.967505
27.650000,1,0,0,2.400000,9.810000,0.900000,30.000000,60.000000,6.000000,0.000000,0.000000,1.500000,0.103247,0.001071,1.515606,0.000000,0.000000,0.000000,0.079073,-0.046857,0.016523,0.996503,-0.001518,-0.083536,0.001267,-0.046057,0.015411,-0.003214,-0.036117,0.080085,-0.091994,24.282575,24.282575,24.280087,0.515632,3.956182,0.123881,-0.620345,0.968470
27.700000,1,0,0,2.400000,9.810000,0.900000,30.000000,60.000000,6.000000,0.000000,0.000000,1.500000,0.107203,-0.001137,1.516334,0.000000,0.000000,0.000000,0.078717,-0.041009,0.012463,0.996541,-0.002639,-0.083058,0.001092,-0.044186,0.023112,-0.003181,-0.058324,0.136061,-0.087386,24.280087,24.280087,24.274720,0.515518,3.879505,0.203246,-0.610479,0.969628
27.750000,1,0,0,2.400000,9.810000,0.900000,30.000000,60.000000,6.000000,0.000000,0.000000,1.500000,0.111074,-0.002987,1.516842,0.000000,0.000000,0.000000,0.075686,-0.032593,0.007782,0.996593,-0.003696,-0.082391,0.000923,-0.040959,0.030433,-0.003118,-0.107285,0.203467,-0.113486,24.274720,24.274720,24.266509,0.515344,3.729080,0.313163,-0.672857,0.970938
27.800000,1,0,0,2.400000,9.810000,0.900000,30.000000,60.000000,6.000000,0.000000,0.000000,1.500000,0.114729,-0.004368,1.517104,0.000000,0.000000,0.000000,0.070079,-0.022468,0.002656,0.996658,-0.004659,-0.081550,0.000763,-0.036546,0.037001,-0.003036,-0.189760,0.219983,-0.107918,24.266509,24.266509,24.255556,0.515111,3.489386,0.305639,-0.657696,0.972356
27.850000,1,0,0,2.400000,9.810000,0.900000,30.000000,60.000000,6.000000,0.000000,0.000000,1.500000,0.118043,-0.005221,1.517103,0.000000,0.000000,0.000000,0.062122,-0.011630,-0.002722,0.996735,-0.005499,-0.080558,0.000615,-0.031184,0.042485,-0.002949,-0.203059,0.235139,-0.109372,24.255556,24.255556,24.242024,0.514824,3.408020,0.300855,-0.657765,0.973831
27.900000,1,0,0,2.400000,9.810000,0.900000,30.000000,60.000000,6.000000,0.000000,0.000000,1.500000,0.120908,-0.005537,1.516831,0.000000,0.000000,0.000000,0.052162,-0.001125,-0.008147,0.996820,-0.006197,-0.079446,0.000479,-0.025160,0.046609,-0.002872,-0.268621,0.247604,-0.115263,24.242024,24.242024,24.226130,0.514486,3.195054,0.296612,-0.666780,0.975308
27.950000,1,0,0,2.400000,9.810000,0.900000,30.000000,60.000000,6.000000,0.000000,0.000000,1.500000,0.123233,-0.005356,1.516291,0.000000,0.000000,0.000000,0.040645,0.008034,-0.013410,0.996911,-0.006740,-0.078250,0.000357,-0.018794,0.049170,-0.002818,-0.235678,0.228521,-0.082136,24.226130,24.226130,24.208131,0.514104,3.214142,0.224264,-0.580382,0.976732
28.000000,1,0,0,2.400000,9.810000,0.900000,30.000000,60.000000,6.000000,0.000000,0.000000,1.500000,0.124955,-0.004771,1.515496,0.000000,0.000000,0.000000,0.028097,0.014949,-0.018311,0.997005,-0.007123,-0.077010,0.000249,-0.012422,0.050050,-0.002797,-0.234301,0.165194,-0.058757,24.208131,24.208131,24.188308,0.513683,3.155136,0.053545,-0.515555,0.978046
28.050000,1,0,0,2.400000,9.810000,0.900000,30.000000,60.000000,6.000000,0.000000,0.000000,1.500000,0.126035,-0.003911,1.514469,0.000000,0.000000,0.000000,0.015093,0.018912,-0.022663,0.997098,-0.007351,-0.075770,0.000152,-0.006367,0.049219,-0.002812,-0.205481,0.134812,-0.073478,24.188308,24.188308,24.166959,0.513230,3.161755,-0.030494,-0.540307,0.979200
28.100000,1,0,0,2.400000,9.810000,0.900000,30.000000,60.000000,6.000000,0.000000,0.000000,1.500000,0.126467,-0.002937,1.513242,0.000000,0.000000,0.000000,0.002229,0.019463,-0.026304,0.997188,-0.007435,-0.074571,0.000066,-0.000928,0.046738,-0.002865,-0.164632,0.071197,-0.056196,24.166959,24.166959,24.144372,0.512750,3.199084,-0.187267,-0.486379,0.980143
28.150000,1,0,0,2.400000,9.810000,0.900000,30.000000,60.000000,6.000000,0.000000,0.000000,1.500000,0.126270,-0.002025,1.511853,0.000000,0.000000,0.000000,-0.009909,0.016430,-0.029103,0.997271,-0.007394,-0.073453,-0.000013,0.003645,0.042759,-0.002948,-0.176207,-0.026502,-0.054946,24.144372,24.144372,24.120823,0.512250,3.114379,-0.419733,-0.469067,0.980835
28.200000,1,0,0,2.400000,9.810000,0.900000,30.000000,60.000000,6.000000,0.000000,0.000000,1.500000,0.125497,-0.001352,1.510347,0.000000,0.000000,0.000000,-0.020777,0.009937,-0.030964,0.997346,-0.007252,-0.072451,-0.000085,0.007162,0.037510,-0.003054,-0.131429,-0.168588,-0.032468,24.120823,24.120823,24.096557,0.511735,3.170402,-0.753811,-0.398983,0.981241
28.250000,1,0,0,2.400000,9.810000,0.900000,30.000000,60.000000,6.000000,0.000000,0.000000,1.500000,0.124222,-0.001082,1.508773,0.000000,0.000000,0.000000,-0.029898,0.000403,-0.031833,0.997409,-0.007036,-0.071592,-0.000153,0.009511,0.031289,-0.003173,-0.096814,-0.236982,-0.007422,24.096557,24.096557,24.071786,0.511209,3.208890,-0.907473,-0.320976,0.981336
28.300000,1,0,0,2.400000,9.810000,0.900000,30.000000,60.000000,6.000000,0.000000,0.000000,1.500000,0.122543,-0.001351,1.507181,0.000000,0.000000,0.000000,-0.036890,-0.011497,-0.031698,0.997461,-0.006776,-0.070897,-0.000221,0.010655,0.024444,-0.003293,-0.057952,-0.257627,0.047497,24.071786,24.071786,24.046680,0.510675,3.265394,-0.944439,-0.169597,0.981106
28.350000,1,0,0,2.400000,9.810000,0.900000,30.000000,60.000000,6.000000,0.000000,0.000000,1.500000,0.120573,-0.002256,1.505620,0.000000,0.000000,0.000000,-0.041484,-0.024884,-0.030589,0.997499,-0.006502,-0.070376,-0.000289,0.010642,0.017352,-0.003407,0.004690,-0.252942,0.057788,24.046680,24.046680,24.021363,0.510138,3.387323,-0.919953,-0.123758,0.980546
28.400000,1,0,0,2.400000,9.810000,0.900000,30.000000,60.000000,6.000000,0.000000,0.000000,1.500000,0.118437,-0.003847,1.504137,0.000000,0.000000,0.000000,-0.043537,-0.038749,-0.028582,0.997525,-0.006241,-0.070031,-0.000359,0.009597,0.010404,-0.003508,0.008091,-0.284933,0.083029,24.021363,24.021363,23.995920,0.509597,3.375480,-0.984159,-0.040602,0.979663
28.450000,1,0,0,2.400000,9.810000,0.900000,30.000000,60.000000,6.000000,0.000000,0.000000,1.500000,0.116262,-0.006121,1.502775,0.000000,0.000000,0.000000,-0.043041,-0.052029,-0.025786,0.997539,-0.006018,-0.069854,-0.000434,0.007713,0.003978,-0.003591,0.054075,-0.206221,0.073182,23.995920,23.995920,23.970394,0.509055,3.473831,-0.784478,-0.040364,0.978473
28.500000,1,0,0,2.400000,9.810000,0.900000,30.000000,60.000000,6.000000,0.000000,0.000000,1.500000,0.114173,-0.009023,1.501569,0.000000,0.000000,0.000000,-0.040124,-0.063699,-0.022349,0.997542,-0.005849,-0.069827,-0.000513,0.005238,-0.001581,-0.003656,0.101020,-0.217301,0.079121,23.970394,23.970394,23.944788,0.508511,3.581633,-0.802956,-0.001112,0.977005
28.550000,1,0,0,2.400000,9.810000,0.900000,30.000000,60.000000,6.000000,0.000000,0.000000,1.500000,0.112285,-0.012449,1.500548,0.000000,0.000000,0.000000,-0.035039,-0.072851,-0.018441,0.997536,-0.005746,-0.069924,-0.000597,0.002461,-0.005976,-0.003701,0.148737,-0.118093,0.072387,23.944788,23.944788,23.919074,0.507965,3.697203,-0.559934,0.008674,0.975294
28.600000,1,0,0,2.400000,9.810000,0.900000,30.000000,60.000000,6.000000,0.000000,0.000000,1.500000,0.110699,-0.016254,1.499729,0.000000,0.000000,0.000000,-0.028152,-0.078768,-0.014256,0.997522,-0.005713,-0.070115,-0.000687,-0.000313,-0.008980,-0.003727,0.163204,-0.081786,0.072728,23.919074,23.919074,23.893197,0.507416,3.737340,-0.471237,0.036210,0.973383
28.650000,1,0,0,2.400000,9.810000,0.900000,30.000000,60.000000,6.000000,0.000000,0.000000,1.500000,0.109493,-0.020264,1.499123,0.000000,0.000000,0.000000,-0.019927,-0.080984,-0.009996,0.997505,-0.005747,-0.070361,-0.000781,-0.002779,-0.010446,-0.003733,0.167771,0.005344,0.081560,23.893197,23.893197,23.867081,0.506861,3.756322,-0.263726,0.084697,0.971323
28.700000,1,0,0,2.400000,9.810000,0.900000,30.000000,60.000000,6.000000,0.000000,0.000000,1.500000,0.108720,-0.024288,1.498728,0.000000,0.000000,0.000000,-0.010894,-0.079321,-0.005866,0.997486,-0.005834,-0.070623,-0.000880,-0.004654,-0.010312,-0.003720,0.154353,0.075955,0.081712,23.867081,23.867081,23.840636,0.506300,3.732864,-0.098475,0.112733,0.969168
28.750000,1,0,0,2.400000,9.810000,0.900000,30.000000,60.000000,6.000000,0.000000,0.000000,1.500000,0.108407,-0.028133,1.498531,0.000000,0.000000,0.000000,-0.001627,-0.073902,-0.002064,0.997468,-0.005959,-0.070863,-0.000980,-0.005696,-0.008611,-0.003686,0.141834,0.165710,0.087939,23.840636,23.840636,23.813772,0.505729,3.710392,0.110976,0.155543,0.966975
28.800000,1,0,0,2.400000,9.810000,0.900000,30.000000,60.000000,6.000000,0.000000,0.000000,1.500000,0.108551,-0.031622,1.498513,0.000000,0.000000,0.000000,0.007291,-0.065142,0.001229,0.997454,-0.006097,-0.071041,-0.001080,-0.005723,-0.005464,-0.003630,0.118511,0.205302,0.057662,23.813772,23.813772,23.786408,0.505148,3.659027,0.199404,0.110758,0.964800
28.850000,1,0,0,2.400000,9.810000,0.900000,30.000000,60.000000,6.000000,0.000000,0.000000,1.500000,0.109121,-0.034603,1.498643,0.000000,0.000000,0.000000,0.015295,-0.053714,0.003856,0.997447,-0.006223,-0.071126,-0.001179,-0.004621,-0.001075,-0.003555,0.112558,0.258073,0.051666,23.786408,23.786408,23.758484,0.504555,3.644802,0.320119,0.124096,0.962700
28.900000,1,0,0,2.400000,9.810000,0.900000,30.000000,60.000000,6.000000,0.000000,0.000000,1.500000,0.110057,-0.036964,1.498885,0.000000,0.000000,0.000000,0.021871,-0.040498,0.005688,0.997449,-0.006306,-0.071088,-0.001273,-0.002354,0.004283,-0.003464,0.085930,0.303384,0.051767,23.758484,23.758484,23.729977,0.503950,3.575112,0.424964,0.151772,0.960725
28.950000,1,0,0,2.400000,9.810000,0.900000,30.000000,60.000000,6.000000,0.000000,0.000000,1.500000,0.111277,-0.038640,1.499197,0.000000,0.000000,0.000000,0.026579,-0.026503,0.006638,0.997462,-0.006318,-0.070908,-0.001360,0.001030,0.010277,-0.003361,0.028528,0.267809,0.038508,23.729977,23.729977,23.700911,0.503332,3.424795,0.339070,0.146962,0.958921
29.000000,1,0,0,2.400000,9.810000,0.900000,30.000000,60.000000,6.000000,0.000000,0.000000,1.500000,0.112678,-0.039619,1.499533,0.000000,0.000000,0.000000,0.029083,-0.012792,0.006654,0.997486,-0.006233,-0.070574,-0.001440,0.005407,0.016539,-0.003255,0.002494,0.295997,0.027673,23.700911,23.700911,23.671369,0.502705,3.342494,0.410848,0.147440,0.957329
29.050000,1,0,0,2.400000,9.810000,0.900000,30.000000,60.000000,6.000000,0.000000,0.000000,1.500000,0.114145,-0.039941,1.499847,0.000000,0.000000,0.000000,0.029161,-0.000391,0.005730,0.997522,-0.006029,-0.070085,-0.001509,0.010579,0.022684,-0.003156,-0.041719,0.210238,0.027767,23.671369,23.671369,23.641499,0.502071,3.209247,0.214843,0.173537,0.955978
29.100000,1,0,0,2.400000,9.810000,0.900000,30.000000,60.000000,6.000000,0.000000,0.000000,1.500000,0.115552,-0.039695,1.500091,0.000000,0.000000,0.000000,0.026725,0.009788,0.003903,0.997568,-0.005688,-0.069449,-0.001567,0.016289,0.028329,-0.003073,-0.116204,0.155895,-0.000888,23.641499,23.641499,23.611511,0.501434,2.996444,0.100693,0.129952,0.954889
29.150000,1,0,0,2.400000,9.810000,0.900000,30.000000,60.000000,6.000000,0.000000,0.000000,1.500000,0.116776,-0.039011,1.500223,0.000000,0.000000,0.000000,0.021819,0.017029,0.001251,0.997624,-0.005202,-0.068682,-0.001613,0.022237,0.033118,-0.003014,-0.191113,0.053629,-0.016744,23.611511,23.611511,23.581676,0.500800,2.776575,-0.121578,0.116338,0.954072
29.200000,1,0,0,2.400000,9.810000,0.900000,30.000000,60.000000,6.000000,0.000000,0.000000,1.500000,0.117696,-0.038049,1.500204,0.000000,0.000000,0.000000,0.014620,0.020860,-0.002110,0.997687,-0.004567,-0.067809,-0.001649,0.028096,0.036741,-0.002983,-0.248106,-0.045260,-0.017697,23.581676,23.581676,23.552312,0.500177,2.594892,-0.328792,0.137695,0.953528
29.250000,1,0,0,2.400000,9.810000,0.900000,30.000000,60.000000,6.000000,0.000000,0.000000,1.500000,0.118205,-0.036985,1.500003,0.000000,0.000000,0.000000,0.005429,0.021098,-0.006032,0.997754,-0.003790,-0.066863,-0.001676,0.033539,0.038949,-0.002981,-0.300286,-0.116192,-0.033213,23.552312,23.552312,23.523768,0.499570,2.421517,-0.462284,0.123246,0.953245
29.300000,1,0,0,2.400000,9.810000,0.900000,30.000000,60.000000,6.000000,0.000000,0.000000,1.500000,0.118212,-0.035997,1.499595,0.000000,0.000000,0.000000,-0.005343,0.017861,-0.010339,0.997822,-0.002887,-0.065883,-0.001694,0.038251,0.039570,-0.003003,-0.332464,-0.172949,-0.037910,23.523768,23.523768,23.496404,0.498989,2.294714,-0.555840,0.133851,0.953202
29.350000,1,0,0,2.400000,9.810000,0.900000,30.000000,60.000000,6.000000,0.000000,0.000000,1.500000,0.117652,-0.035250,1.498966,0.000000,0.000000,0.000000,-0.017201,0.011556,-0.014837,0.997888,-0.001877,-0.064907,-0.001706,0.041958,0.038517,-0.003038,-0.352482,-0.226988,-0.050838,23.496404,23.496404,23.470572,0.498441,2.197608,-0.638003,0.123725,0.953370
29.400000,1,0,0,2.400000,9.810000,0.900000,30.000000,60.000000,6.000000,0.000000,0.000000,1.500000,0.116484,-0.034882,1.498111,0.000000,0.000000,0.000000,-0.029586,0.002848,-0.019321,0.997949,-0.000790,-0.063978,-0.001714,0.044436,0.035797,-0.003075,-0.273856,-0.272794,-0.012503,23.470572,23.470572,23.446593,0.497931,2.339744,-0.696871,0.235592,0.953709
29.450000,1,0,0,2.400000,9.810000,0.900000,30.000000,60.000000,6.000000,0.000000,0.000000,1.500000,0.114695,-0.034991,1.497037,0.000000,0.000000,0.000000,-0.041909,-0.007397,-0.023587,0.998003,0.000341,-0.063138,-0.001719,0.045532,0.031506,-0.003099,-0.293924,-0.250729,-0.035168,23.446593,23.446593,23.424744,0.497467,2.249427,-0.590864,0.199943,0.954174
29.500000,1,0,0,2.400000,9.810000,0.900000,30.000000,60.000000,6.000000,0.000000,0.000000,1.500000,0.112304,-0.035631,1.495760,0.000000,0.000000,0.000000,-0.053579,-0.018180,-0.027438,0.998047,0.001482,-0.062422,-0.001725,0.045170,0.025824,-0.003097,-0.277294,-0.225160,0.017960,23.424744,23.424744,23.405243,0.497053,2.253331,-0.476128,0.345011,0.954716
29.550000,1,0,0,2.400000,9.810000,0.900000,30.000000,60.000000,6.000000,0.000000,0.000000,1.500000,0.109357,-0.036801,1.494303,0.000000,0.000000,0.000000,-0.064033,-0.028455,-0.030693,0.998080,0.002595,-0.061862,-0.001731,0.043358,0.019009,-0.003059,-0.251986,-0.191929,0.030720,23.405243,23.405243,23.388248,0.496692,2.285681,-0.344391,0.391941,0.955281
29.600000,1,0,0,2.400000,9.810000,0.900000,30.000000,60.000000,6.000000,0.000000,0.000000,1.500000,0.105929,-0.038451,1.492703,0.000000,0.000000,0.000000,-0.072769,-0.037213,-0.033197,0.998100,0.003646,-0.061483,-0.001741,0.040186,0.011382,-0.002980,-0.152141,-0.174734,0.037370,23.388248,23.388248,23.373851,0.496387,2.505663,-0.254168,0.422886,0.955814
29.650000,1,0,0,2.400000,9.810000,0.900000,30.000000,60.000000,6.000000,0.000000,0.000000,1.500000,0.102116,-0.040482,1.490998,0.000000,0.000000,0.000000,-0.079366,-0.043561,-0.034825,0.998107,0.004601,-0.061301,-0.001755,0.035821,0.003305,-0.002862,-0.089631,-0.133535,0.036633,23.373851,23.373851,23.362087,0.496137,2.645510,-0.110838,0.434726,0.956262
29.700000,1,0,0,2.400000,9.810000,0.900000,30.000000,60.000000,6.000000,0.000000,0.000000,1.500000,0.098033,-0.042755,1.489236,0.000000,0.000000,0.000000,-0.083514,-0.046803,-0.035492,0.998102,0.005434,-0.061321,-0.001774,0.030498,-0.004833,-0.002711,-0.104678,-0.007695,0.058747,23.362087,23.362087,23.352938,0.495942,2.608969,0.229880,0.499982,0.956575
29.750000,1,0,0,2.400000,9.810000,0.900000,30.000000,60.000000,6.000000,0.000000,0.000000,1.500000,0.093808,-0.045103,1.487466,0.000000,0.000000,0.000000,-0.085023,-0.046490,-0.035150,0.998084,0.006125,-0.061541,-0.001798,0.024503,-0.012641,-0.002537,-0.043250,0.079046,0.044960,23.352938,23.352938,23.346343,0.495802,2.765543,0.470075,0.477608,0.956707
29.800000,1,0,0,2.400000,9.810000,0.900000,30.000000,60.000000,6.000000,0.000000,0.000000,1.500000,0.089576,-0.047342,1.485738,0.000000,0.000000,0.000000,-0.083836,-0.042462,-0.033798,0.998055,0.006661,-0.061948,-0.001829,0.018154,-0.019748,-0.002356,-0.021673,0.152511,0.057525,23.346343,23.346343,23.342202,0.495714,2.835434,0.671141,0.516972,0.956618
29.850000,1,0,0,2.400000,9.810000,0.900000,30.000000,60.000000,6.000000,0.000000,0.000000,1.500000,0.085469,-0.049289,1.484102,0.000000,0.000000,0.000000,-0.080032,-0.034859,-0.031476,0.998017,0.007036,-0.062519,-0.001866,0.011786,-0.025820,-0.002181,0.044578,0.216932,0.083569,23.342202,23.342202,23.340392,0.495676,3.020472,0.843033,0.587147,0.956278
29.900000,1,0,0,2.400000,9.810000,0.900000,30.000000,60.000000,6.000000,0.000000,0.000000,1.500000,0.081613,-0.050775,1.482605,0.000000,0.000000,0.000000,-0.073821,-0.024113,-0.028266,0.997971,0.007256,-0.063226,-0.001910,0.005725,-0.030579,-0.002023,0.069675,0.263303,0.099479,23.340392,23.340392,23.340761,0.495684,3.113294,0.964316,0.631420,0.955665
29.950000,1,0,0,2.400000,9.810000,0.900000,30.000000,60.000000,6.000000,0.000000,0.000000,1.500000,0.078121,-0.051660,1.481289,0.000000,0.000000,0.000000,-0.065535,-0.010912,-0.024288,0.997919,0.007331,-0.064032,-0.001960,0.000270,-0.033822,-0.001893,0.167034,0.333179,0.102580,23.340761,23.340761,23.343142,0.495734,3.384442,1.135266,0.643339,0.954767
30.000000,1,0,0,2.400000,9.810000,0.900000,30.000000,60.000000,6.000000,0.000000,0.000000,1.500000,0.075087,-0.051840,1.480187,0.000000,0.000000,0.000000,-0.055606,0.003854,-0.019694,0.997863,0.007279,-0.064899,-0.002016,-0.004327,-0.035427,-0.001793,0.197317,0.331753,0.117749,23.343142,23.343142,23.347354,0.495824,3.497655,1.129219,0.682564,0.953584
