t,flight_active,online_update_configured,online_update_enabled,mass_kg,gravity_m_s2,anomaly_similarity_threshold,force_clip_norm_n,force_reject_norm_n,residual_consistency_threshold_n,pd_x,pd_y,pd_z,p_x,p_y,p_z,vd_x,vd_y,vd_z,v_x,v_y,v_z,q_w,q_x,q_y,q_z,omega_x,omega_y,omega_z,accel_world_x,accel_world_y,accel_world_z,previous_commanded_thrust_n,residual_model_thrust_n,thrust_n,thrust_norm,residual_x,residual_y,residual_z,max_similarity
0.000000,1,0,0,2.400000,9.810000,0.900000,30.000000,60.000000,6.000000,0.000000,0.000000,1.500000,0.087865,-0.017889,1.495358,0.000000,0.000000,0.000000,-0.015526,0.019519,-0.009611,0.997348,-0.006597,-0.072449,0.002300,-0.008593,0.042853,-0.000666,-0.183882,0.224447,0.158491,23.622265,23.622265,23.639859,0.502036,2.973136,0.235704,0.552149,0.931006
0.050000,1,0,0,2.400000,9.810000,0.900000,30.000000,60.000000,6.000000,0.000000,0.000000,1.500000,0.086839,-0.016622,1.494974,0.000000,0.000000,0.000000,-0.025610,0.031206,-0.005791,0.997428,-0.006768,-0.071318,0.002264,-0.004855,0.047629,-0.000674,-0.174820,0.218869,0.126798,23.639859,23.639859,23.657183,0.502404,2.944384,0.213734,0.451101,0.929737
0.100000,1,0,0,2.400000,9.810000,0.900000,30.000000,60.000000,6.000000,0.000000,0.000000,1.500000,0.085301,-0.014774,1.494772,0.000000,0.000000,0.000000,-0.035888,0.042541,-0.002346,0.997515,-0.006833,-0.070088,0.002233,-0.000023,0.050730,-0.000712,-0.153448,0.170624,0.097962,23.657183,23.657183,23.674469,0.502771,2.940388,0.094416,0.356560,0.928418
0.150000,1,0,0,2.400000,9.810000,0.900000,30.000000,60.000000,6.000000,0.000000,0.000000,1.500000,0.083256,-0.012391,1.494730,0.000000,0.000000,0.000000,-0.045785,0.052496,0.000570,0.997605,-0.006765,-0.068804,0.002211,0.005684,0.051978,-0.000789,-0.180362,0.144751,0.074292,23.674469,23.674469,23.691974,0.503143,2.817814,0.035040,0.274147,0.927106
0.200000,1,0,0,2.400000,9.810000,0.900000,30.000000,60.000000,6.000000,0.000000,0.000000,1.500000,0.080738,-0.009563,1.494818,0.000000,0.000000,0.000000,-0.054740,0.060147,0.002828,0.997695,-0.006547,-0.067511,0.002196,0.011988,0.051293,-0.000907,-0.171431,0.076124,0.059816,23.691974,23.691974,23.709962,0.503525,2.780827,-0.119800,0.213582,0.925854
0.250000,1,0,0,2.400000,9.810000,0.900000,30.000000,60.000000,6.000000,0.000000,0.000000,1.500000,0.077807,-0.006427,1.495001,0.000000,0.000000,0.000000,-0.062236,0.064746,0.004329,0.997781,-0.006168,-0.066260,0.002189,0.018564,0.048699,-0.001064,-0.146150,0.017598,0.088596,23.709962,23.709962,23.728680,0.503922,2.784940,-0.242704,0.256662,0.924718
0.300000,1,0,0,2.400000,9.810000,0.900000,30.000000,60.000000,6.000000,0.000000,0.000000,1.500000,0.074546,-0.003148,1.495238,0.000000,0.000000,0.000000,-0.067830,0.065786,0.005010,0.997861,-0.005624,-0.065095,0.002189,0.025063,0.044324,-0.001251,-0.082800,-0.084368,0.027428,23.728680,23.728680,23.748347,0.504340,2.884492,-0.462028,0.083742,0.923749
0.350000,1,0,0,2.400000,9.810000,0.900000,30.000000,60.000000,6.000000,0.000000,0.000000,1.500000,0.071061,0.000088,1.495487,0.000000,0.000000,0.000000,-0.071172,0.063037,0.004843,0.997932,-0.004921,-0.064059,0.002195,0.031132,0.038391,-0.001456,-0.061235,-0.148311,0.046331,23.748347,23.748347,23.769137,0.504781,2.889842,-0.582535,0.102901,0.922996
0.400000,1,0,0,2.400000,9.810000,0.900000,30.000000,60.000000,6.000000,0.000000,0.000000,1.500000,0.067471,0.003094,1.495708,0.000000,0.000000,0.000000,-0.072026,0.056574,0.003843,0.997991,-0.004076,-0.063187,0.002206,0.036436,0.031207,-0.001662,-0.006876,-0.194923,0.037260,23.769137,23.769137,23.791167,0.505249,2.981680,-0.654569,0.054876,0.922498
0.450000,1,0,0,2.400000,9.810000,0.900000,30.000000,60.000000,6.000000,0.000000,0.000000,1.500000,0.063902,0.005690,1.495859,0.000000,0.000000,0.000000,-0.070285,0.046763,0.002061,0.998037,-0.003110,-0.062505,0.002221,0.040683,0.023144,-0.001853,0.051103,-0.228139,0.014973,23.791167,23.791167,23.814492,0.505744,3.091288,-0.688634,-0.024872,0.922287
0.500000,1,0,0,2.400000,9.810000,0.900000,30.000000,60.000000,6.000000,0.000000,0.000000,1.500000,0.060485,0.007725,1.495902,0.000000,0.000000,0.000000,-0.065970,0.034238,-0.000416,0.998070,-0.002054,-0.062031,0.002237,0.043637,0.014623,-0.002017,0.123443,-0.271211,-0.030592,23.814492,23.814492,23.839094,0.506267,3.245273,-0.741916,-0.160441,0.922388
0.550000,1,0,0,2.400000,9.810000,0.900000,30.000000,60.000000,6.000000,0.000000,0.000000,1.500000,0.057345,0.009083,1.495808,0.000000,0.000000,0.000000,-0.059238,0.019848,-0.003468,0.998087,-0.000940,-0.061771,0.002253,0.045137,0.006086,-0.002143,0.160630,-0.283713,-0.064913,23.839094,23.839094,23.864881,0.506814,3.325113,-0.719015,-0.268919,0.922813
0.600000,1,0,0,2.400000,9.810000,0.900000,30.000000,60.000000,6.000000,0.000000,0.000000,1.500000,0.054597,0.009695,1.495549,0.000000,0.000000,0.000000,-0.050364,0.004587,-0.006948,0.998091,0.000192,-0.061719,0.002269,0.045107,-0.002026,-0.002229,0.230858,-0.259085,-0.115121,23.864881,23.864881,23.891684,0.507384,3.494261,-0.605966,-0.415356,0.923563
0.650000,1,0,0,2.400000,9.810000,0.900000,30.000000,60.000000,6.000000,0.000000,0.000000,1.500000,0.052338,0.009544,1.495108,0.000000,0.000000,0.000000,-0.039736,-0.010482,-0.010690,0.998081,0.001305,-0.061860,0.002281,0.043556,-0.009298,-0.002278,0.268311,-0.235126,-0.077128,23.891684,23.891684,23.919257,0.507969,3.594019,-0.495312,-0.349858,0.924632
0.700000,1,0,0,2.400000,9.810000,0.900000,30.000000,60.000000,6.000000,0.000000,0.000000,1.500000,0.050645,0.008667,1.494478,0.000000,0.000000,0.000000,-0.027830,-0.024314,-0.014513,0.998060,0.002362,-0.062168,0.002289,0.040584,-0.015361,-0.002300,0.294715,-0.167087,-0.090769,23.919257,23.919257,23.947284,0.508564,3.675318,-0.281425,-0.407947,0.926000
0.750000,1,0,0,2.400000,9.810000,0.900000,30.000000,60.000000,6.000000,0.000000,0.000000,1.500000,0.049568,0.007149,1.493659,0.000000,0.000000,0.000000,-0.015186,-0.035967,-0.018233,0.998030,0.003329,-0.062609,0.002290,0.036371,-0.019918,-0.002308,0.290224,-0.118609,-0.056790,23.947284,23.947284,23.975388,0.509161,3.688906,-0.118665,-0.351306,0.927639
0.800000,1,0,0,2.400000,9.810000,0.900000,30.000000,60.000000,6.000000,0.000000,0.000000,1.500000,0.049129,0.005120,1.492660,0.000000,0.000000,0.000000,-0.002381,-0.044678,-0.021668,0.997993,0.004178,-0.063143,0.002283,0.031168,-0.022755,-0.002317,0.270517,-0.071007,-0.020090,23.975388,23.975388,24.003142,0.509751,3.670471,0.036443,-0.287584,0.929510
0.850000,1,0,0,2.400000,9.810000,0.900000,30.000000,60.000000,6.000000,0.000000,0.000000,1.500000,0.049322,0.002740,1.491500,0.000000,0.000000,0.000000,0.010003,-0.049920,-0.024648,0.997953,0.004888,-0.063725,0.002267,0.025279,-0.023757,-0.002338,0.308810,-0.041637,-0.040532,24.003142,24.003142,24.030088,0.510323,3.793569,0.141207,-0.360321,0.931569
0.900000,1,0,0,2.400000,9.810000,0.900000,30.000000,60.000000,6.000000,0.000000,0.000000,1.500000,0.050113,0.000190,1.490205,0.000000,0.000000,0.000000,0.021407,-0.051450,-0.027020,0.997913,0.005447,-0.064310,0.002241,0.019042,-0.022911,-0.002381,0.267887,0.050221,-0.024186,24.030088,24.030088,24.055755,0.510868,3.726629,0.388686,-0.343942,0.933764
0.950000,1,0,0,2.400000,9.810000,0.900000,30.000000,60.000000,6.000000,0.000000,0.000000,1.500000,0.051438,-0.002344,1.488810,0.000000,0.000000,0.000000,0.031324,-0.049322,-0.028659,0.997875,0.005849,-0.064851,0.002204,0.012810,-0.020306,-0.002451,0.188634,0.147657,0.028485,24.055755,24.055755,24.079688,0.511376,3.565555,0.642053,-0.239404,0.936042
1.000000,1,0,0,2.400000,9.810000,0.900000,30.000000,60.000000,6.000000,0.000000,0.000000,1.500000,0.053213,-0.004687,1.487353,0.000000,0.000000,0.000000,0.039327,-0.043887,-0.029471,0.997844,0.006099,-0.065308,0.002154,0.006926,-0.016132,-0.002548,0.178832,0.198889,0.027437,24.079688,24.079688,24.101461,0.511839,3.566960,0.777203,-0.262644,0.938344
1.050000,1,0,0,2.400000,9.810000,0.900000,30.000000,60.000000,6.000000,0.000000,0.000000,1.500000,0.055334,-0.006688,1.485877,0.000000,0.000000,0.000000,0.045090,-0.035759,-0.029395,0.997822,0.006210,-0.065644,0.002094,0.001700,-0.010665,-0.002665,0.094035,0.261656,0.001926,24.101461,24.101461,24.120709,0.512247,3.382378,0.933286,-0.343270,0.940614
1.100000,1,0,0,2.400000,9.810000,0.900000,30.000000,60.000000,6.000000,0.000000,0.000000,1.500000,0.057681,-0.008232,1.484429,0.000000,0.000000,0.000000,0.048404,-0.025767,-0.028410,0.997809,0.006201,-0.065831,0.002024,-0.002606,-0.004257,-0.002796,0.087536,0.251447,0.050907,24.120709,24.120709,24.137139,0.512596,3.378301,0.908410,-0.243612,0.942797
1.150000,1,0,0,2.400000,9.810000,0.900000,30.000000,60.000000,6.000000,0.000000,0.000000,1.500000,0.060132,-0.009250,1.483051,0.000000,0.000000,0.000000,0.049190,-0.014887,-0.026535,0.997809,0.006099,-0.065851,0.001946,-0.005797,0.002692,-0.002931,0.039673,0.235744,0.074779,24.137139,24.137139,24.150551,0.512881,3.266580,0.865743,-0.202540,0.944841
1.200000,1,0,0,2.400000,9.810000,0.900000,30.000000,60.000000,6.000000,0.000000,0.000000,1.500000,0.062559,-0.009723,1.481789,0.000000,0.000000,0.000000,0.047500,-0.004162,-0.023825,0.997820,0.005932,-0.065695,0.001860,-0.007759,0.009748,-0.003061,0.002594,0.188510,0.084672,24.150551,24.150551,24.160838,0.513100,3.171934,0.744215,-0.193176,0.946701
1.250000,1,0,0,2.400000,9.810000,0.900000,30.000000,60.000000,6.000000,0.000000,0.000000,1.500000,0.064844,-0.009686,1.480681,0.000000,0.000000,0.000000,0.043517,0.005387,-0.020373,0.997843,0.005731,-0.065367,0.001771,-0.008460,0.016470,-0.003179,-0.036105,0.167566,0.154511,24.160838,24.160838,24.167996,0.513252,3.064693,0.684108,-0.037952,0.948340
1.300000,1,0,0,2.400000,9.810000,0.900000,30.000000,60.000000,6.000000,0.000000,0.000000,1.500000,0.066878,-0.009220,1.479762,0.000000,0.000000,0.000000,0.037540,0.012838,-0.016303,0.997876,0.005529,-0.064880,0.001680,-0.007958,0.022436,-0.003281,-0.048467,0.049062,0.165719,24.167996,24.167996,24.172115,0.513339,3.012598,0.389684,-0.021329,0.949728
1.350000,1,0,0,2.400000,9.810000,0.900000,30.000000,60.000000,6.000000,0.000000,0.000000,1.500000,0.068571,-0.008449,1.479059,0.000000,0.000000,0.000000,0.029976,0.017450,-0.011765,0.997918,0.005352,-0.064257,0.001588,-0.006391,0.027266,-0.003366,-0.115782,-0.010455,0.168256,24.172115,24.172115,24.173369,0.513366,2.821695,0.238044,-0.023305,0.950846
1.400000,1,0,0,2.400000,9.810000,0.900000,30.000000,60.000000,6.000000,0.000000,0.000000,1.500000,0.069857,-0.007530,1.478591,0.000000,0.000000,0.000000,0.021311,0.018721,-0.006932,0.997965,0.005226,-0.063531,0.001499,-0.003972,0.030641,-0.003433,-0.142335,-0.044810,0.168472,24.173369,24.173369,24.172001,0.513337,2.723285,0.149183,-0.028578,0.951685
1.450000,1,0,0,2.400000,9.810000,0.900000,30.000000,60.000000,6.000000,0.000000,0.000000,1.500000,0.070693,-0.006637,1.478368,0.000000,0.000000,0.000000,0.012088,0.016426,-0.001985,0.998015,0.005167,-0.062741,0.001413,-0.000971,0.032323,-0.003484,-0.200535,-0.142126,0.162966,24.172001,24.172001,24.168306,0.513258,2.545519,-0.087506,-0.045285,0.952246
1.500000,1,0,0,2.400000,9.810000,0.900000,30.000000,60.000000,6.000000,0.000000,0.000000,1.500000,0.071066,-0.005946,1.478391,0.000000,0.000000,0.000000,0.002877,0.010644,0.002887,0.998066,0.005188,-0.061933,0.001331,0.002304,0.032167,-0.003518,-0.200840,-0.195218,0.148312,24.168306,24.168306,24.162610,0.513137,2.505470,-0.214253,-0.081655,0.952543
1.550000,1,0,0,2.400000,9.810000,0.900000,30.000000,60.000000,6.000000,0.000000,0.000000,1.500000,0.070990,-0.005624,1.478652,0.000000,0.000000,0.000000,-0.005753,0.001744,0.007500,0.998114,0.005291,-0.061151,0.001253,0.005521,0.030131,-0.003535,-0.155273,-0.230883,0.117105,24.162610,24.162610,24.155250,0.512981,2.576580,-0.295234,-0.155496,0.952597
1.600000,1,0,0,2.400000,9.810000,0.900000,30.000000,60.000000,6.000000,0.000000,0.000000,1.500000,0.070509,-0.005813,1.479134,0.000000,0.000000,0.000000,-0.013269,-0.009639,0.011682,0.998156,0.005469,-0.060443,0.001179,0.008355,0.026276,-0.003533,-0.142957,-0.265257,0.086980,24.155250,24.155250,24.146558,0.512796,2.571226,-0.369437,-0.224560,0.952439
1.650000,1,0,0,2.400000,9.810000,0.900000,30.000000,60.000000,6.000000,0.000000,0.000000,1.500000,0.069690,-0.006616,1.479810,0.000000,0.000000,0.000000,-0.019196,-0.022660,0.015280,0.998190,0.005711,-0.059852,0.001109,0.010505,0.020765,-0.003510,-0.085343,-0.278218,0.079181,24.146558,24.146558,24.136843,0.512590,2.680072,-0.389219,-0.237951,0.952110
1.700000,1,0,0,2.400000,9.810000,0.900000,30.000000,60.000000,6.000000,0.000000,0.000000,1.500000,0.068622,-0.008090,1.480650,0.000000,0.000000,0.000000,-0.023147,-0.036327,0.018166,0.998215,0.005995,-0.059416,0.001041,0.011712,0.013851,-0.003463,-0.027185,-0.292568,0.061141,24.136843,24.136843,24.126377,0.512368,2.797588,-0.410291,-0.273948,0.951656
1.750000,1,0,0,2.400000,9.810000,0.900000,30.000000,60.000000,6.000000,0.000000,0.000000,1.500000,0.067413,-0.010242,1.481613,0.000000,0.000000,0.000000,-0.024839,-0.049585,0.020245,0.998228,0.006296,-0.059168,0.000974,0.011783,0.005869,-0.003392,0.014197,-0.269260,0.024366,24.126377,24.126377,24.115391,0.512135,2.883725,-0.340202,-0.353062,0.951127
1.800000,1,0,0,2.400000,9.810000,0.900000,30.000000,60.000000,6.000000,0.000000,0.000000,1.500000,0.066179,-0.013024,1.482660,0.000000,0.000000,0.000000,-0.024114,-0.061398,0.021458,0.998228,0.006582,-0.059128,0.000908,0.010600,-0.002790,-0.003300,0.062775,-0.197158,0.037733,24.115391,24.115391,24.104063,0.511894,2.997091,-0.153676,-0.310124,0.950576
1.850000,1,0,0,2.400000,9.810000,0.900000,30.000000,60.000000,6.000000,0.000000,0.000000,1.500000,0.065042,-0.016342,1.483744,0.000000,0.000000,0.000000,-0.020942,-0.070838,0.021782,0.998216,0.006824,-0.059308,0.000839,0.008127,-0.011695,-0.003192,0.103967,-0.160802,0.022055,24.104063,24.104063,24.092518,0.511649,3.103249,-0.055151,-0.335319,0.950059
1.900000,1,0,0,2.400000,9.810000,0.900000,30.000000,60.000000,6.000000,0.000000,0.000000,1.500000,0.064124,-0.020056,1.484823,0.000000,0.000000,0.000000,-0.015424,-0.077156,0.021234,0.998191,0.006988,-0.059708,0.000768,0.004418,-0.020399,-0.003079,0.120482,-0.112080,0.041890,24.092518,24.092518,24.080825,0.511400,3.160736,0.069313,-0.273847,0.949629
1.950000,1,0,0,2.400000,9.810000,0.900000,30.000000,60.000000,6.000000,0.000000,0.000000,1.500000,0.063535,-0.023997,1.485854,0.000000,0.000000,0.000000,-0.007791,-0.079842,0.019871,0.998154,0.007045,-0.060319,0.000691,-0.000391,-0.028466,-0.002972,0.144570,-0.019898,0.021381,24.080825,24.080825,24.069001,0.511149,3.246438,0.292929,-0.307890,0.949334
2.000000,1,0,0,2.400000,9.810000,0.900000,30.000000,60.000000,6.000000,0.000000,0.000000,1.500000,0.063374,-0.027976,1.486798,0.000000,0.000000,0.000000,0.001613,-0.078672,0.017783,0.998106,0.006971,-0.061119,0.000608,-0.006085,-0.035495,-0.002885,0.195027,0.028344,-0.042295,24.069001,24.069001,24.057010,0.510895,3.404443,0.404738,-0.444348,0.949221
2.050000,1,0,0,2.400000,9.810000,0.900000,30.000000,60.000000,6.000000,0.000000,0.000000,1.500000,0.063719,-0.031801,1.487622,0.000000,0.000000,0.000000,0.012347,-0.073718,0.015094,0.998048,0.006746,-0.062078,0.000516,-0.012387,-0.041139,-0.002827,0.233349,0.107035,-0.077283,24.057010,24.057010,24.044765,0.510635,3.540868,0.582379,-0.510883,0.949327
2.100000,1,0,0,2.400000,9.810000,0.900000,30.000000,60.000000,6.000000,0.000000,0.000000,1.500000,0.064623,-0.035291,1.488300,0.000000,0.000000,0.000000,0.023896,-0.065351,0.011951,0.997983,0.006360,-0.063158,0.000414,-0.018974,-0.045126,-0.002809,0.283931,0.173273,-0.107671,24.044765,24.044765,24.032138,0.510366,3.712405,0.722351,-0.565405,0.949681
2.150000,1,0,0,2.400000,9.810000,0.900000,30.000000,60.000000,6.000000,0.000000,0.000000,1.500000,0.066113,-0.038289,1.488813,0.000000,0.000000,0.000000,0.035698,-0.054204,0.008524,0.997913,0.005810,-0.064314,0.000301,-0.025497,-0.047276,-0.002831,0.248585,0.265701,-0.075576,24.032138,24.032138,24.018959,0.510087,3.681275,0.917273,-0.469090,0.950305
2.200000,1,0,0,2.400000,9.810000,0.900000,30.000000,60.000000,6.000000,0.000000,0.000000,1.500000,0.068187,-0.040679,1.489151,0.000000,0.000000,0.000000,0.047170,-0.041124,0.004993,0.997840,0.005101,-0.065500,0.000177,-0.031601,-0.047505,-0.002890,0.262672,0.267073,-0.088089,24.018959,24.018959,24.005032,0.509791,3.770058,0.886057,-0.479028,0.951207
2.250000,1,0,0,2.400000,9.810000,0.900000,30.000000,60.000000,6.000000,0.000000,0.000000,1.500000,0.070815,-0.042386,1.489314,0.000000,0.000000,0.000000,0.057745,-0.027105,0.001543,0.997766,0.004249,-0.066668,0.000041,-0.036954,-0.045836,-0.002978,0.212771,0.278894,-0.074804,24.005032,24.005032,23.990139,0.509475,3.704220,0.873034,-0.426309,0.952388
2.300000,1,0,0,2.400000,9.810000,0.900000,30.000000,60.000000,6.000000,0.000000,0.000000,1.500000,0.073938,-0.043391,1.489309,0.000000,0.000000,0.000000,0.066896,-0.013203,-0.001648,0.997695,0.003277,-0.067771,-0.000104,-0.041257,-0.042394,-0.003079,0.183011,0.250577,-0.067684,23.990139,23.990139,23.974054,0.509133,3.683440,0.757892,-0.387694,0.953835
2.350000,1,0,0,2.400000,9.810000,0.900000,30.000000,60.000000,6.000000,0.000000,0.000000,1.500000,0.077473,-0.043726,1.489156,0.000000,0.000000,0.000000,0.074166,-0.000455,-0.004411,0.997630,0.002212,-0.068769,-0.000258,-0.044276,-0.037398,-0.003179,0.113424,0.224825,-0.068552,23.974054,23.974054,23.956563,0.508762,3.561773,0.644545,-0.367589,0.955529
2.400000,1,0,0,2.400000,9.810000,0.900000,30.000000,60.000000,6.000000,0.000000,0.000000,1.500000,0.081317,-0.043471,1.488878,0.000000,0.000000,0.000000,0.079191,0.010205,-0.006598,0.997573,0.001090,-0.069626,-0.000418,-0.045844,-0.031155,-0.003261,0.044682,0.207298,-0.086048,23.956563,23.956563,23.937476,0.508356,3.435139,0.548243,-0.386753,0.957436
2.450000,1,0,0,2.400000,9.810000,0.900000,30.000000,60.000000,6.000000,0.000000,0.000000,1.500000,0.085350,-0.042753,1.488508,0.000000,0.000000,0.000000,0.081721,0.018026,-0.008088,0.997525,-0.000051,-0.070315,-0.000581,-0.045881,-0.024034,-0.003314,-0.005435,0.131933,-0.055877,23.937476,23.937476,23.916646,0.507914,3.344927,0.312245,-0.290882,0.959519
2.500000,1,0,0,2.400000,9.810000,0.900000,30.000000,60.000000,6.000000,0.000000,0.000000,1.500000,0.089445,-0.041725,1.488082,0.000000,0.000000,0.000000,0.081628,0.022495,-0.008792,0.997488,-0.001174,-0.070819,-0.000744,-0.044395,-0.016453,-0.003331,-0.100211,0.037094,-0.052403,23.916646,23.916646,23.893984,0.507433,3.138458,0.030480,-0.258445,0.961729
2.550000,1,0,0,2.400000,9.810000,0.900000,30.000000,60.000000,6.000000,0.000000,0.000000,1.500000,0.093469,-0.040563,1.487643,0.000000,0.000000,0.000000,0.078918,0.023379,-0.008655,0.997464,-0.002242,-0.071134,-0.000902,-0.041482,-0.008852,-0.003310,-0.115166,-0.050976,-0.013001,23.893984,23.893984,23.869480,0.506912,3.114211,-0.232287,-0.139140,0.964015
2.600000,1,0,0,2.400000,9.810000,0.900000,30.000000,60.000000,6.000000,0.000000,0.000000,1.500000,0.097295,-0.039446,1.487231,0.000000,0.000000,0.000000,0.073731,0.020747,-0.007661,0.997452,-0.003221,-0.071263,-0.001054,-0.037319,-0.001670,-0.003256,-0.129917,-0.090577,-0.020474,23.869480,23.869480,23.843202,0.506354,3.081374,-0.374364,-0.131685,0.966321
2.650000,1,0,0,2.400000,9.810000,0.900000,30.000000,60.000000,6.000000,0.000000,0.000000,1.500000,0.100805,-0.038541,1.486890,0.000000,0.000000,0.000000,0.066327,0.014959,-0.005835,0.997451,-0.004084,-0.071222,-0.001197,-0.032154,0.004681,-0.003181,-0.117323,-0.191639,0.021798,23.843202,23.843202,23.815310,0.505762,3.105873,-0.658232,-0.004197,0.968590
2.700000,1,0,0,2.400000,9.810000,0.900000,30.000000,60.000000,6.000000,0.000000,0.000000,1.500000,0.103897,-0.037992,1.486660,0.000000,0.000000,0.000000,0.057079,0.006640,-0.003237,0.997461,-0.004808,-0.071038,-0.001328,-0.026290,0.009836,-0.003095,-0.182430,-0.237601,0.035097,23.815310,23.815310,23.786049,0.505140,2.936854,-0.803140,0.054386,0.970765
2.750000,1,0,0,2.400000,9.810000,0.900000,30.000000,60.000000,6.000000,0.000000,0.000000,1.500000,0.106490,-0.037905,1.486578,0.000000,0.000000,0.000000,0.046452,-0.003375,0.000035,0.997479,-0.005380,-0.070743,-0.001447,-0.020065,0.013499,-0.003012,-0.146987,-0.220842,0.084461,23.786049,23.786049,23.755743,0.504497,3.003781,-0.790187,0.200113,0.972793
2.800000,1,0,0,2.400000,9.810000,0.900000,30.000000,60.000000,6.000000,0.000000,0.000000,1.500000,0.108528,-0.038342,1.486673,0.000000,0.000000,0.000000,0.034978,-0.014106,0.003855,0.997502,-0.005797,-0.070378,-0.001553,-0.013830,0.015462,-0.002944,-0.155314,-0.244800,0.052086,23.755743,23.755743,23.724780,0.503839,2.962241,-0.867427,0.150188,0.974622
2.850000,1,0,0,2.400000,9.810000,0.900000,30.000000,60.000000,6.000000,0.000000,0.000000,1.500000,0.109984,-0.039311,1.486970,0.000000,0.000000,0.000000,0.023227,-0.024512,0.008068,0.997528,-0.006061,-0.069987,-0.001647,-0.007929,0.015609,-0.002897,-0.118536,-0.169197,0.073336,23.724780,23.724780,23.693595,0.503177,3.027682,-0.698426,0.229386,0.976209
2.900000,1,0,0,2.400000,9.810000,0.900000,30.000000,60.000000,6.000000,0.000000,0.000000,1.500000,0.110856,-0.040770,1.487484,0.000000,0.000000,0.000000,0.011779,-0.033574,0.012502,0.997553,-0.006186,-0.069615,-0.001730,-0.002675,0.013930,-0.002874,-0.166520,-0.129620,0.114520,23.693595,23.693595,23.662651,0.502520,2.890640,-0.609216,0.356716,0.977520
2.950000,1,0,0,2.400000,9.810000,0.900000,30.000000,60.000000,6.000000,0.000000,0.000000,1.500000,0.111176,-0.042630,1.488221,0.000000,0.000000,0.000000,0.001194,-0.040378,0.016974,0.997575,-0.006191,-0.069307,-0.001804,0.001669,0.010519,-0.002873,-0.162959,-0.057705,0.113426,23.662651,23.662651,23.632416,0.501878,2.880400,-0.436686,0.382712,0.978527
3.000000,1,0,0,2.400000,9.810000,0.900000,30.000000,60.000000,6.000000,0.000000,0.000000,1.500000,0.110998,-0.044758,1.489179,0.000000,0.000000,0.000000,-0.008019,-0.044191,0.021298,0.997589,-0.006101,-0.069104,-0.001872,0.004905,0.005567,-0.002890,-0.151434,0.006127,0.140646,23.632416,23.632416,23.603343,0.501260,2.894348,-0.279079,0.476602,0.979213
3.050000,1,0,0,2.400000,9.810000,0.900000,30.000000,60.000000,6.000000,0.000000,0.000000,1.500000,0.110404,-0.046991,1.490345,0.000000,0.000000,0.000000,-0.015427,-0.044523,0.025291,0.997594,-0.005946,-0.069041,-0.001934,0.006914,-0.000648,-0.002917,-0.100680,0.054334,0.105038,23.603343,23.603343,23.575852,0.500676,3.009202,-0.155916,0.419439,0.979572
3.100000,1,0,0,2.400000,9.810000,0.900000,30.000000,60.000000,6.000000,0.000000,0.000000,1.500000,0.109492,-0.049149,1.491699,0.000000,0.000000,0.000000,-0.020695,-0.041165,0.028785,0.997588,-0.005757,-0.069146,-0.001994,0.007664,-0.007772,-0.002947,-0.057926,0.113670,0.126947,23.575852,23.575852,23.550315,0.500134,3.112911,-0.004475,0.499823,0.979610
3.150000,1,0,0,2.400000,9.810000,0.900000,30.000000,60.000000,6.000000,0.000000,0.000000,1.500000,0.108374,-0.051047,1.493213,0.000000,0.000000,0.000000,-0.023605,-0.034208,0.031633,0.997569,-0.005564,-0.069435,-0.002053,0.007207,-0.015401,-0.002975,-0.024111,0.163064,0.105828,23.550315,23.550315,23.527045,0.499640,3.204072,0.123194,0.476211,0.979341
3.200000,1,0,0,2.400000,9.810000,0.900000,30.000000,60.000000,6.000000,0.000000,0.000000,1.500000,0.107172,-0.052516,1.494850,0.000000,0.000000,0.000000,-0.024068,-0.024036,0.033713,0.997536,-0.005397,-0.069916,-0.002113,0.005680,-0.023100,-0.002997,0.006943,0.241513,0.038368,23.527045,23.527045,23.506283,0.499199,3.297856,0.319334,0.340422,0.978790
3.250000,1,0,0,2.400000,9.810000,0.900000,30.000000,60.000000,6.000000,0.000000,0.000000,1.500000,0.106007,-0.053408,1.496570,0.000000,0.000000,0.000000,-0.022125,-0.011297,0.034937,0.997489,-0.005280,-0.070585,-0.002177,0.003292,-0.030427,-0.003010,0.042673,0.252614,0.017631,23.506283,23.506283,23.488196,0.498815,3.411940,0.351440,0.315573,0.977993
3.300000,1,0,0,2.400000,9.810000,0.900000,30.000000,60.000000,6.000000,0.000000,0.000000,1.500000,0.104997,-0.053617,1.498328,0.000000,0.000000,0.000000,-0.017946,0.003150,0.035251,0.997430,-0.005231,-0.071428,-0.002244,0.000311,-0.036958,-0.003014,0.042199,0.323320,0.018935,23.488196,23.488196,23.472867,0.498489,3.447532,0.523345,0.342205,0.976991
3.350000,1,0,0,2.400000,9.810000,0.900000,30.000000,60.000000,6.000000,0.000000,0.000000,1.500000,0.104245,-0.053081,1.500079,0.000000,0.000000,0.000000,-0.011825,0.018304,0.034642,0.997358,-0.005260,-0.072419,-0.002317,-0.002954,-0.042311,-0.003009,0.106650,0.302577,-0.022874,23.472867,23.472867,23.460297,0.498222,3.646189,0.472010,0.263746,0.975832
3.400000,1,0,0,2.400000,9.810000,0.900000,30.000000,60.000000,6.000000,0.000000,0.000000,1.500000,0.103840,-0.051792,1.501778,0.000000,0.000000,0.000000,-0.004158,0.033102,0.033135,0.997276,-0.005372,-0.073526,-0.002394,-0.006175,-0.046166,-0.002995,0.104093,0.302010,-0.014325,23.460297,23.460297,23.450401,0.498012,3.689704,0.465207,0.304334,0.974569
3.450000,1,0,0,2.400000,9.810000,0.900000,30.000000,60.000000,6.000000,0.000000,0.000000,1.500000,0.103847,-0.049794,1.503379,0.000000,0.000000,0.000000,0.004575,0.046504,0.030794,0.997187,-0.005560,-0.074707,-0.002476,-0.009024,-0.048283,-0.002969,0.111164,0.230385,-0.059979,23.450401,23.450401,23.443013,0.497855,3.760112,0.284230,0.212860,0.973257
3.500000,1,0,0,2.400000,9.810000,0.900000,30.000000,60.000000,6.000000,0.000000,0.000000,1.500000,0.104306,-0.047181,1.504845,0.000000,0.000000,0.000000,0.013834,0.057577,0.027716,0.997094,-0.005811,-0.075917,-0.002562,-0.011199,-0.048518,-0.002928,0.138660,0.165407,-0.042445,23.443013,23.443013,23.437893,0.497747,3.881206,0.116198,0.270928,0.971952
3.550000,1,0,0,2.400000,9.810000,0.900000,30.000000,60.000000,6.000000,0.000000,0.000000,1.500000,0.105230,-0.044088,1.506140,0.000000,0.000000,0.000000,0.023050,0.065572,0.024030,0.997000,-0.006105,-0.077109,-0.002650,-0.012440,-0.046826,-0.002866,0.139816,0.074800,-0.079246,23.437893,23.437893,23.434735,0.497680,3.938516,-0.115389,0.196381,0.970708
3.600000,1,0,0,2.400000,9.810000,0.900000,30.000000,60.000000,6.000000,0.000000,0.000000,1.500000,0.106601,-0.040684,1.507240,0.000000,0.000000,0.000000,0.031654,0.069979,0.019893,0.996911,-0.006417,-0.078235,-0.002738,-0.012551,-0.043268,-0.002779,0.157750,-0.009889,-0.079051,23.434735,23.434735,23.433191,0.497647,4.033300,-0.333593,0.208350,0.969575
3.650000,1,0,0,2.400000,9.810000,0.900000,30.000000,60.000000,6.000000,0.000000,0.000000,1.500000,0.108376,-0.037154,1.508125,0.000000,0.000000,0.000000,0.039107,0.070574,0.015476,0.996828,-0.006715,-0.079251,-0.002822,-0.011410,-0.038006,-0.002663,0.120669,-0.090944,-0.128168,23.433191,23.433191,23.432885,0.497640,3.991147,-0.542480,0.099674,0.968597
3.700000,1,0,0,2.400000,9.810000,0.900000,30.000000,60.000000,6.000000,0.000000,0.000000,1.500000,0.110485,-0.033689,1.508786,0.000000,0.000000,0.000000,0.044928,0.067432,0.010964,0.996757,-0.006970,-0.080117,-0.002902,-0.008979,-0.031293,-0.002516,0.072781,-0.126021,-0.123460,23.432885,23.432885,23.433448,0.497652,3.916292,-0.638916,0.117906,0.967814
3.750000,1,0,0,2.400000,9.810000,0.900000,30.000000,60.000000,6.000000,0.000000,0.000000,1.500000,0.112835,-0.030467,1.509223,0.000000,0.000000,0.000000,0.048722,0.060922,0.006542,0.996700,-0.007147,-0.080801,-0.002972,-0.005308,-0.023462,-0.002342,0.021605,-0.210226,-0.108640,23.433448,23.433448,23.434540,0.497675,3.825251,-0.849654,0.158194,0.967254
3.800000,1,0,0,2.400000,9.810000,0.900000,30.000000,60.000000,6.000000,0.000000,0.000000,1.500000,0.115318,-0.027642,1.509445,0.000000,0.000000,0.000000,0.050197,0.051677,0.002393,0.996661,-0.007219,-0.081280,-0.003031,-0.000532,-0.014905,-0.002147,-0.047239,-0.253477,-0.112792,23.434540,23.434540,23.435878,0.497704,3.682409,-0.957101,0.150841,0.966936
3.850000,1,0,0,2.400000,9.810000,0.900000,30.000000,60.000000,6.000000,0.000000,0.000000,1.500000,0.117813,-0.025331,1.509470,0.000000,0.000000,0.000000,0.049183,0.040540,-0.001316,0.996639,-0.007160,-0.081542,-0.003075,0.005140,-0.006053,-0.001943,-0.049408,-0.241195,-0.069958,23.435878,23.435878,23.437266,0.497733,3.689563,-0.925080,0.254281,0.966871
3.900000,1,0,0,2.400000,9.810000,0.900000,30.000000,60.000000,6.000000,0.000000,0.000000,1.500000,0.120194,-0.023603,1.509323,0.000000,0.000000,0.000000,0.045639,0.028498,-0.004439,0.996637,-0.006951,-0.081585,-0.003104,0.011431,0.002650,-0.001743,-0.154554,-0.207049,-0.073780,23.437266,23.437266,23.438606,0.497762,3.439439,-0.833498,0.243926,0.967056
3.950000,1,0,0,2.400000,9.810000,0.900000,30.000000,60.000000,6.000000,0.000000,0.000000,1.500000,0.122336,-0.022479,1.509038,0.000000,0.000000,0.000000,0.039657,0.016600,-0.006855,0.996654,-0.006580,-0.081417,-0.003116,0.018020,0.010768,-0.001559,-0.209015,-0.207582,-0.083540,23.438606,23.438606,23.439908,0.497789,3.301243,-0.817513,0.217665,0.967481
4.000000,1,0,0,2.400000,9.810000,0.900000,30.000000,60.000000,6.000000,0.000000,0.000000,1.500000,0.124123,-0.021924,1.508651,0.000000,0.000000,0.000000,0.031457,0.005870,-0.008477,0.996686,-0.006045,-0.081060,-0.003112,0.024558,0.017897,-0.001405,-0.233545,-0.181047,-0.076442,23.439908,23.439908,23.441291,0.497819,3.226073,-0.728788,0.230377,0.968124
4.050000,1,0,0,2.400000,9.810000,0.900000,30.000000,60.000000,6.000000,0.000000,0.000000,1.500000,0.125451,-0.021857,1.508204,0.000000,0.000000,0.000000,0.021375,-0.002772,-0.009255,0.996732,-0.005351,-0.080541,-0.003092,0.030693,0.023693,-0.001286,-0.241458,-0.123750,-0.018361,23.441291,23.441291,23.442968,0.497854,3.183340,-0.558731,0.364104,0.968953
4.100000,1,0,0,2.400000,9.810000,0.900000,30.000000,60.000000,6.000000,0.000000,0.000000,1.500000,0.126236,-0.022154,1.507740,0.000000,0.000000,0.000000,0.009846,-0.008590,-0.009175,0.996788,-0.004513,-0.079897,-0.003060,0.036087,0.027883,-0.001205,-0.274791,-0.059625,-0.009902,23.442968,23.442968,23.445226,0.497902,3.073878,-0.365464,0.377521,0.969928
4.150000,1,0,0,2.400000,9.810000,0.900000,30.000000,60.000000,6.000000,0.000000,0.000000,1.500000,0.126420,-0.022660,1.507300,0.000000,0.000000,0.000000,-0.002616,-0.011090,-0.008266,0.996850,-0.003552,-0.079172,-0.003016,0.040444,0.030284,-0.001156,-0.286230,-0.062136,-0.000539,23.445226,23.445226,23.448401,0.497970,3.013246,-0.326356,0.391990,0.971004
4.200000,1,0,0,2.400000,9.810000,0.900000,30.000000,60.000000,6.000000,0.000000,0.000000,1.500000,0.125968,-0.023204,1.506926,0.000000,0.000000,0.000000,-0.015451,-0.010057,-0.006590,0.996914,-0.002498,-0.078410,-0.002963,0.043524,0.030815,-0.001131,-0.267677,-0.004606,-0.005558,23.448401,23.448401,23.452847,0.498064,3.023038,-0.138754,0.370877,0.972130
4.250000,1,0,0,2.400000,9.810000,0.900000,30.000000,60.000000,6.000000,0.000000,0.000000,1.500000,0.124878,-0.023608,1.506652,0.000000,0.000000,0.000000,-0.028073,-0.005580,-0.004247,0.996975,-0.001386,-0.077658,-0.002906,0.045160,0.029496,-0.001114,-0.187617,0.047682,0.020776,23.452847,23.452847,23.458910,0.498193,3.181095,0.039052,0.423980,0.973251
4.300000,1,0,0,2.400000,9.810000,0.900000,30.000000,60.000000,6.000000,0.000000,0.000000,1.500000,0.123174,-0.023710,1.506510,0.000000,0.000000,0.000000,-0.039909,0.001966,-0.001366,0.997030,-0.000251,-0.076960,-0.002847,0.045268,0.026451,-0.001092,-0.155254,0.111602,0.039873,23.458910,23.458910,23.466901,0.498363,3.227439,0.245809,0.458676,0.974312
4.350000,1,0,0,2.400000,9.810000,0.900000,30.000000,60.000000,6.000000,0.000000,0.000000,1.500000,0.120909,-0.023371,1.506522,0.000000,0.000000,0.000000,-0.050422,0.011938,0.001898,0.997076,0.000866,-0.076358,-0.002788,0.043852,0.021900,-0.001051,-0.147980,0.161270,0.061268,23.466901,23.466901,23.477075,0.498579,3.218249,0.417595,0.497826,0.975259
4.400000,1,0,0,2.400000,9.810000,0.900000,30.000000,60.000000,6.000000,0.000000,0.000000,1.500000,0.118162,-0.022490,1.506703,0.000000,0.000000,0.000000,-0.059145,0.023488,0.005374,0.997111,0.001930,-0.075884,-0.002731,0.041005,0.016146,-0.000982,-0.155414,0.194704,0.058363,23.477075,23.477075,23.489624,0.498845,3.180052,0.547916,0.477555,0.976039
4.450000,1,0,0,2.400000,9.810000,0.900000,30.000000,60.000000,6.000000,0.000000,0.000000,1.500000,0.115031,-0.021013,1.507060,0.000000,0.000000,0.000000,-0.065700,0.035627,0.008879,0.997133,0.002906,-0.075565,-0.002680,0.036902,0.009558,-0.000880,-0.110184,0.160615,0.057365,23.489624,23.489624,23.504664,0.499165,3.275752,0.512092,0.460707,0.976607
4.500000,1,0,0,2.400000,9.810000,0.900000,30.000000,60.000000,6.000000,0.000000,0.000000,1.500000,0.111632,-0.018935,1.507589,0.000000,0.000000,0.000000,-0.069819,0.047306,0.012231,0.997142,0.003766,-0.075416,-0.002635,0.031787,0.002552,-0.000748,-0.069041,0.118505,0.046022,23.504664,23.504664,23.522236,0.499538,3.369901,0.451599,0.417825,0.976923
4.550000,1,0,0,2.400000,9.810000,0.900000,30.000000,60.000000,6.000000,0.000000,0.000000,1.500000,0.108092,-0.016307,1.508278,0.000000,0.000000,0.000000,-0.071360,0.057500,0.015250,0.997137,0.004488,-0.075442,-0.002597,0.025963,-0.004434,-0.000592,-0.065080,0.077130,0.053533,23.522236,23.522236,23.542305,0.499964,3.383325,0.386430,0.418945,0.976954
4.600000,1,0,0,2.400000,9.810000,0.900000,30.000000,60.000000,6.000000,0.000000,0.000000,1.500000,0.104540,-0.013225,1.509106,0.000000,0.000000,0.000000,-0.070312,0.065295,0.017775,0.997119,0.005059,-0.075637,-0.002568,0.019765,-0.010964,-0.000424,-0.009146,0.050742,0.087755,23.542305,23.542305,23.564769,0.500441,3.529730,0.350147,0.482878,0.976678
4.650000,1,0,0,2.400000,9.810000,0.900000,30.000000,60.000000,6.000000,0.000000,0.000000,1.500000,0.101102,-0.009830,1.510044,0.000000,0.000000,0.000000,-0.066795,0.069962,0.019661,0.997091,0.005474,-0.075984,-0.002546,0.013546,-0.016627,-0.000256,0.062989,-0.015377,0.031977,23.564769,23.564769,23.589456,0.500965,3.722497,0.211189,0.329493,0.976083
4.700000,1,0,0,2.400000,9.810000,0.900000,30.000000,60.000000,6.000000,0.000000,0.000000,1.500000,0.097897,-0.006290,1.511059,0.000000,0.000000,0.000000,-0.061055,0.071013,0.020795,0.997053,0.005736,-0.076457,-0.002533,0.007648,-0.021061,-0.000099,0.070708,-0.071141,0.004718,23.589456,23.589456,23.616130,0.501532,3.766917,0.089933,0.243213,0.975167
4.750000,1,0,0,2.400000,9.810000,0.900000,30.000000,60.000000,6.000000,0.000000,0.000000,1.500000,0.095028,-0.002792,1.512110,0.000000,0.000000,0.000000,-0.053452,0.068246,0.021096,0.997009,0.005858,-0.077022,-0.002528,0.002387,-0.023973,0.000037,0.092021,-0.142716,0.022337,23.616130,23.616130,23.644500,0.502134,3.848597,-0.075862,0.263300,0.973938
4.800000,1,0,0,2.400000,9.810000,0.900000,30.000000,60.000000,6.000000,0.000000,0.000000,1.500000,0.092576,0.000473,1.513154,0.000000,0.000000,0.000000,-0.044436,0.061757,0.020518,0.996961,0.005859,-0.077638,-0.002529,-0.001971,-0.025154,0.000147,0.125827,-0.248182,-0.015356,23.644500,23.644500,23.674217,0.502765,3.962957,-0.328689,0.149313,0.972417
4.850000,1,0,0,2.400000,9.810000,0.900000,30.000000,60.000000,6.000000,0.000000,0.000000,1.500000,0.090599,0.003328,1.514147,0.000000,0.000000,0.000000,-0.034529,0.051939,0.019056,0.996913,0.005765,-0.078260,-0.002535,-0.005229,-0.024493,0.000229,0.157000,-0.306365,-0.036740,23.674217,23.674217,23.704893,0.503417,4.071563,-0.472545,0.073174,0.970633
4.900000,1,0,0,2.400000,9.810000,0.900000,30.000000,60.000000,6.000000,0.000000,0.000000,1.500000,0.089128,0.005622,1.515046,0.000000,0.000000,0.000000,-0.024295,0.039443,0.016742,0.996868,0.005605,-0.078843,-0.002544,-0.007263,-0.021983,0.000287,0.141416,-0.334290,-0.061229,23.704893,23.704893,23.736102,0.504080,4.066298,-0.546917,-0.011644,0.968623
4.950000,1,0,0,2.400000,9.810000,0.900000,30.000000,60.000000,6.000000,0.000000,0.000000,1.500000,0.088165,0.007242,1.515808,0.000000,0.000000,0.000000,-0.014309,0.025134,0.013646,0.996830,0.005410,-0.079341,-0.002555,-0.008037,-0.017717,0.000326,0.125824,-0.355797,-0.047014,23.736102,23.736102,23.767405,0.504744,4.057170,-0.607539,-0.004711,0.966434
5.000000,1,0,0,2.400000,9.810000,0.900000,30.000000,60.000000,6.000000,0.000000,0.000000,1.500000,0.087684,0.008122,1.516399,0.000000,0.000000,0.000000,-0.005129,0.010015,0.009873,0.996801,0.005211,-0.079712,-0.002564,-0.007602,-0.011890,0.000350,0.135198,-0.324136,-0.065071,23.767405,23.767405,23.798364,0.505402,4.102090,-0.540740,-0.076246,0.964116
5.050000,1,0,0,2.400000,9.810000,0.900000,30.000000,60.000000,6.000000,0.000000,0.000000,1.500000,0.087630,0.008248,1.516787,0.000000,0.000000,0.000000,0.002734,-0.004850,0.005558,0.996785,0.005037,-0.079922,-0.002570,-0.006091,-0.004784,0.000365,0.107703,-0.327901,-0.111674,23.798364,23.798364,23.828568,0.506043,4.050891,-0.557771,-0.217151,0.961725
5.100000,1,0,0,2.400000,9.810000,0.900000,30.000000,60.000000,6.000000,0.000000,0.000000,1.500000,0.087928,0.007658,1.516948,0.000000,0.000000,0.000000,0.008844,-0.018424,0.000862,0.996784,0.004912,-0.079942,-0.002571,-0.003711,0.003248,0.000376,0.105865,-0.292615,-0.106136,23.828568,23.828568,23.857653,0.506661,4.052241,-0.478711,-0.233578,0.959317
5.150000,1,0,0,2.400000,9.810000,0.900000,30.000000,60.000000,6.000000,0.000000,0.000000,1.500000,0.088480,0.006442,1.516869,0.000000,0.000000,0.000000,0.012860,-0.029777,-0.004041,0.996799,0.004856,-0.079755,-0.002565,-0.000727,0.011798,0.000383,0.072015,-0.234898,-0.108087,23.857653,23.857653,23.885325,0.507249,3.966797,-0.342557,-0.268424,0.956951
5.200000,1,0,0,2.400000,9.810000,0.900000,30.000000,60.000000,6.000000,0.000000,0.000000,1.500000,0.089175,0.004730,1.516544,0.000000,0.000000,0.000000,0.014558,-0.038164,-0.008964,0.996831,0.004879,-0.079354,-0.002552,0.002552,0.020428,0.000388,0.013929,-0.173093,-0.080762,23.885325,23.885325,23.911369,0.507802,3.812783,-0.192779,-0.233204,0.954682
5.250000,1,0,0,2.400000,9.810000,0.900000,30.000000,60.000000,6.000000,0.000000,0.000000,1.500000,0.089895,0.002684,1.515976,0.000000,0.000000,0.000000,0.013839,-0.043085,-0.013719,0.996879,0.004984,-0.078741,-0.002531,0.005798,0.028694,0.000391,-0.053199,-0.106226,-0.095374,23.911369,23.911369,23.935663,0.508318,3.626763,-0.026873,-0.298574,0.952560
5.300000,1,0,0,2.400000,9.810000,0.900000,30.000000,60.000000,6.000000,0.000000,0.000000,1.500000,0.090519,0.000483,1.515178,0.000000,0.000000,0.000000,0.010738,-0.044319,-0.018127,0.996942,0.005167,-0.077931,-0.002502,0.008684,0.036170,0.000393,-0.121431,0.013477,-0.075073,23.935663,23.935663,23.958174,0.508796,3.428423,0.269589,-0.279829,0.950630
5.350000,1,0,0,2.400000,9.810000,0.900000,30.000000,60.000000,6.000000,0.000000,0.000000,1.500000,0.090932,-0.001688,1.514171,0.000000,0.000000,0.000000,0.005417,-0.041949,-0.022021,0.997017,0.005414,-0.076949,-0.002468,0.010905,0.042470,0.000397,-0.137951,0.111848,-0.075535,23.958174,23.958174,23.978946,0.509237,3.345654,0.517987,-0.310336,0.948931
5.400000,1,0,0,2.400000,9.810000,0.900000,30.000000,60.000000,6.000000,0.000000,0.000000,1.500000,0.091029,-0.003657,1.512987,0.000000,0.000000,0.000000,-0.001838,-0.036349,-0.025257,0.997102,0.005706,-0.075827,-0.002430,0.012202,0.047273,0.000407,-0.200203,0.149536,-0.087257,23.978946,23.978946,23.998090,0.509643,3.146161,0.622919,-0.367052,0.947491
5.450000,1,0,0,2.400000,9.810000,0.900000,30.000000,60.000000,6.000000,0.000000,0.000000,1.500000,0.090723,-0.005279,1.511659,0.000000,0.000000,0.000000,-0.010635,-0.028154,-0.027721,0.997192,0.006017,-0.074608,-0.002389,0.012374,0.050335,0.000431,-0.176755,0.206136,-0.068226,23.998090,23.998090,24.015760,0.510019,3.147313,0.774167,-0.348931,0.946330
5.500000,1,0,0,2.400000,9.810000,0.900000,30.000000,60.000000,6.000000,0.000000,0.000000,1.500000,0.089948,-0.006444,1.510229,0.000000,0.000000,0.000000,-0.020497,-0.018209,-0.029328,0.997285,0.006317,-0.073335,-0.002348,0.011298,0.051510,0.000477,-0.201363,0.242701,-0.040139,24.015760,24.015760,24.032133,0.510366,3.030270,0.876814,-0.307861,0.945456
5.550000,1,0,0,2.400000,9.810000,0.900000,30.000000,60.000000,6.000000,0.000000,0.000000,1.500000,0.088664,-0.007087,1.508741,0.000000,0.000000,0.000000,-0.030885,-0.007498,-0.030035,0.997376,0.006574,-0.072057,-0.002308,0.008933,0.050749,0.000551,-0.257832,0.253778,-0.018904,24.032133,24.032133,24.047389,0.510690,2.836206,0.916226,-0.281867,0.944868
5.600000,1,0,0,2.400000,9.810000,0.900000,30.000000,60.000000,6.000000,0.000000,0.000000,1.500000,0.086860,-0.007198,1.507240,0.000000,0.000000,0.000000,-0.041228,0.002936,-0.029834,0.997464,0.006756,-0.070821,-0.002272,0.005326,0.048112,0.000659,-0.286352,0.202502,0.032996,24.047389,24.047389,24.061695,0.510994,2.710976,0.802378,-0.180779,0.944552
5.650000,1,0,0,2.400000,9.810000,0.900000,30.000000,60.000000,6.000000,0.000000,0.000000,1.500000,0.084552,-0.006815,1.505772,0.000000,0.000000,0.000000,-0.050951,0.012078,-0.028757,0.997544,0.006834,-0.069673,-0.002240,0.000606,0.043756,0.000801,-0.269178,0.137491,0.056624,24.061695,24.061695,24.075195,0.511281,2.699351,0.650514,-0.145948,0.944485
5.700000,1,0,0,2.400000,9.810000,0.900000,30.000000,60.000000,6.000000,0.000000,0.000000,1.500000,0.081784,-0.006027,1.504378,0.000000,0.000000,0.000000,-0.059509,0.019021,-0.026874,0.997615,0.006781,-0.068651,-0.002215,-0.005016,0.037933,0.000974,-0.230258,0.099156,0.085407,24.075195,24.075195,24.088004,0.511553,2.745801,0.556380,-0.097072,0.944637
5.750000,1,0,0,2.400000,9.810000,0.900000,30.000000,60.000000,6.000000,0.000000,0.000000,1.500000,0.078628,-0.004962,1.503096,0.000000,0.000000,0.000000,-0.066411,0.023043,-0.024289,0.997676,0.006579,-0.067790,-0.002196,-0.011267,0.030972,0.001169,-0.204297,0.022095,0.079229,24.088004,24.088004,24.100203,0.511812,2.768626,0.362067,-0.130380,0.944968
5.800000,1,0,0,2.400000,9.810000,0.900000,30.000000,60.000000,6.000000,0.000000,0.000000,1.500000,0.075178,-0.003780,1.501959,0.000000,0.000000,0.000000,-0.071248,0.023666,-0.021137,0.997724,0.006216,-0.067112,-0.002185,-0.017828,0.023263,0.001375,-0.178963,-0.026242,0.066263,24.100203,24.100203,24.111844,0.512059,2.798583,0.228872,-0.178216,0.945430
5.850000,1,0,0,2.400000,9.810000,0.900000,30.000000,60.000000,6.000000,0.000000,0.000000,1.500000,0.071543,-0.002655,1.500990,0.000000,0.000000,0.000000,-0.073717,0.020695,-0.017575,0.997759,0.005688,-0.066630,-0.002180,-0.024351,0.015232,0.001577,-0.098072,-0.100506,0.082777,24.111844,24.111844,24.122949,0.512295,2.971183,0.025452,-0.153526,0.945974
5.900000,1,0,0,2.400000,9.810000,0.900000,30.000000,60.000000,6.000000,0.000000,0.000000,1.500000,0.067849,-0.001768,1.500205,0.000000,0.000000,0.000000,-0.073632,0.014236,-0.013778,0.997782,0.005001,-0.066348,-0.002183,-0.030481,0.007324,0.001761,-0.032253,-0.207987,0.084692,24.122949,24.122949,24.133508,0.512519,3.117056,-0.265432,-0.162099,0.946545
5.950000,1,0,0,2.400000,9.810000,0.900000,30.000000,60.000000,6.000000,0.000000,0.000000,1.500000,0.064223,-0.001284,1.499613,0.000000,0.000000,0.000000,-0.070939,0.004684,-0.009928,0.997791,0.004168,-0.066257,-0.002192,-0.035882,-0.000028,0.001916,-0.010631,-0.244049,0.089802,24.133508,24.133508,24.143480,0.512731,3.165910,-0.391983,-0.161251,0.947089
6.000000,1,0,0,2.400000,9.810000,0.900000,30.000000,60.000000,6.000000,0.000000,0.000000,1.500000,0.060797,-0.001341,1.499210,0.000000,0.000000,0.000000,-0.065713,-0.007303,-0.006211,0.997790,0.003213,-0.066338,-0.002206,-0.040256,-0.006424,0.002038,0.051412,-0.261816,0.053756,24.143480,24.143480,24.152787,0.512929,3.319924,-0.480634,-0.257468,0.947554
6.050000,1,0,0,2.400000,9.810000,0.900000,30.000000,60.000000,6.000000,0.000000,0.000000,1.500000,0.057691,-0.002040,1.498986,0.000000,0.000000,0.000000,-0.058162,-0.020862,-0.002804,0.997777,0.002163,-0.066563,-0.002224,-0.043360,-0.011520,0.002124,0.086349,-0.258485,0.066515,24.152787,24.152787,24.161310,0.513110,3.415684,-0.523262,-0.234900,0.947888
6.100000,1,0,0,2.400000,9.810000,0.900000,30.000000,60.000000,6.000000,0.000000,0.000000,1.500000,0.055014,-0.003436,1.498922,0.000000,0.000000,0.000000,-0.048609,-0.034989,0.000132,0.997757,0.001053,-0.066895,-0.002245,-0.045024,-0.015045,0.002181,0.150344,-0.251418,0.091812,24.161310,24.161310,24.168888,0.513271,3.586247,-0.559879,-0.180663,0.948048
6.150000,1,0,0,2.400000,9.810000,0.900000,30.000000,60.000000,6.000000,0.000000,0.000000,1.500000,0.052856,-0.005531,1.498989,0.000000,0.000000,0.000000,-0.037480,-0.048626,0.002456,0.997731,-0.000079,-0.067294,-0.002266,-0.045161,-0.016818,0.002220,0.218669,-0.245764,0.086714,24.168888,24.168888,24.175317,0.513407,3.770255,-0.601030,-0.197879,0.947996
6.200000,1,0,0,2.400000,9.810000,0.900000,30.000000,60.000000,6.000000,0.000000,0.000000,1.500000,0.051284,-0.008273,1.499155,0.000000,0.000000,0.000000,-0.025281,-0.060741,0.004059,0.997701,-0.001196,-0.067714,-0.002285,-0.043774,-0.016760,0.002253,0.247419,-0.210288,0.067611,24.175317,24.175317,24.180354,0.513514,3.860163,-0.569885,-0.247285,0.947702
6.250000,1,0,0,2.400000,9.810000,0.900000,30.000000,60.000000,6.000000,0.000000,0.000000,1.500000,0.050337,-0.011564,1.499382,0.000000,0.000000,0.000000,-0.012570,-0.070417,0.004861,0.997673,-0.002261,-0.068110,-0.002300,-0.040951,-0.014891,0.002295,0.290231,-0.168750,0.058626,24.180354,24.180354,24.183731,0.513586,3.982478,-0.521645,-0.271063,0.947147
6.300000,1,0,0,2.400000,9.810000,0.900000,30.000000,60.000000,6.000000,0.000000,0.000000,1.500000,0.050026,-0.015262,1.499627,0.000000,0.000000,0.000000,0.000071,-0.076921,0.004822,0.997647,-0.003238,-0.068438,-0.002308,-0.036865,-0.011338,0.002355,0.271800,-0.125691,0.011511,24.183731,24.183731,24.185170,0.513616,3.954337,-0.465549,-0.385058,0.946319
6.350000,1,0,0,2.400000,9.810000,0.900000,30.000000,60.000000,6.000000,0.000000,0.000000,1.500000,0.050333,-0.019195,1.499850,0.000000,0.000000,0.000000,0.012065,-0.079764,0.003940,0.997629,-0.004100,-0.068659,-0.002306,-0.031758,-0.006322,0.002440,0.213763,-0.017070,-0.019254,24.185170,24.185170,24.184404,0.513600,3.825740,-0.246491,-0.458548,0.945221
6.400000,1,0,0,2.400000,9.810000,0.900000,30.000000,60.000000,6.000000,0.000000,0.000000,1.500000,0.051213,-0.023174,1.500008,0.000000,0.000000,0.000000,0.022872,-0.078746,0.002251,0.997620,-0.004825,-0.068739,-0.002293,-0.025931,-0.000146,0.002553,0.243611,0.070782,-0.035580,24.184404,24.184404,24.181203,0.513532,3.901061,-0.070588,-0.496122,0.943864
6.450000,1,0,0,2.400000,9.810000,0.900000,30.000000,60.000000,6.000000,0.000000,0.000000,1.500000,0.052593,-0.027007,1.500063,0.000000,0.000000,0.000000,0.032014,-0.073964,-0.000170,0.997623,-0.005399,-0.068656,-0.002267,-0.019718,0.006819,0.002688,0.178162,0.117200,-0.045693,24.181203,24.181203,24.175393,0.513409,3.739463,0.013247,-0.517494,0.942270
6.500000,1,0,0,2.400000,9.810000,0.900000,30.000000,60.000000,6.000000,0.000000,0.000000,1.500000,0.054380,-0.030514,1.499981,0.000000,0.000000,0.000000,0.039103,-0.065810,-0.003215,0.997639,-0.005817,-0.068393,-0.002228,-0.013473,0.014157,0.002837,0.160705,0.208613,-0.035200,24.175393,24.175393,24.166875,0.513228,3.684121,0.212704,-0.488071,0.940469
6.550000,1,0,0,2.400000,9.810000,0.900000,30.000000,60.000000,6.000000,0.000000,0.000000,1.500000,0.056464,-0.033542,1.499733,0.000000,0.000000,0.000000,0.043862,-0.054936,-0.006749,0.997668,-0.006082,-0.067948,-0.002176,-0.007538,0.021428,0.002989,0.140159,0.306545,-0.037410,24.166875,24.166875,24.155635,0.512989,3.612256,0.435274,-0.487720,0.938501
6.600000,1,0,0,2.400000,9.810000,0.900000,30.000000,60.000000,6.000000,0.000000,0.000000,1.500000,0.058724,-0.035977,1.499300,0.000000,0.000000,0.000000,0.046132,-0.042204,-0.010610,0.997709,-0.006206,-0.067327,-0.002112,-0.002230,0.028196,0.003133,0.030813,0.315996,-0.005992,24.155635,24.155635,24.141749,0.512694,3.318506,0.452381,-0.405165,0.936414
6.650000,1,0,0,2.400000,9.810000,0.900000,30.000000,60.000000,6.000000,0.000000,0.000000,1.500000,0.061035,-0.037748,1.498670,0.000000,0.000000,0.000000,0.045888,-0.028612,-0.014622,0.997762,-0.006208,-0.066548,-0.002037,0.002184,0.034049,0.003258,-0.067922,0.280596,-0.002558,24.141749,24.141749,24.125375,0.512347,3.042336,0.367793,-0.388200,0.934259
6.700000,1,0,0,2.400000,9.810000,0.900000,30.000000,60.000000,6.000000,0.000000,0.000000,1.500000,0.063273,-0.038841,1.497838,0.000000,0.000000,0.000000,0.043238,-0.015219,-0.018602,0.997823,-0.006114,-0.065638,-0.001953,0.005501,0.038624,0.003359,-0.080149,0.238297,-0.006724,24.125375,24.125375,24.106739,0.511951,2.967249,0.271375,-0.387827,0.932091
6.750000,1,0,0,2.400000,9.810000,0.900000,30.000000,60.000000,6.000000,0.000000,0.000000,1.500000,0.065323,-0.039291,1.496813,0.000000,0.000000,0.000000,0.038413,-0.003051,-0.022364,0.997890,-0.005951,-0.064633,-0.001864,0.007597,0.041627,0.003431,-0.135013,0.230414,-0.043818,24.106739,24.106739,24.086120,0.511513,2.785048,0.260855,-0.464784,0.929969
6.800000,1,0,0,2.400000,9.810000,0.900000,30.000000,60.000000,6.000000,0.000000,0.000000,1.500000,0.067084,-0.039182,1.495609,0.000000,0.000000,0.000000,0.031759,0.006972,-0.025733,0.997959,-0.005752,-0.063575,-0.001771,0.008432,0.042850,0.003475,-0.196993,0.141098,0.001398,24.086120,24.086120,24.063828,0.511039,2.583047,0.056669,-0.342467,0.927948
6.850000,1,0,0,2.400000,9.810000,0.900000,30.000000,60.000000,6.000000,0.000000,0.000000,1.500000,0.068475,-0.038642,1.494249,0.000000,0.000000,0.000000,0.023719,0.014120,-0.028547,0.998027,-0.005548,-0.062511,-0.001677,0.008055,0.042180,0.003496,-0.248030,0.084886,0.010967,24.063828,24.063828,24.040182,0.510537,2.406834,-0.067804,-0.303962,0.926082
6.900000,1,0,0,2.400000,9.810000,0.900000,30.000000,60.000000,6.000000,0.000000,0.000000,1.500000,0.069441,-0.037826,1.492766,0.000000,0.000000,0.000000,0.014804,0.017904,-0.030669,0.998092,-0.005367,-0.061486,-0.001584,0.006594,0.039610,0.003495,-0.242592,0.061033,0.035477,24.040182,24.040182,24.015499,0.510013,2.368007,-0.115755,-0.227883,0.924421
6.950000,1,0,0,2.400000,9.810000,0.900000,30.000000,60.000000,6.000000,0.000000,0.000000,1.500000,0.069951,-0.036911,1.491196,0.000000,0.000000,0.000000,0.005573,0.018121,-0.031990,0.998150,-0.005234,-0.060548,-0.001493,0.004256,0.035234,0.003480,-0.247854,-0.060106,0.053688,24.015499,24.015499,23.990071,0.509473,2.307599,-0.399520,-0.165245,0.923007
7.000000,1,0,0,2.400000,9.810000,0.900000,30.000000,60.000000,6.000000,0.000000,0.000000,1.500000,0.070003,-0.036072,1.489581,0.000000,0.000000,0.000000,-0.003402,0.014866,-0.032437,0.998200,-0.005168,-0.059741,-0.001407,0.001304,0.029246,0.003451,-0.178209,-0.116643,0.080881,23.990071,23.990071,23.964166,0.508923,2.433149,-0.531469,-0.079438,0.921876
7.050000,1,0,0,2.400000,9.810000,0.900000,30.000000,60.000000,6.000000,0.000000,0.000000,1.500000,0.069624,-0.035476,1.487967,0.000000,0.000000,0.000000,-0.011563,0.008527,-0.031972,0.998238,-0.005180,-0.059099,-0.001325,-0.001955,0.021928,0.003411,-0.190067,-0.150516,0.065118,23.964166,23.964166,23.938020,0.508368,2.371041,-0.612802,-0.095198,0.921054
7.100000,1,0,0,2.400000,9.810000,0.900000,30.000000,60.000000,6.000000,0.000000,0.000000,1.500000,0.068868,-0.035260,1.486399,0.000000,0.000000,0.000000,-0.018397,-0.000250,-0.030597,0.998264,-0.005274,-0.058653,-0.001248,-0.005193,0.013636,0.003360,-0.121095,-0.173616,0.089887,23.938020,23.938020,23.911833,0.507812,2.512262,-0.672223,-0.012257,0.920557
7.150000,1,0,0,2.400000,9.810000,0.900000,30.000000,60.000000,6.000000,0.000000,0.000000,1.500000,0.067814,-0.035527,1.484922,0.000000,0.000000,0.000000,-0.023463,-0.010612,-0.028352,0.998276,-0.005445,-0.058422,-0.001176,-0.008083,0.004777,0.003298,-0.055671,-0.184899,0.086263,23.911833,23.911833,23.885773,0.507258,2.655224,-0.706988,0.003844,0.920390
7.200000,1,0,0,2.400000,9.810000,0.900000,30.000000,60.000000,6.000000,0.000000,0.000000,1.500000,0.066557,-0.036331,1.483577,0.000000,0.000000,0.000000,-0.026416,-0.021571,-0.025315,0.998276,-0.005681,-0.058414,-0.001108,-0.010318,-0.004210,0.003225,-0.047889,-0.164121,0.098692,23.885773,23.885773,23.859973,0.506710,2.670501,-0.667899,0.059638,0.920548
7.250000,1,0,0,2.400000,9.810000,0.900000,30.000000,60.000000,6.000000,0.000000,0.000000,1.500000,0.065211,-0.037677,1.482402,0.000000,0.000000,0.000000,-0.027022,-0.032081,-0.021597,0.998262,-0.005962,-0.058628,-0.001043,-0.011636,-0.012880,0.003143,0.020971,-0.164648,0.116646,23.859973,23.859973,23.834531,0.506170,2.842897,-0.682080,0.129698,0.921015
7.300000,1,0,0,2.400000,9.810000,0.900000,30.000000,60.000000,6.000000,0.000000,0.000000,1.500000,0.063896,-0.039515,1.481426,0.000000,0.000000,0.000000,-0.025176,-0.041129,-0.017340,0.998235,-0.006262,-0.059050,-0.000981,-0.011837,-0.020804,0.003057,0.111933,-0.126505,0.124453,23.834531,23.834531,23.809509,0.505639,3.078214,-0.604363,0.176240,0.921765
7.350000,1,0,0,2.400000,9.810000,0.900000,30.000000,60.000000,6.000000,0.000000,0.000000,1.500000,0.062734,-0.041750,1.480674,0.000000,0.000000,0.000000,-0.020902,-0.047814,-0.012707,0.998197,-0.006552,-0.059655,-0.000919,-0.010792,-0.027596,0.002974,0.140715,-0.051201,0.125255,23.809509,23.809509,23.784931,0.505117,3.173040,-0.436946,0.206612,0.922764
7.400000,1,0,0,2.400000,9.810000,0.900000,30.000000,60.000000,6.000000,0.000000,0.000000,1.500000,0.061844,-0.044245,1.480159,0.000000,0.000000,0.000000,-0.014356,-0.051421,-0.007875,0.998150,-0.006800,-0.060413,-0.000855,-0.008457,-0.032933,0.002902,0.168543,-0.007141,0.124745,23.784931,23.784931,23.760784,0.504604,3.272762,-0.342484,0.234276,0.923968
7.450000,1,0,0,2.400000,9.810000,0.900000,30.000000,60.000000,6.000000,0.000000,0.000000,1.500000,0.061332,-0.046833,1.479887,0.000000,0.000000,0.000000,-0.005817,-0.051483,-0.003033,0.998096,-0.006974,-0.061284,-0.000787,-0.004876,-0.036571,0.002852,0.233768,0.028050,0.116780,23.760784,23.760784,23.737018,0.504099,3.467525,-0.265765,0.244274,0.925328
7.500000,1,0,0,2.400000,9.810000,0.900000,30.000000,60.000000,6.000000,0.000000,0.000000,1.500000,0.061289,-0.049331,1.479853,0.000000,0.000000,0.000000,0.004328,-0.047818,0.001633,0.998037,-0.007044,-0.062222,-0.000714,-0.000178,-0.038359,0.002830,0.281776,0.124378,0.105510,23.737018,23.737018,23.713552,0.503601,3.624142,-0.037375,0.246361,0.926793
7.550000,1,0,0,2.400000,9.810000,0.900000,30.000000,60.000000,6.000000,0.000000,0.000000,1.500000,0.061784,-0.051554,1.480044,0.000000,0.000000,0.000000,0.015603,-0.040541,0.005946,0.997977,-0.006986,-0.063181,-0.000632,0.005431,-0.038249,0.002843,0.338862,0.172346,0.088685,23.713552,23.713552,23.690285,0.503107,3.803485,0.081095,0.234928,0.928305
7.600000,1,0,0,2.400000,9.810000,0.900000,30.000000,60.000000,6.000000,0.000000,0.000000,1.500000,0.062859,-0.053332,1.480439,0.000000,0.000000,0.000000,0.027471,-0.030063,0.009745,0.997919,-0.006778,-0.064114,-0.000541,0.011681,-0.036296,0.002888,0.337813,0.216745,0.055607,23.690285,23.690285,23.667111,0.502614,3.842020,0.198050,0.184111,0.929810
7.650000,1,0,0,2.400000,9.810000,0.900000,30.000000,60.000000,6.000000,0.000000,0.000000,1.500000,0.064531,-0.054518,1.481008,0.000000,0.000000,0.000000,0.039357,-0.017052,0.012890,0.997866,-0.006410,-0.064977,-0.000438,0.018252,-0.032659,0.002963,0.270142,0.226516,0.028639,23.667111,23.667111,23.643929,0.502122,3.717291,0.239505,0.147415,0.931253
7.700000,1,0,0,2.400000,9.810000,0.900000,30.000000,60.000000,6.000000,0.000000,0.000000,1.500000,0.066786,-0.055009,1.481715,0.000000,0.000000,0.000000,0.050680,-0.002383,0.015273,0.997820,-0.005878,-0.065731,-0.000323,0.024796,-0.027585,0.003056,0.240037,0.239109,0.014050,23.643929,23.643929,23.620667,0.501628,3.677504,0.295493,0.139735,0.932583
7.750000,1,0,0,2.400000,9.810000,0.900000,30.000000,60.000000,6.000000,0.000000,0.000000,1.500000,0.069581,-0.054746,1.482521,0.000000,0.000000,0.000000,0.060886,0.012933,0.016820,0.997783,-0.005187,-0.066344,-0.000196,0.030961,-0.021401,0.003154,0.203878,0.248592,-0.006953,23.620667,23.620667,23.597293,0.501132,3.616475,0.351510,0.115849,0.933756
7.800000,1,0,0,2.400000,9.810000,0.900000,30.000000,60.000000,6.000000,0.000000,0.000000,1.500000,0.072847,-0.053723,1.483382,0.000000,0.000000,0.000000,0.069474,0.027832,0.017492,0.997757,-0.004350,-0.066792,-0.000058,0.036407,-0.014496,0.003243,0.127190,0.249474,-0.044728,23.597293,23.597293,23.573826,0.500633,3.450406,0.393703,0.050797,0.934734
7.850000,1,0,0,2.400000,9.810000,0.900000,30.000000,60.000000,6.000000,0.000000,0.000000,1.500000,0.076494,-0.051987,1.484256,0.000000,0.000000,0.000000,0.076020,0.041279,0.017293,0.997743,-0.003390,-0.067064,0.000090,0.040835,-0.007294,0.003311,0.113281,0.213104,-0.034936,23.573826,23.573826,23.550346,0.500135,3.426651,0.352263,0.098918,0.935486
7.900000,1,0,0,2.400000,9.810000,0.900000,30.000000,60.000000,6.000000,0.000000,0.000000,1.500000,0.080410,-0.049635,1.485098,0.000000,0.000000,0.000000,0.080206,0.052352,0.016262,0.997740,-0.002335,-0.067157,0.000244,0.044000,-0.000238,0.003348,0.013351,0.168005,-0.067367,23.550346,23.550346,23.526994,0.499639,3.188039,0.294266,0.044653,0.935994
7.950000,1,0,0,2.400000,9.810000,0.900000,30.000000,60.000000,6.000000,0.000000,0.000000,1.500000,0.084472,-0.046804,1.485869,0.000000,0.000000,0.000000,0.081829,0.060321,0.014476,0.997747,-0.001218,-0.067080,0.000403,0.045728,0.006242,0.003351,-0.026481,0.151767,-0.078919,23.526994,23.526994,23.503963,0.499150,3.085715,0.308320,0.039397,0.936248
8.000000,1,0,0,2.400000,9.810000,0.900000,30.000000,60.000000,6.000000,0.000000,0.000000,1.500000,0.088549,-0.043663,1.486535,0.000000,0.000000,0.000000,0.080816,0.064698,0.012046,0.997763,-0.000078,-0.066852,0.000563,0.045931,0.011747,0.003322,-0.073296,0.089681,-0.071942,23.503963,23.503963,23.481491,0.498673,2.959642,0.213367,0.077465,0.936250
8.050000,1,0,0,2.400000,9.810000,0.900000,30.000000,60.000000,6.000000,0.000000,0.000000,1.500000,0.092510,-0.040397,1.487065,0.000000,0.000000,0.000000,0.077228,0.065284,0.009111,0.997785,0.001049,-0.066503,0.000722,0.044605,0.015935,0.003268,-0.111137,-0.008902,-0.070645,23.481491,23.481491,23.459848,0.498213,2.849505,0.030044,0.100715,0.936010
8.100000,1,0,0,2.400000,9.810000,0.900000,30.000000,60.000000,6.000000,0.000000,0.000000,1.500000,0.096232,-0.037196,1.487440,0.000000,0.000000,0.000000,0.071255,0.062179,0.005832,0.997812,0.002124,-0.066069,0.000875,0.041839,0.018539,0.003201,-0.145225,-0.087216,-0.031536,23.459848,23.459848,23.439320,0.497777,2.744525,-0.107152,0.213487,0.935552
8.150000,1,0,0,2.400000,9.810000,0.900000,30.000000,60.000000,6.000000,0.000000,0.000000,1.500000,0.099601,-0.034234,1.487646,0.000000,0.000000,0.000000,0.063205,0.055774,0.002386,0.997841,0.003114,-0.065591,0.001021,0.037799,0.019381,0.003135,-0.158002,-0.136005,-0.053554,23.439320,23.439320,23.420191,0.497371,2.688846,-0.177590,0.178289,0.934905
8.200000,1,0,0,2.400000,9.810000,0.900000,30.000000,60.000000,6.000000,0.000000,0.000000,1.500000,0.102524,-0.031663,1.487679,0.000000,0.000000,0.000000,0.053491,0.046721,-0.001044,0.997869,0.003990,-0.065116,0.001158,0.032729,0.018382,0.003082,-0.174183,-0.197161,-0.048832,23.420191,23.420191,23.402739,0.497000,2.625299,-0.283144,0.205964,0.934110
8.250000,1,0,0,2.400000,9.810000,0.900000,30.000000,60.000000,6.000000,0.000000,0.000000,1.500000,0.104931,-0.029592,1.487545,0.000000,0.000000,0.000000,0.042608,0.035879,-0.004275,0.997893,0.004730,-0.064688,0.001284,0.026925,0.015567,0.003052,-0.253600,-0.250696,-0.035293,23.402739,23.402739,23.387218,0.496670,2.412460,-0.376850,0.253464,0.933213
8.300000,1,0,0,2.400000,9.810000,0.900000,30.000000,60.000000,6.000000,0.000000,0.000000,1.500000,0.106775,-0.028088,1.487258,0.000000,0.000000,0.000000,0.031106,0.024240,-0.007134,0.997912,0.005320,-0.064352,0.001401,0.020723,0.011066,0.003049,-0.217718,-0.280557,-0.014005,23.387218,23.387218,23.373855,0.496387,2.480885,-0.420819,0.318197,0.932264
8.350000,1,0,0,2.400000,9.810000,0.900000,30.000000,60.000000,6.000000,0.000000,0.000000,1.500000,0.108041,-0.027164,1.486840,0.000000,0.000000,0.000000,0.019563,0.012852,-0.009465,0.997923,0.005753,-0.064148,0.001506,0.014473,0.005101,0.003072,-0.221297,-0.268517,0.004170,23.373855,23.373855,23.362847,0.496153,2.461008,-0.371534,0.374063,0.931317
8.400000,1,0,0,2.400000,9.810000,0.900000,30.000000,60.000000,6.000000,0.000000,0.000000,1.500000,0.108740,-0.026782,1.486322,0.000000,0.000000,0.000000,0.008554,0.002732,-0.011135,0.997923,0.006034,-0.064107,0.001602,0.008521,-0.002020,0.003117,-0.234869,-0.263937,0.015137,23.362847,23.362847,23.354356,0.495973,2.425094,-0.347293,0.411212,0.930428
8.450000,1,0,0,2.400000,9.810000,0.900000,30.000000,60.000000,6.000000,0.000000,0.000000,1.500000,0.108914,-0.026855,1.485739,0.000000,0.000000,0.000000,-0.001380,-0.005217,-0.012041,0.997913,0.006174,-0.064255,0.001689,0.003185,-0.009925,0.003174,-0.195228,-0.190453,0.012847,23.354356,23.354356,23.348507,0.495848,2.525980,-0.164256,0.415105,0.929651
8.500000,1,0,0,2.400000,9.810000,0.900000,30.000000,60.000000,6.000000,0.000000,0.000000,1.500000,0.108628,-0.027255,1.485132,0.000000,0.000000,0.000000,-0.009757,-0.010280,-0.012115,0.997890,0.006191,-0.064606,0.001768,-0.001267,-0.018193,0.003233,-0.172974,-0.118678,0.032885,23.348507,23.348507,23.345384,0.495782,2.594897,0.008995,0.471118,0.929036
8.550000,1,0,0,2.400000,9.810000,0.900000,30.000000,60.000000,6.000000,0.000000,0.000000,1.500000,0.107971,-0.027826,1.484542,0.000000,0.000000,0.000000,-0.016183,-0.011986,-0.011326,0.997854,0.006111,-0.065163,0.001841,-0.004628,-0.026384,0.003283,-0.102034,-0.030825,0.042646,23.345384,23.345384,23.345029,0.495774,2.790594,0.216322,0.500971,0.928630
8.600000,1,0,0,2.400000,9.810000,0.900000,30.000000,60.000000,6.000000,0.000000,0.000000,1.500000,0.107047,-0.028395,1.484013,0.000000,0.000000,0.000000,-0.020370,-0.010153,-0.009683,0.997805,0.005962,-0.065920,0.001909,-0.006772,-0.034057,0.003317,-0.045782,0.032013,0.092237,23.345029,23.345029,23.347435,0.495826,2.960624,0.360459,0.624886,0.928472
8.650000,1,0,0,2.400000,9.810000,0.900000,30.000000,60.000000,6.000000,0.000000,0.000000,1.500000,0.105974,-0.028784,1.483587,0.000000,0.000000,0.000000,-0.022153,-0.004894,-0.007230,0.997744,0.005776,-0.066856,0.001975,-0.007655,-0.040797,0.003330,0.013609,0.099129,0.105683,23.347435,23.347435,23.352540,0.495934,3.146934,0.513161,0.660477,0.928594
8.700000,1,0,0,2.400000,9.810000,0.900000,30.000000,60.000000,6.000000,0.000000,0.000000,1.500000,0.104873,-0.028834,1.483303,0.000000,0.000000,0.000000,-0.021496,0.003385,-0.004053,0.997671,0.005583,-0.067946,0.002039,-0.007322,-0.046240,0.003321,0.036201,0.145302,0.150889,23.352540,23.352540,23.360230,0.496097,3.252369,0.615344,0.770669,0.929017
8.750000,1,0,0,2.400000,9.810000,0.900000,30.000000,60.000000,6.000000,0.000000,0.000000,1.500000,0.103863,-0.028407,1.483192,0.000000,0.000000,0.000000,-0.018493,0.014022,-0.000268,0.997589,0.005413,-0.069151,0.002103,-0.005901,-0.050089,0.003291,0.054600,0.204635,0.140958,23.360230,23.360230,23.370332,0.496312,3.353502,0.750202,0.746851,0.929754
8.800000,1,0,0,2.400000,9.810000,0.900000,30.000000,60.000000,6.000000,0.000000,0.000000,1.500000,0.103059,-0.027406,1.483284,0.000000,0.000000,0.000000,-0.013370,0.026148,0.003982,0.997500,0.005290,-0.070431,0.002169,-0.003593,-0.052132,0.003242,0.115055,0.234662,0.162268,23.370332,23.370332,23.382618,0.496573,3.559338,0.816968,0.796274,0.930806
8.850000,1,0,0,2.400000,9.810000,0.900000,30.000000,60.000000,6.000000,0.000000,0.000000,1.500000,0.102556,-0.025784,1.483595,0.000000,0.000000,0.000000,-0.006461,0.038764,0.008531,0.997407,0.005233,-0.071737,0.002239,-0.000660,-0.052256,0.003177,0.096262,0.219372,0.132141,23.382618,23.382618,23.396817,0.496874,3.576565,0.778098,0.720462,0.932162
8.900000,1,0,0,2.400000,9.810000,0.900000,30.000000,60.000000,6.000000,0.000000,0.000000,1.500000,0.102435,-0.023539,1.484139,0.000000,0.000000,0.000000,0.001796,0.050818,0.013198,0.997314,0.005254,-0.073021,0.002312,0.002591,-0.050451,0.003098,0.121610,0.178400,0.136149,23.396817,23.396817,23.412621,0.497210,3.699054,0.681259,0.724742,0.933804
8.950000,1,0,0,2.400000,9.810000,0.900000,30.000000,60.000000,6.000000,0.000000,0.000000,1.500000,0.102750,-0.020728,1.484914,0.000000,0.000000,0.000000,0.010896,0.061289,0.017796,0.997223,0.005357,-0.074238,0.002389,0.005834,-0.046808,0.003007,0.148970,0.155904,0.118349,23.412621,23.412621,23.429704,0.497573,3.823471,0.632611,0.674825,0.935701
9.000000,1,0,0,2.400000,9.810000,0.900000,30.000000,60.000000,6.000000,0.000000,0.000000,1.500000,0.103529,-0.017452,1.485914,0.000000,0.000000,0.000000,0.020281,0.069275,0.022140,0.997139,0.005537,-0.075342,0.002471,0.008739,-0.041521,0.002901,0.184295,0.086270,0.092642,23.429704,23.429704,23.447743,0.497956,3.962039,0.474473,0.604065,0.937815
9.050000,1,0,0,2.400000,9.810000,0.900000,30.000000,60.000000,6.000000,0.000000,0.000000,1.500000,0.104773,-0.013854,1.487121,0.000000,0.000000,0.000000,0.029380,0.074062,0.026055,0.997065,0.005781,-0.076296,0.002555,0.011001,-0.034869,0.002778,0.164717,0.008012,0.087845,23.447743,23.447743,23.466432,0.498353,3.962072,0.298691,0.581637,0.940099
9.100000,1,0,0,2.400000,9.810000,0.900000,30.000000,60.000000,6.000000,0.000000,0.000000,1.500000,0.106453,-0.010107,1.488510,0.000000,0.000000,0.000000,0.037631,0.075186,0.029385,0.997004,0.006071,-0.077071,0.002640,0.012355,-0.027207,0.002639,0.144647,-0.041340,0.035130,23.466432,23.466432,23.485510,0.498758,3.952731,0.194426,0.442388,0.942503
9.150000,1,0,0,2.400000,9.810000,0.900000,30.000000,60.000000,6.000000,0.000000,0.000000,1.500000,0.108514,-0.006400,1.490047,0.000000,0.000000,0.000000,0.044516,0.072467,0.031994,0.996957,0.006381,-0.077647,0.002725,0.012597,-0.018939,0.002482,0.154186,-0.134214,0.038137,23.485510,23.485510,23.504769,0.499167,4.005268,-0.013347,0.435120,0.944971
9.200000,1,0,0,2.400000,9.810000,0.900000,30.000000,60.000000,6.000000,0.000000,0.000000,1.500000,0.110875,-0.002923,1.491695,0.000000,0.000000,0.000000,0.049586,0.066028,0.033781,0.996926,0.006682,-0.078013,0.002806,0.011595,-0.010503,0.002311,0.107652,-0.201713,0.041185,23.504769,23.504769,23.524071,0.499577,3.913559,-0.160673,0.426274,0.947445
9.250000,1,0,0,2.400000,9.810000,0.900000,30.000000,60.000000,6.000000,0.000000,0.000000,1.500000,0.113436,0.000148,1.493411,0.000000,0.000000,0.000000,0.052486,0.056282,0.034677,0.996912,0.006941,-0.078172,0.002881,0.009304,-0.002344,0.002132,0.039438,-0.280023,0.035823,23.524071,23.524071,23.543358,0.499986,3.760179,-0.335903,0.395672,0.949868
9.300000,1,0,0,2.400000,9.810000,0.900000,30.000000,60.000000,6.000000,0.000000,0.000000,1.500000,0.116083,0.002662,1.495148,0.000000,0.000000,0.000000,0.052973,0.043903,0.034653,0.996913,0.007127,-0.078135,0.002947,0.005763,0.005113,0.001954,-0.030532,-0.290526,-0.015718,23.543358,23.543358,23.562644,0.500396,3.593496,-0.351856,0.252778,0.952186
9.350000,1,0,0,2.400000,9.810000,0.900000,30.000000,60.000000,6.000000,0.000000,0.000000,1.500000,0.118691,0.004509,1.496861,0.000000,0.000000,0.000000,0.050929,0.029766,0.033717,0.996929,0.007211,-0.077926,0.003002,0.001098,0.011482,0.001786,-0.119048,-0.349125,-0.035900,23.562644,23.562644,23.582019,0.500807,3.374255,-0.488116,0.183811,0.954346
9.400000,1,0,0,2.400000,9.810000,0.900000,30.000000,60.000000,6.000000,0.000000,0.000000,1.500000,0.121134,0.005626,1.498505,0.000000,0.000000,0.000000,0.046368,0.014883,0.031916,0.996956,0.007166,-0.077575,0.003044,-0.004488,0.016442,0.001640,-0.157130,-0.369729,-0.085539,23.582019,23.582019,23.601632,0.501224,3.269467,-0.539280,0.042935,0.956304
9.450000,1,0,0,2.400000,9.810000,0.900000,30.000000,60.000000,6.000000,0.000000,0.000000,1.500000,0.123288,0.006002,1.500039,0.000000,0.000000,0.000000,0.039435,0.000318,0.029335,0.996993,0.006973,-0.077121,0.003072,-0.010727,0.019750,0.001522,-0.145426,-0.328425,-0.087194,23.601632,23.601632,23.621677,0.501650,3.279385,-0.448895,0.016146,0.958022
9.500000,1,0,0,2.400000,9.810000,0.900000,30.000000,60.000000,6.000000,0.000000,0.000000,1.500000,0.125042,0.005680,1.501427,0.000000,0.000000,0.000000,0.030399,-0.012898,0.026090,0.997035,0.006619,-0.076608,0.003085,-0.017300,0.021256,0.001435,-0.221732,-0.253929,-0.108502,23.621677,23.621677,23.642378,0.502089,3.075345,-0.286474,-0.058755,0.959472
9.550000,1,0,0,2.400000,9.810000,0.900000,30.000000,60.000000,6.000000,0.000000,0.000000,1.500000,0.126299,0.004750,1.502640,0.000000,0.000000,0.000000,0.019641,-0.023852,0.022327,0.997078,0.006102,-0.076080,0.003084,-0.023862,0.020913,0.001379,-0.256613,-0.203879,-0.102534,23.642378,23.642378,23.663963,0.502548,2.970153,-0.190547,-0.069006,0.960635
9.600000,1,0,0,2.400000,9.810000,0.900000,30.000000,60.000000,6.000000,0.000000,0.000000,1.500000,0.126985,0.003345,1.503654,0.000000,0.000000,0.000000,0.007629,-0.031819,0.018212,0.997120,0.005424,-0.075584,0.003070,-0.030057,0.018777,0.001346,-0.284751,-0.143770,-0.111763,23.663963,23.663963,23.686649,0.503029,2.882739,-0.078086,-0.116420,0.961503
9.650000,1,0,0,2.400000,9.810000,0.900000,30.000000,60.000000,6.000000,0.000000,0.000000,1.500000,0.127050,0.001626,1.504458,0.000000,0.000000,0.000000,-0.005099,-0.036320,0.013923,0.997156,0.004601,-0.075162,0.003044,-0.035548,0.015007,0.001325,-0.225869,-0.062243,-0.101087,23.686649,23.686649,23.710621,0.503538,3.007815,0.078794,-0.116625,0.962077
9.700000,1,0,0,2.400000,9.810000,0.900000,30.000000,60.000000,6.000000,0.000000,0.000000,1.500000,0.126473,-0.000226,1.505047,0.000000,0.000000,0.000000,-0.017969,-0.037163,0.009648,0.997183,0.003653,-0.074853,0.003007,-0.040031,0.009852,0.001302,-0.209557,-0.038085,-0.112379,23.710621,23.710621,23.736014,0.504078,3.036164,0.092012,-0.169998,0.962371
9.750000,1,0,0,2.400000,9.810000,0.900000,30.000000,60.000000,6.000000,0.000000,0.000000,1.500000,0.125261,-0.002031,1.505426,0.000000,0.000000,0.000000,-0.030396,-0.034458,0.005570,0.997199,0.002609,-0.074686,0.002961,-0.043261,0.003639,0.001265,-0.185453,0.091523,-0.099926,23.736014,23.736014,23.762902,0.504649,3.090122,0.353666,-0.166713,0.962408
9.800000,1,0,0,2.400000,9.810000,0.900000,30.000000,60.000000,6.000000,0.000000,0.000000,1.500000,0.123450,-0.003619,1.505610,0.000000,0.000000,0.000000,-0.041819,-0.028602,0.001862,0.997202,0.001503,-0.074684,0.002909,-0.045060,-0.003245,0.001203,-0.174205,0.160417,-0.056901,23.762902,23.762902,23.791283,0.505252,3.121171,0.466547,-0.090276,0.962219
9.850000,1,0,0,2.400000,9.810000,0.900000,30.000000,60.000000,6.000000,0.000000,0.000000,1.500000,0.121104,-0.004849,1.505621,0.000000,0.000000,0.000000,-0.051726,-0.020253,-0.001320,0.997190,0.000371,-0.074857,0.002853,-0.045337,-0.010372,0.001108,-0.154062,0.160770,-0.042857,23.791283,23.791283,23.821077,0.505884,3.182064,0.413618,-0.083504,0.961846
9.900000,1,0,0,2.400000,9.810000,0.900000,30.000000,60.000000,6.000000,0.000000,0.000000,1.500000,0.118310,-0.005617,1.505489,0.000000,0.000000,0.000000,-0.059683,-0.010270,-0.003844,0.997164,-0.000748,-0.075206,0.002795,-0.044085,-0.017303,0.000980,-0.077740,0.198069,-0.062058,23.821077,23.821077,23.852119,0.506543,3.386321,0.449863,-0.156531,0.961334
9.950000,1,0,0,2.400000,9.810000,0.900000,30.000000,60.000000,6.000000,0.000000,0.000000,1.500000,0.115174,-0.005866,1.505249,0.000000,0.000000,0.000000,-0.065355,0.000356,-0.005611,0.997124,-0.001816,-0.075720,0.002738,-0.041388,-0.023606,0.000826,-0.035497,0.210133,-0.032023,23.852119,23.852119,23.884164,0.507224,3.516830,0.427820,-0.111303,0.960734
10.000000,1,0,0,2.400000,9.810000,0.900000,30.000000,60.000000,6.000000,0.000000,0.000000,1.500000,0.111816,-0.005588,1.504941,0.000000,0.000000,0.000000,-0.068525,0.010580,-0.006556,0.997071,-0.002800,-0.076380,0.002683,-0.037411,-0.028884,0.000655,0.032361,0.172611,-0.015455,23.884164,23.884164,23.916891,0.507919,3.715865,0.290678,-0.098208,0.960101
10.050000,1,0,0,2.400000,9.810000,0.900000,30.000000,60.000000,6.000000,0.000000,0.000000,1.500000,0.108365,-0.004831,1.504608,0.000000,0.000000,0.000000,-0.069104,0.019394,-0.006650,0.997009,-0.003671,-0.077154,0.002632,-0.032394,-0.032796,0.000481,0.051807,0.115019,0.045443,23.916891,23.916891,23.949915,0.508620,3.804314,0.110677,0.021557,0.959489
10.100000,1,0,0,2.400000,9.810000,0.900000,30.000000,60.000000,6.000000,0.000000,0.000000,1.500000,0.104948,-0.003687,1.504290,0.000000,0.000000,0.000000,-0.067134,0.025906,-0.005905,0.996940,-0.004407,-0.078005,0.002588,-0.026632,-0.035076,0.000318,0.093196,0.057525,0.039065,23.949915,23.949915,23.982795,0.509319,3.949211,-0.062698,-0.019769,0.958950
10.150000,1,0,0,2.400000,9.810000,0.900000,30.000000,60.000000,6.000000,0.000000,0.000000,1.500000,0.101691,-0.002291,1.504030,0.000000,0.000000,0.000000,-0.062788,0.029414,-0.004371,0.996868,-0.004992,-0.078890,0.002553,-0.020458,-0.035546,0.000177,0.168133,0.021186,0.052821,23.982795,23.982795,24.015058,0.510004,4.176306,-0.178192,-0.012305,0.958536
10.200000,1,0,0,2.400000,9.810000,0.900000,30.000000,60.000000,6.000000,0.000000,0.000000,1.500000,0.098704,-0.000804,1.503865,0.000000,0.000000,0.000000,-0.056360,0.029465,-0.002133,0.996796,-0.005422,-0.079764,0.002526,-0.014223,-0.034131,0.000068,0.208250,-0.050755,0.066957,24.015058,24.015058,24.046215,0.510665,4.319241,-0.371720,-0.003370,0.958290
10.250000,1,0,0,2.400000,9.810000,0.900000,30.000000,60.000000,6.000000,0.000000,0.000000,1.500000,0.096083,0.000595,1.503827,0.000000,0.000000,0.000000,-0.048250,0.025891,0.000690,0.996729,-0.005699,-0.080578,0.002508,-0.008274,-0.030856,-0.000007,0.231520,-0.136235,0.055454,24.046215,24.046215,24.075782,0.511293,4.418846,-0.590444,-0.055309,0.958250
10.300000,1,0,0,2.400000,9.810000,0.900000,30.000000,60.000000,6.000000,0.000000,0.000000,1.500000,0.093900,0.001727,1.503941,0.000000,0.000000,0.000000,-0.038940,0.018824,0.003953,0.996670,-0.005836,-0.081288,0.002501,-0.002929,-0.025851,-0.000049,0.265443,-0.196616,0.062090,24.075782,24.075782,24.103307,0.511878,4.538883,-0.742145,-0.062952,0.958446
10.350000,1,0,0,2.400000,9.810000,0.900000,30.000000,60.000000,6.000000,0.000000,0.000000,1.500000,0.092200,0.002426,1.504227,0.000000,0.000000,0.000000,-0.028972,0.008688,0.007489,0.996624,-0.005849,-0.081854,0.002501,0.001540,-0.019341,-0.000065,0.273208,-0.259077,0.077741,24.103307,24.103307,24.128388,0.512411,4.588987,-0.892937,-0.048092,0.958897
10.400000,1,0,0,2.400000,9.810000,0.900000,30.000000,60.000000,6.000000,0.000000,0.000000,1.500000,0.091004,0.002556,1.504692,0.000000,0.000000,0.000000,-0.018917,-0.003839,0.011121,0.996593,-0.005765,-0.082242,0.002509,0.004926,-0.011636,-0.000064,0.214006,-0.291201,0.094711,24.128388,24.128388,24.150697,0.512884,4.469513,-0.966186,-0.029084,0.959613
10.450000,1,0,0,2.400000,9.810000,0.900000,30.000000,60.000000,6.000000,0.000000,0.000000,1.500000,0.090300,0.002017,1.505337,0.000000,0.000000,0.000000,-0.009348,-0.017875,0.014663,0.996578,-0.005612,-0.082426,0.002521,0.007099,-0.003109,-0.000056,0.238900,-0.305357,0.060154,24.150697,24.150697,24.169994,0.513294,4.541728,-0.992969,-0.132640,0.960593
10.500000,1,0,0,2.400000,9.810000,0.900000,30.000000,60.000000,6.000000,0.000000,0.000000,1.500000,0.090052,0.000760,1.506154,0.000000,0.000000,0.000000,-0.000805,-0.032409,0.017935,0.996582,-0.005421,-0.082393,0.002535,0.008012,0.005819,-0.000048,0.215730,-0.294040,0.063355,24.169994,24.169994,24.186143,0.513637,4.487655,-0.956769,-0.144366,0.961825
10.550000,1,0,0,2.400000,9.810000,0.900000,30.000000,60.000000,6.000000,0.000000,0.000000,1.500000,0.090195,-0.001214,1.507123,0.000000,0.000000,0.000000,0.006228,-0.046376,0.020764,0.996604,-0.005224,-0.082136,0.002549,0.007706,0.014704,-0.000048,0.141047,-0.306640,0.093867,24.186143,24.186143,24.199115,0.513913,4.298763,-0.977631,-0.089209,0.963288
10.600000,1,0,0,2.400000,9.810000,0.900000,30.000000,60.000000,6.000000,0.000000,0.000000,1.500000,0.090643,-0.003851,1.508220,0.000000,0.000000,0.000000,0.011352,-0.058753,0.023001,0.996644,-0.005048,-0.081663,0.002560,0.006305,0.023103,-0.000059,0.094096,-0.262241,0.070561,24.199115,24.199115,24.208986,0.514122,4.165532,-0.862761,-0.161776,0.964950
10.650000,1,0,0,2.400000,9.810000,0.900000,30.000000,60.000000,6.000000,0.000000,0.000000,1.500000,0.091293,-0.007048,1.509411,0.000000,0.000000,0.000000,0.014275,-0.068631,0.024517,0.996699,-0.004920,-0.080991,0.002565,0.004009,0.030601,-0.000082,0.057661,-0.198715,0.030117,24.208986,24.208986,24.215932,0.514270,4.047487,-0.704267,-0.273931,0.966772
10.700000,1,0,0,2.400000,9.810000,0.900000,30.000000,60.000000,6.000000,0.000000,0.000000,1.500000,0.092031,-0.010661,1.510658,0.000000,0.000000,0.000000,0.014821,-0.075295,0.025219,0.996768,-0.004857,-0.080148,0.002564,0.001079,0.036831,-0.000117,0.028194,-0.140515,-0.002145,24.215932,24.215932,24.220208,0.514361,3.937439,-0.561765,-0.364824,0.968706
10.750000,1,0,0,2.400000,9.810000,0.900000,30.000000,60.000000,6.000000,0.000000,0.000000,1.500000,0.092735,-0.014516,1.511919,0.000000,0.000000,0.000000,0.012948,-0.078280,0.025044,0.996846,-0.004873,-0.079169,0.002555,-0.002183,0.041494,-0.000162,-0.040360,-0.068819,-0.014143,24.220208,24.220208,24.222133,0.514401,3.726601,-0.390665,-0.405393,0.970702
10.800000,1,0,0,2.400000,9.810000,0.900000,30.000000,60.000000,6.000000,0.000000,0.000000,1.500000,0.093286,-0.018424,1.513148,0.000000,0.000000,0.000000,0.008743,-0.077406,0.023973,0.996930,-0.004971,-0.078095,0.002537,-0.005448,0.044376,-0.000218,-0.080936,-0.017066,-0.056352,24.222133,24.222133,24.222059,0.514400,3.578003,-0.271418,-0.516728,0.972702
10.850000,1,0,0,2.400000,9.810000,0.900000,30.000000,60.000000,6.000000,0.000000,0.000000,1.500000,0.093574,-0.022194,1.514301,0.000000,0.000000,0.000000,0.002423,-0.072796,0.022021,0.997017,-0.005146,-0.076973,0.002512,-0.008389,0.045362,-0.000286,-0.082909,0.070718,-0.078701,24.222059,24.222059,24.220350,0.514364,3.519413,-0.069482,-0.578634,0.974652
10.900000,1,0,0,2.400000,9.810000,0.900000,30.000000,60.000000,6.000000,0.000000,0.000000,1.500000,0.093499,-0.025648,1.515336,0.000000,0.000000,0.000000,-0.005682,-0.064865,0.019244,0.997102,-0.005388,-0.075851,0.002479,-0.010697,0.044438,-0.000367,-0.120863,0.159753,-0.034269,24.220350,24.220350,24.217353,0.514300,3.374183,0.132270,-0.478495,0.976494
10.950000,1,0,0,2.400000,9.810000,0.900000,30.000000,60.000000,6.000000,0.000000,0.000000,1.500000,0.092983,-0.028636,1.516213,0.000000,0.000000,0.000000,-0.015141,-0.054283,0.015733,0.997181,-0.005676,-0.074774,0.002441,-0.012108,0.041695,-0.000466,-0.155435,0.233423,-0.032868,24.217353,24.217353,24.213377,0.514215,3.239085,0.294900,-0.479867,0.978176
11.000000,1,0,0,2.400000,9.810000,0.900000,30.000000,60.000000,6.000000,0.000000,0.000000,1.500000,0.091971,-0.031047,1.516899,0.000000,0.000000,0.000000,-0.025447,-0.041924,0.011612,0.997253,-0.005986,-0.073787,0.002400,-0.012413,0.037323,-0.000587,-0.165433,0.266943,-0.042024,24.213377,24.213377,24.208676,0.514116,3.167102,0.360157,-0.504839,0.979647
11.050000,1,0,0,2.400000,9.810000,0.900000,30.000000,60.000000,6.000000,0.000000,0.000000,1.500000,0.090434,-0.032816,1.517367,0.000000,0.000000,0.000000,-0.036044,-0.028794,0.007031,0.997315,-0.006287,-0.072926,0.002356,-0.011480,0.031599,-0.000730,-0.167534,0.275950,-0.088505,24.208676,24.208676,24.203439,0.514004,3.120042,0.367004,-0.617680,0.980867
11.100000,1,0,0,2.400000,9.810000,0.900000,30.000000,60.000000,6.000000,0.000000,0.000000,1.500000,0.088371,-0.033931,1.517598,0.000000,0.000000,0.000000,-0.046356,-0.015947,0.002161,0.997364,-0.006549,-0.072221,0.002312,-0.009259,0.024873,-0.000894,-0.186879,0.237370,-0.122007,24.203439,24.203439,24.197780,0.513884,3.039006,0.261605,-0.697696,0.981799
11.150000,1,0,0,2.400000,9.810000,0.900000,30.000000,60.000000,6.000000,0.000000,0.000000,1.500000,0.085812,-0.034432,1.517581,0.000000,0.000000,0.000000,-0.055816,-0.004404,-0.002815,0.997401,-0.006738,-0.071692,0.002270,-0.005786,0.017550,-0.001075,-0.193328,0.252048,-0.118752,24.197780,24.197780,24.191743,0.513756,2.997311,0.287541,-0.687848,0.982420
11.200000,1,0,0,2.400000,9.810000,0.900000,30.000000,60.000000,6.000000,0.000000,0.000000,1.500000,0.082813,-0.034408,1.517317,0.000000,0.000000,0.000000,-0.063896,0.004934,-0.007710,0.997426,-0.006826,-0.071348,0.002232,-0.001184,0.010062,-0.001265,-0.122462,0.189467,-0.127094,24.191743,24.191743,24.185302,0.513619,3.150021,0.133015,-0.704214,0.982712
11.250000,1,0,0,2.400000,9.810000,0.900000,30.000000,60.000000,6.000000,0.000000,0.000000,1.500000,0.079453,-0.033988,1.516815,0.000000,0.000000,0.000000,-0.070137,0.011355,-0.012339,0.997437,-0.006786,-0.071188,0.002200,0.004347,0.002851,-0.001453,-0.073595,0.105110,-0.128742,24.185302,24.185302,24.178373,0.513472,3.258700,-0.067567,-0.702923,0.982672
11.300000,1,0,0,2.400000,9.810000,0.900000,30.000000,60.000000,6.000000,0.000000,0.000000,1.500000,0.075836,-0.033329,1.516091,0.000000,0.000000,0.000000,-0.074171,0.014399,-0.016529,0.997438,-0.006599,-0.071200,0.002175,0.010541,-0.003660,-0.001628,-0.073447,-0.006382,-0.097171,24.178373,24.178373,24.170819,0.513312,3.258613,-0.326107,-0.620333,0.982306
11.350000,1,0,0,2.400000,9.810000,0.900000,30.000000,60.000000,6.000000,0.000000,0.000000,1.500000,0.072077,-0.032607,1.515172,0.000000,0.000000,0.000000,-0.075740,0.013890,-0.020126,0.997429,-0.006251,-0.071361,0.002158,0.017081,-0.009089,-0.001779,-0.045429,-0.100427,-0.070917,24.170819,24.170819,24.162463,0.513134,3.332477,-0.535005,-0.548953,0.981630
11.400000,1,0,0,2.400000,9.810000,0.900000,30.000000,60.000000,6.000000,0.000000,0.000000,1.500000,0.068305,-0.031997,1.514090,0.000000,0.000000,0.000000,-0.074710,0.009951,-0.023003,0.997412,-0.005740,-0.071641,0.002150,0.023622,-0.013116,-0.001900,0.000446,-0.127869,-0.041091,24.162463,24.162463,24.153096,0.512935,3.454731,-0.576092,-0.467468,0.980671
11.450000,1,0,0,2.400000,9.810000,0.900000,30.000000,60.000000,6.000000,0.000000,0.000000,1.500000,0.064650,-0.031662,1.512885,0.000000,0.000000,0.000000,-0.071081,0.002996,-0.025063,0.997389,-0.005068,-0.072000,0.002152,0.029809,-0.015501,-0.001988,0.071384,-0.156534,-0.000039,24.153096,24.153096,24.142487,0.512710,3.640804,-0.612381,-0.357531,0.979464
11.500000,1,0,0,2.400000,9.810000,0.900000,30.000000,60.000000,6.000000,0.000000,0.000000,1.500000,0.061238,-0.031737,1.511599,0.000000,0.000000,0.000000,-0.064984,-0.006306,-0.026245,0.997365,-0.004250,-0.072396,0.002162,0.035305,-0.016098,-0.002047,0.175867,-0.165101,-0.020938,24.142487,24.142487,24.130394,0.512453,3.908953,-0.593359,-0.394795,0.978053
11.550000,1,0,0,2.400000,9.810000,0.900000,30.000000,60.000000,6.000000,0.000000,0.000000,1.500000,0.058188,-0.032318,1.510275,0.000000,0.000000,0.000000,-0.056674,-0.017086,-0.026526,0.997340,-0.003307,-0.072784,0.002180,0.039803,-0.014862,-0.002086,0.190345,-0.191489,0.041026,24.130394,24.130394,24.116573,0.512160,3.960442,-0.611076,-0.231741,0.976486
11.600000,1,0,0,2.400000,9.810000,0.900000,30.000000,60.000000,6.000000,0.000000,0.000000,1.500000,0.055602,-0.033454,1.508961,0.000000,0.000000,0.000000,-0.046519,-0.028345,-0.025923,0.997318,-0.002266,-0.073118,0.002205,0.043056,-0.011852,-0.002116,0.203654,-0.237345,0.030969,24.116573,24.116573,24.100793,0.511825,4.006283,-0.670876,-0.240130,0.974818
11.650000,1,0,0,2.400000,9.810000,0.900000,30.000000,60.000000,6.000000,0.000000,0.000000,1.500000,0.053559,-0.035143,1.507697,0.000000,0.000000,0.000000,-0.034981,-0.039037,-0.024490,0.997303,-0.001163,-0.073357,0.002233,0.044886,-0.007227,-0.002152,0.243318,-0.217951,-0.000448,24.100793,24.100793,24.082846,0.511443,4.110475,-0.571073,-0.298417,0.973104
11.700000,1,0,0,2.400000,9.810000,0.900000,30.000000,60.000000,6.000000,0.000000,0.000000,1.500000,0.052118,-0.037331,1.506524,0.000000,0.000000,0.000000,-0.022589,-0.048152,-0.022318,0.997295,-0.000032,-0.073463,0.002261,0.045195,-0.001239,-0.002206,0.230622,-0.177462,0.036067,24.082846,24.082846,24.062568,0.511013,4.082302,-0.419452,-0.192347,0.971401
11.750000,1,0,0,2.400000,9.810000,0.900000,30.000000,60.000000,6.000000,0.000000,0.000000,1.500000,0.051305,-0.039917,1.505476,0.000000,0.000000,0.000000,-0.009914,-0.054802,-0.019528,0.997299,0.001087,-0.073405,0.002287,0.043975,0.005782,-0.002288,0.246790,-0.085087,0.024398,24.062568,24.062568,24.039851,0.510530,4.115266,-0.143976,-0.200644,0.969762
11.800000,1,0,0,2.400000,9.810000,0.900000,30.000000,60.000000,6.000000,0.000000,0.000000,1.500000,0.051121,-0.042759,1.504579,0.000000,0.000000,0.000000,0.002458,-0.058292,-0.016271,0.997315,0.002156,-0.073164,0.002308,0.041307,0.013446,-0.002401,0.228019,-0.002161,0.051423,24.039851,24.039851,24.014659,0.509995,4.055253,0.106330,-0.114845,0.968239
11.850000,1,0,0,2.400000,9.810000,0.900000,30.000000,60.000000,6.000000,0.000000,0.000000,1.500000,0.051537,-0.045686,1.503853,0.000000,0.000000,0.000000,0.013964,-0.058177,-0.012712,0.997344,0.003143,-0.072728,0.002319,0.037353,0.021325,-0.002542,0.236997,0.024830,0.047413,24.014659,24.014659,23.987045,0.509409,4.052234,0.218244,-0.102351,0.966877
11.900000,1,0,0,2.400000,9.810000,0.900000,30.000000,60.000000,6.000000,0.000000,0.000000,1.500000,0.052495,-0.048513,1.503310,0.000000,0.000000,0.000000,0.024086,-0.054300,-0.009034,0.997387,0.004017,-0.072098,0.002320,0.032350,0.028976,-0.002706,0.198455,0.072555,0.048527,23.987045,23.987045,23.957151,0.508774,3.925620,0.374369,-0.076433,0.965714
11.950000,1,0,0,2.400000,9.810000,0.900000,30.000000,60.000000,6.000000,0.000000,0.000000,1.500000,0.053915,-0.051055,1.502949,0.000000,0.000000,0.000000,0.032381,-0.046803,-0.005421,0.997442,0.004756,-0.071284,0.002306,0.026591,0.035968,-0.002878,0.158156,0.186969,0.023791,23.957151,23.957151,23.925215,0.508096,3.785835,0.683914,-0.111496,0.964778
12.000000,1,0,0,2.400000,9.810000,0.900000,30.000000,60.000000,6.000000,0.000000,0.000000,1.500000,0.055696,-0.053140,1.502764,0.000000,0.000000,0.000000,0.038504,-0.036119,-0.002053,0.997508,0.005346,-0.070309,0.002279,0.020408,0.041900,-0.003045,0.144072,0.224939,0.048300,23.925215,23.925215,23.891564,0.507381,3.701115,0.802683,-0.027388,0.964091
12.050000,1,0,0,2.400000,9.810000,0.900000,30.000000,60.000000,6.000000,0.000000,0.000000,1.500000,0.057725,-0.054626,1.502737,0.000000,0.000000,0.000000,0.042224,-0.022939,0.000901,0.997583,0.005780,-0.069203,0.002238,0.014153,0.046431,-0.003194,0.053681,0.240242,0.096210,23.891564,23.891564,23.856598,0.506639,3.426950,0.859476,0.113772,0.963661
12.100000,1,0,0,2.400000,9.810000,0.900000,30.000000,60.000000,6.000000,0.000000,0.000000,1.500000,0.059877,-0.055407,1.502844,0.000000,0.000000,0.000000,0.043439,-0.008151,0.003293,0.997664,0.006060,-0.068004,0.002183,0.008172,0.049292,-0.003313,0.007787,0.232913,0.027607,23.856598,23.856598,23.820774,0.505878,3.255180,0.854535,-0.023936,0.963487
12.150000,1,0,0,2.400000,9.810000,0.900000,30.000000,60.000000,6.000000,0.000000,0.000000,1.500000,0.062028,-0.055431,1.503055,0.000000,0.000000,0.000000,0.042178,0.007226,0.004998,0.997748,0.006198,-0.066757,0.002116,0.002783,0.050304,-0.003396,-0.039737,0.211168,0.025813,23.820774,23.820774,23.784579,0.505109,3.077271,0.808148,-0.000674,0.963557
12.200000,1,0,0,2.400000,9.810000,0.900000,30.000000,60.000000,6.000000,0.000000,0.000000,1.500000,0.064056,-0.054693,1.503331,0.000000,0.000000,0.000000,0.038600,0.022126,0.005927,0.997831,0.006212,-0.065509,0.002039,-0.001738,0.049389,-0.003441,-0.078666,0.226229,0.015523,23.784579,23.784579,23.748509,0.504343,2.920067,0.844162,0.002655,0.963849
12.250000,1,0,0,2.400000,9.810000,0.900000,30.000000,60.000000,6.000000,0.000000,0.000000,1.500000,0.065854,-0.053243,1.503633,0.000000,0.000000,0.000000,0.032986,0.035519,0.006023,0.997909,0.006126,-0.064308,0.001954,-0.005183,0.046572,-0.003451,-0.101681,0.173897,-0.000058,23.748509,23.748509,23.713039,0.503590,2.803462,0.713703,-0.006440,0.964332
12.300000,1,0,0,2.400000,9.810000,0.900000,30.000000,60.000000,6.000000,0.000000,0.000000,1.500000,0.067327,-0.051181,1.503919,0.000000,0.000000,0.000000,0.025724,0.046500,0.005270,0.997981,0.005970,-0.063200,0.001865,-0.007417,0.041980,-0.003433,-0.080928,0.112769,-0.005702,23.713039,23.713039,23.678607,0.502859,2.796521,0.558802,0.008397,0.964967
12.350000,1,0,0,2.400000,9.810000,0.900000,30.000000,60.000000,6.000000,0.000000,0.000000,1.500000,0.068406,-0.048646,1.504147,0.000000,0.000000,0.000000,0.017288,0.054354,0.003689,0.998044,0.005774,-0.062226,0.001773,-0.008392,0.035839,-0.003394,-0.064278,0.024911,0.009522,23.678607,23.678607,23.645595,0.502158,2.786337,0.337909,0.073196,0.965708
12.400000,1,0,0,2.400000,9.810000,0.900000,30.000000,60.000000,6.000000,0.000000,0.000000,1.500000,0.069045,-0.045806,1.504275,0.000000,0.000000,0.000000,0.008212,0.058619,0.001339,0.998095,0.005569,-0.061422,0.001681,-0.008146,0.028454,-0.003343,-0.101804,-0.029517,-0.013816,23.645595,23.645595,23.614321,0.501493,2.654397,0.196898,0.045125,0.966504
12.450000,1,0,0,2.400000,9.810000,0.900000,30.000000,60.000000,6.000000,0.000000,0.000000,1.500000,0.069226,-0.042847,1.504269,0.000000,0.000000,0.000000,-0.000936,0.059119,-0.001683,0.998133,0.005384,-0.060813,0.001590,-0.006800,0.020199,-0.003286,-0.106280,-0.051620,-0.020500,23.614321,23.614321,23.585028,0.500871,2.611283,0.134499,0.056511,0.967301
12.500000,1,0,0,2.400000,9.810000,0.900000,30.000000,60.000000,6.000000,0.000000,0.000000,1.500000,0.068960,-0.039955,1.504098,0.000000,0.000000,0.000000,-0.009586,0.055979,-0.005252,0.998158,0.005245,-0.060417,0.001502,-0.004550,0.011495,-0.003230,-0.086112,-0.122375,-0.072421,23.585028,23.585028,23.557890,0.500295,2.637582,-0.042449,-0.041361,0.968045
12.550000,1,0,0,2.400000,9.810000,0.900000,30.000000,60.000000,6.000000,0.000000,0.000000,1.500000,0.068285,-0.037303,1.503737,0.000000,0.000000,0.000000,-0.017197,0.049615,-0.009216,0.998170,0.005172,-0.060239,0.001418,-0.001656,0.002784,-0.003176,-0.061165,-0.188246,-0.097454,23.557890,23.557890,23.533006,0.499767,2.685869,-0.204552,-0.075548,0.968681
12.600000,1,0,0,2.400000,9.810000,0.900000,30.000000,60.000000,6.000000,0.000000,0.000000,1.500000,0.067266,-0.035036,1.503173,0.000000,0.000000,0.000000,-0.023280,0.040697,-0.013403,0.998168,0.005175,-0.060274,0.001339,0.001581,-0.005493,-0.003125,-0.040213,-0.174791,-0.102039,23.533006,23.533006,23.510410,0.499287,2.734807,-0.172579,-0.061654,0.969159
12.650000,1,0,0,2.400000,9.810000,0.900000,30.000000,60.000000,6.000000,0.000000,0.000000,1.500000,0.065989,-0.033261,1.502396,0.000000,0.000000,0.000000,-0.027433,0.030097,-0.017632,0.998153,0.005260,-0.060505,0.001265,0.004833,-0.012919,-0.003078,-0.020049,-0.169410,-0.098593,23.510410,23.510410,23.490070,0.498855,2.791315,-0.156094,-0.029596,0.969433
12.700000,1,0,0,2.400000,9.810000,0.900000,30.000000,60.000000,6.000000,0.000000,0.000000,1.500000,0.064560,-0.032038,1.501412,0.000000,0.000000,0.000000,-0.029354,0.018814,-0.021715,0.998128,0.005424,-0.060907,0.001197,0.007773,-0.019127,-0.003036,-0.016850,-0.199768,-0.080682,23.490070,23.490070,23.471892,0.498469,2.815326,-0.221690,0.035957,0.969464
12.750000,1,0,0,2.400000,9.810000,0.900000,30.000000,60.000000,6.000000,0.000000,0.000000,1.500000,0.063094,-0.031373,1.500230,0.000000,0.000000,0.000000,-0.028861,0.007896,-0.025471,0.998094,0.005653,-0.061446,0.001132,0.010090,-0.023819,-0.003000,0.044893,-0.152441,-0.078834,23.471892,23.471892,23.455728,0.498125,2.986439,-0.097705,0.061648,0.969222
12.800000,1,0,0,2.400000,9.810000,0.900000,30.000000,60.000000,6.000000,0.000000,0.000000,1.500000,0.061715,-0.031225,1.498873,0.000000,0.000000,0.000000,-0.025903,-0.001651,-0.028733,0.998053,0.005930,-0.062080,0.001071,0.011519,-0.026782,-0.002975,0.125038,-0.169335,-0.121894,23.455728,23.455728,23.441379,0.497821,3.206388,-0.125622,-0.021830,0.968684
12.850000,1,0,0,2.400000,9.810000,0.900000,30.000000,60.000000,6.000000,0.000000,0.000000,1.500000,0.060544,-0.031501,1.497368,0.000000,0.000000,0.000000,-0.020558,-0.008938,-0.031352,0.998008,0.006230,-0.062765,0.001011,0.011849,-0.027898,-0.002965,0.151146,-0.108857,-0.112452,23.441379,23.441379,23.428605,0.497549,3.299208,0.033205,0.019251,0.967840
12.900000,1,0,0,2.400000,9.810000,0.900000,30.000000,60.000000,6.000000,0.000000,0.000000,1.500000,0.059696,-0.032069,1.495750,0.000000,0.000000,0.000000,-0.013036,-0.013271,-0.033208,0.997963,0.006522,-0.063455,0.000951,0.010945,-0.027155,-0.002976,0.193730,-0.073667,-0.088882,23.428605,23.428605,23.417137,0.497306,3.431937,0.131013,0.092746,0.966689
12.950000,1,0,0,2.400000,9.810000,0.900000,30.000000,60.000000,6.000000,0.000000,0.000000,1.500000,0.059271,-0.032771,1.494061,0.000000,0.000000,0.000000,-0.003661,-0.014208,-0.034209,0.997920,0.006776,-0.064104,0.000887,0.008754,-0.024641,-0.003011,0.272301,-0.004653,-0.072465,23.417137,23.417137,23.406696,0.497084,3.649264,0.308183,0.147555,0.965241
13.000000,1,0,0,2.400000,9.810000,0.900000,30.000000,60.000000,6.000000,0.000000,0.000000,1.500000,0.059353,-0.033431,1.492345,0.000000,0.000000,0.000000,0.007140,-0.011592,-0.034305,0.997882,0.006959,-0.064670,0.000819,0.005309,-0.020547,-0.003071,0.330542,0.057359,-0.038043,23.406696,23.406696,23.397011,0.496878,3.814049,0.465236,0.244053,0.963516
13.050000,1,0,0,2.400000,9.810000,0.900000,30.000000,60.000000,6.000000,0.000000,0.000000,1.500000,0.060001,-0.033873,1.490646,0.000000,0.000000,0.000000,0.018862,-0.005567,-0.033479,0.997853,0.007042,-0.065117,0.000743,0.000730,-0.015148,-0.003154,0.364405,0.112912,-0.047317,23.397011,23.397011,23.387842,0.496684,3.914873,0.602076,0.234167,0.961544
13.100000,1,0,0,2.400000,9.810000,0.900000,30.000000,60.000000,6.000000,0.000000,0.000000,1.500000,0.061246,-0.033938,1.489012,0.000000,0.000000,0.000000,0.030948,0.003437,-0.031758,0.997833,0.006999,-0.065417,0.000658,-0.004787,-0.008793,-0.003251,0.289836,0.159743,-0.007717,23.387842,23.387842,23.379007,0.496496,3.748675,0.712055,0.340098,0.959365
13.150000,1,0,0,2.400000,9.810000,0.900000,30.000000,60.000000,6.000000,0.000000,0.000000,1.500000,0.063092,-0.033491,1.487484,0.000000,0.000000,0.000000,0.042817,0.014732,-0.029202,0.997826,0.006809,-0.065550,0.000562,-0.010975,-0.001885,-0.003354,0.299571,0.204391,0.026340,23.379007,23.379007,23.370398,0.496313,3.777126,0.809928,0.431288,0.957025
13.200000,1,0,0,2.400000,9.810000,0.900000,30.000000,60.000000,6.000000,0.000000,0.000000,1.500000,0.065514,-0.032441,1.486104,0.000000,0.000000,0.000000,0.053895,0.027435,-0.025911,0.997831,0.006459,-0.065509,0.000454,-0.017521,0.005143,-0.003448,0.273319,0.209687,0.004357,23.370398,23.370398,23.361998,0.496135,3.711130,0.805891,0.386592,0.954575
13.250000,1,0,0,2.400000,9.810000,0.900000,30.000000,60.000000,6.000000,0.000000,0.000000,1.500000,0.068459,-0.030741,1.484903,0.000000,0.000000,0.000000,0.063645,0.040536,-0.022014,0.997848,0.005946,-0.065296,0.000335,-0.024079,0.011853,-0.003523,0.247726,0.228300,0.071186,23.361998,23.361998,23.353885,0.495963,3.638753,0.826145,0.553709,0.952071
13.300000,1,0,0,2.400000,9.810000,0.900000,30.000000,60.000000,6.000000,0.000000,0.000000,1.500000,0.071849,-0.028398,1.483910,0.000000,0.000000,0.000000,0.071595,0.052978,-0.017665,0.997876,0.005272,-0.064923,0.000204,-0.030296,0.017820,-0.003567,0.156460,0.190878,0.081785,23.353885,23.353885,23.346233,0.495800,3.401429,0.704442,0.584571,0.949570
13.350000,1,0,0,2.400000,9.810000,0.900000,30.000000,60.000000,6.000000,0.000000,0.000000,1.500000,0.075582,-0.025471,1.483142,0.000000,0.000000,0.000000,0.077362,0.063747,-0.013036,0.997913,0.004451,-0.064415,0.000063,-0.035832,0.022666,-0.003576,0.129953,0.117675,0.101518,23.346233,23.346233,23.339297,0.495653,3.313298,0.490007,0.636078,0.947131
13.400000,1,0,0,2.400000,9.810000,0.900000,30.000000,60.000000,6.000000,0.000000,0.000000,1.500000,0.079544,-0.022067,1.482608,0.000000,0.000000,0.000000,0.080672,0.071952,-0.008314,0.997956,0.003504,-0.063803,-0.000084,-0.040380,0.026071,-0.003549,0.101940,0.096155,0.089721,23.339297,23.339297,23.333395,0.495527,3.216841,0.393737,0.610630,0.944808
13.450000,1,0,0,2.400000,9.810000,0.900000,30.000000,60.000000,6.000000,0.000000,0.000000,1.500000,0.083606,-0.018331,1.482309,0.000000,0.000000,0.000000,0.081375,0.076896,-0.003684,0.998002,0.002458,-0.063127,-0.000237,-0.043689,0.027798,-0.003493,-0.005292,0.029383,0.054294,23.333395,23.333395,23.328881,0.495432,2.927393,0.184296,0.527163,0.942651
13.500000,1,0,0,2.400000,9.810000,0.900000,30.000000,60.000000,6.000000,0.000000,0.000000,1.500000,0.087637,-0.014439,1.482235,0.000000,0.000000,0.000000,0.079453,0.078137,0.000672,0.998048,0.001347,-0.062431,-0.000392,-0.045579,0.027700,-0.003418,-0.082062,-0.021920,0.054379,23.328881,23.328881,23.326122,0.495373,2.710265,0.008968,0.527565,0.940707
13.550000,1,0,0,2.400000,9.810000,0.900000,30.000000,60.000000,6.000000,0.000000,0.000000,1.500000,0.091509,-0.010581,1.482368,0.000000,0.000000,0.000000,0.075019,0.075520,0.004585,0.998091,0.000207,-0.061760,-0.000547,-0.045950,0.025735,-0.003338,-0.133716,-0.096642,0.034114,23.326122,23.326122,23.325467,0.495359,2.554807,-0.223867,0.477696,0.939011
13.600000,1,0,0,2.400000,9.810000,0.900000,30.000000,60.000000,6.000000,0.000000,0.000000,1.500000,0.095101,-0.006949,1.482683,0.000000,0.000000,0.000000,0.068313,0.069191,0.007906,0.998127,-0.000923,-0.061160,-0.000700,-0.044790,0.021964,-0.003268,-0.176942,-0.162840,0.027045,23.325467,23.325467,23.327230,0.495396,2.423142,-0.435770,0.457982,0.937592
13.650000,1,0,0,2.400000,9.810000,0.900000,30.000000,60.000000,6.000000,0.000000,0.000000,1.500000,0.098309,-0.003717,1.483147,0.000000,0.000000,0.000000,0.059687,0.059586,0.010515,0.998155,-0.002005,-0.060676,-0.000848,-0.042177,0.016549,-0.003220,-0.194164,-0.192807,-0.012068,23.327230,23.327230,23.331672,0.495491,2.359495,-0.558515,0.359754,0.936469
13.700000,1,0,0,2.400000,9.810000,0.900000,30.000000,60.000000,6.000000,0.000000,0.000000,1.500000,0.101046,-0.001034,1.483722,0.000000,0.000000,0.000000,0.049592,0.047396,0.012322,0.998173,-0.003006,-0.060344,-0.000989,-0.038270,0.009743,-0.003203,-0.190381,-0.238682,-0.025579,23.331672,23.331672,23.338989,0.495646,2.353670,-0.715649,0.321282,0.935650
13.750000,1,0,0,2.400000,9.810000,0.900000,30.000000,60.000000,6.000000,0.000000,0.000000,1.500000,0.103252,0.000994,1.484365,0.000000,0.000000,0.000000,0.038547,0.033512,0.013277,0.998178,-0.003896,-0.060197,-0.001124,-0.033302,0.001880,-0.003220,-0.247569,-0.235332,-0.033422,23.338989,23.338989,23.349313,0.495865,2.210378,-0.749490,0.294653,0.935132
13.800000,1,0,0,2.400000,9.810000,0.900000,30.000000,60.000000,6.000000,0.000000,0.000000,1.500000,0.104894,0.002306,1.485035,0.000000,0.000000,0.000000,0.027117,0.018950,0.013364,0.998171,-0.004652,-0.060255,-0.001251,-0.027567,-0.006650,-0.003266,-0.266067,-0.251415,-0.040325,23.349313,23.349313,23.362708,0.496150,2.169841,-0.823765,0.268464,0.934902
13.850000,1,0,0,2.400000,9.810000,0.900000,30.000000,60.000000,6.000000,0.000000,0.000000,1.500000,0.105967,0.002896,1.485687,0.000000,0.000000,0.000000,0.015881,0.004773,0.012609,0.998152,-0.005259,-0.060530,-0.001368,-0.021396,-0.015414,-0.003332,-0.277872,-0.221637,-0.056970,23.362708,23.362708,23.379174,0.496500,2.155819,-0.781073,0.217050,0.934936
13.900000,1,0,0,2.400000,9.810000,0.900000,30.000000,60.000000,6.000000,0.000000,0.000000,1.500000,0.106495,0.002807,1.486283,0.000000,0.000000,0.000000,0.005405,-0.007996,0.011074,0.998119,-0.005710,-0.061022,-0.001478,-0.015139,-0.023969,-0.003408,-0.243274,-0.229732,-0.038216,23.379174,23.379174,23.398648,0.496913,2.263660,-0.822071,0.248744,0.935201
13.950000,1,0,0,2.400000,9.810000,0.900000,30.000000,60.000000,6.000000,0.000000,0.000000,1.500000,0.106529,0.002135,1.486784,0.000000,0.000000,0.000000,-0.003792,-0.018459,0.008858,0.998074,-0.006008,-0.061720,-0.001578,-0.009143,-0.031879,-0.003478,-0.206058,-0.182010,-0.074757,23.398648,23.398648,23.421007,0.497388,2.387803,-0.722001,0.145895,0.935658
14.000000,1,0,0,2.400000,9.810000,0.900000,30.000000,60.000000,6.000000,0.000000,0.000000,1.500000,0.106144,0.001012,1.487159,0.000000,0.000000,0.000000,-0.011263,-0.025911,0.006088,0.998018,-0.006163,-0.062604,-0.001670,-0.003728,-0.038742,-0.003531,-0.177421,-0.182429,-0.053590,23.421007,23.421007,23.446065,0.497920,2.500406,-0.730847,0.179745,0.936259
14.050000,1,0,0,2.400000,9.810000,0.900000,30.000000,60.000000,6.000000,0.000000,0.000000,1.500000,0.105437,-0.000399,1.487386,0.000000,0.000000,0.000000,-0.016656,-0.029900,0.002918,0.997952,-0.006193,-0.063643,-0.001754,0.000828,-0.044213,-0.003557,-0.153717,-0.068528,-0.054734,23.446065,23.446065,23.473579,0.498504,2.608806,-0.459531,0.158305,0.936954
14.100000,1,0,0,2.400000,9.810000,0.900000,30.000000,60.000000,6.000000,0.000000,0.000000,1.500000,0.104517,-0.001918,1.487447,0.000000,0.000000,0.000000,-0.019731,-0.030261,-0.000481,0.997878,-0.006123,-0.064798,-0.001831,0.004315,-0.048020,-0.003551,-0.064425,0.001287,-0.062964,23.473579,23.473579,23.503242,0.499134,2.880465,-0.289343,0.118187,0.937687
14.150000,1,0,0,2.400000,9.810000,0.900000,30.000000,60.000000,6.000000,0.000000,0.000000,1.500000,0.103505,-0.003366,1.487337,0.000000,0.000000,0.000000,-0.020376,-0.027129,-0.003927,0.997798,-0.005981,-0.066025,-0.001903,0.006595,-0.049981,-0.003512,-0.022159,0.083734,-0.047593,23.503242,23.503242,23.534691,0.499802,3.043043,-0.085476,0.133131,0.938405
14.200000,1,0,0,2.400000,9.810000,0.900000,30.000000,60.000000,6.000000,0.000000,0.000000,1.500000,0.102520,-0.004579,1.487057,0.000000,0.000000,0.000000,-0.018610,-0.020928,-0.007237,0.997716,-0.005798,-0.067277,-0.001970,0.007616,-0.050016,-0.003443,0.004016,0.096488,-0.015110,23.534691,23.534691,23.567510,0.500499,3.168547,-0.046949,0.187671,0.939054
14.250000,1,0,0,2.400000,9.810000,0.900000,30.000000,60.000000,6.000000,0.000000,0.000000,1.500000,0.101681,-0.005419,1.486618,0.000000,0.000000,0.000000,-0.014583,-0.012335,-0.010232,0.997633,-0.005605,-0.068506,-0.002035,0.007412,-0.048146,-0.003350,0.101249,0.147055,0.010967,23.567510,23.567510,23.601248,0.501216,3.463836,0.082806,0.225496,0.939584
14.300000,1,0,0,2.400000,9.810000,0.900000,30.000000,60.000000,6.000000,0.000000,0.000000,1.500000,0.101095,-0.005787,1.486041,0.000000,0.000000,0.000000,-0.008565,-0.002225,-0.012749,0.997553,-0.005431,-0.069665,-0.002099,0.006103,-0.044497,-0.003239,0.159810,0.173648,0.040813,23.601248,23.601248,23.635430,0.501942,3.663336,0.154132,0.271180,0.939951
14.350000,1,0,0,2.400000,9.810000,0.900000,30.000000,60.000000,6.000000,0.000000,0.000000,1.500000,0.100852,-0.005633,1.485354,0.000000,0.000000,0.000000,-0.000939,0.008403,-0.014645,0.997480,-0.005301,-0.070714,-0.002164,0.003883,-0.039289,-0.003116,0.172053,0.157103,0.011540,23.635430,23.635430,23.669588,0.502667,3.746658,0.119848,0.173967,0.940117
14.400000,1,0,0,2.400000,9.810000,0.900000,30.000000,60.000000,6.000000,0.000000,0.000000,1.500000,0.101020,-0.004956,1.484589,0.000000,0.000000,0.000000,0.007828,0.018504,-0.015804,0.997416,-0.005236,-0.071616,-0.002231,0.001007,-0.032828,-0.002985,0.222671,0.159204,0.020253,23.669588,23.669588,23.703277,0.503383,3.915320,0.127309,0.167110,0.940053
14.450000,1,0,0,2.400000,9.810000,0.900000,30.000000,60.000000,6.000000,0.000000,0.000000,1.500000,0.101645,-0.003808,1.483787,0.000000,0.000000,0.000000,0.017206,0.027076,-0.016144,0.997363,-0.005247,-0.072344,-0.002301,-0.002222,-0.025484,-0.002850,0.209535,0.077166,0.050248,23.703277,23.703277,23.736107,0.504080,3.922865,-0.070776,0.210736,0.939739
14.500000,1,0,0,2.400000,9.810000,0.900000,30.000000,60.000000,6.000000,0.000000,0.000000,1.500000,0.102741,-0.002288,1.482989,0.000000,0.000000,0.000000,0.026626,0.033242,-0.015619,0.997323,-0.005339,-0.072883,-0.002374,-0.005478,-0.017676,-0.002710,0.214738,0.048850,0.069052,23.736107,23.736107,23.767763,0.504752,3.965429,-0.143771,0.227140,0.939165
14.550000,1,0,0,2.400000,9.810000,0.900000,30.000000,60.000000,6.000000,0.000000,0.000000,1.500000,0.104298,-0.000535,1.482240,0.000000,0.000000,0.000000,0.035518,0.036322,-0.014221,0.997297,-0.005510,-0.073226,-0.002451,-0.008433,-0.009843,-0.002567,0.175022,-0.004442,0.068800,23.767763,23.767763,23.798016,0.505394,3.890823,-0.280398,0.197686,0.938333
14.600000,1,0,0,2.400000,9.810000,0.900000,30.000000,60.000000,6.000000,0.000000,0.000000,1.500000,0.106275,0.001285,1.481581,0.000000,0.000000,0.000000,0.043334,0.035885,-0.011982,0.997285,-0.005747,-0.073377,-0.002530,-0.010777,-0.002425,-0.002422,0.159355,-0.091660,0.123273,23.798016,23.798016,23.826735,0.506004,3.864733,-0.501596,0.299678,0.937254
14.650000,1,0,0,2.400000,9.810000,0.900000,30.000000,60.000000,6.000000,0.000000,0.000000,1.500000,0.108606,0.002992,1.481054,0.000000,0.000000,0.000000,0.049581,0.031791,-0.008971,0.997284,-0.006031,-0.073353,-0.002610,-0.012240,0.004164,-0.002278,0.099553,-0.164513,0.110225,23.826735,23.826735,23.853885,0.506581,3.724202,-0.690587,0.239945,0.935950
14.700000,1,0,0,2.400000,9.810000,0.900000,30.000000,60.000000,6.000000,0.000000,0.000000,1.500000,0.111200,0.004406,1.480695,0.000000,0.000000,0.000000,0.053847,0.024201,-0.005292,0.997295,-0.006339,-0.073178,-0.002689,-0.012610,0.009561,-0.002139,0.078227,-0.259434,0.083581,23.853885,23.853885,23.879519,0.507125,3.668668,-0.933632,0.148107,0.934453
14.750000,1,0,0,2.400000,9.810000,0.900000,30.000000,60.000000,6.000000,0.000000,0.000000,1.500000,0.113952,0.005361,1.480534,0.000000,0.000000,0.000000,0.055818,0.013561,-0.001078,0.997314,-0.006641,-0.072888,-0.002765,-0.011748,0.013468,-0.002011,0.013698,-0.307850,0.101939,23.879519,23.879519,23.903763,0.507640,3.503687,-1.064769,0.164965,0.932802
14.800000,1,0,0,2.400000,9.810000,0.900000,30.000000,60.000000,6.000000,0.000000,0.000000,1.500000,0.116741,0.005722,1.480594,0.000000,0.000000,0.000000,0.055304,0.000573,0.003511,0.997339,-0.006905,-0.072520,-0.002836,-0.009598,0.015674,-0.001900,-0.058489,-0.300300,0.108199,23.903763,23.903763,23.926795,0.508129,3.316471,-1.059782,0.153621,0.931043
14.850000,1,0,0,2.400000,9.810000,0.900000,30.000000,60.000000,6.000000,0.000000,0.000000,1.500000,0.119440,0.005394,1.480889,0.000000,0.000000,0.000000,0.052239,-0.013867,0.008300,0.997366,-0.007100,-0.072120,-0.002899,-0.006191,0.016066,-0.001814,-0.106553,-0.304421,0.124829,23.926795,23.926795,23.948832,0.508597,3.185416,-1.079472,0.168108,0.929229
14.900000,1,0,0,2.400000,9.810000,0.900000,30.000000,60.000000,6.000000,0.000000,0.000000,1.500000,0.121923,0.004329,1.481424,0.000000,0.000000,0.000000,0.046691,-0.028736,0.013104,0.997393,-0.007195,-0.071734,-0.002954,-0.001642,0.014631,-0.001754,-0.209062,-0.295267,0.089354,23.948832,23.948832,23.970103,0.509049,2.924165,-1.062530,0.058567,0.927415
14.950000,1,0,0,2.400000,9.810000,0.900000,30.000000,60.000000,6.000000,0.000000,0.000000,1.500000,0.124071,0.002531,1.482196,0.000000,0.000000,0.000000,0.038859,-0.042970,0.017735,0.997417,-0.007165,-0.071406,-0.002998,0.003853,0.011461,-0.001721,-0.237146,-0.258791,0.055145,23.970103,23.970103,23.990841,0.509489,2.844175,-0.973982,-0.046857,0.925657
15.000000,1,0,0,2.400000,9.810000,0.900000,30.000000,60.000000,6.000000,0.000000,0.000000,1.500000,0.125776,0.000059,1.483192,0.000000,0.000000,0.000000,0.029059,-0.055549,0.022013,0.997435,-0.006990,-0.071176,-0.003030,0.010033,0.006748,-0.001710,-0.263796,-0.208202,0.058030,23.990841,23.990841,24.011265,0.509923,2.772278,-0.844544,-0.062147,0.924011
15.050000,1,0,0,2.400000,9.810000,0.900000,30.000000,60.000000,6.000000,0.000000,0.000000,1.500000,0.126951,-0.002981,1.484389,0.000000,0.000000,0.000000,0.017709,-0.065578,0.025772,0.997444,-0.006655,-0.071082,-0.003049,0.016583,0.000769,-0.001711,-0.299518,-0.133498,0.043209,24.011265,24.011265,24.031569,0.510354,2.684978,-0.649569,-0.118797,0.922529
15.100000,1,0,0,2.400000,9.810000,0.900000,30.000000,60.000000,6.000000,0.000000,0.000000,1.500000,0.127530,-0.006444,1.485758,0.000000,0.000000,0.000000,0.005312,-0.072359,0.028867,0.997442,-0.006156,-0.071149,-0.003056,0.023161,-0.006124,-0.001711,-0.318626,-0.102156,0.044254,24.031569,24.031569,24.051911,0.510786,2.645279,-0.550752,-0.136236,0.921261
15.150000,1,0,0,2.400000,9.810000,0.900000,30.000000,60.000000,6.000000,0.000000,0.000000,1.500000,0.127474,-0.010155,1.487262,0.000000,0.000000,0.000000,-0.007578,-0.075450,0.031183,0.997428,-0.005497,-0.071395,-0.003051,0.029411,-0.013527,-0.001698,-0.335120,-0.025435,0.034262,24.051911,24.051911,24.072410,0.511222,2.620466,-0.335284,-0.179030,0.920249
15.200000,1,0,0,2.400000,9.810000,0.900000,30.000000,60.000000,6.000000,0.000000,0.000000,1.500000,0.126773,-0.013925,1.488862,0.000000,0.000000,0.000000,-0.020378,-0.074694,0.032637,0.997401,-0.004691,-0.071829,-0.003033,0.034993,-0.021006,-0.001657,-0.364075,0.040400,0.047272,24.072410,24.072410,24.093129,0.511662,2.574740,-0.138786,-0.165501,0.919525
15.250000,1,0,0,2.400000,9.810000,0.900000,30.000000,60.000000,6.000000,0.000000,0.000000,1.500000,0.125447,-0.017563,1.490511,0.000000,0.000000,0.000000,-0.032509,-0.070240,0.033181,0.997361,-0.003758,-0.072446,-0.003003,0.039598,-0.028120,-0.001582,-0.311416,0.101607,-0.012586,24.093129,24.093129,24.114070,0.512106,2.733727,0.052784,-0.325756,0.919116
15.300000,1,0,0,2.400000,9.810000,0.900000,30.000000,60.000000,6.000000,0.000000,0.000000,1.500000,0.123543,-0.020894,1.492165,0.000000,0.000000,0.000000,-0.043426,-0.062523,0.032810,0.997307,-0.002725,-0.073231,-0.002963,0.042974,-0.034444,-0.001467,-0.277411,0.165715,-0.033833,24.114070,24.114070,24.135161,0.512554,2.856099,0.256182,-0.392275,0.919035
15.350000,1,0,0,2.400000,9.810000,0.900000,30.000000,60.000000,6.000000,0.000000,0.000000,1.500000,0.121133,-0.023772,1.493777,0.000000,0.000000,0.000000,-0.052647,-0.052232,0.031554,0.997241,-0.001626,-0.074160,-0.002915,0.044936,-0.039598,-0.001317,-0.214576,0.228025,-0.020237,24.135161,24.135161,24.156250,0.513002,3.054634,0.458543,-0.374130,0.919287
15.400000,1,0,0,2.400000,9.810000,0.900000,30.000000,60.000000,6.000000,0.000000,0.000000,1.500000,0.118313,-0.026089,1.495306,0.000000,0.000000,0.000000,-0.059776,-0.040252,0.029482,0.997164,-0.000498,-0.075199,-0.002860,0.045382,-0.043262,-0.001139,-0.157845,0.251306,-0.068566,24.156250,24.156250,24.177103,0.513445,3.243874,0.568756,-0.503592,0.919866
15.450000,1,0,0,2.400000,9.810000,0.900000,30.000000,60.000000,6.000000,0.000000,0.000000,1.500000,0.115195,-0.027786,1.496714,0.000000,0.000000,0.000000,-0.064523,-0.027596,0.026699,0.997080,0.000622,-0.076309,-0.002801,0.044295,-0.045196,-0.000947,-0.072012,0.276350,-0.073985,24.177103,24.177103,24.197400,0.513876,3.506340,0.682884,-0.529079,0.920753
15.500000,1,0,0,2.400000,9.810000,0.900000,30.000000,60.000000,6.000000,0.000000,0.000000,1.500000,0.111903,-0.028855,1.497967,0.000000,0.000000,0.000000,-0.066724,-0.015316,0.023338,0.996992,0.001696,-0.077443,-0.002740,0.041751,-0.045256,-0.000758,-0.027614,0.200776,-0.085594,24.197400,24.197400,24.216749,0.514287,3.670525,0.553403,-0.568443,0.921921
15.550000,1,0,0,2.400000,9.810000,0.900000,30.000000,60.000000,6.000000,0.000000,0.000000,1.500000,0.108566,-0.029341,1.499040,0.000000,0.000000,0.000000,-0.066342,-0.004423,0.019556,0.996903,0.002689,-0.078555,-0.002682,0.037906,-0.043398,-0.000586,0.064992,0.144807,-0.106178,24.216749,24.216749,24.234700,0.514668,3.949221,0.467169,-0.628352,0.923335
15.600000,1,0,0,2.400000,9.810000,0.900000,30.000000,60.000000,6.000000,0.000000,0.000000,1.500000,0.105310,-0.029336,1.499918,0.000000,0.000000,0.000000,-0.063474,0.004197,0.015529,0.996817,0.003573,-0.079596,-0.002627,0.032990,-0.039683,-0.000444,0.087266,0.116672,-0.066372,24.234700,24.234700,24.250767,0.515009,4.055582,0.442488,-0.542295,0.924951
15.650000,1,0,0,2.400000,9.810000,0.900000,30.000000,60.000000,6.000000,0.000000,0.000000,1.500000,0.102256,-0.028971,1.500592,0.000000,0.000000,0.000000,-0.058344,0.009858,0.011441,0.996740,0.004323,-0.080523,-0.002580,0.027295,-0.034274,-0.000340,0.123316,0.051575,-0.081696,24.250767,24.250767,24.264465,0.515300,4.189239,0.322712,-0.587451,0.926719
15.700000,1,0,0,2.400000,9.810000,0.900000,30.000000,60.000000,6.000000,0.000000,0.000000,1.500000,0.099508,-0.028407,1.501064,0.000000,0.000000,0.000000,-0.051292,0.012123,0.007476,0.996675,0.004926,-0.081296,-0.002542,0.021150,-0.027424,-0.000276,0.160578,-0.016225,-0.091428,24.264465,24.264465,24.275336,0.515531,4.318061,0.189297,-0.617989,0.928584
15.750000,1,0,0,2.400000,9.810000,0.900000,30.000000,60.000000,6.000000,0.000000,0.000000,1.500000,0.097152,-0.027818,1.501345,0.000000,0.000000,0.000000,-0.042753,0.010844,0.003812,0.996624,0.005374,-0.081883,-0.002515,0.014906,-0.019466,-0.000246,0.186714,-0.062700,-0.040070,24.275336,24.275336,24.282983,0.515694,4.410811,0.099564,-0.500581,0.930492
15.800000,1,0,0,2.400000,9.810000,0.900000,30.000000,60.000000,6.000000,0.000000,0.000000,1.500000,0.095249,-0.027379,1.501453,0.000000,0.000000,0.000000,-0.033236,0.006175,0.000614,0.996592,0.005670,-0.082261,-0.002499,0.008910,-0.010793,-0.000243,0.240241,-0.119718,-0.045390,24.282983,24.282983,24.287102,0.515781,4.558754,-0.022894,-0.517714,0.932384
15.850000,1,0,0,2.400000,9.810000,0.900000,30.000000,60.000000,6.000000,0.000000,0.000000,1.500000,0.093835,-0.027250,1.501416,0.000000,0.000000,0.000000,-0.023300,-0.001445,-0.001979,0.996578,0.005823,-0.082419,-0.002493,0.003484,-0.001835,-0.000254,0.263485,-0.172414,-0.063778,24.287102,24.287102,24.287498,0.515790,4.622815,-0.141913,-0.564561,0.934207
15.900000,1,0,0,2.400000,9.810000,0.900000,30.000000,60.000000,6.000000,0.000000,0.000000,1.500000,0.092917,-0.027561,1.501267,0.000000,0.000000,0.000000,-0.013519,-0.011326,-0.003854,0.996583,0.005851,-0.082355,-0.002497,-0.001094,0.006961,-0.000267,0.272876,-0.201428,-0.073206,24.287498,24.287498,24.284102,0.515717,4.642317,-0.210171,-0.588080,0.935909
15.950000,1,0,0,2.400000,9.810000,0.900000,30.000000,60.000000,6.000000,0.000000,0.000000,1.500000,0.092471,-0.028405,1.501044,0.000000,0.000000,0.000000,-0.004456,-0.022581,-0.004930,0.996606,0.005779,-0.082077,-0.002508,-0.004608,0.015160,-0.000270,0.239372,-0.219487,-0.029672,24.284102,24.284102,24.276970,0.515566,4.548005,-0.257047,-0.482505,0.937446
16.000000,1,0,0,2.400000,9.810000,0.900000,30.000000,60.000000,6.000000,0.000000,0.000000,1.500000,0.092450,-0.029825,1.500788,0.000000,0.000000,0.000000,0.003370,-0.034202,-0.005166,0.996645,0.005634,-0.081607,-0.002524,-0.006920,0.022358,-0.000255,0.213193,-0.264431,0.038088,24.276970,24.276970,24.266274,0.515339,4.461397,-0.371979,-0.316663,0.938779
16.050000,1,0,0,2.400000,9.810000,0.900000,30.000000,60.000000,6.000000,0.000000,0.000000,1.500000,0.092780,-0.031814,1.500542,0.000000,0.000000,0.000000,0.009508,-0.045141,-0.004558,0.996698,0.005448,-0.080973,-0.002542,-0.007972,0.028210,-0.000219,0.171729,-0.209771,0.010709,24.266274,24.266274,24.252292,0.515042,4.329685,-0.249889,-0.376921,0.939879
16.100000,1,0,0,2.400000,9.810000,0.900000,30.000000,60.000000,6.000000,0.000000,0.000000,1.500000,0.093367,-0.034311,1.500346,0.000000,0.000000,0.000000,0.013599,-0.054395,-0.003140,0.996761,0.005252,-0.080213,-0.002559,-0.007797,0.032444,-0.000159,0.124558,-0.188133,0.041697,24.252292,24.252292,24.235377,0.514683,4.177706,-0.207563,-0.294794,0.940726
16.150000,1,0,0,2.400000,9.810000,0.900000,30.000000,60.000000,6.000000,0.000000,0.000000,1.500000,0.094102,-0.037211,1.500240,0.000000,0.000000,0.000000,0.015399,-0.061087,-0.000985,0.996829,0.005074,-0.079370,-0.002572,-0.006510,0.034876,-0.000078,0.031346,-0.116854,0.077664,24.235377,24.235377,24.215943,0.514270,3.910802,-0.045193,-0.198387,0.941312
16.200000,1,0,0,2.400000,9.810000,0.900000,30.000000,60.000000,6.000000,0.000000,0.000000,1.500000,0.094867,-0.040366,1.500258,0.000000,0.000000,0.000000,0.014788,-0.064542,0.001802,0.996899,0.004940,-0.078490,-0.002579,-0.004303,0.035424,0.000021,-0.004184,-0.051947,0.106855,24.215943,24.215943,24.194431,0.513813,3.780207,0.104023,-0.115935,0.941636
16.250000,1,0,0,2.400000,9.810000,0.900000,30.000000,60.000000,6.000000,0.000000,0.000000,1.500000,0.095541,-0.043604,1.500428,0.000000,0.000000,0.000000,0.011776,-0.064336,0.005083,0.996968,0.004869,-0.077620,-0.002579,-0.001429,0.034109,0.000134,-0.050579,0.065959,0.141014,24.194431,24.194431,24.171289,0.513322,3.623751,0.383524,-0.019316,0.941712
16.300000,1,0,0,2.400000,9.810000,0.900000,30.000000,60.000000,6.000000,0.000000,0.000000,1.500000,0.096006,-0.046736,1.500772,0.000000,0.000000,0.000000,0.006505,-0.060338,0.008702,0.997031,0.004875,-0.076804,-0.002569,0.001811,0.031055,0.000259,-0.122213,0.136796,0.102609,24.171289,24.171289,24.146954,0.512805,3.409178,0.553758,-0.094711,0.941561
16.350000,1,0,0,2.400000,9.810000,0.900000,30.000000,60.000000,6.000000,0.000000,0.000000,1.500000,0.096158,-0.049577,1.501301,0.000000,0.000000,0.000000,-0.000759,-0.052716,0.012482,0.997086,0.004963,-0.076084,-0.002551,0.005093,0.026481,0.000396,-0.143867,0.206239,0.065796,24.146954,24.146954,24.121829,0.512271,3.319034,0.724580,-0.164288,0.941214
16.400000,1,0,0,2.400000,9.810000,0.900000,30.000000,60.000000,6.000000,0.000000,0.000000,1.500000,0.095904,-0.051955,1.502020,0.000000,0.000000,0.000000,-0.009641,-0.041927,0.016239,0.997130,0.005129,-0.075495,-0.002524,0.008086,0.020691,0.000542,-0.156524,0.235213,0.021351,24.121829,24.121829,24.096276,0.511729,3.256656,0.802036,-0.250355,0.940711
16.450000,1,0,0,2.400000,9.810000,0.900000,30.000000,60.000000,6.000000,0.000000,0.000000,1.500000,0.095174,-0.053729,1.502922,0.000000,0.000000,0.000000,-0.019676,-0.028679,0.019791,0.997161,0.005362,-0.075061,-0.002489,0.010479,0.014055,0.000700,-0.215815,0.288809,-0.027536,24.096276,24.096276,24.070602,0.511183,3.089800,0.941794,-0.345453,0.940098
16.500000,1,0,0,2.400000,9.810000,0.900000,30.000000,60.000000,6.000000,0.000000,0.000000,1.500000,0.093926,-0.054797,1.503993,0.000000,0.000000,0.000000,-0.030333,-0.013875,0.022959,0.997180,0.005643,-0.074799,-0.002446,0.012002,0.006986,0.000867,-0.205919,0.311836,-0.017213,24.070602,24.070602,24.045050,0.510641,3.097222,1.010494,-0.297035,0.939425
16.550000,1,0,0,2.400000,9.810000,0.900000,30.000000,60.000000,6.000000,0.000000,0.000000,1.500000,0.092140,-0.055107,1.505209,0.000000,0.000000,0.000000,-0.041043,0.001458,0.025585,0.997184,0.005949,-0.074714,-0.002399,0.012440,-0.000075,0.001041,-0.199400,0.329874,0.013609,24.045050,24.045050,24.019796,0.510104,3.105028,1.068341,-0.198237,0.938746
16.600000,1,0,0,2.400000,9.810000,0.900000,30.000000,60.000000,6.000000,0.000000,0.000000,1.500000,0.089830,-0.054660,1.506540,0.000000,0.000000,0.000000,-0.051230,0.016254,0.027530,0.997176,0.006249,-0.074801,-0.002349,0.011652,-0.006694,0.001217,-0.220965,0.326353,0.007186,24.019796,24.019796,23.994944,0.509577,3.053648,1.074168,-0.187883,0.938116
16.650000,1,0,0,2.400000,9.810000,0.900000,30.000000,60.000000,6.000000,0.000000,0.000000,1.500000,0.087035,-0.053508,1.507949,0.000000,0.000000,0.000000,-0.060339,0.029493,0.028685,0.997156,0.006513,-0.075043,-0.002298,0.009576,-0.012457,0.001388,-0.231697,0.252531,-0.019093,23.994944,23.994944,23.970526,0.509058,3.035692,0.909491,-0.224481,0.937587
16.700000,1,0,0,2.400000,9.810000,0.900000,30.000000,60.000000,6.000000,0.000000,0.000000,1.500000,0.083822,-0.051752,1.509394,0.000000,0.000000,0.000000,-0.067867,0.040282,0.028975,0.997127,0.006710,-0.075413,-0.002249,0.006241,-0.017004,0.001544,-0.217792,0.194959,-0.061146,23.970526,23.970526,23.946502,0.508548,3.083035,0.780511,-0.298468,0.937212
16.750000,1,0,0,2.400000,9.810000,0.900000,30.000000,60.000000,6.000000,0.000000,0.000000,1.500000,0.080282,-0.049532,1.510831,0.000000,0.000000,0.000000,-0.073388,0.047926,0.028363,0.997091,0.006807,-0.075879,-0.002204,0.001758,-0.020040,0.001677,-0.156025,0.162363,-0.051847,23.946502,23.946502,23.922769,0.508044,3.249761,0.706738,-0.248966,0.937034
16.800000,1,0,0,2.400000,9.810000,0.900000,30.000000,60.000000,6.000000,0.000000,0.000000,1.500000,0.076522,-0.047019,1.512215,0.000000,0.000000,0.000000,-0.076578,0.051987,0.026848,0.997052,0.006781,-0.076399,-0.002166,-0.003679,-0.021358,0.001781,-0.076385,0.069761,-0.079091,23.922769,23.922769,23.899169,0.507543,3.461949,0.482981,-0.287123,0.937093
16.850000,1,0,0,2.400000,9.810000,0.900000,30.000000,60.000000,6.000000,0.000000,0.000000,1.500000,0.072667,-0.044396,1.513501,0.000000,0.000000,0.000000,-0.077227,0.052314,0.024472,0.997012,0.006609,-0.076929,-0.002137,-0.009811,-0.020845,0.001851,-0.044552,-0.032891,-0.086555,23.899169,23.899169,23.875508,0.507040,3.559829,0.228164,-0.277942,0.937418
16.900000,1,0,0,2.400000,9.810000,0.900000,30.000000,60.000000,6.000000,0.000000,0.000000,1.500000,0.068844,-0.041847,1.514649,0.000000,0.000000,0.000000,-0.075256,0.049059,0.021311,0.996976,0.006279,-0.077422,-0.002119,-0.016327,-0.018493,0.001890,-0.019093,-0.093524,-0.115265,23.875508,23.875508,23.851568,0.506532,3.640629,0.066640,-0.320032,0.938032
16.950000,1,0,0,2.400000,9.810000,0.900000,30.000000,60.000000,6.000000,0.000000,0.000000,1.500000,0.065184,-0.039543,1.515621,0.000000,0.000000,0.000000,-0.070719,0.042659,0.017476,0.996947,0.005786,-0.077835,-0.002112,-0.022884,-0.014397,0.001905,0.045825,-0.112576,-0.120547,23.851568,23.851568,23.827133,0.506013,3.812196,-0.002873,-0.306286,0.938945
17.000000,1,0,0,2.400000,9.810000,0.900000,30.000000,60.000000,6.000000,0.000000,0.000000,1.500000,0.061811,-0.037622,1.516388,0.000000,0.000000,0.000000,-0.063798,0.033806,0.013108,0.996928,0.005132,-0.078125,-0.002117,-0.029128,-0.008749,0.001906,0.080006,-0.175599,-0.129922,23.827133,23.827133,23.802007,0.505479,3.904094,-0.185501,-0.302831,0.940156
17.050000,1,0,0,2.400000,9.810000,0.900000,30.000000,60.000000,6.000000,0.000000,0.000000,1.500000,0.058839,-0.036188,1.516926,0.000000,0.000000,0.000000,-0.054796,0.023383,0.008369,0.996921,0.004331,-0.078258,-0.002133,-0.034716,-0.001832,0.001909,0.132328,-0.146405,-0.115969,23.802007,23.802007,23.776036,0.504928,4.031947,-0.153786,-0.243897,0.941657
17.100000,1,0,0,2.400000,9.810000,0.900000,30.000000,60.000000,6.000000,0.000000,0.000000,1.500000,0.056360,-0.035294,1.517221,0.000000,0.000000,0.000000,-0.044122,0.012395,0.003438,0.996929,0.003402,-0.078206,-0.002157,-0.039339,0.006002,0.001927,0.168167,-0.141300,-0.125478,23.776036,23.776036,23.749126,0.504356,4.111366,-0.185865,-0.241800,0.943425
17.150000,1,0,0,2.400000,9.810000,0.900000,30.000000,60.000000,6.000000,0.000000,0.000000,1.500000,0.054446,-0.034941,1.517270,0.000000,0.000000,0.000000,-0.032269,0.001890,-0.001497,0.996952,0.002373,-0.077951,-0.002188,-0.042743,0.014346,0.001973,0.163144,-0.158574,-0.095567,23.749126,23.749126,23.721254,0.503764,4.083019,-0.276302,-0.145606,0.945430
17.200000,1,0,0,2.400000,9.810000,0.900000,30.000000,60.000000,6.000000,0.000000,0.000000,1.500000,0.053143,-0.035080,1.517075,0.000000,0.000000,0.000000,-0.019786,-0.007136,-0.006251,0.996990,0.001277,-0.077485,-0.002223,-0.044739,0.022762,0.002055,0.170257,-0.106622,-0.090341,23.721254,23.721254,23.692473,0.503153,4.073791,-0.203660,-0.109150,0.947633
17.250000,1,0,0,2.400000,9.810000,0.900000,30.000000,60.000000,6.000000,0.000000,0.000000,1.500000,0.052468,-0.035615,1.516651,0.000000,0.000000,0.000000,-0.007253,-0.013809,-0.010644,0.997043,0.000150,-0.076814,-0.002257,-0.045222,0.030807,0.002175,0.172878,-0.054988,-0.069377,23.692473,23.692473,23.662916,0.502525,4.043990,-0.133091,-0.035387,0.949988
17.300000,1,0,0,2.400000,9.810000,0.900000,30.000000,60.000000,6.000000,0.000000,0.000000,1.500000,0.052409,-0.036410,1.516019,0.000000,0.000000,0.000000,0.004749,-0.017458,-0.014515,0.997108,-0.000970,-0.075951,-0.002286,-0.044173,0.038056,0.002329,0.179924,0.000521,-0.069136,23.662916,23.662916,23.632785,0.501886,4.015771,-0.052720,-0.011796,0.952442
17.350000,1,0,0,2.400000,9.810000,0.900000,30.000000,60.000000,6.000000,0.000000,0.000000,1.500000,0.052925,-0.037303,1.515210,0.000000,0.000000,0.000000,0.015674,-0.017667,-0.017724,0.997185,-0.002044,-0.074922,-0.002309,-0.041663,0.044122,0.002504,0.182314,0.066313,-0.083207,23.632785,23.632785,23.602348,0.501239,3.968568,0.054611,-0.022972,0.954940
17.400000,1,0,0,2.400000,9.810000,0.900000,30.000000,60.000000,6.000000,0.000000,0.000000,1.500000,0.053950,-0.038117,1.514260,0.000000,0.000000,0.000000,0.025030,-0.014306,-0.020162,0.997269,-0.003040,-0.073759,-0.002321,-0.037845,0.048686,0.002688,0.126218,0.125302,-0.068471,23.602348,23.602348,23.571917,0.500593,3.774838,0.149521,0.034569,0.957424
17.450000,1,0,0,2.400000,9.810000,0.900000,30.000000,60.000000,6.000000,0.000000,0.000000,1.500000,0.055395,-0.038677,1.513208,0.000000,0.000000,0.000000,0.032413,-0.007547,-0.021752,0.997358,-0.003927,-0.072504,-0.002321,-0.032947,0.051506,0.002864,0.087945,0.219586,-0.015155,23.571917,23.571917,23.541839,0.499954,3.619704,0.334433,0.184263,0.959838
17.500000,1,0,0,2.400000,9.810000,0.900000,30.000000,60.000000,6.000000,0.000000,0.000000,1.500000,0.057154,-0.038823,1.512099,0.000000,0.000000,0.000000,0.037524,0.002151,-0.022456,0.997448,-0.004681,-0.071202,-0.002308,-0.027259,0.052435,0.003016,-0.028206,0.250720,-0.010641,23.541839,23.541839,23.512477,0.499331,3.275675,0.374152,0.216352,0.962125
17.550000,1,0,0,2.400000,9.810000,0.900000,30.000000,60.000000,6.000000,0.000000,0.000000,1.500000,0.059107,-0.038425,1.510977,0.000000,0.000000,0.000000,0.040183,0.014081,-0.022275,0.997537,-0.005287,-0.069901,-0.002280,-0.021108,0.051426,0.003132,-0.053432,0.292162,0.001993,23.512477,23.512477,23.484195,0.498730,3.150185,0.445678,0.267391,0.964236
17.600000,1,0,0,2.400000,9.810000,0.900000,30.000000,60.000000,6.000000,0.000000,0.000000,1.500000,0.061130,-0.037392,1.509886,0.000000,0.000000,0.000000,0.040341,0.027343,-0.021248,0.997622,-0.005738,-0.068649,-0.002239,-0.014844,0.048540,0.003208,-0.109740,0.297939,-0.011929,23.484195,23.484195,23.457347,0.498160,2.952688,0.438971,0.254070,0.966126
17.650000,1,0,0,2.400000,9.810000,0.900000,30.000000,60.000000,6.000000,0.000000,0.000000,1.500000,0.063101,-0.035685,1.508865,0.000000,0.000000,0.000000,0.038083,0.040915,-0.019451,0.997699,-0.006035,-0.067491,-0.002186,-0.008816,0.043934,0.003242,-0.160665,0.253427,-0.011571,23.457347,23.457347,23.432263,0.497627,2.772837,0.318817,0.274292,0.967758
17.700000,1,0,0,2.400000,9.810000,0.900000,30.000000,60.000000,6.000000,0.000000,0.000000,1.500000,0.064902,-0.033313,1.507952,0.000000,0.000000,0.000000,0.033618,0.053741,-0.016994,0.997767,-0.006189,-0.066468,-0.002121,-0.003346,0.037862,0.003238,-0.167891,0.229069,0.037058,23.432263,23.432263,23.409240,0.497138,2.704467,0.253782,0.409517,0.969104
17.750000,1,0,0,2.400000,9.810000,0.900000,30.000000,60.000000,6.000000,0.000000,0.000000,1.500000,0.066431,-0.030340,1.507175,0.000000,0.000000,0.000000,0.027275,0.064810,-0.014015,0.997824,-0.006216,-0.065611,-0.002048,0.001285,0.030653,0.003206,-0.160317,0.188354,0.038952,23.409240,23.409240,23.388540,0.496699,2.679747,0.155379,0.431594,0.970146
17.800000,1,0,0,2.400000,9.810000,0.900000,30.000000,60.000000,6.000000,0.000000,0.000000,1.500000,0.067605,-0.026876,1.506556,0.000000,0.000000,0.000000,0.019478,0.073244,-0.010675,0.997868,-0.006141,-0.064944,-0.001967,0.004861,0.022697,0.003157,-0.176696,0.167640,0.054987,23.388540,23.388540,23.370374,0.496313,2.606765,0.109731,0.486484,0.970876
17.850000,1,0,0,2.400000,9.810000,0.900000,30.000000,60.000000,6.000000,0.000000,0.000000,1.500000,0.068363,-0.023071,1.506110,0.000000,0.000000,0.000000,0.010730,0.078364,-0.007150,0.997899,-0.005991,-0.064480,-0.001882,0.007238,0.014424,0.003102,-0.183626,0.107864,0.078972,23.370374,23.370374,23.354907,0.495984,2.566295,-0.026249,0.559172,0.971298
17.900000,1,0,0,2.400000,9.810000,0.900000,30.000000,60.000000,6.000000,0.000000,0.000000,1.500000,0.068671,-0.019102,1.505841,0.000000,0.000000,0.000000,0.001583,0.079750,-0.003624,0.997917,-0.005799,-0.064223,-0.001794,0.008357,0.006276,0.003050,-0.190883,-0.017558,0.091222,23.354907,23.354907,23.342249,0.495715,2.534976,-0.317809,0.602254,0.971426
17.950000,1,0,0,2.400000,9.810000,0.900000,30.000000,60.000000,6.000000,0.000000,0.000000,1.500000,0.068524,-0.015161,1.505745,0.000000,0.000000,0.000000,-0.007392,0.077270,-0.000280,0.997922,-0.005594,-0.064162,-0.001705,0.008247,-0.001312,0.003008,-0.183488,-0.107633,0.084384,23.342249,23.342249,23.332452,0.495507,2.548346,-0.524028,0.597924,0.971284
18.000000,1,0,0,2.400000,9.810000,0.900000,30.000000,60.000000,6.000000,0.000000,0.000000,1.500000,0.067944,-0.011437,1.505807,0.000000,0.000000,0.000000,-0.015632,0.071095,0.002708,0.997916,-0.005406,-0.064280,-0.001618,0.007019,-0.007940,0.002980,-0.157151,-0.185840,0.049701,23.332452,23.332452,23.325510,0.495360,2.615798,-0.702623,0.525010,0.970903
18.050000,1,0,0,2.400000,9.810000,0.900000,30.000000,60.000000,6.000000,0.000000,0.000000,1.500000,0.066982,-0.008106,1.506007,0.000000,0.000000,0.000000,-0.022615,0.061683,0.005184,0.997900,-0.005262,-0.064547,-0.001532,0.004863,-0.013262,0.002966,-0.120449,-0.219389,0.032142,23.325510,23.325510,23.321356,0.495272,2.715421,-0.776089,0.491288,0.970327
18.100000,1,0,0,2.400000,9.810000,0.900000,30.000000,60.000000,6.000000,0.000000,0.000000,1.500000,0.065711,-0.005311,1.506315,0.000000,0.000000,0.000000,-0.027886,0.049743,0.007012,0.997875,-0.005180,-0.064928,-0.001451,0.002029,-0.017009,0.002966,-0.037186,-0.251999,0.005674,23.321356,23.321356,23.319870,0.495240,2.932397,-0.850279,0.434143,0.969600
18.150000,1,0,0,2.400000,9.810000,0.900000,30.000000,60.000000,6.000000,0.000000,0.000000,1.500000,0.064228,-0.003158,1.506696,0.000000,0.000000,0.000000,-0.031079,0.036176,0.008090,0.997846,-0.005174,-0.065381,-0.001374,-0.001182,-0.018999,0.002979,0.041802,-0.310120,0.011856,23.319870,23.319870,23.320877,0.495262,3.142766,-0.989283,0.453201,0.968776
18.200000,1,0,0,2.400000,9.810000,0.900000,30.000000,60.000000,6.000000,0.000000,0.000000,1.500000,0.062642,-0.001704,1.507110,0.000000,0.000000,0.000000,-0.031943,0.022006,0.008347,0.997814,-0.005250,-0.065860,-0.001301,-0.004447,-0.019151,0.003006,0.052115,-0.317769,0.006272,23.320877,23.320877,23.324162,0.495331,3.189867,-1.010987,0.441772,0.967908
18.250000,1,0,0,2.400000,9.810000,0.900000,30.000000,60.000000,6.000000,0.000000,0.000000,1.500000,0.061075,-0.000950,1.507516,0.000000,0.000000,0.000000,-0.030348,0.008294,0.007751,0.997783,-0.005405,-0.066320,-0.001233,-0.007436,-0.017487,0.003047,0.157993,-0.265824,0.028099,23.324162,23.324162,23.329476,0.495444,3.465730,-0.893365,0.493813,0.967052
18.300000,1,0,0,2.400000,9.810000,0.900000,30.000000,60.000000,6.000000,0.000000,0.000000,1.500000,0.059649,-0.000850,1.507871,0.000000,0.000000,0.000000,-0.026296,-0.003949,0.006309,0.997755,-0.005628,-0.066717,-0.001169,-0.009837,-0.014132,0.003102,0.210987,-0.226904,0.034899,23.329476,23.329476,23.336552,0.495594,3.612019,-0.810191,0.507445,0.966260
18.350000,1,0,0,2.400000,9.810000,0.900000,30.000000,60.000000,6.000000,0.000000,0.000000,1.500000,0.058484,-0.001306,1.508134,0.000000,0.000000,0.000000,-0.019922,-0.013838,0.004065,0.997734,-0.005900,-0.067011,-0.001107,-0.011378,-0.009306,0.003175,0.228926,-0.164035,-0.023159,23.336552,23.336552,23.345122,0.495776,3.669656,-0.671879,0.363078,0.965583
18.400000,1,0,0,2.400000,9.810000,0.900000,30.000000,60.000000,6.000000,0.000000,0.000000,1.500000,0.057691,-0.002183,1.508266,0.000000,0.000000,0.000000,-0.011482,-0.020692,0.001101,0.997722,-0.006197,-0.067170,-0.001045,-0.011842,-0.003312,0.003264,0.276145,-0.095213,-0.033584,23.345122,23.345122,23.354930,0.495985,3.791482,-0.520483,0.330728,0.965065
18.450000,1,0,0,2.400000,9.810000,0.900000,30.000000,60.000000,6.000000,0.000000,0.000000,1.500000,0.057364,-0.003317,1.508234,0.000000,0.000000,0.000000,-0.001348,-0.024084,-0.002468,0.997720,-0.006491,-0.067168,-0.000982,-0.011084,0.003478,0.003369,0.266198,-0.069002,-0.021617,23.354930,23.354930,23.365753,0.496215,3.768845,-0.471207,0.349892,0.964745
18.500000,1,0,0,2.400000,9.810000,0.900000,30.000000,60.000000,6.000000,0.000000,0.000000,1.500000,0.057577,-0.004531,1.508011,0.000000,0.000000,0.000000,0.010019,-0.023877,-0.006498,0.997730,-0.006751,-0.066992,-0.000914,-0.009041,0.010651,0.003484,0.192030,-0.029295,-0.009118,23.365753,23.365753,23.377410,0.496462,3.584097,-0.387925,0.368218,0.964650
18.550000,1,0,0,2.400000,9.810000,0.900000,30.000000,60.000000,6.000000,0.000000,0.000000,1.500000,0.058378,-0.005647,1.507579,0.000000,0.000000,0.000000,0.022089,-0.020232,-0.010825,0.997753,-0.006943,-0.066636,-0.000841,-0.005737,0.017767,0.003600,0.170133,0.012183,-0.015334,23.377410,23.377410,23.389777,0.496725,3.516593,-0.297278,0.339649,0.964802
18.600000,1,0,0,2.400000,9.810000,0.900000,30.000000,60.000000,6.000000,0.000000,0.000000,1.500000,0.059788,-0.006504,1.506927,0.000000,0.000000,0.000000,0.034291,-0.013599,-0.015270,0.997787,-0.007039,-0.066108,-0.000760,-0.001282,0.024389,0.003708,0.150558,0.095166,-0.049347,23.389777,23.389777,23.402789,0.497001,3.446744,-0.102482,0.242546,0.965209
18.650000,1,0,0,2.400000,9.810000,0.900000,30.000000,60.000000,6.000000,0.000000,0.000000,1.500000,0.061799,-0.006969,1.506053,0.000000,0.000000,0.000000,0.046043,-0.004676,-0.019647,0.997833,-0.007010,-0.065425,-0.000669,0.004135,0.030108,0.003796,0.158412,0.159456,-0.038648,23.402789,23.402789,23.416447,0.497291,3.435599,0.053232,0.251106,0.965870
18.700000,1,0,0,2.400000,9.810000,0.900000,30.000000,60.000000,6.000000,0.000000,0.000000,1.500000,0.064375,-0.006948,1.504966,0.000000,0.000000,0.000000,0.056781,0.005647,-0.023770,0.997887,-0.006838,-0.064615,-0.000567,0.010257,0.034560,0.003853,0.136890,0.163677,-0.070627,23.416447,23.416447,23.430804,0.497596,3.348073,0.071554,0.155770,0.966774
18.750000,1,0,0,2.400000,9.810000,0.900000,30.000000,60.000000,6.000000,0.000000,0.000000,1.500000,0.067452,-0.006398,1.503683,0.000000,0.000000,0.000000,0.065992,0.016364,-0.027465,0.997947,-0.006507,-0.063713,-0.000455,0.016774,0.037454,0.003871,0.129564,0.200043,-0.068439,23.430804,23.430804,23.445966,0.497918,3.290372,0.174452,0.141152,0.967899
18.800000,1,0,0,2.400000,9.810000,0.900000,30.000000,60.000000,6.000000,0.000000,0.000000,1.500000,0.070942,-0.005323,1.502230,0.000000,0.000000,0.000000,0.073238,0.026429,-0.030573,0.998010,-0.006012,-0.062760,-0.000333,0.023344,0.038579,0.003849,0.050359,0.102213,-0.062645,23.445966,23.445966,23.462070,0.498260,3.057857,-0.037012,0.134080,0.969213
18.850000,1,0,0,2.400000,9.810000,0.900000,30.000000,60.000000,6.000000,0.000000,0.000000,1.500000,0.074737,-0.003782,1.500638,0.000000,0.000000,0.000000,0.078177,0.034849,-0.032963,0.998074,-0.005356,-0.061803,-0.000202,0.029612,0.037826,0.003788,0.021064,0.079401,-0.033759,23.462070,23.462070,23.479273,0.498625,2.944951,-0.060859,0.181483,0.970677
18.900000,1,0,0,2.400000,9.810000,0.900000,30.000000,60.000000,6.000000,0.000000,0.000000,1.500000,0.078717,-0.001880,1.498947,0.000000,0.000000,0.000000,0.080585,0.040760,-0.034530,0.998134,-0.004551,-0.060887,-0.000063,0.035236,0.035185,0.003699,-0.000238,0.010506,-0.055411,23.479273,23.479273,23.497733,0.499017,2.853269,-0.188263,0.106801,0.972244
18.950000,1,0,0,2.400000,9.810000,0.900000,30.000000,60.000000,6.000000,0.000000,0.000000,1.500000,0.082752,0.000241,1.497200,0.000000,0.000000,0.000000,0.080364,0.043501,-0.035206,0.998188,-0.003616,-0.060061,0.000082,0.039906,0.030752,0.003593,-0.014038,-0.037770,-0.035731,23.497733,23.497733,23.517594,0.499439,2.783795,-0.260067,0.130655,0.973862
19.000000,1,0,0,2.400000,9.810000,0.900000,30.000000,60.000000,6.000000,0.000000,0.000000,1.500000,0.086710,0.002410,1.495442,0.000000,0.000000,0.000000,0.077551,0.042668,-0.034960,0.998233,-0.002580,-0.059365,0.000230,0.043363,0.024721,0.003488,-0.075089,-0.108639,-0.065592,23.517594,23.517594,23.538971,0.499893,2.607132,-0.381233,0.035060,0.975478
19.050000,1,0,0,2.400000,9.810000,0.900000,30.000000,60.000000,6.000000,0.000000,0.000000,1.500000,0.090466,0.004446,1.493719,0.000000,0.000000,0.000000,0.072310,0.038147,-0.033801,0.998266,-0.001474,-0.058837,0.000381,0.045419,0.017374,0.003398,-0.126625,-0.215195,-0.026829,23.538971,23.538971,23.561939,0.500381,2.461249,-0.584706,0.103716,0.977034
19.100000,1,0,0,2.400000,9.810000,0.900000,30.000000,60.000000,6.000000,0.000000,0.000000,1.500000,0.093906,0.006167,1.492076,0.000000,0.000000,0.000000,0.064930,0.030125,-0.031775,0.998287,-0.000336,-0.058505,0.000531,0.045963,0.009066,0.003337,-0.162581,-0.262680,-0.009349,23.561939,23.561939,23.586524,0.500903,2.362068,-0.644774,0.120925,0.978475
19.150000,1,0,0,2.400000,9.810000,0.900000,30.000000,60.000000,6.000000,0.000000,0.000000,1.500000,0.096930,0.007408,1.490555,0.000000,0.000000,0.000000,0.055806,0.019073,-0.028966,0.998293,0.000797,-0.058388,0.000681,0.044974,0.000204,0.003311,-0.195679,-0.243614,0.019817,23.586524,23.586524,23.612702,0.501459,2.279977,-0.545266,0.165888,0.979749
19.200000,1,0,0,2.400000,9.810000,0.900000,30.000000,60.000000,6.000000,0.000000,0.000000,1.500000,0.099465,0.008035,1.489191,0.000000,0.000000,0.000000,0.045418,0.005713,-0.025492,0.998286,0.001887,-0.058494,0.000827,0.042520,-0.008772,0.003322,-0.226264,-0.342908,0.030181,23.612702,23.612702,23.640398,0.502047,2.214571,-0.731734,0.165486,0.980808
19.250000,1,0,0,2.400000,9.810000,0.900000,30.000000,60.000000,6.000000,0.000000,0.000000,1.500000,0.101460,0.007956,1.488014,0.000000,0.000000,0.000000,0.034307,-0.009042,-0.021495,0.998264,0.002899,-0.058821,0.000970,0.038751,-0.017418,0.003365,-0.246010,-0.344191,0.020540,23.640398,23.640398,23.669483,0.502665,2.185742,-0.686531,0.116885,0.981610
19.300000,1,0,0,2.400000,9.810000,0.900000,30.000000,60.000000,6.000000,0.000000,0.000000,1.500000,0.102893,0.007125,1.487047,0.000000,0.000000,0.000000,0.023049,-0.024163,-0.017144,0.998229,0.003803,-0.059356,0.001106,0.033893,-0.025307,0.003428,-0.210521,-0.330360,0.011396,23.669483,23.669483,23.699782,0.503308,2.299425,-0.610045,0.069334,0.982122
19.350000,1,0,0,2.400000,9.810000,0.900000,30.000000,60.000000,6.000000,0.000000,0.000000,1.500000,0.103772,0.005551,1.486303,0.000000,0.000000,0.000000,0.012218,-0.038585,-0.012617,0.998183,0.004575,-0.060074,0.001236,0.028231,-0.032051,0.003498,-0.182660,-0.329222,-0.019672,23.699782,23.699782,23.731077,0.503973,2.403646,-0.570145,-0.030943,0.982320
19.400000,1,0,0,2.400000,9.810000,0.900000,30.000000,60.000000,6.000000,0.000000,0.000000,1.500000,0.104131,0.003295,1.485785,0.000000,0.000000,0.000000,0.002365,-0.051293,-0.008101,0.998127,0.005200,-0.060942,0.001358,0.022095,-0.037328,0.003559,-0.158625,-0.257293,-0.013011,23.731077,23.731077,23.763112,0.504653,2.506006,-0.367257,-0.040746,0.982190
19.450000,1,0,0,2.400000,9.810000,0.900000,30.000000,60.000000,6.000000,0.000000,0.000000,1.500000,0.104033,0.000465,1.485489,0.000000,0.000000,0.000000,-0.006018,-0.061406,-0.003781,0.998064,0.005669,-0.061922,0.001471,0.015834,-0.040894,0.003599,-0.120723,-0.196774,-0.030908,23.763112,23.763112,23.795599,0.505343,2.647085,-0.199047,-0.109533,0.981729
19.500000,1,0,0,2.400000,9.810000,0.900000,30.000000,60.000000,6.000000,0.000000,0.000000,1.500000,0.103561,-0.002791,1.485401,0.000000,0.000000,0.000000,-0.012521,-0.068245,0.000168,0.997996,0.005983,-0.062968,0.001575,0.009794,-0.042600,0.003607,-0.095736,-0.101619,-0.015059,23.795599,23.795599,23.828221,0.506036,2.760482,0.045019,-0.097343,0.980944
19.550000,1,0,0,2.400000,9.810000,0.900000,30.000000,60.000000,6.000000,0.000000,0.000000,1.500000,0.102818,-0.006298,1.485497,0.000000,0.000000,0.000000,-0.016836,-0.071389,0.003590,0.997927,0.006154,-0.064032,0.001669,0.004302,-0.042398,0.003578,-0.089029,-0.050077,-0.041210,23.828221,23.828221,23.860648,0.506725,2.831057,0.177570,-0.185925,0.979852
19.600000,1,0,0,2.400000,9.810000,0.900000,30.000000,60.000000,6.000000,0.000000,0.000000,1.500000,0.101917,-0.009866,1.485749,0.000000,0.000000,0.000000,-0.018776,-0.070708,0.006353,0.997860,0.006197,-0.065068,0.001754,-0.000362,-0.040343,0.003513,-0.039666,-0.003787,-0.012996,23.860648,23.860648,23.892538,0.507402,3.002785,0.291456,-0.143958,0.978482
19.650000,1,0,0,2.400000,9.810000,0.900000,30.000000,60.000000,6.000000,0.000000,0.000000,1.500000,0.100981,-0.013307,1.486120,0.000000,0.000000,0.000000,-0.018283,-0.066373,0.008355,0.997797,0.006137,-0.066032,0.001831,-0.003977,-0.036593,0.003417,0.018077,0.070773,-0.036984,23.892538,23.892538,23.923557,0.508061,3.191235,0.468225,-0.227147,0.976871
19.700000,1,0,0,2.400000,9.810000,0.900000,30.000000,60.000000,6.000000,0.000000,0.000000,1.500000,0.100128,-0.016450,1.486570,0.000000,0.000000,0.000000,-0.015430,-0.058842,0.009528,0.997741,0.006001,-0.066883,0.001901,-0.006397,-0.031396,0.003298,0.082199,0.119330,-0.022378,23.923557,23.923557,23.953385,0.508694,3.389676,0.578939,-0.217502,0.975062
19.750000,1,0,0,2.400000,9.810000,0.900000,30.000000,60.000000,6.000000,0.000000,0.000000,1.500000,0.099474,-0.019150,1.487058,0.000000,0.000000,0.000000,-0.010419,-0.048822,0.009843,0.997694,0.005820,-0.067590,0.001966,-0.007561,-0.025080,0.003165,0.145308,0.154703,-0.037909,23.953385,23.953385,23.981736,0.509296,3.578764,0.655819,-0.279884,0.973107
19.800000,1,0,0,2.400000,9.810000,0.900000,30.000000,60.000000,6.000000,0.000000,0.000000,1.500000,0.099117,-0.021305,1.487541,0.000000,0.000000,0.000000,-0.003569,-0.037211,0.009311,0.997659,0.005625,-0.068130,0.002027,-0.007494,-0.018033,0.003025,0.188130,0.154170,-0.062774,23.981736,23.981736,24.008372,0.509862,3.711065,0.645814,-0.364245,0.971058
19.850000,1,0,0,2.400000,9.810000,0.900000,30.000000,60.000000,6.000000,0.000000,0.000000,1.500000,0.099140,-0.022861,1.487976,0.000000,0.000000,0.000000,0.004701,-0.025023,0.007978,0.997635,0.005447,-0.068489,0.002087,-0.006304,-0.010681,0.002886,0.222048,0.164918,-0.102527,24.008372,24.008372,24.033109,0.510387,3.813211,0.663589,-0.483777,0.968974
19.900000,1,0,0,2.400000,9.810000,0.900000,30.000000,60.000000,6.000000,0.000000,0.000000,1.500000,0.099602,-0.023816,1.488327,0.000000,0.000000,0.000000,0.013893,-0.013311,0.005930,0.997623,0.005310,-0.068665,0.002147,-0.004178,-0.003464,0.002752,0.278044,0.191457,-0.126679,24.033109,24.033109,24.055833,0.510870,3.959396,0.721209,-0.565154,0.966911
19.950000,1,0,0,2.400000,9.810000,0.900000,30.000000,60.000000,6.000000,0.000000,0.000000,1.500000,0.100536,-0.024217,1.488559,0.000000,0.000000,0.000000,0.023458,-0.003074,0.003284,0.997623,0.005235,-0.068668,0.002209,-0.001365,0.003185,0.002625,0.293072,0.206043,-0.139713,24.055833,24.055833,24.076498,0.511309,3.998682,0.753075,-0.618966,0.964924
20.000000,1,0,0,2.400000,9.810000,0.900000,30.000000,60.000000,6.000000,0.000000,0.000000,1.500000,0.101945,-0.024162,1.488647,0.000000,0.000000,0.000000,0.032821,0.004819,0.000183,0.997634,0.005236,-0.068515,0.002274,0.001836,0.008869,0.002507,0.285563,0.145409,-0.116799,24.076498,24.076498,24.095123,0.511704,3.976190,0.608008,-0.585449,0.963063
20.050000,1,0,0,2.400000,9.810000,0.900000,30.000000,60.000000,6.000000,0.000000,0.000000,1.500000,0.103805,-0.023786,1.488573,0.000000,0.000000,0.000000,0.041419,0.009702,-0.003208,0.997652,0.005318,-0.068237,0.002343,0.005102,0.013245,0.002399,0.251301,0.071861,-0.104132,24.095123,24.095123,24.111789,0.512058,3.883144,0.435831,-0.575291,0.961374
20.100000,1,0,0,2.400000,9.810000,0.900000,30.000000,60.000000,6.000000,0.000000,0.000000,1.500000,0.106065,-0.023249,1.488325,0.000000,0.000000,0.000000,0.048723,0.011167,-0.006709,0.997676,0.005478,-0.067868,0.002415,0.008103,0.016045,0.002301,0.205978,-0.004876,-0.108922,24.111789,24.111789,24.126619,0.512373,3.758933,0.259774,-0.605635,0.959895
20.150000,1,0,0,2.400000,9.810000,0.900000,30.000000,60.000000,6.000000,0.000000,0.000000,1.500000,0.108648,-0.022728,1.487903,0.000000,0.000000,0.000000,0.054268,0.009095,-0.010137,0.997703,0.005707,-0.067451,0.002489,0.010527,0.017091,0.002216,0.182165,-0.085169,-0.122396,24.126619,24.126619,24.139769,0.512652,3.683742,0.078465,-0.655267,0.958655
20.200000,1,0,0,2.400000,9.810000,0.900000,30.000000,60.000000,6.000000,0.000000,0.000000,1.500000,0.111456,-0.022396,1.487315,0.000000,0.000000,0.000000,0.057682,0.003667,-0.013310,0.997730,0.005987,-0.067030,0.002565,0.012098,0.016304,0.002148,0.108626,-0.154520,-0.096794,24.139769,24.139769,24.151403,0.512899,3.488783,-0.074160,-0.609424,0.957674
20.250000,1,0,0,2.400000,9.810000,0.900000,30.000000,60.000000,6.000000,0.000000,0.000000,1.500000,0.114376,-0.022410,1.486579,0.000000,0.000000,0.000000,0.058699,-0.004651,-0.016058,0.997753,0.006293,-0.066651,0.002641,0.012598,0.013709,0.002100,0.031495,-0.181432,-0.072539,24.151403,24.151403,24.161685,0.513118,3.286999,-0.123661,-0.565004,0.956962
20.300000,1,0,0,2.400000,9.810000,0.900000,30.000000,60.000000,6.000000,0.000000,0.000000,1.500000,0.117284,-0.022897,1.485719,0.000000,0.000000,0.000000,0.057178,-0.015148,-0.018229,0.997770,0.006596,-0.066359,0.002716,0.011878,0.009433,0.002076,-0.045986,-0.227185,-0.072109,24.161685,24.161685,24.170758,0.513310,3.088307,-0.218488,-0.575852,0.956516
20.350000,1,0,0,2.400000,9.810000,0.900000,30.000000,60.000000,6.000000,0.000000,0.000000,1.500000,0.120052,-0.023946,1.484768,0.000000,0.000000,0.000000,0.053110,-0.026920,-0.019696,0.997779,0.006866,-0.066192,0.002787,0.009873,0.003699,0.002074,-0.095015,-0.216326,-0.073309,24.170758,24.170758,24.178742,0.513480,2.963759,-0.179067,-0.588618,0.956325
20.400000,1,0,0,2.400000,9.810000,0.900000,30.000000,60.000000,6.000000,0.000000,0.000000,1.500000,0.122554,-0.025594,1.483763,0.000000,0.000000,0.000000,0.046616,-0.038951,-0.020361,0.997778,0.007071,-0.066183,0.002852,0.006604,-0.003187,0.002093,-0.166767,-0.220144,-0.071399,24.178742,24.178742,24.185724,0.513628,2.792137,-0.178037,-0.591864,0.956366
20.450000,1,0,0,2.400000,9.810000,0.900000,30.000000,60.000000,6.000000,0.000000,0.000000,1.500000,0.124677,-0.027827,1.482746,0.000000,0.000000,0.000000,0.037945,-0.050190,-0.020165,0.997766,0.007180,-0.066357,0.002911,0.002177,-0.010852,0.002125,-0.218378,-0.176087,-0.070681,24.185724,24.185724,24.191757,0.513756,2.677513,-0.066741,-0.595871,0.956608
20.500000,1,0,0,2.400000,9.810000,0.900000,30.000000,60.000000,6.000000,0.000000,0.000000,1.500000,0.126319,-0.030583,1.481761,0.000000,0.000000,0.000000,0.027457,-0.059641,-0.019083,0.997741,0.007166,-0.066728,0.002961,-0.003222,-0.018879,0.002158,-0.263863,-0.089714,-0.064071,24.191757,24.191757,24.196863,0.513865,2.586958,0.140185,-0.583608,0.957013
20.550000,1,0,0,2.400000,9.810000,0.900000,30.000000,60.000000,6.000000,0.000000,0.000000,1.500000,0.127400,-0.033747,1.480852,0.000000,0.000000,0.000000,0.015609,-0.066440,-0.017133,0.997704,0.007009,-0.067300,0.003001,-0.009336,-0.026825,0.002181,-0.354983,-0.035168,-0.040655,24.196863,24.196863,24.201035,0.513953,2.396431,0.263770,-0.528869,0.957533
20.600000,1,0,0,2.400000,9.810000,0.900000,30.000000,60.000000,6.000000,0.000000,0.000000,1.500000,0.127866,-0.037171,1.480062,0.000000,0.000000,0.000000,0.002926,-0.069931,-0.014367,0.997654,0.006694,-0.068064,0.003029,-0.015858,-0.034253,0.002179,-0.304428,0.073134,0.004079,24.201035,24.201035,24.204239,0.514021,2.555116,0.508726,-0.420842,0.958119
20.650000,1,0,0,2.400000,9.810000,0.900000,30.000000,60.000000,6.000000,0.000000,0.000000,1.500000,0.127688,-0.040678,1.479428,0.000000,0.000000,0.000000,-0.010020,-0.069712,-0.010878,0.997592,0.006215,-0.069004,0.003044,-0.022447,-0.040748,0.002141,-0.270852,0.154647,0.006099,24.204239,24.204239,24.206412,0.514068,2.681363,0.681449,-0.413233,0.958716
20.700000,1,0,0,2.400000,9.810000,0.900000,30.000000,60.000000,6.000000,0.000000,0.000000,1.500000,0.126869,-0.044079,1.478984,0.000000,0.000000,0.000000,-0.022646,-0.065678,-0.006786,0.997520,0.005575,-0.070090,0.003045,-0.028748,-0.045947,0.002060,-0.254162,0.227187,-0.000174,24.206412,24.206412,24.207464,0.514090,2.774035,0.824824,-0.423490,0.959271
20.750000,1,0,0,2.400000,9.810000,0.900000,30.000000,60.000000,6.000000,0.000000,0.000000,1.500000,0.125438,-0.047186,1.478757,0.000000,0.000000,0.000000,-0.034382,-0.058020,-0.002243,0.997440,0.004786,-0.071287,0.003033,-0.034417,-0.049553,0.001934,-0.211250,0.256010,0.037257,24.207464,24.207464,24.207277,0.514086,2.934820,0.856018,-0.326902,0.959729
20.800000,1,0,0,2.400000,9.810000,0.900000,30.000000,60.000000,6.000000,0.000000,0.000000,1.500000,0.123454,-0.049828,1.478764,0.000000,0.000000,0.000000,-0.044706,-0.047218,0.002583,0.997353,0.003867,-0.072552,0.003007,-0.039142,-0.051355,0.001769,-0.187835,0.328336,0.050507,24.207277,24.207277,24.205699,0.514052,3.051907,0.985307,-0.286492,0.960041
20.850000,1,0,0,2.400000,9.810000,0.900000,30.000000,60.000000,6.000000,0.000000,0.000000,1.500000,0.120999,-0.051867,1.479016,0.000000,0.000000,0.000000,-0.053167,-0.034000,0.007508,0.997262,0.002845,-0.073838,0.002970,-0.042664,-0.051241,0.001574,-0.139129,0.381873,0.043110,24.205699,24.205699,24.202552,0.513986,3.230507,1.064487,-0.293900,0.960162
20.900000,1,0,0,2.400000,9.810000,0.900000,30.000000,60.000000,6.000000,0.000000,0.000000,1.500000,0.118175,-0.053203,1.479514,0.000000,0.000000,0.000000,-0.059412,-0.019281,0.012345,0.997170,0.001753,-0.075098,0.002922,-0.044789,-0.049200,0.001366,-0.110122,0.384674,0.044739,24.202552,24.202552,24.197632,0.513881,3.360276,1.018468,-0.278042,0.960053
20.950000,1,0,0,2.400000,9.810000,0.900000,30.000000,60.000000,6.000000,0.000000,0.000000,1.500000,0.115099,-0.053787,1.480246,0.000000,0.000000,0.000000,-0.063201,-0.004094,0.016909,0.997082,0.000627,-0.076283,0.002866,-0.045405,-0.045325,0.001161,-0.066597,0.329155,0.048278,24.197632,24.197632,24.190719,0.513734,3.521026,0.830807,-0.256132,0.959685
21.000000,1,0,0,2.400000,9.810000,0.900000,30.000000,60.000000,6.000000,0.000000,0.000000,1.500000,0.111897,-0.053623,1.481197,0.000000,0.000000,0.000000,-0.064421,0.010496,0.021027,0.997000,-0.000496,-0.077350,0.002806,-0.044488,-0.039810,0.000976,-0.008710,0.295433,0.075791,24.190719,24.190719,24.181596,0.513541,3.710242,0.695638,-0.175340,0.959036
21.050000,1,0,0,2.400000,9.810000,0.900000,30.000000,60.000000,6.000000,0.000000,0.000000,1.500000,0.108699,-0.052765,1.482339,0.000000,0.000000,0.000000,-0.063090,0.023478,0.024545,0.996928,-0.001577,-0.078262,0.002745,-0.042100,-0.032934,0.000823,0.005801,0.218204,0.073971,24.181596,24.181596,24.170065,0.513296,3.787504,0.458058,-0.163724,0.958096
21.100000,1,0,0,2.400000,9.810000,0.900000,30.000000,60.000000,6.000000,0.000000,0.000000,1.500000,0.105628,-0.051316,1.483639,0.000000,0.000000,0.000000,-0.059357,0.033973,0.027335,0.996869,-0.002582,-0.078989,0.002686,-0.038390,-0.025053,0.000709,0.053317,0.154907,0.064576,24.170065,24.170065,24.155972,0.512996,3.934679,0.257619,-0.169153,0.956865
21.150000,1,0,0,2.400000,9.810000,0.900000,30.000000,60.000000,6.000000,0.000000,0.000000,1.500000,0.102799,-0.049420,1.485059,0.000000,0.000000,0.000000,-0.053497,0.041308,0.029299,0.996824,-0.003481,-0.079511,0.002633,-0.033581,-0.016572,0.000634,0.076849,0.140658,0.039465,24.155972,24.155972,24.139224,0.512641,4.014005,0.180074,-0.211244,0.955355
21.200000,1,0,0,2.400000,9.810000,0.900000,30.000000,60.000000,6.000000,0.000000,0.000000,1.500000,0.100308,-0.047245,1.486554,0.000000,0.000000,0.000000,-0.045889,0.045069,0.030376,0.996797,-0.004249,-0.079818,0.002588,-0.027957,-0.007930,0.000593,0.130602,0.056573,0.045090,24.139224,24.139224,24.119815,0.512228,4.155121,-0.058736,-0.178558,0.953586
21.250000,1,0,0,2.400000,9.810000,0.900000,30.000000,60.000000,6.000000,0.000000,0.000000,1.500000,0.098231,-0.044975,1.488081,0.000000,0.000000,0.000000,-0.037002,0.045131,0.030542,0.996787,-0.004871,-0.079912,0.002553,-0.021846,0.000429,0.000575,0.173491,0.008816,-0.004872,24.119815,24.119815,24.097829,0.511762,4.259514,-0.203230,-0.278310,0.951589
21.300000,1,0,0,2.400000,9.810000,0.900000,30.000000,60.000000,6.000000,0.000000,0.000000,1.500000,0.096620,-0.042791,1.489594,0.000000,0.000000,0.000000,-0.027370,0.041672,0.029812,0.996793,-0.005339,-0.079805,0.002529,-0.015596,0.008078,0.000567,0.166072,-0.049005,-0.038300,24.097829,24.097829,24.073449,0.511244,4.233151,-0.364379,-0.337423,0.949404
21.350000,1,0,0,2.400000,9.810000,0.900000,30.000000,60.000000,6.000000,0.000000,0.000000,1.500000,0.095497,-0.040859,1.491048,0.000000,0.000000,0.000000,-0.017560,0.035153,0.028240,0.996814,-0.005654,-0.079520,0.002517,-0.009555,0.014632,0.000555,0.196488,-0.108560,-0.022562,24.073449,24.073449,24.046951,0.510681,4.288712,-0.522240,-0.277604,0.947077
21.400000,1,0,0,2.400000,9.810000,0.900000,30.000000,60.000000,6.000000,0.000000,0.000000,1.500000,0.094858,-0.039315,1.492405,0.000000,0.000000,0.000000,-0.008144,0.026284,0.025916,0.996847,-0.005824,-0.079089,0.002515,-0.004051,0.019768,0.000528,0.136902,-0.125196,-0.047495,24.046951,24.046951,24.018690,0.510081,4.120962,-0.570112,-0.314479,0.944660
21.450000,1,0,0,2.400000,9.810000,0.900000,30.000000,60.000000,6.000000,0.000000,0.000000,1.500000,0.094667,-0.038255,1.493629,0.000000,0.000000,0.000000,0.000329,0.015961,0.022963,0.996890,-0.005867,-0.078549,0.002521,0.000633,0.023243,0.000477,0.122277,-0.167867,-0.077427,24.018690,24.018690,23.989076,0.509452,4.055735,-0.674319,-0.362471,0.942209
21.500000,1,0,0,2.400000,9.810000,0.900000,30.000000,60.000000,6.000000,0.000000,0.000000,1.500000,0.094867,-0.037726,1.494693,0.000000,0.000000,0.000000,0.007364,0.005196,0.019527,0.996938,-0.005806,-0.077945,0.002533,0.004275,0.024906,0.000399,0.118614,-0.164690,-0.076858,23.989076,23.989076,23.958554,0.508804,4.013587,-0.663475,-0.336429,0.939782
21.550000,1,0,0,2.400000,9.810000,0.900000,30.000000,60.000000,6.000000,0.000000,0.000000,1.500000,0.095373,-0.037725,1.495577,0.000000,0.000000,0.000000,0.012548,-0.004966,0.015778,0.996987,-0.005668,-0.077322,0.002549,0.006725,0.024711,0.000295,0.081806,-0.175595,-0.106141,23.958554,23.958554,23.927573,0.508146,3.890933,-0.682775,-0.381267,0.937436
21.600000,1,0,0,2.400000,9.810000,0.900000,30.000000,60.000000,6.000000,0.000000,0.000000,1.500000,0.096085,-0.038196,1.496269,0.000000,0.000000,0.000000,0.015567,-0.013536,0.011897,0.997034,-0.005485,-0.076727,0.002566,0.007918,0.022713,0.000167,0.047099,-0.168366,-0.123410,23.927573,23.927573,23.896567,0.507487,3.774618,-0.656372,-0.396590,0.935225
21.650000,1,0,0,2.400000,9.810000,0.900000,30.000000,60.000000,6.000000,0.000000,0.000000,1.500000,0.096890,-0.039038,1.496767,0.000000,0.000000,0.000000,0.016227,-0.019659,0.008067,0.997075,-0.005287,-0.076203,0.002581,0.007876,0.019068,0.000023,0.000725,-0.136822,-0.137286,23.896567,23.896567,23.865931,0.506837,3.633714,-0.570934,-0.403188,0.933200
21.700000,1,0,0,2.400000,9.810000,0.900000,30.000000,60.000000,6.000000,0.000000,0.000000,1.500000,0.097667,-0.040110,1.497080,0.000000,0.000000,0.000000,0.014460,-0.022685,0.004472,0.997108,-0.005104,-0.075787,0.002591,0.006705,0.014027,-0.000133,-0.056991,-0.055689,-0.076494,23.865931,23.865931,23.836008,0.506201,3.470861,-0.367219,-0.230116,0.931405
21.750000,1,0,0,2.400000,9.810000,0.900000,30.000000,60.000000,6.000000,0.000000,0.000000,1.500000,0.098297,-0.041248,1.497221,0.000000,0.000000,0.000000,0.010334,-0.022223,0.001279,0.997129,-0.004962,-0.075512,0.002595,0.004589,0.007916,-0.000296,-0.123015,0.034455,-0.051838,23.836008,23.836008,23.807077,0.505587,3.294836,-0.143847,-0.143419,0.929876
21.800000,1,0,0,2.400000,9.810000,0.900000,30.000000,60.000000,6.000000,0.000000,0.000000,1.500000,0.098665,-0.042273,1.497217,0.000000,0.000000,0.000000,0.004043,-0.018171,-0.001360,0.997138,-0.004881,-0.075398,0.002591,0.001774,0.001123,-0.000461,-0.132285,0.094833,-0.061292,23.807077,23.807077,23.779352,0.504998,3.262849,0.005145,-0.138364,0.928641
21.850000,1,0,0,2.400000,9.810000,0.900000,30.000000,60.000000,6.000000,0.000000,0.000000,1.500000,0.098670,-0.043008,1.497097,0.000000,0.000000,0.000000,-0.004101,-0.010731,-0.003322,0.997134,-0.004876,-0.075458,0.002579,-0.001442,-0.005927,-0.000628,-0.151397,0.188247,-0.013183,23.779352,23.779352,23.752979,0.504438,3.215629,0.229836,0.004933,0.927717
21.900000,1,0,0,2.400000,9.810000,0.900000,30.000000,60.000000,6.000000,0.000000,0.000000,1.500000,0.098231,-0.043297,1.496897,0.000000,0.000000,0.000000,-0.013681,-0.000385,-0.004512,0.997116,-0.004951,-0.075692,0.002556,-0.004736,-0.012793,-0.000794,-0.181458,0.217878,0.009553,23.752979,23.752979,23.728035,0.503908,3.150558,0.297586,0.087288,0.927112
21.950000,1,0,0,2.400000,9.810000,0.900000,30.000000,60.000000,6.000000,0.000000,0.000000,1.500000,0.097286,-0.043011,1.496659,0.000000,0.000000,0.000000,-0.024203,0.012138,-0.004876,0.997085,-0.005105,-0.076091,0.002524,-0.007778,-0.019045,-0.000958,-0.232034,0.239708,-0.000092,23.728035,23.728035,23.704530,0.503409,3.044191,0.342863,0.091745,0.926821
22.000000,1,0,0,2.400000,9.810000,0.900000,30.000000,60.000000,6.000000,0.000000,0.000000,1.500000,0.095804,-0.042062,1.496424,0.000000,0.000000,0.000000,-0.035115,0.025920,-0.004392,0.997042,-0.005328,-0.076634,0.002484,-0.010254,-0.024286,-0.001117,-0.266474,0.292372,0.011395,23.704530,23.704530,23.682411,0.502939,2.983509,0.458879,0.146589,0.926831
22.050000,1,0,0,2.400000,9.810000,0.900000,30.000000,60.000000,6.000000,0.000000,0.000000,1.500000,0.093778,-0.040415,1.496234,0.000000,0.000000,0.000000,-0.045842,0.039932,-0.003082,0.996990,-0.005602,-0.077292,0.002436,-0.011888,-0.028174,-0.001267,-0.261068,0.255654,0.032864,23.682411,23.682411,23.661565,0.502497,3.023995,0.357959,0.224910,0.927116
22.100000,1,0,0,2.400000,9.810000,0.900000,30.000000,60.000000,6.000000,0.000000,0.000000,1.500000,0.091232,-0.038083,1.496129,0.000000,0.000000,0.000000,-0.055811,0.053117,-0.001002,0.996931,-0.005903,-0.078027,0.002383,-0.012457,-0.030443,-0.001403,-0.187346,0.227695,0.071900,23.661565,23.661565,23.641822,0.502077,3.232194,0.276766,0.344759,0.927644
22.150000,1,0,0,2.400000,9.810000,0.900000,30.000000,60.000000,6.000000,0.000000,0.000000,1.500000,0.088218,-0.035134,1.496145,0.000000,0.000000,0.000000,-0.064486,0.064469,0.001753,0.996869,-0.006204,-0.078797,0.002328,-0.011811,-0.030916,-0.001518,-0.137823,0.161984,0.058283,23.641822,23.641822,23.622969,0.501677,3.384032,0.105023,0.337457,0.928373
22.200000,1,0,0,2.400000,9.810000,0.900000,30.000000,60.000000,6.000000,0.000000,0.000000,1.500000,0.084813,-0.031681,1.496313,0.000000,0.000000,0.000000,-0.071391,0.073123,0.005058,0.996807,-0.006472,-0.079554,0.002272,-0.009881,-0.029517,-0.001605,-0.080434,0.097100,0.127786,23.622969,23.622969,23.604759,0.501290,3.554274,-0.063209,0.528711,0.929255
22.250000,1,0,0,2.400000,9.810000,0.900000,30.000000,60.000000,6.000000,0.000000,0.000000,1.500000,0.081115,-0.027877,1.496657,0.000000,0.000000,0.000000,-0.076139,0.078420,0.008763,0.996750,-0.006676,-0.080254,0.002219,-0.006683,-0.026272,-0.001660,-0.033243,0.022672,0.085271,23.604759,23.604759,23.586933,0.500912,3.697353,-0.251319,0.450056,0.930239
22.300000,1,0,0,2.400000,9.810000,0.900000,30.000000,60.000000,6.000000,0.000000,0.000000,1.500000,0.077240,-0.023902,1.497193,0.000000,0.000000,0.000000,-0.078452,0.079959,0.012697,0.996701,-0.006786,-0.080851,0.002172,-0.002322,-0.021311,-0.001683,-0.036204,-0.033390,0.039631,23.586933,23.586933,23.569240,0.500536,3.715263,-0.390900,0.362721,0.931269
22.350000,1,0,0,2.400000,9.810000,0.900000,30.000000,60.000000,6.000000,0.000000,0.000000,1.500000,0.073313,-0.019946,1.497928,0.000000,0.000000,0.000000,-0.078171,0.077634,0.016679,0.996664,-0.006774,-0.081304,0.002134,0.003021,-0.014858,-0.001678,0.059440,-0.127463,0.023265,23.569240,23.569240,23.551463,0.500158,3.963118,-0.615998,0.344363,0.932291
22.400000,1,0,0,2.400000,9.810000,0.900000,30.000000,60.000000,6.000000,0.000000,0.000000,1.500000,0.069467,-0.016200,1.498859,0.000000,0.000000,0.000000,-0.075272,0.071639,0.020524,0.996642,-0.006621,-0.081582,0.002106,0.009090,-0.007222,-0.001653,0.083726,-0.211120,0.019718,23.551463,23.551463,23.533450,0.499776,4.031427,-0.809400,0.355420,0.933251
22.450000,1,0,0,2.400000,9.810000,0.900000,30.000000,60.000000,6.000000,0.000000,0.000000,1.500000,0.065828,-0.012836,1.499975,0.000000,0.000000,0.000000,-0.069861,0.062454,0.024050,0.996638,-0.006310,-0.081657,0.002091,0.015581,0.001222,-0.001622,0.130446,-0.269139,0.045415,23.533450,23.533450,23.515126,0.499387,4.144121,-0.933905,0.435257,0.934099
22.500000,1,0,0,2.400000,9.810000,0.900000,30.000000,60.000000,6.000000,0.000000,0.000000,1.500000,0.062518,-0.009996,1.501256,0.000000,0.000000,0.000000,-0.062171,0.050805,0.027090,0.996653,-0.005837,-0.081516,0.002089,0.022152,0.010054,-0.001599,0.181309,-0.313415,0.061067,23.515126,23.515126,23.496518,0.498992,4.256613,-1.017789,0.489549,0.934790
22.550000,1,0,0,2.400000,9.810000,0.900000,30.000000,60.000000,6.000000,0.000000,0.000000,1.500000,0.059643,-0.007781,1.502673,0.000000,0.000000,0.000000,-0.052552,0.037606,0.029495,0.996686,-0.005203,-0.081155,0.002099,0.028449,0.018830,-0.001597,0.180210,-0.283844,0.042672,23.496518,23.496518,23.477760,0.498593,4.234086,-0.916928,0.460666,0.935287
22.600000,1,0,0,2.400000,9.810000,0.900000,30.000000,60.000000,6.000000,0.000000,0.000000,1.500000,0.057288,-0.006244,1.504193,0.000000,0.000000,0.000000,-0.041447,0.023884,0.031144,0.996736,-0.004420,-0.080579,0.002119,0.034128,0.027109,-0.001630,0.209409,-0.311566,0.018180,23.477760,23.477760,23.459086,0.498197,4.274323,-0.946604,0.415674,0.935560
22.650000,1,0,0,2.400000,9.810000,0.900000,30.000000,60.000000,6.000000,0.000000,0.000000,1.500000,0.055515,-0.005384,1.505774,0.000000,0.000000,0.000000,-0.029377,0.010697,0.031946,0.996802,-0.003506,-0.079808,0.002148,0.038875,0.034475,-0.001704,0.285704,-0.295528,-0.000384,23.459086,23.459086,23.440821,0.497809,4.418516,-0.865214,0.383408,0.935589
22.700000,1,0,0,2.400000,9.810000,0.900000,30.000000,60.000000,6.000000,0.000000,0.000000,1.500000,0.054357,-0.005148,1.507372,0.000000,0.000000,0.000000,-0.016907,-0.000954,0.031849,0.996880,-0.002489,-0.078868,0.002182,0.042428,0.040561,-0.001820,0.317846,-0.224097,-0.006040,23.440821,23.440821,23.423355,0.497438,4.449008,-0.646097,0.380586,0.935366
22.750000,1,0,0,2.400000,9.810000,0.900000,30.000000,60.000000,6.000000,0.000000,0.000000,1.500000,0.053821,-0.005439,1.508943,0.000000,0.000000,0.000000,-0.004619,-0.010202,0.030837,0.996966,-0.001400,-0.077795,0.002218,0.044589,0.045068,-0.001970,0.318699,-0.167349,-0.056930,23.423355,23.423355,23.407117,0.497093,4.398409,-0.458958,0.267625,0.934891
22.800000,1,0,0,2.400000,9.810000,0.900000,30.000000,60.000000,6.000000,0.000000,0.000000,1.500000,0.053883,-0.006117,1.510441,0.000000,0.000000,0.000000,0.006915,-0.016386,0.028935,0.997057,-0.000276,-0.076632,0.002253,0.045245,0.047784,-0.002144,0.252831,-0.132848,-0.054349,23.407117,23.407117,23.392543,0.496784,4.183712,-0.323648,0.281360,0.934175
22.850000,1,0,0,2.400000,9.810000,0.900000,30.000000,60.000000,6.000000,0.000000,0.000000,1.500000,0.054491,-0.007020,1.511823,0.000000,0.000000,0.000000,0.017169,-0.019108,0.026203,0.997149,0.000845,-0.075424,0.002283,0.044367,0.048593,-0.002326,0.164356,-0.057134,-0.065539,23.392543,23.392543,23.380045,0.496518,3.913009,-0.089632,0.260345,0.933242
22.900000,1,0,0,2.400000,9.810000,0.900000,30.000000,60.000000,6.000000,0.000000,0.000000,1.500000,0.055570,-0.007968,1.513049,0.000000,0.000000,0.000000,0.025685,-0.018256,0.022741,0.997237,0.001927,-0.074220,0.002306,0.042013,0.047482,-0.002499,0.125773,0.032365,-0.082272,23.380045,23.380045,23.369991,0.496305,3.762578,0.175521,0.224257,0.932122
22.950000,1,0,0,2.400000,9.810000,0.900000,30.000000,60.000000,6.000000,0.000000,0.000000,1.500000,0.057024,-0.008789,1.514087,0.000000,0.000000,0.000000,0.032100,-0.014021,0.018675,0.997320,0.002933,-0.073066,0.002318,0.038331,0.044544,-0.002648,0.032364,0.110756,-0.090734,23.369991,23.369991,23.362679,0.496149,3.483325,0.410447,0.206181,0.930854
23.000000,1,0,0,2.400000,9.810000,0.900000,30.000000,60.000000,6.000000,0.000000,0.000000,1.500000,0.058741,-0.009322,1.514909,0.000000,0.000000,0.000000,0.036162,-0.006878,0.014162,0.997394,0.003833,-0.072007,0.002320,0.033539,0.039968,-0.002762,-0.018918,0.164921,-0.137569,23.362679,23.362679,23.358332,0.496057,3.309981,0.582264,0.094115,0.929486
23.050000,1,0,0,2.400000,9.810000,0.900000,30.000000,60.000000,6.000000,0.000000,0.000000,1.500000,0.060599,-0.009440,1.515499,0.000000,0.000000,0.000000,0.037745,0.002455,0.009374,0.997457,0.004604,-0.071080,0.002309,0.027921,0.034033,-0.002836,-0.099656,0.170652,-0.109568,23.358332,23.358332,23.357091,0.496031,3.072513,0.631764,0.159727,0.928068
23.100000,1,0,0,2.400000,9.810000,0.900000,30.000000,60.000000,6.000000,0.000000,0.000000,1.500000,0.062474,-0.009055,1.515845,0.000000,0.000000,0.000000,0.036855,0.013074,0.004495,0.997509,0.005228,-0.070315,0.002285,0.021802,0.027089,-0.002871,-0.098068,0.204221,-0.156064,23.357091,23.357091,23.359018,0.496072,3.040582,0.741244,0.044592,0.926655
23.150000,1,0,0,2.400000,9.810000,0.900000,30.000000,60.000000,6.000000,0.000000,0.000000,1.500000,0.064246,-0.008128,1.515950,0.000000,0.000000,0.000000,0.033629,0.023963,-0.000286,0.997547,0.005697,-0.069731,0.002250,0.015530,0.019542,-0.002873,-0.112543,0.208648,-0.161965,23.359018,23.359018,23.364101,0.496180,2.978995,0.773585,0.024943,0.925303
23.200000,1,0,0,2.400000,9.810000,0.900000,30.000000,60.000000,6.000000,0.000000,0.000000,1.500000,0.065803,-0.006672,1.515821,0.000000,0.000000,0.000000,0.028327,0.034078,-0.004788,0.997573,0.006012,-0.069339,0.002202,0.009454,0.011826,-0.002853,-0.163686,0.155483,-0.149801,23.364101,23.364101,23.372256,0.496353,2.838743,0.660536,0.046728,0.924067
23.250000,1,0,0,2.400000,9.810000,0.900000,30.000000,60.000000,6.000000,0.000000,0.000000,1.500000,0.067050,-0.004749,1.515478,0.000000,0.000000,0.000000,0.021319,0.042433,-0.008841,0.997586,0.006182,-0.069137,0.002144,0.003903,0.004383,-0.002822,-0.191726,0.111436,-0.108383,23.372256,23.372256,23.383340,0.496588,2.763200,0.562630,0.136845,0.922999
23.300000,1,0,0,2.400000,9.810000,0.900000,30.000000,60.000000,6.000000,0.000000,0.000000,1.500000,0.067914,-0.002472,1.514947,0.000000,0.000000,0.000000,0.013066,0.048179,-0.012296,0.997587,0.006223,-0.069113,0.002077,-0.000839,-0.002363,-0.002794,-0.235238,0.061582,-0.096229,23.383340,23.383340,23.397152,0.496881,2.659208,0.444818,0.154907,0.922146
23.350000,1,0,0,2.400000,9.810000,0.900000,30.000000,60.000000,6.000000,0.000000,0.000000,1.500000,0.068345,0.000014,1.514261,0.000000,0.000000,0.000000,0.004094,0.050675,-0.015030,0.997579,0.006158,-0.069245,0.002002,-0.004545,-0.008029,-0.002776,-0.196125,-0.011964,-0.080439,23.397152,23.397152,23.413438,0.497227,2.761141,0.265243,0.179942,0.921550
23.400000,1,0,0,2.400000,9.810000,0.900000,30.000000,60.000000,6.000000,0.000000,0.000000,1.500000,0.068320,0.002535,1.513458,0.000000,0.000000,0.000000,-0.005035,0.049541,-0.016954,0.997562,0.006016,-0.069501,0.001921,-0.007065,-0.012296,-0.002777,-0.253817,-0.061686,-0.029480,23.413438,23.413438,23.431897,0.497619,2.636892,0.139236,0.287699,0.921242
23.450000,1,0,0,2.400000,9.810000,0.900000,30.000000,60.000000,6.000000,0.000000,0.000000,1.500000,0.067848,0.004906,1.512580,0.000000,0.000000,0.000000,-0.013748,0.044690,-0.018014,0.997539,0.005827,-0.069844,0.001835,-0.008328,-0.014922,-0.002798,-0.259194,-0.138597,-0.040795,23.431897,23.431897,23.452188,0.498050,2.642545,-0.054216,0.244397,0.921247
23.500000,1,0,0,2.400000,9.810000,0.900000,30.000000,60.000000,6.000000,0.000000,0.000000,1.500000,0.066962,0.006945,1.511671,0.000000,0.000000,0.000000,-0.021495,0.036333,-0.018194,0.997513,0.005622,-0.070231,0.001748,-0.008353,-0.015760,-0.002838,-0.211865,-0.213176,-0.007004,23.452188,23.452188,23.473935,0.498512,2.776995,-0.242813,0.307834,0.921578
23.550000,1,0,0,2.400000,9.810000,0.900000,30.000000,60.000000,6.000000,0.000000,0.000000,1.500000,0.065723,0.008489,1.510775,0.000000,0.000000,0.000000,-0.027780,0.024967,-0.017518,0.997487,0.005431,-0.070615,0.001661,-0.007244,-0.014766,-0.002897,-0.169560,-0.232888,-0.000951,23.473935,23.473935,23.496747,0.498996,2.899526,-0.299081,0.303273,0.922237
23.600000,1,0,0,2.400000,9.810000,0.900000,30.000000,60.000000,6.000000,0.000000,0.000000,1.500000,0.064215,0.009404,1.509932,0.000000,0.000000,0.000000,-0.032182,0.011334,-0.016048,0.997465,0.005280,-0.070952,0.001575,-0.005181,-0.011998,-0.002969,-0.125961,-0.276700,0.017768,23.496747,23.496747,23.520228,0.499495,3.023136,-0.411317,0.327780,0.923216
23.650000,1,0,0,2.400000,9.810000,0.900000,30.000000,60.000000,6.000000,0.000000,0.000000,1.500000,0.062541,0.009600,1.509182,0.000000,0.000000,0.000000,-0.034379,-0.003641,-0.013881,0.997447,0.005190,-0.071200,0.001492,-0.002408,-0.007615,-0.003053,-0.039095,-0.321954,0.048006,23.520228,23.520228,23.544000,0.500000,3.246517,-0.524167,0.378720,0.924497
23.700000,1,0,0,2.400000,9.810000,0.900000,30.000000,60.000000,6.000000,0.000000,0.000000,1.500000,0.060817,0.009035,1.508554,0.000000,0.000000,0.000000,-0.034170,-0.018920,-0.011143,0.997439,0.005175,-0.071320,0.001412,0.000778,-0.001868,-0.003146,-0.032990,-0.329142,0.062410,23.544000,23.544000,23.567723,0.500504,3.270191,-0.542138,0.390560,0.926052
23.750000,1,0,0,2.400000,9.810000,0.900000,30.000000,60.000000,6.000000,0.000000,0.000000,1.500000,0.059166,0.007721,1.508074,0.000000,0.000000,0.000000,-0.031479,-0.033439,-0.007988,0.997441,0.005241,-0.071283,0.001337,0.004056,0.004914,-0.003248,0.013229,-0.326104,0.118862,23.567723,23.567723,23.591117,0.501001,3.382787,-0.531744,0.502348,0.927843
23.800000,1,0,0,2.400000,9.810000,0.900000,30.000000,60.000000,6.000000,0.000000,0.000000,1.500000,0.057710,0.005721,1.507759,0.000000,0.000000,0.000000,-0.026362,-0.046190,-0.004586,0.997456,0.005387,-0.071068,0.001266,0.007096,0.012340,-0.003358,0.097538,-0.270158,0.115543,23.591117,23.591117,23.613972,0.501486,3.578403,-0.390628,0.469861,0.929824
23.850000,1,0,0,2.400000,9.810000,0.900000,30.000000,60.000000,6.000000,0.000000,0.000000,1.500000,0.056567,0.003146,1.507617,0.000000,0.000000,0.000000,-0.019006,-0.056307,-0.001119,0.997484,0.005602,-0.070665,0.001198,0.009583,0.019984,-0.003476,0.138244,-0.192434,0.083911,23.613972,23.613972,23.636165,0.501957,3.660415,-0.193956,0.368729,0.931947
23.900000,1,0,0,2.400000,9.810000,0.900000,30.000000,60.000000,6.000000,0.000000,0.000000,1.500000,0.055842,0.000145,1.507645,0.000000,0.000000,0.000000,-0.009717,-0.063130,0.002230,0.997524,0.005869,-0.070072,0.001131,0.011237,0.027404,-0.003598,0.141452,-0.100605,0.055481,23.636165,23.636165,23.657658,0.502414,3.643435,0.039038,0.274729,0.934155
23.950000,1,0,0,2.400000,9.810000,0.900000,30.000000,60.000000,6.000000,0.000000,0.000000,1.500000,0.055621,-0.003105,1.507835,0.000000,0.000000,0.000000,0.001093,-0.066261,0.005281,0.997576,0.006164,-0.069302,0.001065,0.011835,0.034168,-0.003720,0.238579,-0.056584,0.051802,23.657658,23.657658,23.678494,0.502856,3.843356,0.158652,0.239707,0.936392
24.000000,1,0,0,2.400000,9.810000,0.900000,30.000000,60.000000,6.000000,0.000000,0.000000,1.500000,0.055968,-0.006418,1.508166,0.000000,0.000000,0.000000,0.012933,-0.065595,0.007872,0.997638,0.006460,-0.068375,0.000997,0.011223,0.039877,-0.003834,0.258108,-0.024591,0.051511,23.678494,23.678494,23.698786,0.503287,3.849528,0.249414,0.212506,0.938601
24.050000,1,0,0,2.400000,9.810000,0.900000,30.000000,60.000000,6.000000,0.000000,0.000000,1.500000,0.056922,-0.009605,1.508612,0.000000,0.000000,0.000000,0.025249,-0.061327,0.009857,0.997708,0.006725,-0.067322,0.000924,0.009329,0.044190,-0.003931,0.261404,0.069375,0.064269,23.698786,23.698786,23.718700,0.503710,3.810673,0.487450,0.216421,0.940726
24.100000,1,0,0,2.400000,9.810000,0.900000,30.000000,60.000000,6.000000,0.000000,0.000000,1.500000,0.058492,-0.012498,1.509139,0.000000,0.000000,0.000000,0.037465,-0.053938,0.011121,0.997783,0.006926,-0.066182,0.000846,0.006167,0.046839,-0.004001,0.273013,0.100384,0.063098,23.718700,23.718700,23.738434,0.504129,3.787514,0.571405,0.186791,0.942718
24.150000,1,0,0,2.400000,9.810000,0.900000,30.000000,60.000000,6.000000,0.000000,0.000000,1.500000,0.060657,-0.014958,1.509710,0.000000,0.000000,0.000000,0.049000,-0.044151,0.011579,0.997860,0.007034,-0.064999,0.000761,0.001836,0.047646,-0.004035,0.216134,0.141397,0.023368,23.738434,23.738434,23.758201,0.504549,3.597823,0.674929,0.064582,0.944530
24.200000,1,0,0,2.400000,9.810000,0.900000,30.000000,60.000000,6.000000,0.000000,0.000000,1.500000,0.063371,-0.016888,1.510283,0.000000,0.000000,0.000000,0.059308,-0.032876,0.011184,0.997937,0.007021,-0.063820,0.000667,-0.003482,0.046533,-0.004028,0.193913,0.165039,-0.022501,23.758201,23.758201,23.778208,0.504974,3.491396,0.731030,-0.072330,0.946124
24.250000,1,0,0,2.400000,9.810000,0.900000,30.000000,60.000000,6.000000,0.000000,0.000000,1.500000,0.066559,-0.018238,1.510814,0.000000,0.000000,0.000000,0.067903,-0.021133,0.009928,0.998009,0.006865,-0.062692,0.000565,-0.009538,0.043528,-0.003979,0.081872,0.147199,0.021542,23.778208,23.778208,23.798642,0.505408,3.171769,0.680796,0.006642,0.947471
24.300000,1,0,0,2.400000,9.810000,0.900000,30.000000,60.000000,6.000000,0.000000,0.000000,1.500000,0.070126,-0.019011,1.511262,0.000000,0.000000,0.000000,0.074384,-0.009970,0.007840,0.998076,0.006552,-0.061661,0.000454,-0.016026,0.038757,-0.003893,0.052168,0.121521,-0.045993,23.798642,23.798642,23.819655,0.505854,3.054323,0.604260,-0.182010,0.948553
24.350000,1,0,0,2.400000,9.810000,0.900000,30.000000,60.000000,6.000000,0.000000,0.000000,1.500000,0.073958,-0.019262,1.511586,0.000000,0.000000,0.000000,0.078455,-0.000377,0.004988,0.998133,0.006076,-0.060770,0.000334,-0.022608,0.032446,-0.003781,0.015793,0.124099,-0.090764,23.819655,23.819655,23.841361,0.506315,2.927424,0.587710,-0.315800,0.949359
24.400000,1,0,0,2.400000,9.810000,0.900000,30.000000,60.000000,6.000000,0.000000,0.000000,1.500000,0.077928,-0.019089,1.511750,0.000000,0.000000,0.000000,0.079942,0.006796,0.001474,0.998180,0.005437,-0.060052,0.000207,-0.028928,0.024903,-0.003655,-0.045175,0.059877,-0.120097,23.841361,23.841361,23.863826,0.506792,2.749736,0.403087,-0.412232,0.949891
24.450000,1,0,0,2.400000,9.810000,0.900000,30.000000,60.000000,6.000000,0.000000,0.000000,1.500000,0.081908,-0.018633,1.511724,0.000000,0.000000,0.000000,0.078802,0.010906,-0.002568,0.998216,0.004648,-0.059533,0.000072,-0.034643,0.016501,-0.003533,-0.081768,0.034960,-0.104448,23.863826,23.863826,23.887067,0.507286,2.640049,0.305538,-0.400314,0.950163
24.500000,1,0,0,2.400000,9.810000,0.900000,30.000000,60.000000,6.000000,0.000000,0.000000,1.500000,0.085766,-0.018056,1.511487,0.000000,0.000000,0.000000,0.075123,0.011570,-0.006981,0.998237,0.003726,-0.059231,-0.000069,-0.039436,0.007660,-0.003429,-0.170816,-0.043554,-0.075905,23.887067,23.887067,23.911045,0.507795,2.414771,0.072983,-0.356969,0.950194
24.550000,1,0,0,2.400000,9.810000,0.900000,30.000000,60.000000,6.000000,0.000000,0.000000,1.500000,0.089381,-0.017535,1.511023,0.000000,0.000000,0.000000,0.069124,0.008700,-0.011591,0.998245,0.002699,-0.059150,-0.000214,-0.043044,-0.001175,-0.003354,-0.179615,-0.065561,-0.104272,23.911045,23.911045,23.935663,0.508318,2.392666,-0.029084,-0.449632,0.950019
24.600000,1,0,0,2.400000,9.810000,0.900000,30.000000,60.000000,6.000000,0.000000,0.000000,1.500000,0.092645,-0.017242,1.510327,0.000000,0.000000,0.000000,0.061137,0.002503,-0.016212,0.998240,0.001599,-0.059285,-0.000363,-0.045266,-0.009564,-0.003316,-0.177521,-0.134745,-0.069425,23.935663,23.935663,23.960767,0.508851,2.407028,-0.247989,-0.389908,0.949675
24.650000,1,0,0,2.400000,9.810000,0.900000,30.000000,60.000000,6.000000,0.000000,0.000000,1.500000,0.095469,-0.017332,1.509405,0.000000,0.000000,0.000000,0.051595,-0.006528,-0.020658,0.998221,0.000462,-0.059619,-0.000514,-0.045986,-0.017090,-0.003314,-0.259754,-0.187633,-0.043011,23.960767,23.960767,23.986137,0.509390,2.228557,-0.429672,-0.349650,0.949209
24.700000,1,0,0,2.400000,9.810000,0.900000,30.000000,60.000000,6.000000,0.000000,0.000000,1.500000,0.097787,-0.017930,1.508268,0.000000,0.000000,0.000000,0.041006,-0.017659,-0.024748,0.998190,-0.000674,-0.060126,-0.000665,-0.045170,-0.023385,-0.003342,-0.259140,-0.234061,-0.020795,23.986137,23.986137,24.011495,0.509928,2.257221,-0.595920,-0.318595,0.948671
24.750000,1,0,0,2.400000,9.810000,0.900000,30.000000,60.000000,6.000000,0.000000,0.000000,1.500000,0.099562,-0.019118,1.506938,0.000000,0.000000,0.000000,0.029929,-0.029973,-0.028316,0.998150,-0.001771,-0.060772,-0.000815,-0.042876,-0.028153,-0.003388,-0.250314,-0.225462,-0.073421,24.011495,24.011495,24.036503,0.510459,2.312236,-0.628356,-0.466195,0.948115
24.800000,1,0,0,2.400000,9.810000,0.900000,30.000000,60.000000,6.000000,0.000000,0.000000,1.500000,0.100782,-0.020930,1.505447,0.000000,0.000000,0.000000,0.018940,-0.042444,-0.031219,0.998102,-0.002793,-0.061515,-0.000962,-0.039246,-0.031178,-0.003437,-0.240407,-0.214023,-0.072721,24.036503,24.036503,24.060777,0.510975,2.374512,-0.650518,-0.484742,0.947596
24.850000,1,0,0,2.400000,9.810000,0.900000,30.000000,60.000000,6.000000,0.000000,0.000000,1.500000,0.101467,-0.023347,1.503830,0.000000,0.000000,0.000000,0.008609,-0.054020,-0.033338,0.998049,-0.003711,-0.062311,-0.001102,-0.034497,-0.032344,-0.003476,-0.219487,-0.201540,-0.036068,24.060777,24.060777,24.083897,0.511466,2.465695,-0.665216,-0.415836,0.947167
24.900000,1,0,0,2.400000,9.810000,0.900000,30.000000,60.000000,6.000000,0.000000,0.000000,1.500000,0.101663,-0.026301,1.502128,0.000000,0.000000,0.000000,-0.000536,-0.063712,-0.034592,0.997996,-0.004499,-0.063113,-0.001236,-0.028910,-0.031639,-0.003490,-0.231590,-0.124652,-0.079143,24.083897,24.083897,24.105428,0.511923,2.477820,-0.519175,-0.537003,0.946877
24.950000,1,0,0,2.400000,9.810000,0.900000,30.000000,60.000000,6.000000,0.000000,0.000000,1.500000,0.101441,-0.029673,1.500386,0.000000,0.000000,0.000000,-0.008033,-0.070670,-0.034932,0.997944,-0.005140,-0.063874,-0.001360,-0.022809,-0.029153,-0.003473,-0.130347,-0.061021,-0.039550,24.105428,24.105428,24.124944,0.512337,2.759926,-0.397930,-0.458379,0.946772
25.000000,1,0,0,2.400000,9.810000,0.900000,30.000000,60.000000,6.000000,0.000000,0.000000,1.500000,0.100893,-0.033311,1.498650,0.000000,0.000000,0.000000,-0.013513,-0.074254,-0.034352,0.997897,-0.005626,-0.064553,-0.001474,-0.016542,-0.025073,-0.003421,-0.136470,0.010965,0.024141,24.124944,24.124944,24.142046,0.512701,2.780215,-0.249170,-0.320414,0.946889
25.050000,1,0,0,2.400000,9.810000,0.900000,30.000000,60.000000,6.000000,0.000000,0.000000,1.500000,0.100127,-0.037036,1.496965,0.000000,0.000000,0.000000,-0.016717,-0.074088,-0.032882,0.997859,-0.005958,-0.065114,-0.001577,-0.010458,-0.019678,-0.003337,-0.086924,0.070293,0.071225,24.142046,24.142046,24.156396,0.513005,2.928166,-0.123299,-0.220676,0.947259
25.100000,1,0,0,2.400000,9.810000,0.900000,30.000000,60.000000,6.000000,0.000000,0.000000,1.500000,0.099261,-0.040656,1.495375,0.000000,0.000000,0.000000,-0.017510,-0.070088,-0.030590,0.997830,-0.006143,-0.065527,-0.001669,-0.004886,-0.013316,-0.003227,-0.002723,0.139827,0.089053,24.156396,24.156396,24.167730,0.513246,3.151908,0.034163,-0.189399,0.947901
25.150000,1,0,0,2.400000,9.810000,0.900000,30.000000,60.000000,6.000000,0.000000,0.000000,1.500000,0.098417,-0.043984,1.493918,0.000000,0.000000,0.000000,-0.015888,-0.062474,-0.027581,0.997814,-0.006199,-0.065774,-0.001750,-0.000113,-0.006389,-0.003102,0.044580,0.192095,0.076312,24.167730,24.167730,24.175876,0.513419,3.278742,0.156508,-0.229613,0.948826
25.200000,1,0,0,2.400000,9.810000,0.900000,30.000000,60.000000,6.000000,0.000000,0.000000,1.500000,0.097711,-0.046851,1.492627,0.000000,0.000000,0.000000,-0.011978,-0.051744,-0.023987,0.997809,-0.006147,-0.065846,-0.001823,0.003633,0.000669,-0.002971,0.087731,0.224813,0.077115,24.175876,24.175876,24.180768,0.513523,3.386801,0.237159,-0.235335,0.950034
25.250000,1,0,0,2.400000,9.810000,0.900000,30.000000,60.000000,6.000000,0.000000,0.000000,1.500000,0.097253,-0.049119,1.491527,0.000000,0.000000,0.000000,-0.006034,-0.038646,-0.019967,0.997817,-0.006017,-0.065745,-0.001888,0.006196,0.007420,-0.002845,0.116305,0.290318,0.058268,24.180768,24.180768,24.182440,0.513558,3.451148,0.400389,-0.286138,0.951513
25.300000,1,0,0,2.400000,9.810000,0.900000,30.000000,60.000000,6.000000,0.000000,0.000000,1.500000,0.097135,-0.050692,1.490635,0.000000,0.000000,0.000000,0.001583,-0.024105,-0.015695,0.997835,-0.005839,-0.065483,-0.001947,0.007506,0.013440,-0.002730,0.131423,0.294399,0.035595,24.182440,24.182440,24.181028,0.513528,3.475094,0.418612,-0.343974,0.953241
25.350000,1,0,0,2.400000,9.810000,0.900000,30.000000,60.000000,6.000000,0.000000,0.000000,1.500000,0.097431,-0.051523,1.489958,0.000000,0.000000,0.000000,0.010417,-0.009161,-0.011356,0.997862,-0.005643,-0.065085,-0.002004,0.007576,0.018349,-0.002630,0.169047,0.317280,0.064120,24.181028,24.181028,24.176751,0.513438,3.546070,0.482844,-0.276736,0.955188
25.400000,1,0,0,2.400000,9.810000,0.900000,30.000000,60.000000,6.000000,0.000000,0.000000,1.500000,0.098189,-0.051619,1.489497,0.000000,0.000000,0.000000,0.019945,0.005125,-0.007135,0.997895,-0.005460,-0.064581,-0.002060,0.006508,0.021830,-0.002547,0.166003,0.307492,0.066662,24.176751,24.176751,24.169899,0.513292,3.514012,0.468102,-0.269651,0.957315
25.450000,1,0,0,2.400000,9.810000,0.900000,30.000000,60.000000,6.000000,0.000000,0.000000,1.500000,0.099428,-0.051038,1.489240,0.000000,0.000000,0.000000,0.029604,0.017750,-0.003212,0.997933,-0.005316,-0.064011,-0.002116,0.004478,0.023644,-0.002479,0.178718,0.296132,0.051513,24.169899,24.169899,24.160811,0.513099,3.516253,0.447733,-0.302834,0.959573
25.500000,1,0,0,2.400000,9.810000,0.900000,30.000000,60.000000,6.000000,0.000000,0.000000,1.500000,0.101142,-0.049886,1.489168,0.000000,0.000000,0.000000,0.038821,0.027852,0.000249,0.997971,-0.005232,-0.063418,-0.002176,0.001731,0.023646,-0.002426,0.179072,0.223070,0.062457,24.160811,24.160811,24.149855,0.512866,3.487442,0.276397,-0.271252,0.961912
25.550000,1,0,0,2.400000,9.810000,0.900000,30.000000,60.000000,6.000000,0.000000,0.000000,1.500000,0.103293,-0.048306,1.489255,0.000000,0.000000,0.000000,0.047041,0.034780,0.003106,0.998007,-0.005223,-0.062847,-0.002238,-0.001441,0.021792,-0.002386,0.140921,0.156688,0.000127,24.149855,24.149855,24.137408,0.512602,3.367098,0.117502,-0.413460,0.964276
25.600000,1,0,0,2.400000,9.810000,0.900000,30.000000,60.000000,6.000000,0.000000,0.000000,1.500000,0.105821,-0.046468,1.489467,0.000000,0.000000,0.000000,0.053759,0.038143,0.005244,0.998038,-0.005295,-0.062345,-0.002305,-0.004716,0.018145,-0.002359,0.101888,0.090696,-0.000951,24.137408,24.137408,24.123834,0.512314,3.247754,-0.044372,-0.406694,0.966607
25.650000,1,0,0,2.400000,9.810000,0.900000,30.000000,60.000000,6.000000,0.000000,0.000000,1.500000,0.108637,-0.044553,1.489766,0.000000,0.000000,0.000000,0.058545,0.037846,0.006583,0.998061,-0.005447,-0.061955,-0.002376,-0.007763,0.012865,-0.002346,0.065693,0.022572,-0.009491,24.123834,24.123834,24.109476,0.512009,3.140448,-0.215213,-0.415984,0.968848
25.700000,1,0,0,2.400000,9.810000,0.900000,30.000000,60.000000,6.000000,0.000000,0.000000,1.500000,0.111637,-0.042741,1.490111,0.000000,0.000000,0.000000,0.061068,0.034091,0.007077,0.998075,-0.005669,-0.061715,-0.002449,-0.010267,0.006207,-0.002349,-0.008211,-0.082243,-0.013160,24.109476,24.109476,24.094636,0.511694,2.949713,-0.477497,-0.411858,0.970944
25.750000,1,0,0,2.400000,9.810000,0.900000,30.000000,60.000000,6.000000,0.000000,0.000000,1.500000,0.114702,-0.041193,1.490459,0.000000,0.000000,0.000000,0.061112,0.027364,0.006722,0.998077,-0.005944,-0.061654,-0.002526,-0.011947,-0.001499,-0.002367,-0.023239,-0.106409,-0.065647,24.094636,24.094636,24.079567,0.511374,2.908841,-0.548786,-0.523308,0.972847
25.800000,1,0,0,2.400000,9.810000,0.900000,30.000000,60.000000,6.000000,0.000000,0.000000,1.500000,0.117706,-0.040042,1.490769,0.000000,0.000000,0.000000,0.058590,0.018392,0.005550,0.998066,-0.006249,-0.061794,-0.002603,-0.012578,-0.009859,-0.002401,-0.099395,-0.127610,-0.104877,24.079567,24.079567,24.064469,0.511053,2.730865,-0.614391,-0.601495,0.974512
25.850000,1,0,0,2.400000,9.810000,0.900000,30.000000,60.000000,6.000000,0.000000,0.000000,1.500000,0.120519,-0.039376,1.491002,0.000000,0.000000,0.000000,0.053545,0.008086,0.003633,0.998042,-0.006556,-0.062147,-0.002681,-0.012002,-0.018445,-0.002445,-0.083011,-0.159987,-0.144521,24.064469,24.064469,24.049479,0.510735,2.785132,-0.706893,-0.679366,0.975903
25.900000,1,0,0,2.400000,9.810000,0.900000,30.000000,60.000000,6.000000,0.000000,0.000000,1.500000,0.123021,-0.039239,1.491122,0.000000,0.000000,0.000000,0.046154,-0.002538,0.001074,0.998004,-0.006832,-0.062712,-0.002756,-0.010145,-0.026812,-0.002494,-0.160848,-0.149974,-0.148085,24.049479,24.049479,24.034673,0.510420,2.623421,-0.696229,-0.669475,0.976993
25.950000,1,0,0,2.400000,9.810000,0.900000,30.000000,60.000000,6.000000,0.000000,0.000000,1.500000,0.125100,-0.039618,1.491101,0.000000,0.000000,0.000000,0.036711,-0.012436,-0.001992,0.997954,-0.007047,-0.063479,-0.002827,-0.007016,-0.034525,-0.002536,-0.200997,-0.153400,-0.149839,24.034673,24.034673,24.020059,0.510110,2.561790,-0.714852,-0.654200,0.977765
26.000000,1,0,0,2.400000,9.810000,0.900000,30.000000,60.000000,6.000000,0.000000,0.000000,1.500000,0.126665,-0.040454,1.490917,0.000000,0.000000,0.000000,0.025620,-0.020628,-0.005407,0.997893,-0.007170,-0.064426,-0.002892,-0.002713,-0.041183,-0.002560,-0.220194,-0.078483,-0.158176,24.020059,24.020059,24.005585,0.509803,2.559041,-0.541012,-0.653813,0.978213
26.050000,1,0,0,2.400000,9.810000,0.900000,30.000000,60.000000,6.000000,0.000000,0.000000,1.500000,0.127643,-0.041638,1.490557,0.000000,0.000000,0.000000,0.013368,-0.026276,-0.008997,0.997821,-0.007172,-0.065523,-0.002948,0.002586,-0.046442,-0.002555,-0.229894,-0.063425,-0.171229,24.005585,24.005585,23.991137,0.509496,2.586197,-0.505083,-0.663944,0.978341
26.100000,1,0,0,2.400000,9.810000,0.900000,30.000000,60.000000,6.000000,0.000000,0.000000,1.500000,0.127991,-0.043028,1.490017,0.000000,0.000000,0.000000,0.000503,-0.028752,-0.012579,0.997742,-0.007033,-0.066730,-0.002994,0.008632,-0.050030,-0.002511,-0.235943,0.009379,-0.147182,23.991137,23.991137,23.976550,0.509186,2.627367,-0.323764,-0.584339,0.978165
26.150000,1,0,0,2.400000,9.810000,0.900000,30.000000,60.000000,6.000000,0.000000,0.000000,1.500000,0.127693,-0.044454,1.489303,0.000000,0.000000,0.000000,-0.012394,-0.027691,-0.015968,0.997658,-0.006737,-0.068005,-0.003026,0.015124,-0.051768,-0.002421,-0.231106,0.097166,-0.091442,23.976550,23.976550,23.961616,0.508869,2.697787,-0.098965,-0.428066,0.977708
26.200000,1,0,0,2.400000,9.810000,0.900000,30.000000,60.000000,6.000000,0.000000,0.000000,1.500000,0.126761,-0.045737,1.488427,0.000000,0.000000,0.000000,-0.024742,-0.023019,-0.018990,0.997571,-0.006277,-0.069300,-0.003045,0.021721,-0.051574,-0.002287,-0.143069,0.105266,-0.084086,23.961616,23.961616,23.946098,0.508539,2.968715,-0.057562,-0.387387,0.977006
26.250000,1,0,0,2.400000,9.810000,0.900000,30.000000,60.000000,6.000000,0.000000,0.000000,1.500000,0.125237,-0.046700,1.487412,0.000000,0.000000,0.000000,-0.035988,-0.014963,-0.021483,0.997486,-0.005655,-0.070566,-0.003049,0.028071,-0.049472,-0.002115,-0.145378,0.152051,-0.082211,23.946098,23.946098,23.929744,0.508192,3.021319,0.084453,-0.359393,0.976100
26.300000,1,0,0,2.400000,9.810000,0.900000,30.000000,60.000000,6.000000,0.000000,0.000000,1.500000,0.123189,-0.047185,1.486290,0.000000,0.000000,0.000000,-0.045636,-0.004034,-0.023309,0.997406,-0.004882,-0.071757,-0.003038,0.033826,-0.045587,-0.001916,-0.120623,0.176344,-0.047637,23.929744,23.929744,23.912309,0.507822,3.135138,0.179747,-0.252501,0.975038
26.350000,1,0,0,2.400000,9.810000,0.900000,30.000000,60.000000,6.000000,0.000000,0.000000,1.500000,0.120707,-0.047068,1.485094,0.000000,0.000000,0.000000,-0.053272,0.009021,-0.024358,0.997332,-0.003976,-0.072832,-0.003012,0.038671,-0.040141,-0.001704,-0.088395,0.275810,0.019311,23.912309,23.912309,23.893567,0.507424,3.261133,0.461806,-0.067522,0.973872
26.400000,1,0,0,2.400000,9.810000,0.900000,30.000000,60.000000,6.000000,0.000000,0.000000,1.500000,0.117900,-0.046263,1.483868,0.000000,0.000000,0.000000,-0.058588,0.023268,-0.024555,0.997268,-0.002963,-0.073754,-0.002975,0.042339,-0.033439,-0.001498,-0.069894,0.245623,0.002006,23.893567,23.893567,23.873338,0.506994,3.346712,0.437792,-0.084386,0.972658
26.450000,1,0,0,2.400000,9.810000,0.900000,30.000000,60.000000,6.000000,0.000000,0.000000,1.500000,0.114890,-0.044738,1.482654,0.000000,0.000000,0.000000,-0.061393,0.037672,-0.023862,0.997215,-0.001876,-0.074498,-0.002927,0.044627,-0.025852,-0.001310,-0.029583,0.220258,0.041693,23.873338,23.873338,23.851498,0.506530,3.475874,0.428896,0.035886,0.971450
26.500000,1,0,0,2.400000,9.810000,0.900000,30.000000,60.000000,6.000000,0.000000,0.000000,1.500000,0.111804,-0.042511,1.481497,0.000000,0.000000,0.000000,-0.061629,0.051172,-0.022277,0.997176,-0.000750,-0.075046,-0.002872,0.045416,-0.017800,-0.001154,0.048663,0.168072,0.074958,23.851498,23.851498,23.827997,0.506031,3.686503,0.357438,0.141086,0.970304
26.550000,1,0,0,2.400000,9.810000,0.900000,30.000000,60.000000,6.000000,0.000000,0.000000,1.500000,0.108769,-0.039653,1.480440,0.000000,0.000000,0.000000,-0.059368,0.062772,-0.019840,0.997150,0.000378,-0.075392,-0.002815,0.044668,-0.009724,-0.001033,0.092095,0.094987,0.093811,23.827997,23.827997,23.802868,0.505498,3.803720,0.235800,0.212030,0.969268
26.600000,1,0,0,2.400000,9.810000,0.900000,30.000000,60.000000,6.000000,0.000000,0.000000,1.500000,0.105905,-0.036280,1.479526,0.000000,0.000000,0.000000,-0.054812,0.071618,-0.016628,0.997138,0.001468,-0.075541,-0.002757,0.042439,-0.002062,-0.000946,0.140623,0.034146,0.107337,23.802868,23.802868,23.776233,0.504932,3.923563,0.141709,0.270499,0.968388
26.650000,1,0,0,2.400000,9.810000,0.900000,30.000000,60.000000,6.000000,0.000000,0.000000,1.500000,0.103321,-0.032548,1.478789,0.000000,0.000000,0.000000,-0.048280,0.077071,-0.012750,0.997138,0.002486,-0.075507,-0.002703,0.038867,0.004771,-0.000887,0.136235,0.013529,0.109639,23.776233,23.776233,23.748301,0.504339,3.907576,0.140623,0.302309,0.967702
26.700000,1,0,0,2.400000,9.810000,0.900000,30.000000,60.000000,6.000000,0.000000,0.000000,1.500000,0.101104,-0.028636,1.478259,0.000000,0.000000,0.000000,-0.040191,0.078753,-0.008347,0.997150,0.003400,-0.075318,-0.002655,0.034167,0.010410,-0.000844,0.126585,-0.097674,0.139829,23.748301,23.748301,23.719364,0.503724,3.871377,-0.082880,0.401275,0.967239
26.750000,1,0,0,2.400000,9.810000,0.900000,30.000000,60.000000,6.000000,0.000000,0.000000,1.500000,0.099319,-0.024737,1.477960,0.000000,0.000000,0.000000,-0.031043,0.076582,-0.003580,0.997171,0.004187,-0.075005,-0.002615,0.028619,0.014556,-0.000804,0.176659,-0.143780,0.106383,23.719364,23.719364,23.689785,0.503096,3.972589,-0.156334,0.347666,0.967018
26.800000,1,0,0,2.400000,9.810000,0.900000,30.000000,60.000000,6.000000,0.000000,0.000000,1.500000,0.098008,-0.021039,1.477904,0.000000,0.000000,0.000000,-0.021387,0.070775,0.001372,0.997198,0.004827,-0.074610,-0.002585,0.022544,0.017000,-0.000754,0.207207,-0.231500,0.114231,23.689785,23.689785,23.659984,0.502463,4.022962,-0.336653,0.393218,0.967049
26.850000,1,0,0,2.400000,9.810000,0.900000,30.000000,60.000000,6.000000,0.000000,0.000000,1.500000,0.097180,-0.017712,1.478097,0.000000,0.000000,0.000000,-0.011795,0.061833,0.006322,0.997228,0.005314,-0.074176,-0.002564,0.016292,0.017626,-0.000684,0.146371,-0.262792,0.119804,23.659984,23.659984,23.630419,0.501835,3.852187,-0.388937,0.433238,0.967331
26.900000,1,0,0,2.400000,9.810000,0.900000,30.000000,60.000000,6.000000,0.000000,0.000000,1.500000,0.096818,-0.014895,1.478533,0.000000,0.000000,0.000000,-0.002834,0.050500,0.011083,0.997258,0.005646,-0.073748,-0.002553,0.010210,0.016421,-0.000587,0.118323,-0.327613,0.124256,23.630419,23.630419,23.601566,0.501223,3.760497,-0.529069,0.470345,0.967853
26.950000,1,0,0,2.400000,9.810000,0.900000,30.000000,60.000000,6.000000,0.000000,0.000000,1.500000,0.096877,-0.012686,1.479199,0.000000,0.000000,0.000000,0.004968,0.037700,0.015476,0.997284,0.005832,-0.073372,-0.002551,0.004631,0.013477,-0.000462,0.064070,-0.341959,0.113310,23.601566,23.601566,23.573900,0.500635,3.608471,-0.555016,0.470102,0.968591
27.000000,1,0,0,2.400000,9.810000,0.900000,30.000000,60.000000,6.000000,0.000000,0.000000,1.500000,0.097287,-0.011132,1.480072,0.000000,0.000000,0.000000,0.011146,0.024463,0.019338,0.997305,0.005887,-0.073089,-0.002555,-0.000158,0.008984,-0.000314,0.046331,-0.329603,0.100364,23.573900,23.573900,23.547873,0.500082,3.548624,-0.523047,0.464475,0.969516
27.050000,1,0,0,2.400000,9.810000,0.900000,30.000000,60.000000,6.000000,0.000000,0.000000,1.500000,0.097958,-0.010229,1.481122,0.000000,0.000000,0.000000,0.015326,0.011844,0.022530,0.997316,0.005834,-0.072935,-0.002564,-0.003926,0.003220,-0.000147,0.071612,-0.314504,0.064986,23.547873,23.547873,23.523898,0.499573,3.598278,-0.489576,0.404221,0.970587
27.100000,1,0,0,2.400000,9.810000,0.900000,30.000000,60.000000,6.000000,0.000000,0.000000,1.500000,0.098782,-0.009921,1.482312,0.000000,0.000000,0.000000,0.017242,0.000834,0.024941,0.997317,0.005702,-0.072936,-0.002575,-0.006514,-0.003464,0.000028,0.034824,-0.266657,0.042617,23.523898,23.523898,23.502330,0.499115,3.506541,-0.381274,0.374190,0.971758
27.150000,1,0,0,2.400000,9.810000,0.900000,30.000000,60.000000,6.000000,0.000000,0.000000,1.500000,0.099642,-0.010105,1.483602,0.000000,0.000000,0.000000,0.016752,-0.007719,0.026495,0.997305,0.005519,-0.073111,-0.002586,-0.007848,-0.010667,0.000205,-0.038926,-0.186702,-0.014652,23.502330,23.502330,23.483458,0.498714,3.334550,-0.198229,0.259189,0.972979
27.200000,1,0,0,2.400000,9.810000,0.900000,30.000000,60.000000,6.000000,0.000000,0.000000,1.500000,0.100417,-0.010641,1.484947,0.000000,0.000000,0.000000,0.013844,-0.013177,0.027151,0.997280,0.005319,-0.073468,-0.002595,-0.007940,-0.017953,0.000377,-0.069991,-0.127600,0.005457,23.483458,23.483458,23.467487,0.498375,3.273835,-0.066073,0.328471,0.974194
27.250000,1,0,0,2.400000,9.810000,0.900000,30.000000,60.000000,6.000000,0.000000,0.000000,1.500000,0.100988,-0.011365,1.486302,0.000000,0.000000,0.000000,0.008638,-0.015168,0.026909,0.997241,0.005129,-0.074002,-0.002601,-0.006887,-0.024882,0.000540,-0.117685,-0.057561,-0.017150,23.467487,23.467487,23.454538,0.498100,3.181902,0.092906,0.293620,0.975348
27.300000,1,0,0,2.400000,9.810000,0.900000,30.000000,60.000000,6.000000,0.000000,0.000000,1.500000,0.101246,-0.012099,1.487623,0.000000,0.000000,0.000000,0.001381,-0.013610,0.025807,0.997190,0.004978,-0.074701,-0.002600,-0.004864,-0.031031,0.000692,-0.139850,0.009489,-0.052937,23.454538,23.454538,23.444641,0.497890,3.159280,0.246529,0.225340,0.976388
27.350000,1,0,0,2.400000,9.810000,0.900000,30.000000,60.000000,6.000000,0.000000,0.000000,1.500000,0.101098,-0.012670,1.488869,0.000000,0.000000,0.000000,-0.007571,-0.008721,0.023921,0.997127,0.004886,-0.075540,-0.002592,-0.002113,-0.036020,0.000832,-0.157042,0.096038,-0.073864,23.444641,23.444641,23.437730,0.497743,3.155510,0.449771,0.190766,0.977260
27.400000,1,0,0,2.400000,9.810000,0.900000,30.000000,60.000000,6.000000,0.000000,0.000000,1.500000,0.100469,-0.012923,1.490004,0.000000,0.000000,0.000000,-0.017766,-0.001000,0.021361,0.997056,0.004869,-0.076485,-0.002575,0.001075,-0.039529,0.000961,-0.185469,0.192283,-0.074952,23.437730,23.437730,23.433653,0.497657,3.130154,0.679799,0.201712,0.977918
27.450000,1,0,0,2.400000,9.810000,0.900000,30.000000,60.000000,6.000000,0.000000,0.000000,1.500000,0.099309,-0.012735,1.490997,0.000000,0.000000,0.000000,-0.028681,0.008814,0.018263,0.996977,0.004932,-0.077496,-0.002549,0.004378,-0.041320,0.001078,-0.202491,0.247410,-0.046131,23.433653,23.433653,23.432172,0.497625,3.135669,0.814986,0.282242,0.978322
27.500000,1,0,0,2.400000,9.810000,0.900000,30.000000,60.000000,6.000000,0.000000,0.000000,1.500000,0.097598,-0.012023,1.491824,0.000000,0.000000,0.000000,-0.039751,0.019801,0.014789,0.996896,0.005076,-0.078530,-0.002514,0.007466,-0.041248,0.001182,-0.179861,0.249787,-0.055474,23.432172,23.432172,23.432978,0.497642,3.237744,0.827369,0.268905,0.978440
27.550000,1,0,0,2.400000,9.810000,0.900000,30.000000,60.000000,6.000000,0.000000,0.000000,1.500000,0.095341,-0.010752,1.492472,0.000000,0.000000,0.000000,-0.050398,0.030939,0.011114,0.996815,0.005290,-0.079538,-0.002472,0.010021,-0.039270,0.001271,-0.178517,0.273293,-0.051208,23.432978,23.432978,23.435705,0.497700,3.287901,0.893829,0.285919,0.978249
27.600000,1,0,0,2.400000,9.810000,0.900000,30.000000,60.000000,6.000000,0.000000,0.000000,1.500000,0.092575,-0.008944,1.492935,0.000000,0.000000,0.000000,-0.060060,0.041184,0.007423,0.996738,0.005559,-0.080473,-0.002422,0.011762,-0.035448,0.001339,-0.182248,0.233546,-0.030111,23.435705,23.435705,23.439948,0.497790,3.322817,0.811064,0.341012,0.977736
27.650000,1,0,0,2.400000,9.810000,0.900000,30.000000,60.000000,6.000000,0.000000,0.000000,1.500000,0.089360,-0.006665,1.493217,0.000000,0.000000,0.000000,-0.068221,0.049557,0.003900,0.996670,0.005858,-0.081292,-0.002368,0.012459,-0.029943,0.001384,-0.182195,0.212281,-0.052954,23.439948,23.439948,23.445289,0.497904,3.361650,0.774156,0.288371,0.976899
27.700000,1,0,0,2.400000,9.810000,0.900000,30.000000,60.000000,6.000000,0.000000,0.000000,1.500000,0.085785,-0.004033,1.493331,0.000000,0.000000,0.000000,-0.074440,0.055225,0.000718,0.996614,0.006160,-0.081955,-0.002312,0.011953,-0.023010,0.001403,-0.126998,0.134965,-0.072882,23.445289,23.445289,23.451324,0.498032,3.525788,0.602912,0.240522,0.975747
27.750000,1,0,0,2.400000,9.810000,0.900000,30.000000,60.000000,6.000000,0.000000,0.000000,1.500000,0.081955,-0.001198,1.493297,0.000000,0.000000,0.000000,-0.078370,0.057566,-0.001964,0.996573,0.006435,-0.082431,-0.002258,0.010166,-0.014982,0.001398,-0.054018,0.046145,-0.103136,23.451324,23.451324,23.457686,0.498167,3.724032,0.402786,0.165790,0.974298
27.800000,1,0,0,2.400000,9.810000,0.900000,30.000000,60.000000,6.000000,0.000000,0.000000,1.500000,0.077990,0.001662,1.493145,0.000000,0.000000,0.000000,-0.079782,0.056226,-0.004011,0.996550,0.006649,-0.082697,-0.002207,0.007105,-0.006252,0.001372,0.008493,-0.044811,-0.025005,23.457686,23.457686,23.464077,0.498303,3.887468,0.194749,0.349225,0.972583
27.850000,1,0,0,2.400000,9.810000,0.900000,30.000000,60.000000,6.000000,0.000000,0.000000,1.500000,0.074020,0.004362,1.492909,0.000000,0.000000,0.000000,-0.078570,0.051140,-0.005317,0.996546,0.006772,-0.082742,-0.002163,0.002864,0.002749,0.001334,0.038267,-0.121746,-0.030020,23.464077,23.464077,23.470284,0.498435,3.962031,0.016134,0.331308,0.970639
27.900000,1,0,0,2.400000,9.810000,0.900000,30.000000,60.000000,6.000000,0.000000,0.000000,1.500000,0.070176,0.006718,1.492627,0.000000,0.000000,0.000000,-0.074763,0.042549,-0.005811,0.996561,0.006778,-0.082563,-0.002128,-0.002382,0.011575,0.001297,0.132805,-0.219449,-0.048991,23.470284,23.470284,23.476200,0.498560,4.181619,-0.217856,0.278270,0.968511
27.950000,1,0,0,2.400000,9.810000,0.900000,30.000000,60.000000,6.000000,0.000000,0.000000,1.500000,0.066584,0.008567,1.492342,0.000000,0.000000,0.000000,-0.068521,0.030971,-0.005458,0.996594,0.006643,-0.082170,-0.002104,-0.008387,0.019791,0.001272,0.163038,-0.261726,-0.027636,23.476200,23.476200,23.481830,0.498680,4.236894,-0.325405,0.320566,0.966250
28.000000,1,0,0,2.400000,9.810000,0.900000,30.000000,60.000000,6.000000,0.000000,0.000000,1.500000,0.063360,0.009777,1.492095,0.000000,0.000000,0.000000,-0.060126,0.017166,-0.004264,0.996644,0.006353,-0.081584,-0.002093,-0.014850,0.026993,0.001273,0.196908,-0.283106,-0.019356,23.481830,23.481830,23.487286,0.498796,4.291850,-0.390111,0.330204,0.963911
28.050000,1,0,0,2.400000,9.810000,0.900000,30.000000,60.000000,6.000000,0.000000,0.000000,1.500000,0.060601,0.010262,1.491929,0.000000,0.000000,0.000000,-0.049968,0.002074,-0.002272,0.996708,0.005900,-0.080835,-0.002093,-0.021431,0.032834,0.001309,0.195131,-0.290770,0.025000,23.487286,23.487286,23.492780,0.498912,4.253593,-0.429563,0.425297,0.961552
28.100000,1,0,0,2.400000,9.810000,0.900000,30.000000,60.000000,6.000000,0.000000,0.000000,1.500000,0.058385,0.009981,1.491880,0.000000,0.000000,0.000000,-0.038525,-0.013262,0.000438,0.996782,0.005285,-0.079960,-0.002104,-0.027778,0.037043,0.001386,0.196302,-0.308438,0.060319,23.492780,23.492780,23.498605,0.499036,4.216517,-0.500634,0.497704,0.959229
28.150000,1,0,0,2.400000,9.810000,0.900000,30.000000,60.000000,6.000000,0.000000,0.000000,1.500000,0.056761,0.008949,1.491982,0.000000,0.000000,0.000000,-0.026338,-0.027780,0.003752,0.996862,0.004519,-0.079002,-0.002124,-0.033544,0.039438,0.001501,0.195082,-0.313048,0.045727,23.498605,23.498605,23.505105,0.499174,4.169852,-0.547510,0.449422,0.956998
28.200000,1,0,0,2.400000,9.810000,0.900000,30.000000,60.000000,6.000000,0.000000,0.000000,1.500000,0.055754,0.007233,1.492263,0.000000,0.000000,0.000000,-0.013984,-0.040480,0.007530,0.996944,0.003619,-0.078007,-0.002152,-0.038410,0.039934,0.001648,0.203132,-0.296323,0.052394,23.505105,23.505105,23.512651,0.499334,4.143791,-0.549465,0.451316,0.954910
28.250000,1,0,0,2.400000,9.810000,0.900000,30.000000,60.000000,6.000000,0.000000,0.000000,1.500000,0.055356,0.004946,1.492740,0.000000,0.000000,0.000000,-0.002044,-0.050510,0.011607,0.997024,0.002611,-0.077023,-0.002184,-0.042107,0.038554,0.001814,0.194557,-0.217789,0.047296,23.512651,23.512651,23.521607,0.499524,4.078442,-0.408163,0.424159,0.953010
28.300000,1,0,0,2.400000,9.810000,0.900000,30.000000,60.000000,6.000000,0.000000,0.000000,1.500000,0.055533,0.002237,1.493426,0.000000,0.000000,0.000000,0.008928,-0.057232,0.015804,0.997097,0.001528,-0.076095,-0.002218,-0.044430,0.035422,0.001985,0.190578,-0.130986,0.049166,23.521607,23.521607,23.532306,0.499752,4.026910,-0.250614,0.412904,0.951336
28.350000,1,0,0,2.400000,9.810000,0.900000,30.000000,60.000000,6.000000,0.000000,0.000000,1.500000,0.056224,-0.000716,1.494320,0.000000,0.000000,0.000000,0.018428,-0.060270,0.019937,0.997161,0.000405,-0.075265,-0.002250,-0.045255,0.030756,0.002145,0.163642,-0.055285,0.048832,23.532306,23.532306,23.545025,0.500022,3.925037,-0.121636,0.395511,0.949918
28.400000,1,0,0,2.400000,9.810000,0.900000,30.000000,60.000000,6.000000,0.000000,0.000000,1.500000,0.057344,-0.003727,1.495415,0.000000,0.000000,0.000000,0.026037,-0.059545,0.023820,0.997213,-0.000720,-0.074567,-0.002280,-0.044543,0.024861,0.002280,0.127209,0.052551,0.023620,23.545025,23.545025,23.559969,0.500339,3.806793,0.084317,0.317518,0.948773
28.450000,1,0,0,2.400000,9.810000,0.900000,30.000000,60.000000,6.000000,0.000000,0.000000,1.500000,0.058791,-0.006611,1.496695,0.000000,0.000000,0.000000,0.031435,-0.055278,0.027281,0.997252,-0.001809,-0.074027,-0.002303,-0.042345,0.018107,0.002383,0.096460,0.150446,0.029889,23.559969,23.559969,23.577261,0.500706,3.709883,0.268032,0.314137,0.947911
28.500000,1,0,0,2.400000,9.810000,0.900000,30.000000,60.000000,6.000000,0.000000,0.000000,1.500000,0.060448,-0.009204,1.498133,0.000000,0.000000,0.000000,0.034420,-0.047971,0.030159,0.997277,-0.002827,-0.073663,-0.002319,-0.038797,0.010910,0.002450,0.044850,0.206840,-0.006578,23.577261,23.577261,23.596937,0.501124,3.571396,0.355432,0.207196,0.947331
28.550000,1,0,0,2.400000,9.810000,0.900000,30.000000,60.000000,6.000000,0.000000,0.000000,1.500000,0.062191,-0.011370,1.499699,0.000000,0.000000,0.000000,0.034922,-0.038364,0.032323,0.997287,-0.003742,-0.073478,-0.002325,-0.034111,0.003708,0.002485,0.018458,0.277070,-0.038346,23.596937,23.596937,23.618946,0.501592,3.502215,0.480794,0.110496,0.947020
28.600000,1,0,0,2.400000,9.810000,0.900000,30.000000,60.000000,6.000000,0.000000,0.000000,1.500000,0.063899,-0.013017,1.501352,0.000000,0.000000,0.000000,0.033000,-0.027378,0.033669,0.997284,-0.004529,-0.073470,-0.002320,-0.028565,-0.003060,0.002496,-0.016611,0.274000,-0.061356,23.618946,23.618946,23.643153,0.502106,3.420766,0.436180,0.033749,0.946955
28.650000,1,0,0,2.400000,9.810000,0.900000,30.000000,60.000000,6.000000,0.000000,0.000000,1.500000,0.065454,-0.014102,1.503051,0.000000,0.000000,0.000000,0.028844,-0.016039,0.034127,0.997270,-0.005171,-0.073620,-0.002304,-0.022479,-0.008984,0.002494,-0.042598,0.237866,-0.042647,23.643153,23.643153,23.669349,0.502662,3.368926,0.318999,0.056047,0.947104
28.700000,1,0,0,2.400000,9.810000,0.900000,30.000000,60.000000,6.000000,0.000000,0.000000,1.500000,0.066752,-0.014632,1.504749,0.000000,0.000000,0.000000,0.022761,-0.005389,0.033666,0.997247,-0.005659,-0.073904,-0.002276,-0.016202,-0.013701,0.002493,-0.098686,0.197336,-0.040714,23.669349,23.669349,23.697256,0.503255,3.251447,0.198508,0.037011,0.947428
28.750000,1,0,0,2.400000,9.810000,0.900000,30.000000,60.000000,6.000000,0.000000,0.000000,1.500000,0.067705,-0.014669,1.506402,0.000000,0.000000,0.000000,0.015161,0.003593,0.032294,0.997216,-0.005991,-0.074288,-0.002236,-0.010083,-0.016915,0.002504,-0.110931,0.162182,-0.062411,23.697256,23.697256,23.726536,0.503876,3.244185,0.098208,-0.039784,0.947882
28.800000,1,0,0,2.400000,9.810000,0.900000,30.000000,60.000000,6.000000,0.000000,0.000000,1.500000,0.068251,-0.014315,1.507964,0.000000,0.000000,0.000000,0.006534,0.010072,0.030058,0.997182,-0.006177,-0.074732,-0.002184,-0.004454,-0.018419,0.002535,-0.115307,0.093656,-0.054541,23.726536,23.726536,23.756802,0.504519,3.258876,-0.075245,-0.046608,0.948413
28.850000,1,0,0,2.400000,9.810000,0.900000,30.000000,60.000000,6.000000,0.000000,0.000000,1.500000,0.068350,-0.013713,1.509395,0.000000,0.000000,0.000000,-0.002574,0.013431,0.027040,0.997147,-0.006231,-0.075190,-0.002121,0.000394,-0.018099,0.002590,-0.136642,0.014324,-0.078833,23.756802,23.756802,23.787628,0.505174,3.233795,-0.268419,-0.131535,0.948968
28.900000,1,0,0,2.400000,9.810000,0.900000,30.000000,60.000000,6.000000,0.000000,0.000000,1.500000,0.067995,-0.013030,1.510657,0.000000,0.000000,0.000000,-0.011593,0.013314,0.023358,0.997116,-0.006177,-0.075618,-0.002048,0.004227,-0.015947,0.002669,-0.104143,-0.066414,-0.088196,23.787628,23.787628,23.818566,0.505831,3.336623,-0.459792,-0.181445,0.949494
28.950000,1,0,0,2.400000,9.810000,0.900000,30.000000,60.000000,6.000000,0.000000,0.000000,1.500000,0.067202,-0.012441,1.511722,0.000000,0.000000,0.000000,-0.019957,0.009659,0.019155,0.997090,-0.006042,-0.075970,-0.001968,0.006884,-0.012056,0.002768,-0.061706,-0.101380,-0.099229,23.818566,23.818566,23.849160,0.506481,3.459814,-0.537414,-0.236039,0.949936
29.000000,1,0,0,2.400000,9.810000,0.900000,30.000000,60.000000,6.000000,0.000000,0.000000,1.500000,0.066019,-0.012119,1.512567,0.000000,0.000000,0.000000,-0.027134,0.002703,0.014597,0.997073,-0.005856,-0.076206,-0.001881,0.008288,-0.006621,0.002882,-0.038708,-0.133893,-0.096601,23.849160,23.849160,23.878965,0.507114,3.530833,-0.606686,-0.258365,0.950245
29.050000,1,0,0,2.400000,9.810000,0.900000,30.000000,60.000000,6.000000,0.000000,0.000000,1.500000,0.064516,-0.012217,1.513179,0.000000,0.000000,0.000000,-0.032656,-0.007036,0.009866,0.997068,-0.005651,-0.076290,-0.001791,0.008446,0.000079,0.003004,-0.010881,-0.204596,-0.085201,23.878965,23.878965,23.907571,0.507721,3.606161,-0.766630,-0.259965,0.950377
29.100000,1,0,0,2.400000,9.810000,0.900000,30.000000,60.000000,6.000000,0.000000,0.000000,1.500000,0.062787,-0.012857,1.513554,0.000000,0.000000,0.000000,-0.036140,-0.018802,0.005147,0.997077,-0.005456,-0.076194,-0.001700,0.007453,0.007691,0.003128,0.002692,-0.223850,-0.100504,23.907571,23.907571,23.934618,0.508295,3.638608,-0.803549,-0.325762,0.950293
29.150000,1,0,0,2.400000,9.810000,0.900000,30.000000,60.000000,6.000000,0.000000,0.000000,1.500000,0.060941,-0.014116,1.513697,0.000000,0.000000,0.000000,-0.037314,-0.031663,0.000627,0.997100,-0.005299,-0.075902,-0.001610,0.005481,0.015808,0.003250,0.018325,-0.237312,-0.092814,23.934618,23.934618,23.959819,0.508831,3.666400,-0.828299,-0.336248,0.949964
29.200000,1,0,0,2.400000,9.810000,0.900000,30.000000,60.000000,6.000000,0.000000,0.000000,1.500000,0.059097,-0.016024,1.513623,0.000000,0.000000,0.000000,-0.036025,-0.044586,-0.003519,0.997138,-0.005200,-0.075405,-0.001522,0.002769,0.023993,0.003369,0.021904,-0.257643,-0.059319,23.959819,23.959819,23.982970,0.509322,3.655241,-0.872310,-0.284421,0.949370
29.250000,1,0,0,2.400000,9.810000,0.900000,30.000000,60.000000,6.000000,0.000000,0.000000,1.500000,0.057380,-0.018558,1.513354,0.000000,0.000000,0.000000,-0.032252,-0.056519,-0.007134,0.997191,-0.005175,-0.074708,-0.001438,-0.000392,0.031804,0.003483,0.043669,-0.234310,-0.031875,23.982970,23.982970,24.003960,0.509768,3.677826,-0.815029,-0.246473,0.948500
29.300000,1,0,0,2.400000,9.810000,0.900000,30.000000,60.000000,6.000000,0.000000,0.000000,1.500000,0.055911,-0.021643,1.512920,0.000000,0.000000,0.000000,-0.026107,-0.066478,-0.010084,0.997257,-0.005231,-0.073825,-0.001358,-0.003682,0.038814,0.003593,0.114327,-0.206732,-0.021106,24.003960,24.003960,24.022768,0.510168,3.808515,-0.751425,-0.247649,0.947356
29.350000,1,0,0,2.400000,9.810000,0.900000,30.000000,60.000000,6.000000,0.000000,0.000000,1.500000,0.054805,-0.025159,1.512358,0.000000,0.000000,0.000000,-0.017828,-0.073628,-0.012265,0.997333,-0.005368,-0.072781,-0.001282,-0.006769,0.044641,0.003697,0.151278,-0.179014,0.025427,24.022768,24.022768,24.039455,0.510522,3.850230,-0.691323,-0.161856,0.945949
29.400000,1,0,0,2.400000,9.810000,0.900000,30.000000,60.000000,6.000000,0.000000,0.000000,1.500000,0.054158,-0.028949,1.511708,0.000000,0.000000,0.000000,-0.007765,-0.077348,-0.013610,0.997416,-0.005575,-0.071610,-0.001210,-0.009337,0.048963,0.003792,0.213046,-0.085572,0.082956,24.039455,24.039455,24.054152,0.510834,3.945031,-0.476893,-0.048318,0.944300
29.450000,1,0,0,2.400000,9.810000,0.900000,30.000000,60.000000,6.000000,0.000000,0.000000,1.500000,0.054051,-0.032830,1.511012,0.000000,0.000000,0.000000,0.003634,-0.077284,-0.014087,0.997504,-0.005837,-0.070352,-0.001140,-0.011100,0.051540,0.003874,0.264254,0.005361,0.096343,24.054152,24.054152,24.067037,0.511108,4.009981,-0.271111,-0.039180,0.942442
29.500000,1,0,0,2.400000,9.810000,0.900000,30.000000,60.000000,6.000000,0.000000,0.000000,1.500000,0.054535,-0.036613,1.510313,0.000000,0.000000,0.000000,0.015847,-0.073379,-0.013704,0.997594,-0.006131,-0.069054,-0.001070,-0.011828,0.052224,0.003936,0.252034,0.073594,0.097927,24.067037,24.067037,24.078315,0.511347,3.920401,-0.121325,-0.056679,0.940413
29.550000,1,0,0,2.400000,9.810000,0.900000,30.000000,60.000000,6.000000,0.000000,0.000000,1.500000,0.055639,-0.040108,1.509655,0.000000,0.000000,0.000000,0.028308,-0.065872,-0.012508,0.997680,-0.006428,-0.067762,-0.001000,-0.011359,0.050972,0.003972,0.267768,0.175553,0.111293,24.078315,24.078315,24.088196,0.511557,3.897944,0.109231,-0.044104,0.938260
29.600000,1,0,0,2.400000,9.810000,0.900000,30.000000,60.000000,6.000000,0.000000,0.000000,1.500000,0.057361,-0.043149,1.509075,0.000000,0.000000,0.000000,0.040434,-0.055288,-0.010583,0.997762,-0.006698,-0.066525,-0.000926,-0.009610,0.047842,0.003977,0.309649,0.255418,0.142318,24.088196,24.088196,24.096881,0.511741,3.940609,0.288084,0.012734,0.936035
29.650000,1,0,0,2.400000,9.810000,0.900000,30.000000,60.000000,6.000000,0.000000,0.000000,1.500000,0.059668,-0.045598,1.508607,0.000000,0.000000,0.000000,0.051656,-0.042387,-0.008043,0.997836,-0.006908,-0.065388,-0.000849,-0.006585,0.042995,0.003945,0.226686,0.293156,0.174648,24.096881,24.096881,24.104544,0.511904,3.688218,0.368706,0.074630,0.933795
29.700000,1,0,0,2.400000,9.810000,0.900000,30.000000,60.000000,6.000000,0.000000,0.000000,1.500000,0.062502,-0.047364,1.508278,0.000000,0.000000,0.000000,0.061448,-0.028109,-0.005033,0.997900,-0.007027,-0.064390,-0.000766,-0.002375,0.036683,0.003880,0.176046,0.314758,0.152074,24.104544,24.104544,24.111331,0.512048,3.519927,0.414969,0.006694,0.931595
29.750000,1,0,0,2.400000,9.810000,0.900000,30.000000,60.000000,6.000000,0.000000,0.000000,1.500000,0.065781,-0.048403,1.508109,0.000000,0.000000,0.000000,0.069356,-0.013495,-0.001716,0.997953,-0.007029,-0.063565,-0.000675,0.002847,0.029238,0.003785,0.124003,0.298408,0.139562,24.111331,24.111331,24.117352,0.512176,3.356391,0.375848,-0.035153,0.929493
29.800000,1,0,0,2.400000,9.810000,0.900000,30.000000,60.000000,6.000000,0.000000,0.000000,1.500000,0.069400,-0.048726,1.508109,0.000000,0.000000,0.000000,0.075019,0.000396,0.001729,0.997994,-0.006890,-0.062936,-0.000578,0.008838,0.021052,0.003671,0.081895,0.324117,0.138189,24.117352,24.117352,24.122685,0.512289,3.225978,0.444455,-0.048352,0.927544
29.850000,1,0,0,2.400000,9.810000,0.900000,30.000000,60.000000,6.000000,0.000000,0.000000,1.500000,0.073241,-0.048393,1.508281,0.000000,0.000000,0.000000,0.078189,0.012571,0.005119,0.998022,-0.006595,-0.062516,-0.000472,0.015299,0.012552,0.003550,-0.009312,0.267273,0.159508,24.122685,24.122685,24.127378,0.512389,2.987664,0.322487,-0.005211,0.925795
29.900000,1,0,0,2.400000,9.810000,0.900000,30.000000,60.000000,6.000000,0.000000,0.000000,1.500000,0.077176,-0.047511,1.508617,0.000000,0.000000,0.000000,0.078745,0.022187,0.008273,0.998038,-0.006136,-0.062308,-0.000357,0.021893,0.004184,0.003436,-0.085546,0.178038,0.107673,24.127378,24.127378,24.131449,0.512476,2.795342,0.130697,-0.135807,0.924291
29.950000,1,0,0,2.400000,9.810000,0.900000,30.000000,60.000000,6.000000,0.000000,0.000000,1.500000,0.081072,-0.046227,1.509101,0.000000,0.000000,0.000000,0.076699,0.028614,0.011018,0.998042,-0.005515,-0.062302,-0.000233,0.028265,-0.003617,0.003342,-0.184074,0.118488,0.075514,24.131449,24.131449,24.134890,0.512549,2.559161,0.018025,-0.217411,0.923068
30.000000,1,0,0,2.400000,9.810000,0.900000,30.000000,60.000000,6.000000,0.000000,0.000000,1.500000,0.084804,-0.044709,1.509709,0.000000,0.000000,0.000000,0.072191,0.031487,0.013203,0.998035,-0.004741,-0.062480,-0.000101,0.034068,-0.010451,0.003278,-0.240938,0.026096,0.087979,24.134890,24.134890,24.137659,0.512607,2.431689,-0.166070,-0.190223,0.922151
