t,flight_active,online_update_configured,online_update_enabled,mass_kg,gravity_m_s2,anomaly_similarity_threshold,force_clip_norm_n,force_reject_norm_n,residual_consistency_threshold_n,pd_x,pd_y,pd_z,p_x,p_y,p_z,vd_x,vd_y,vd_z,v_x,v_y,v_z,q_w,q_x,q_y,q_z,omega_x,omega_y,omega_z,accel_world_x,accel_world_y,accel_world_z,previous_commanded_thrust_n,residual_model_thrust_n,thrust_n,thrust_norm,residual_x,residual_y,residual_z,max_similarity
0.000000,1,0,0,2.400000,9.810000,0.900000,30.000000,60.000000,6.000000,0.000000,0.000000,1.500000,0.077383,-0.013139,1.500403,0.000000,0.000000,0.000000,-0.028721,0.066876,-0.017676,0.997531,-0.005557,-0.069985,-0.001933,0.001857,0.024074,0.002932,-0.189286,0.132437,0.056161,23.679761,23.679761,23.649300,0.502236,2.851468,0.048935,0.232449,0.961960
0.050000,1,0,0,2.400000,9.810000,0.900000,30.000000,60.000000,6.000000,0.000000,0.000000,1.500000,0.075711,-0.009668,1.499617,0.000000,0.000000,0.000000,-0.038115,0.071386,-0.013741,0.997578,-0.005545,-0.069306,-0.001861,-0.000485,0.030194,0.003047,-0.208343,0.077703,0.074935,23.649300,23.649300,23.618217,0.501576,2.769643,-0.081238,0.303191,0.959938
0.100000,1,0,0,2.400000,9.810000,0.900000,30.000000,60.000000,6.000000,0.000000,0.000000,1.500000,0.073582,-0.006063,1.499029,0.000000,0.000000,0.000000,-0.046929,0.072162,-0.009791,0.997635,-0.005582,-0.068485,-0.001791,-0.002038,0.035485,0.003154,-0.220834,-0.002841,0.068115,23.618217,23.618217,23.586807,0.500909,2.696851,-0.275660,0.312276,0.957717
0.150000,1,0,0,2.400000,9.810000,0.900000,30.000000,60.000000,6.000000,0.000000,0.000000,1.500000,0.071037,-0.002517,1.498635,0.000000,0.000000,0.000000,-0.054649,0.069021,-0.006019,0.997699,-0.005646,-0.067545,-0.001720,-0.002589,0.039621,0.003250,-0.207266,-0.076268,0.084602,23.586807,23.586807,23.555426,0.500243,2.681108,-0.454240,0.376963,0.955347
0.200000,1,0,0,2.400000,9.810000,0.900000,30.000000,60.000000,6.000000,0.000000,0.000000,1.500000,0.068143,0.000776,1.498421,0.000000,0.000000,0.000000,-0.060812,0.062088,-0.002605,0.997767,-0.005709,-0.066519,-0.001648,-0.001995,0.042339,0.003328,-0.126335,-0.182416,0.123542,23.555426,23.555426,23.524469,0.499585,2.823123,-0.711324,0.495065,0.952879
0.250000,1,0,0,2.400000,9.810000,0.900000,30.000000,60.000000,6.000000,0.000000,0.000000,1.500000,0.064988,0.003635,1.498366,0.000000,0.000000,0.000000,-0.065035,0.051785,0.000286,0.997838,-0.005743,-0.065445,-0.001572,-0.000197,0.043452,0.003384,-0.031849,-0.251898,0.139897,23.524469,23.524469,23.494351,0.498946,2.995596,-0.879004,0.558349,0.950369
0.300000,1,0,0,2.400000,9.810000,0.900000,30.000000,60.000000,6.000000,0.000000,0.000000,1.500000,0.061676,0.005909,1.498439,0.000000,0.000000,0.000000,-0.067030,0.038803,0.002515,0.997909,-0.005717,-0.064364,-0.001492,0.002784,0.042861,0.003414,-0.002478,-0.283145,0.105651,23.494351,23.494351,23.465490,0.498333,3.011722,-0.952120,0.499410,0.947876
0.350000,1,0,0,2.400000,9.810000,0.900000,30.000000,60.000000,6.000000,0.000000,0.000000,1.500000,0.058325,0.007486,1.498604,0.000000,0.000000,0.000000,-0.066623,0.024041,0.003974,0.997977,-0.005603,-0.063320,-0.001405,0.006838,0.040556,0.003414,0.047467,-0.298998,0.060293,23.465490,23.465490,23.438283,0.497755,3.079203,-0.984179,0.412852,0.945456
0.400000,1,0,0,2.400000,9.810000,0.900000,30.000000,60.000000,6.000000,0.000000,0.000000,1.500000,0.055055,0.008301,1.498822,0.000000,0.000000,0.000000,-0.063763,0.008537,0.004589,0.998039,-0.005376,-0.062354,-0.001311,0.011781,0.036624,0.003387,0.123606,-0.319894,0.047457,23.438283,23.438283,23.413102,0.497220,3.213519,-1.023093,0.403224,0.943164
0.450000,1,0,0,2.400000,9.810000,0.900000,30.000000,60.000000,6.000000,0.000000,0.000000,1.500000,0.051988,0.008345,1.499049,0.000000,0.000000,0.000000,-0.058523,-0.006617,0.004327,0.998093,-0.005018,-0.061504,-0.001209,0.017358,0.031238,0.003338,0.158717,-0.315851,0.002396,23.413102,23.413102,23.390272,0.496735,3.255156,-0.996034,0.314960,0.941049
0.500000,1,0,0,2.400000,9.810000,0.900000,30.000000,60.000000,6.000000,0.000000,0.000000,1.500000,0.049239,0.007663,1.499240,0.000000,0.000000,0.000000,-0.051098,-0.020362,0.003194,0.998139,-0.004515,-0.060805,-0.001099,0.023267,0.024647,0.003276,0.229622,-0.291375,-0.020009,23.390272,23.390272,23.370075,0.496306,3.390058,-0.913265,0.279619,0.939156
0.550000,1,0,0,2.400000,9.810000,0.900000,30.000000,60.000000,6.000000,0.000000,0.000000,1.500000,0.046910,0.006348,1.499354,0.000000,0.000000,0.000000,-0.041795,-0.031758,0.001236,0.998173,-0.003865,-0.060282,-0.000980,0.029173,0.017171,0.003213,0.245908,-0.221395,-0.057205,23.370075,23.370075,23.352736,0.495938,3.402450,-0.714437,0.207181,0.937519
0.600000,1,0,0,2.400000,9.810000,0.900000,30.000000,60.000000,6.000000,0.000000,0.000000,1.500000,0.045084,0.004539,1.499351,0.000000,0.000000,0.000000,-0.031016,-0.040059,-0.001461,0.998196,-0.003071,-0.059953,-0.000854,0.034730,0.009172,0.003160,0.227095,-0.180979,-0.070900,23.352736,23.352736,23.338427,0.495634,3.339997,-0.579922,0.189421,0.936166
0.650000,1,0,0,2.400000,9.810000,0.900000,30.000000,60.000000,6.000000,0.000000,0.000000,1.500000,0.043825,0.002403,1.499198,0.000000,0.000000,0.000000,-0.019239,-0.044773,-0.004779,0.998206,-0.002147,-0.059826,-0.000720,0.039605,0.001043,0.003129,0.247703,-0.070735,-0.091493,23.338427,23.338427,23.327256,0.495397,3.381915,-0.271787,0.153270,0.935113
0.700000,1,0,0,2.400000,9.810000,0.900000,30.000000,60.000000,6.000000,0.000000,0.000000,1.500000,0.043168,0.000125,1.498866,0.000000,0.000000,0.000000,-0.006990,-0.045699,-0.008570,0.998204,-0.001112,-0.059900,-0.000580,0.043497,-0.006817,0.003127,0.281546,0.034711,-0.121058,23.327256,23.327256,23.319267,0.495227,3.465265,0.029899,0.093660,0.934367
0.750000,1,0,0,2.400000,9.810000,0.900000,30.000000,60.000000,6.000000,0.000000,0.000000,1.500000,0.043125,-0.002106,1.498336,0.000000,0.000000,0.000000,0.005178,-0.042947,-0.012662,0.998189,0.000005,-0.060162,-0.000434,0.046157,-0.014027,0.003158,0.260909,0.105172,-0.111583,23.319267,23.319267,23.314437,0.495125,3.426980,0.251409,0.125743,0.933921
0.800000,1,0,0,2.400000,9.810000,0.900000,30.000000,60.000000,6.000000,0.000000,0.000000,1.500000,0.043676,-0.004115,1.497597,0.000000,0.000000,0.000000,0.016722,-0.036923,-0.016869,0.998162,0.001170,-0.060593,-0.000284,0.047405,-0.020241,0.003217,0.284744,0.165291,-0.126200,23.314437,23.314437,23.312668,0.495087,3.503579,0.450356,0.097944,0.933761
0.850000,1,0,0,2.400000,9.810000,0.900000,30.000000,60.000000,6.000000,0.000000,0.000000,1.500000,0.044778,-0.005755,1.496650,0.000000,0.000000,0.000000,0.027130,-0.028299,-0.021000,0.998125,0.002348,-0.061163,-0.000131,0.047140,-0.025168,0.003298,0.254986,0.190064,-0.110343,23.312668,23.312668,23.313793,0.495111,3.458362,0.565042,0.141184,0.933862
0.900000,1,0,0,2.400000,9.810000,0.900000,30.000000,60.000000,6.000000,0.000000,0.000000,1.500000,0.046362,-0.006916,1.495502,0.000000,0.000000,0.000000,0.035951,-0.017955,-0.024863,0.998080,0.003500,-0.061837,0.000021,0.045349,-0.028590,0.003387,0.223532,0.200709,-0.072731,23.313793,23.313793,23.317575,0.495191,3.414245,0.644632,0.234518,0.934190
0.950000,1,0,0,2.400000,9.810000,0.900000,30.000000,60.000000,6.000000,0.000000,0.000000,1.500000,0.048340,-0.007538,1.494171,0.000000,0.000000,0.000000,0.042818,-0.006909,-0.028277,0.998030,0.004588,-0.062576,0.000172,0.042105,-0.030373,0.003470,0.175219,0.193887,-0.044623,23.317575,23.317575,23.323716,0.495322,3.332992,0.679389,0.302924,0.934703
1.000000,1,0,0,2.400000,9.810000,0.900000,30.000000,60.000000,6.000000,0.000000,0.000000,1.500000,0.050607,-0.007613,1.492684,0.000000,0.000000,0.000000,0.047466,0.003767,-0.031079,0.997976,0.005579,-0.063339,0.000318,0.037565,-0.030471,0.003533,0.141177,0.186517,-0.028195,23.323716,23.323716,23.331875,0.495495,3.287364,0.708320,0.341209,0.935352
1.050000,1,0,0,2.400000,9.810000,0.900000,30.000000,60.000000,6.000000,0.000000,0.000000,1.500000,0.053047,-0.007185,1.491076,0.000000,0.000000,0.000000,0.049747,0.013038,-0.033134,0.997924,0.006443,-0.064084,0.000458,0.031959,-0.028935,0.003565,0.051647,0.180532,-0.024671,23.331875,23.331875,23.341685,0.495703,3.107984,0.734688,0.346486,0.936087
1.100000,1,0,0,2.400000,9.810000,0.900000,30.000000,60.000000,6.000000,0.000000,0.000000,1.500000,0.055542,-0.006348,1.489385,0.000000,0.000000,0.000000,0.049636,0.019987,-0.034334,0.997874,0.007157,-0.064771,0.000589,0.025577,-0.025904,0.003559,0.001641,0.134567,-0.040338,23.341685,23.341685,23.352776,0.495939,3.021029,0.658135,0.303743,0.936853
1.150000,1,0,0,2.400000,9.810000,0.900000,30.000000,60.000000,6.000000,0.000000,0.000000,1.500000,0.057973,-0.005237,1.487658,0.000000,0.000000,0.000000,0.047231,0.023890,-0.034610,0.997831,0.007705,-0.065366,0.000709,0.018749,-0.021598,0.003515,-0.033341,0.053659,-0.033382,23.352776,23.352776,23.364802,0.496194,2.966054,0.490026,0.313438,0.937595
1.200000,1,0,0,2.400000,9.810000,0.900000,30.000000,60.000000,6.000000,0.000000,0.000000,1.500000,0.060230,-0.004018,1.485940,0.000000,0.000000,0.000000,0.042753,0.024280,-0.033932,0.997797,0.008081,-0.065841,0.000817,0.011826,-0.016310,0.003438,-0.073786,-0.055220,-0.040287,23.364802,23.364802,23.377464,0.496463,2.892541,0.246764,0.288135,0.938260
1.250000,1,0,0,2.400000,9.810000,0.900000,30.000000,60.000000,6.000000,0.000000,0.000000,1.500000,0.062219,-0.002871,1.484280,0.000000,0.000000,0.000000,0.036527,0.020979,-0.032310,0.997773,0.008286,-0.066175,0.000912,0.005157,-0.010385,0.003336,-0.050388,-0.113935,-0.011535,23.377464,23.377464,23.390531,0.496741,2.965843,0.115945,0.346809,0.938799
1.300000,1,0,0,2.400000,9.810000,0.900000,30.000000,60.000000,6.000000,0.000000,0.000000,1.500000,0.063861,-0.001980,1.482724,0.000000,0.000000,0.000000,0.028969,0.014121,-0.029794,0.997761,0.008332,-0.066358,0.000996,-0.000933,-0.004202,0.003221,-0.112520,-0.210045,0.023990,23.390531,23.390531,23.403853,0.497024,2.826905,-0.112096,0.420286,0.939169
1.350000,1,0,0,2.400000,9.810000,0.900000,30.000000,60.000000,6.000000,0.000000,0.000000,1.500000,0.065101,-0.001511,1.481314,0.000000,0.000000,0.000000,0.020562,0.004135,-0.026475,0.997759,0.008237,-0.066387,0.001069,-0.006163,0.001847,0.003105,-0.140255,-0.269642,0.020964,23.403853,23.403853,23.417368,0.497311,2.763450,-0.259151,0.399931,0.939333
1.400000,1,0,0,2.400000,9.810000,0.900000,30.000000,60.000000,6.000000,0.000000,0.000000,1.500000,0.065912,-0.001607,1.480088,0.000000,0.000000,0.000000,0.011834,-0.008287,-0.022473,0.997769,0.008023,-0.066272,0.001132,-0.010310,0.007376,0.002999,-0.095981,-0.327013,0.041659,23.417368,23.417368,23.431099,0.497602,2.866112,-0.406381,0.435323,0.939264
1.450000,1,0,0,2.400000,9.810000,0.900000,30.000000,60.000000,6.000000,0.000000,0.000000,1.500000,0.066289,-0.002366,1.479076,0.000000,0.000000,0.000000,0.003324,-0.022243,-0.017942,0.997787,0.007722,-0.066028,0.001188,-0.013230,0.012031,0.002912,-0.072394,-0.295940,0.053518,23.431099,23.431099,23.445149,0.497901,2.913212,-0.345511,0.448445,0.938944
1.500000,1,0,0,2.400000,9.810000,0.900000,30.000000,60.000000,6.000000,0.000000,0.000000,1.500000,0.066257,-0.003839,1.478300,0.000000,0.000000,0.000000,-0.004440,-0.036698,-0.013055,0.997813,0.007364,-0.065683,0.001239,-0.014859,0.015508,0.002847,-0.097380,-0.272042,0.038535,23.445149,23.445149,23.459682,0.498209,2.839025,-0.304547,0.396176,0.938364
1.550000,1,0,0,2.400000,9.810000,0.900000,30.000000,60.000000,6.000000,0.000000,0.000000,1.500000,0.065865,-0.006026,1.477773,0.000000,0.000000,0.000000,-0.010975,-0.050565,-0.008001,0.997842,0.006981,-0.065268,0.001288,-0.015219,0.017567,0.002806,-0.055889,-0.283724,0.008289,23.459682,23.459682,23.474908,0.498533,2.921192,-0.350160,0.306373,0.937529
1.600000,1,0,0,2.400000,9.810000,0.900000,30.000000,60.000000,6.000000,0.000000,0.000000,1.500000,0.065186,-0.008868,1.477499,0.000000,0.000000,0.000000,-0.015864,-0.062793,-0.002974,0.997874,0.006604,-0.064822,0.001336,-0.014418,0.018050,0.002786,-0.000849,-0.263661,0.018875,23.474908,23.474908,23.491064,0.498876,3.034449,-0.319327,0.313715,0.936452
1.650000,1,0,0,2.400000,9.810000,0.900000,30.000000,60.000000,6.000000,0.000000,0.000000,1.500000,0.064312,-0.012262,1.477472,0.000000,0.000000,0.000000,-0.018778,-0.072452,0.001831,0.997905,0.006260,-0.064383,0.001386,-0.012637,0.016889,0.002783,-0.024813,-0.211138,-0.002338,23.491064,23.491064,23.508390,0.499244,2.958576,-0.209067,0.243916,0.935155
1.700000,1,0,0,2.400000,9.810000,0.900000,30.000000,60.000000,6.000000,0.000000,0.000000,1.500000,0.063345,-0.016058,1.477676,0.000000,0.000000,0.000000,-0.019499,-0.078808,0.006235,0.997931,0.005969,-0.063994,0.001440,-0.010123,0.014104,0.002793,0.030150,-0.151625,-0.000375,23.508390,23.508390,23.527117,0.499641,3.074542,-0.079487,0.228933,0.933672
1.750000,1,0,0,2.400000,9.810000,0.900000,30.000000,60.000000,6.000000,0.000000,0.000000,1.500000,0.062400,-0.020080,1.478086,0.000000,0.000000,0.000000,-0.017923,-0.081385,0.010072,0.997952,0.005748,-0.063694,0.001498,-0.007168,0.009812,0.002814,0.035084,-0.075870,0.014770,23.527117,23.527117,23.547451,0.500073,3.074723,0.092324,0.244779,0.932045
1.800000,1,0,0,2.400000,9.810000,0.900000,30.000000,60.000000,6.000000,0.000000,0.000000,1.500000,0.061591,-0.024131,1.478671,0.000000,0.000000,0.000000,-0.014075,-0.080000,0.013205,0.997964,0.005603,-0.063517,0.001561,-0.004090,0.004212,0.002842,0.119322,0.020835,0.013896,23.547451,23.547451,23.569559,0.500543,3.271200,0.318009,0.221377,0.930320
1.850000,1,0,0,2.400000,9.810000,0.900000,30.000000,60.000000,6.000000,0.000000,0.000000,1.500000,0.061028,-0.028016,1.479393,0.000000,0.000000,0.000000,-0.008101,-0.074778,0.015528,0.997966,0.005533,-0.063493,0.001628,-0.001215,-0.002421,0.002875,0.121493,0.070393,0.032095,23.569559,23.569559,23.593563,0.501053,3.278091,0.434106,0.242948,0.928550
1.900000,1,0,0,2.400000,9.810000,0.900000,30.000000,60.000000,6.000000,0.000000,0.000000,1.500000,0.060812,-0.031552,1.480209,0.000000,0.000000,0.000000,-0.000261,-0.066143,0.016971,0.997956,0.005529,-0.063645,0.001699,0.001150,-0.009753,0.002913,0.163935,0.170211,-0.005389,23.593563,23.593563,23.619530,0.501604,3.390065,0.673984,0.130084,0.926791
1.950000,1,0,0,2.400000,9.810000,0.900000,30.000000,60.000000,6.000000,0.000000,0.000000,1.500000,0.061027,-0.034584,1.481075,0.000000,0.000000,0.000000,0.009080,-0.054786,0.017503,0.997934,0.005575,-0.063983,0.001774,0.002734,-0.017410,0.002954,0.200983,0.199534,-0.027631,23.619530,23.619530,23.647466,0.502197,3.498165,0.747078,0.053015,0.925099
2.000000,1,0,0,2.400000,9.810000,0.900000,30.000000,60.000000,6.000000,0.000000,0.000000,1.500000,0.061738,-0.037000,1.481945,0.000000,0.000000,0.000000,0.019473,-0.041603,0.017136,0.997899,0.005649,-0.064513,0.001850,0.003323,-0.024996,0.002994,0.217819,0.261655,-0.053462,23.647466,23.647466,23.677315,0.502831,3.567011,0.900244,-0.033425,0.923529
2.050000,1,0,0,2.400000,9.810000,0.900000,30.000000,60.000000,6.000000,0.000000,0.000000,1.500000,0.062984,-0.038731,1.482774,0.000000,0.000000,0.000000,0.030413,-0.027627,0.015918,0.997852,0.005724,-0.065227,0.001926,0.002771,-0.032118,0.003029,0.203481,0.229750,-0.030436,23.677315,23.677315,23.708950,0.503503,3.570012,0.827842,-0.003334,0.922133
2.100000,1,0,0,2.400000,9.810000,0.900000,30.000000,60.000000,6.000000,0.000000,0.000000,1.500000,0.064779,-0.039767,1.483524,0.000000,0.000000,0.000000,0.041357,-0.013943,0.013939,0.997794,0.005771,-0.066109,0.002000,0.001014,-0.038404,0.003052,0.181684,0.217264,-0.043743,23.708950,23.708950,23.742176,0.504209,3.563343,0.800742,-0.061116,0.920960
2.150000,1,0,0,2.400000,9.810000,0.900000,30.000000,60.000000,6.000000,0.000000,0.000000,1.500000,0.067110,-0.040148,1.484158,0.000000,0.000000,0.000000,0.051760,-0.001601,0.011319,0.997725,0.005759,-0.067134,0.002070,-0.001928,-0.043528,0.003055,0.143399,0.195182,-0.036860,23.742176,23.742176,23.776730,0.504942,3.524171,0.747868,-0.071052,0.920048
2.200000,1,0,0,2.400000,9.810000,0.900000,30.000000,60.000000,6.000000,0.000000,0.000000,1.500000,0.069937,-0.039965,1.484647,0.000000,0.000000,0.000000,0.061097,0.008471,0.008209,0.997649,0.005660,-0.068270,0.002133,-0.005949,-0.047223,0.003031,0.111877,0.135955,-0.048307,23.776730,23.776730,23.812282,0.505697,3.506769,0.601732,-0.125506,0.919431
2.250000,1,0,0,2.400000,9.810000,0.900000,30.000000,60.000000,6.000000,0.000000,0.000000,1.500000,0.073194,-0.039351,1.484973,0.000000,0.000000,0.000000,0.068897,0.015540,0.004781,0.997566,0.005449,-0.069478,0.002187,-0.010866,-0.049300,0.002975,0.086271,0.056403,-0.043968,23.812282,23.812282,23.848448,0.506466,3.507288,0.401493,-0.142498,0.919132
2.300000,1,0,0,2.400000,9.810000,0.900000,30.000000,60.000000,6.000000,0.000000,0.000000,1.500000,0.076795,-0.038469,1.485123,0.000000,0.000000,0.000000,0.074761,0.019128,0.001220,0.997481,0.005108,-0.070717,0.002229,-0.016428,-0.049656,0.002885,0.042496,0.025258,-0.021748,23.848448,23.848448,23.884802,0.507238,3.465914,0.311143,-0.116875,0.919163
2.350000,1,0,0,2.400000,9.810000,0.900000,30.000000,60.000000,6.000000,0.000000,0.000000,1.500000,0.080633,-0.037500,1.485096,0.000000,0.000000,0.000000,0.078389,0.019051,-0.002283,0.997395,0.004622,-0.071943,0.002259,-0.022335,-0.048280,0.002762,-0.036183,-0.047650,-0.010524,23.884802,23.884802,23.920888,0.508004,3.340383,0.113641,-0.117796,0.919526
2.400000,1,0,0,2.400000,9.810000,0.900000,30.000000,60.000000,6.000000,0.000000,0.000000,1.500000,0.084593,-0.036624,1.484899,0.000000,0.000000,0.000000,0.079590,0.015431,-0.005539,0.997313,0.003989,-0.073114,0.002275,-0.028251,-0.045254,0.002614,-0.115487,-0.101667,-0.014983,23.920888,23.920888,23.956243,0.508755,3.210890,-0.045703,-0.156342,0.920213
2.450000,1,0,0,2.400000,9.810000,0.900000,30.000000,60.000000,6.000000,0.000000,0.000000,1.500000,0.088550,-0.036009,1.484549,0.000000,0.000000,0.000000,0.078295,0.008688,-0.008370,0.997236,0.003212,-0.074191,0.002277,-0.033831,-0.040748,0.002450,-0.122514,-0.139974,-0.009812,23.956243,23.956243,23.990417,0.509480,3.250453,-0.174371,-0.171576,0.921204
2.500000,1,0,0,2.400000,9.810000,0.900000,30.000000,60.000000,6.000000,0.000000,0.000000,1.500000,0.092382,-0.035796,1.484072,0.000000,0.000000,0.000000,0.074564,-0.000496,-0.010620,0.997168,0.002303,-0.075140,0.002266,-0.038741,-0.035011,0.002285,-0.179312,-0.149483,-0.006264,23.990417,23.990417,24.022989,0.510172,3.164448,-0.240381,-0.190298,0.922469
2.550000,1,0,0,2.400000,9.810000,0.900000,30.000000,60.000000,6.000000,0.000000,0.000000,1.500000,0.095969,-0.036084,1.483499,0.000000,0.000000,0.000000,0.068574,-0.011231,-0.012156,0.997110,0.001284,-0.075933,0.002242,-0.042679,-0.028357,0.002130,-0.182998,-0.150985,0.001915,24.022989,24.022989,24.053591,0.510822,3.198411,-0.292674,-0.197288,0.923973
2.600000,1,0,0,2.400000,9.810000,0.900000,30.000000,60.000000,6.000000,0.000000,0.000000,1.500000,0.099206,-0.036927,1.482870,0.000000,0.000000,0.000000,0.060619,-0.022496,-0.012878,0.997063,0.000181,-0.076554,0.002209,-0.045393,-0.021148,0.001997,-0.172424,-0.177382,0.032073,24.053591,24.053591,24.081919,0.511424,3.258123,-0.408901,-0.150685,0.925669
2.650000,1,0,0,2.400000,9.810000,0.900000,30.000000,60.000000,6.000000,0.000000,0.000000,1.500000,0.102005,-0.038325,1.482226,0.000000,0.000000,0.000000,0.051089,-0.033217,-0.012723,0.997029,-0.000973,-0.076991,0.002169,-0.046700,-0.013774,0.001894,-0.217614,-0.143373,0.004216,24.081919,24.081919,24.107745,0.511972,3.175006,-0.382760,-0.242257,0.927506
2.700000,1,0,0,2.400000,9.810000,0.900000,30.000000,60.000000,6.000000,0.000000,0.000000,1.500000,0.104297,-0.040223,1.481612,0.000000,0.000000,0.000000,0.040451,-0.042362,-0.011669,0.997007,-0.002140,-0.077247,0.002126,-0.046498,-0.006632,0.001822,-0.207031,-0.097033,-0.008839,24.107745,24.107745,24.130924,0.512464,3.216706,-0.327852,-0.297029,0.929430
2.750000,1,0,0,2.400000,9.810000,0.900000,30.000000,60.000000,6.000000,0.000000,0.000000,1.500000,0.106040,-0.042519,1.481074,0.000000,0.000000,0.000000,0.029226,-0.049018,-0.009732,0.996998,-0.003284,-0.077332,0.002082,-0.044768,-0.000100,0.001778,-0.209907,-0.071301,0.052629,24.130924,24.130924,24.151392,0.512899,3.217518,-0.321376,-0.171479,0.931385
2.800000,1,0,0,2.400000,9.810000,0.900000,30.000000,60.000000,6.000000,0.000000,0.000000,1.500000,0.107219,-0.045071,1.480653,0.000000,0.000000,0.000000,0.017960,-0.052472,-0.006968,0.996999,-0.004367,-0.077264,0.002042,-0.041582,0.005476,0.001754,-0.207802,-0.009767,0.054745,24.151392,24.151392,24.169166,0.513277,3.222591,-0.226114,-0.186726,0.933314
2.850000,1,0,0,2.400000,9.810000,0.900000,30.000000,60.000000,6.000000,0.000000,0.000000,1.500000,0.107844,-0.047705,1.480389,0.000000,0.000000,0.000000,0.007198,-0.052264,-0.003473,0.997009,-0.005354,-0.077073,0.002009,-0.037094,0.009809,0.001736,-0.214828,0.025005,0.057817,24.169166,24.169166,24.184336,0.513599,3.199363,-0.190510,-0.197879,0.935162
2.900000,1,0,0,2.400000,9.810000,0.900000,30.000000,60.000000,6.000000,0.000000,0.000000,1.500000,0.107955,-0.050234,1.480316,0.000000,0.000000,0.000000,-0.002548,-0.048233,0.000626,0.997026,-0.006215,-0.076791,0.001984,-0.031531,0.012681,0.001713,-0.168622,0.104066,0.057363,24.184336,24.184336,24.197053,0.513869,3.299127,-0.042570,-0.215575,0.936881
2.950000,1,0,0,2.400000,9.810000,0.900000,30.000000,60.000000,6.000000,0.000000,0.000000,1.500000,0.107614,-0.052467,1.480459,0.000000,0.000000,0.000000,-0.010823,-0.040522,0.005174,0.997047,-0.006927,-0.076457,0.001969,-0.025181,0.013959,0.001670,-0.099700,0.201193,0.069440,24.197053,24.197053,24.207519,0.514091,3.450500,0.155932,-0.201183,0.938425
3.000000,1,0,0,2.400000,9.810000,0.900000,30.000000,60.000000,6.000000,0.000000,0.000000,1.500000,0.106904,-0.054232,1.480838,0.000000,0.000000,0.000000,-0.017252,-0.029575,0.009993,0.997069,-0.007474,-0.076110,0.001966,-0.018374,0.013601,0.001600,-0.081762,0.241757,0.047179,24.207519,24.207519,24.215973,0.514271,3.478575,0.226675,-0.267127,0.939758
3.050000,1,0,0,2.400000,9.810000,0.900000,30.000000,60.000000,6.000000,0.000000,0.000000,1.500000,0.105924,-0.055382,1.481460,0.000000,0.000000,0.000000,-0.021564,-0.016096,0.014895,0.997091,-0.007849,-0.075793,0.001974,-0.011459,0.011656,0.001497,-0.071178,0.323080,0.063050,24.215973,24.215973,24.222674,0.514413,3.490043,0.403597,-0.239448,0.940852
3.100000,1,0,0,2.400000,9.810000,0.900000,30.000000,60.000000,6.000000,0.000000,0.000000,1.500000,0.104786,-0.055814,1.482325,0.000000,0.000000,0.000000,-0.023598,-0.000995,0.019683,0.997108,-0.008054,-0.075542,0.001992,-0.004787,0.008265,0.001364,0.000078,0.355280,0.023628,24.222674,24.222674,24.227894,0.514524,3.650039,0.470915,-0.342368,0.941690
3.150000,1,0,0,2.400000,9.810000,0.900000,30.000000,60.000000,6.000000,0.000000,0.000000,1.500000,0.103603,-0.055472,1.483423,0.000000,0.000000,0.000000,-0.023321,0.014681,0.024168,0.997119,-0.008098,-0.075391,0.002020,0.001316,0.003649,0.001204,-0.008792,0.346094,0.014646,24.227894,24.227894,24.231893,0.514609,3.622300,0.446719,-0.370152,0.942264
3.200000,1,0,0,2.400000,9.810000,0.900000,30.000000,60.000000,6.000000,0.000000,0.000000,1.500000,0.102491,-0.054355,1.484734,0.000000,0.000000,0.000000,-0.020820,0.029841,0.028169,0.997122,-0.008000,-0.075367,0.002055,0.006567,-0.001899,0.001028,0.016887,0.281841,0.062514,24.231893,24.231893,24.234913,0.514673,3.683393,0.297315,-0.259473,0.942577
3.250000,1,0,0,2.400000,9.810000,0.900000,30.000000,60.000000,6.000000,0.000000,0.000000,1.500000,0.101555,-0.052514,1.486230,0.000000,0.000000,0.000000,-0.016305,0.043430,0.031528,0.997114,-0.007784,-0.075490,0.002096,0.010742,-0.008034,0.000845,0.085427,0.209193,0.040296,24.234913,24.234913,24.237158,0.514720,3.854220,0.133548,-0.315053,0.942643
3.300000,1,0,0,2.400000,9.810000,0.900000,30.000000,60.000000,6.000000,0.000000,0.000000,1.500000,0.100888,-0.050054,1.487874,0.000000,0.000000,0.000000,-0.010093,0.054517,0.034112,0.997095,-0.007477,-0.075768,0.002140,0.013693,-0.014375,0.000666,0.049780,0.161976,0.022972,24.237158,24.237158,24.238786,0.514755,3.782382,0.035199,-0.357034,0.942486
3.350000,1,0,0,2.400000,9.810000,0.900000,30.000000,60.000000,6.000000,0.000000,0.000000,1.500000,0.100567,-0.047117,1.489626,0.000000,0.000000,0.000000,-0.002592,0.062368,0.035822,0.997065,-0.007113,-0.076203,0.002186,0.015352,-0.020529,0.000499,0.105420,0.149010,0.000494,24.238786,24.238786,24.239894,0.514779,3.937050,0.021902,-0.409644,0.942138
3.400000,1,0,0,2.400000,9.810000,0.900000,30.000000,60.000000,6.000000,0.000000,0.000000,1.500000,0.100643,-0.043879,1.491441,0.000000,0.000000,0.000000,0.005718,0.066508,0.036594,0.997023,-0.006722,-0.076785,0.002230,0.015739,-0.026111,0.000350,0.127854,0.066836,0.017726,24.239894,24.239894,24.240513,0.514792,4.019004,-0.156213,-0.365329,0.941641
3.450000,1,0,0,2.400000,9.810000,0.900000,30.000000,60.000000,6.000000,0.000000,0.000000,1.500000,0.101143,-0.040531,1.493270,0.000000,0.000000,0.000000,0.014316,0.066756,0.036405,0.996970,-0.006336,-0.077495,0.002272,0.014959,-0.030767,0.000221,0.086063,-0.016338,-0.019859,24.240513,24.240513,24.240600,0.514794,3.952903,-0.336936,-0.451077,0.941040
3.500000,1,0,0,2.400000,9.810000,0.900000,30.000000,60.000000,6.000000,0.000000,0.000000,1.500000,0.102070,-0.037266,1.495065,0.000000,0.000000,0.000000,0.022660,0.063239,0.035273,0.996909,-0.005982,-0.078306,0.002309,0.013191,-0.034190,0.000111,0.076604,-0.101216,-0.014475,24.240600,24.240600,24.240042,0.514782,3.969175,-0.523280,-0.432323,0.940387
3.550000,1,0,0,2.400000,9.810000,0.900000,30.000000,60.000000,6.000000,0.000000,0.000000,1.500000,0.103396,-0.034263,1.496782,0.000000,0.000000,0.000000,0.030223,0.056382,0.033256,0.996841,-0.005682,-0.079185,0.002339,0.010679,-0.036144,0.000020,0.076121,-0.133760,-0.024257,24.240042,24.240042,24.238653,0.514752,4.010124,-0.586618,-0.448707,0.939736
3.600000,1,0,0,2.400000,9.810000,0.900000,30.000000,60.000000,6.000000,0.000000,0.000000,1.500000,0.105071,-0.031672,1.498378,0.000000,0.000000,0.000000,0.036516,0.046874,0.030449,0.996770,-0.005450,-0.080093,0.002362,0.007715,-0.036468,-0.000057,0.079711,-0.178158,-0.012535,24.238653,24.238653,24.236190,0.514700,4.062089,-0.681738,-0.412320,0.939142
3.650000,1,0,0,2.400000,9.810000,0.900000,30.000000,60.000000,6.000000,0.000000,0.000000,1.500000,0.107020,-0.029605,1.499816,0.000000,0.000000,0.000000,0.041115,0.035609,0.026979,0.996698,-0.005294,-0.080988,0.002377,0.004616,-0.035095,-0.000120,0.038468,-0.194684,-0.042507,24.236190,24.236190,24.232361,0.514619,4.005649,-0.713662,-0.474916,0.938658
3.700000,1,0,0,2.400000,9.810000,0.900000,30.000000,60.000000,6.000000,0.000000,0.000000,1.500000,0.109149,-0.028124,1.501067,0.000000,0.000000,0.000000,0.043685,0.023612,0.023003,0.996630,-0.005213,-0.081828,0.002384,0.001708,-0.032046,-0.000171,0.026047,-0.188801,-0.034857,24.232361,24.232361,24.226847,0.514502,4.015503,-0.695481,-0.446191,0.938334
3.750000,1,0,0,2.400000,9.810000,0.900000,30.000000,60.000000,6.000000,0.000000,0.000000,1.500000,0.111351,-0.027238,1.502111,0.000000,0.000000,0.000000,0.043997,0.011961,0.018697,0.996569,-0.005200,-0.082572,0.002384,-0.000700,-0.027438,-0.000209,-0.025524,-0.211435,-0.042357,24.226847,24.226847,24.219322,0.514342,3.926520,-0.748997,-0.452831,0.938212
3.800000,1,0,0,2.400000,9.810000,0.900000,30.000000,60.000000,6.000000,0.000000,0.000000,1.500000,0.113509,-0.026904,1.502935,0.000000,0.000000,0.000000,0.041939,0.001692,0.014251,0.996518,-0.005238,-0.083184,0.002378,-0.002336,-0.021472,-0.000236,-0.098691,-0.192934,-0.022079,24.219322,24.219322,24.209472,0.514133,3.779018,-0.706281,-0.391811,0.938332
3.850000,1,0,0,2.400000,9.810000,0.900000,30.000000,60.000000,6.000000,0.000000,0.000000,1.500000,0.115505,-0.027030,1.503537,0.000000,0.000000,0.000000,0.037525,-0.006282,0.009857,0.996480,-0.005305,-0.083633,0.002369,-0.002983,-0.014423,-0.000250,-0.137517,-0.148255,-0.016210,24.209472,24.209472,24.197027,0.513868,3.705730,-0.602158,-0.364349,0.938721
3.900000,1,0,0,2.400000,9.810000,0.900000,30.000000,60.000000,6.000000,0.000000,0.000000,1.500000,0.117224,-0.027482,1.503924,0.000000,0.000000,0.000000,0.030892,-0.011245,0.005705,0.996457,-0.005374,-0.083896,0.002358,-0.002493,-0.006626,-0.000254,-0.150171,-0.062670,-0.016762,24.197027,24.197027,24.181774,0.513544,3.685907,-0.399988,-0.351230,0.939399
3.950000,1,0,0,2.400000,9.810000,0.900000,30.000000,60.000000,6.000000,0.000000,0.000000,1.500000,0.118561,-0.028097,1.504114,0.000000,0.000000,0.000000,0.022293,-0.012738,0.001973,0.996452,-0.005417,-0.083960,0.002349,-0.000798,0.001543,-0.000251,-0.142353,-0.016591,-0.033792,24.181774,24.181774,24.163584,0.513158,3.705177,-0.291333,-0.376526,0.940375
4.000000,1,0,0,2.400000,9.810000,0.900000,30.000000,60.000000,6.000000,0.000000,0.000000,1.500000,0.119427,-0.028695,1.504131,0.000000,0.000000,0.000000,0.012086,-0.010594,-0.001183,0.996464,-0.005403,-0.083820,0.002343,0.002084,0.009686,-0.000248,-0.170561,0.061588,-0.047062,24.163584,24.163584,24.142421,0.512709,3.627719,-0.102891,-0.391587,0.941646
4.050000,1,0,0,2.400000,9.810000,0.900000,30.000000,60.000000,6.000000,0.000000,0.000000,1.500000,0.119751,-0.029098,1.504008,0.000000,0.000000,0.000000,0.000716,-0.004957,-0.003632,0.996493,-0.005304,-0.083481,0.002343,0.006052,0.017409,-0.000253,-0.143460,0.149934,-0.023116,24.142421,24.142421,24.118351,0.512197,3.673022,0.114075,-0.316041,0.943201
4.100000,1,0,0,2.400000,9.810000,0.900000,30.000000,60.000000,6.000000,0.000000,0.000000,1.500000,0.119487,-0.029140,1.503781,0.000000,0.000000,0.000000,-0.011312,0.003735,-0.005278,0.996537,-0.005095,-0.082958,0.002351,0.010923,0.024338,-0.000275,-0.154086,0.229980,-0.008663,24.118351,24.118351,24.091546,0.511628,3.618558,0.316446,-0.261920,0.945017
4.150000,1,0,0,2.400000,9.810000,0.900000,30.000000,60.000000,6.000000,0.000000,0.000000,1.500000,0.118618,-0.028685,1.503494,0.000000,0.000000,0.000000,-0.023455,0.014783,-0.006061,0.996595,-0.004756,-0.082276,0.002369,0.016451,0.030144,-0.000322,-0.166664,0.249832,0.044599,24.091546,24.091546,24.062274,0.511007,3.551384,0.380606,-0.113248,0.947061
4.200000,1,0,0,2.400000,9.810000,0.900000,30.000000,60.000000,6.000000,0.000000,0.000000,1.500000,0.117149,-0.027637,1.503190,0.000000,0.000000,0.000000,-0.035162,0.027284,-0.005960,0.996664,-0.004274,-0.081466,0.002396,0.022334,0.034559,-0.000400,-0.164117,0.297979,0.024766,24.062274,24.062274,24.030890,0.510340,3.514054,0.519522,-0.138567,0.949294
4.250000,1,0,0,2.400000,9.810000,0.900000,30.000000,60.000000,6.000000,0.000000,0.000000,1.500000,0.115117,-0.025950,1.502913,0.000000,0.000000,0.000000,-0.045902,0.040204,-0.004996,0.996740,-0.003645,-0.080565,0.002432,0.028240,0.037391,-0.000509,-0.112651,0.299459,0.036700,24.030890,24.030890,23.997815,0.509638,3.589528,0.553490,-0.086217,0.951666
4.300000,1,0,0,2.400000,9.810000,0.900000,30.000000,60.000000,6.000000,0.000000,0.000000,1.500000,0.112583,-0.023628,1.502704,0.000000,0.000000,0.000000,-0.055193,0.052464,-0.003228,0.996819,-0.002872,-0.079613,0.002477,0.033821,0.038535,-0.000647,-0.085425,0.297008,0.047346,23.997815,23.997815,23.963514,0.508909,3.604257,0.584868,-0.035579,0.954126
4.350000,1,0,0,2.400000,9.810000,0.900000,30.000000,60.000000,6.000000,0.000000,0.000000,1.500000,0.109629,-0.020732,1.502602,0.000000,0.000000,0.000000,-0.062624,0.063024,-0.000754,0.996897,-0.001967,-0.078654,0.002528,0.038744,0.037978,-0.000806,-0.031479,0.238746,0.064961,23.963514,23.963514,23.928475,0.508165,3.682654,0.488530,0.033079,0.956617
4.400000,1,0,0,2.400000,9.810000,0.900000,30.000000,60.000000,6.000000,0.000000,0.000000,1.500000,0.106357,-0.017369,1.502638,0.000000,0.000000,0.000000,-0.067880,0.070971,0.002296,0.996971,-0.000951,-0.077729,0.002585,0.042704,0.035798,-0.000975,-0.038524,0.111014,0.048775,23.928475,23.928475,23.893178,0.507415,3.616265,0.230694,0.021771,0.959082
4.450000,1,0,0,2.400000,9.810000,0.900000,30.000000,60.000000,6.000000,0.000000,0.000000,1.500000,0.102881,-0.013690,1.502838,0.000000,0.000000,0.000000,-0.070755,0.075591,0.005768,0.997037,0.000151,-0.076876,0.002643,0.045448,0.032165,-0.001139,0.022031,-0.000902,0.024541,23.893178,23.893178,23.858079,0.506670,3.715612,0.014719,-0.007862,0.961464
4.500000,1,0,0,2.400000,9.810000,0.900000,30.000000,60.000000,6.000000,0.000000,0.000000,1.500000,0.099323,-0.009873,1.503219,0.000000,0.000000,0.000000,-0.071165,0.076431,0.009483,0.997093,0.001304,-0.076130,0.002702,0.046789,0.027324,-0.001287,0.074233,-0.026442,0.020244,23.858079,23.858079,23.823588,0.505938,3.800045,0.008371,0.011136,0.963708
4.550000,1,0,0,2.400000,9.810000,0.900000,30.000000,60.000000,6.000000,0.000000,0.000000,1.500000,0.095805,-0.006113,1.503788,0.000000,0.000000,0.000000,-0.069149,0.073331,0.013255,0.997138,0.002472,-0.075515,0.002758,0.046622,0.021587,-0.001407,0.089028,-0.092058,0.046822,23.823588,23.823588,23.790051,0.505225,3.801132,-0.093575,0.104788,0.965765
4.600000,1,0,0,2.400000,9.810000,0.900000,30.000000,60.000000,6.000000,0.000000,0.000000,1.500000,0.092446,-0.002604,1.504542,0.000000,0.000000,0.000000,-0.064873,0.066440,0.016891,0.997169,0.003618,-0.075051,0.002810,0.044926,0.015315,-0.001496,0.137203,-0.159223,0.076040,23.790051,23.790051,23.757746,0.504539,3.889640,-0.200465,0.205071,0.967592
4.650000,1,0,0,2.400000,9.810000,0.900000,30.000000,60.000000,6.000000,0.000000,0.000000,1.500000,0.089351,0.000475,1.505471,0.000000,0.000000,0.000000,-0.058612,0.056207,0.020204,0.997187,0.004703,-0.074746,0.002854,0.041769,0.008895,-0.001552,0.152233,-0.177111,0.069170,23.757746,23.757746,23.726874,0.503884,3.906341,-0.192088,0.218784,0.969153
4.700000,1,0,0,2.400000,9.810000,0.900000,30.000000,60.000000,6.000000,0.000000,0.000000,1.500000,0.086611,0.002973,1.506554,0.000000,0.000000,0.000000,-0.050744,0.043340,0.023021,0.997193,0.005694,-0.074599,0.002890,0.037301,0.002719,-0.001580,0.178898,-0.212376,0.072378,23.726874,23.726874,23.697563,0.503261,3.958661,-0.230042,0.256454,0.970422
4.750000,1,0,0,2.400000,9.810000,0.900000,30.000000,60.000000,6.000000,0.000000,0.000000,1.500000,0.084296,0.004780,1.507763,0.000000,0.000000,0.000000,-0.041724,0.028753,0.025188,0.997188,0.006559,-0.074600,0.002915,0.031748,-0.002833,-0.001592,0.178737,-0.259732,0.048314,23.697563,23.697563,23.669866,0.502673,3.953786,-0.303043,0.228191,0.971383
4.800000,1,0,0,2.400000,9.810000,0.900000,30.000000,60.000000,6.000000,0.000000,0.000000,1.500000,0.082449,0.005837,1.509060,0.000000,0.000000,0.000000,-0.032066,0.013489,0.026580,0.997173,0.007276,-0.074728,0.002928,0.025397,-0.007420,-0.001599,0.178859,-0.314140,0.040499,23.669866,23.669866,23.643775,0.502119,3.955834,-0.400093,0.238193,0.972030
4.850000,1,0,0,2.400000,9.810000,0.900000,30.000000,60.000000,6.000000,0.000000,0.000000,1.500000,0.081091,0.006136,1.510406,0.000000,0.000000,0.000000,-0.022309,-0.001359,0.027105,0.997152,0.007829,-0.074955,0.002927,0.018575,-0.010758,-0.001615,0.153212,-0.285175,-0.019925,23.643775,23.643775,23.619223,0.501598,3.900971,-0.304897,0.120976,0.972370
4.900000,1,0,0,2.400000,9.810000,0.900000,30.000000,60.000000,6.000000,0.000000,0.000000,1.500000,0.080211,0.005726,1.511755,0.000000,0.000000,0.000000,-0.012993,-0.014740,0.026709,0.997127,0.008209,-0.075248,0.002912,0.011633,-0.012632,-0.001650,0.188946,-0.233406,-0.007633,23.619223,23.619223,23.596100,0.501106,3.996745,-0.163152,0.177121,0.972417
4.950000,1,0,0,2.400000,9.810000,0.900000,30.000000,60.000000,6.000000,0.000000,0.000000,1.500000,0.079776,0.004702,1.513061,0.000000,0.000000,0.000000,-0.004631,-0.025731,0.025377,0.997101,0.008419,-0.075569,0.002883,0.004920,-0.012911,-0.001712,0.177962,-0.174882,-0.003339,23.596100,23.596100,23.574260,0.500643,3.981901,-0.013291,0.212732,0.972197
5.000000,1,0,0,2.400000,9.810000,0.900000,30.000000,60.000000,6.000000,0.000000,0.000000,1.500000,0.079724,0.003205,1.514278,0.000000,0.000000,0.000000,0.002320,-0.033605,0.023137,0.997077,0.008467,-0.075877,0.002840,-0.001235,-0.011556,-0.001804,0.153082,-0.094820,-0.004363,23.574260,23.574260,23.553538,0.500203,3.933296,0.180646,0.234099,0.971745
5.050000,1,0,0,2.400000,9.810000,0.900000,30.000000,60.000000,6.000000,0.000000,0.000000,1.500000,0.079978,0.001402,1.515361,0.000000,0.000000,0.000000,0.007483,-0.037896,0.020052,0.997059,0.008373,-0.076132,0.002784,-0.006547,-0.008618,-0.001924,0.112505,0.002785,-0.002506,23.553538,23.553538,23.533760,0.499783,3.844698,0.409916,0.260783,0.971102
5.100000,1,0,0,2.400000,9.810000,0.900000,30.000000,60.000000,6.000000,0.000000,0.000000,1.500000,0.080438,-0.000522,1.516271,0.000000,0.000000,0.000000,0.010578,-0.038430,0.016228,0.997048,0.008158,-0.076295,0.002716,-0.010789,-0.004242,-0.002065,0.087310,0.050825,-0.037278,23.533760,23.533760,23.514760,0.499379,3.788906,0.514595,0.197879,0.970318
5.150000,1,0,0,2.400000,9.810000,0.900000,30.000000,60.000000,6.000000,0.000000,0.000000,1.500000,0.080998,-0.002381,1.516974,0.000000,0.000000,0.000000,0.011441,-0.035344,0.011797,0.997048,0.007853,-0.076333,0.002639,-0.013809,0.001348,-0.002220,0.047814,0.083963,-0.013777,23.514760,23.514760,23.496391,0.498989,3.693107,0.579233,0.273107,0.969445
5.200000,1,0,0,2.400000,9.810000,0.900000,30.000000,60.000000,6.000000,0.000000,0.000000,1.500000,0.081544,-0.004003,1.517443,0.000000,0.000000,0.000000,0.010028,-0.029070,0.006922,0.997060,0.007489,-0.076221,0.002554,-0.015538,0.007857,-0.002379,0.001420,0.146567,-0.025662,23.496391,23.496391,23.478540,0.498610,3.573806,0.711804,0.261667,0.968537
5.250000,1,0,0,2.400000,9.810000,0.900000,30.000000,60.000000,6.000000,0.000000,0.000000,1.500000,0.081964,-0.005246,1.517661,0.000000,0.000000,0.000000,0.006421,-0.020300,0.001784,0.997084,0.007097,-0.075938,0.002465,-0.015992,0.014936,-0.002534,-0.037341,0.201158,-0.020238,23.478540,23.478540,23.461140,0.498240,3.464994,0.823871,0.290035,0.967648
5.300000,1,0,0,2.400000,9.810000,0.900000,30.000000,60.000000,6.000000,0.000000,0.000000,1.500000,0.082153,-0.006007,1.517620,0.000000,0.000000,0.000000,0.000822,-0.009930,-0.003425,0.997122,0.006709,-0.075476,0.002373,-0.015272,0.022202,-0.002679,-0.098324,0.242917,-0.041785,23.461140,23.461140,23.444178,0.497880,3.294574,0.905316,0.251985,0.966833
5.350000,1,0,0,2.400000,9.810000,0.900000,30.000000,60.000000,6.000000,0.000000,0.000000,1.500000,0.082018,-0.006230,1.517321,0.000000,0.000000,0.000000,-0.006458,0.001015,-0.008510,0.997173,0.006352,-0.074834,0.002282,-0.013555,0.029258,-0.002810,-0.170015,0.239344,-0.040523,23.444178,23.444178,23.427704,0.497530,3.090202,0.879416,0.267039,0.966140
5.400000,1,0,0,2.400000,9.810000,0.900000,30.000000,60.000000,6.000000,0.000000,0.000000,1.500000,0.081486,-0.005913,1.516775,0.000000,0.000000,0.000000,-0.015014,0.011464,-0.013280,0.997236,0.006047,-0.074023,0.002192,-0.011083,0.035717,-0.002926,-0.182631,0.207780,-0.036971,23.427704,23.427704,23.411826,0.497193,3.019834,0.788824,0.286015,0.965612
5.450000,1,0,0,2.400000,9.810000,0.900000,30.000000,60.000000,6.000000,0.000000,0.000000,1.500000,0.080504,-0.005109,1.516001,0.000000,0.000000,0.000000,-0.024370,0.020389,-0.017559,0.997308,0.005810,-0.073061,0.002106,-0.008147,0.041221,-0.003028,-0.193687,0.127313,-0.006615,23.411826,23.411826,23.396707,0.496872,2.946362,0.584067,0.367820,0.965286
5.500000,1,0,0,2.400000,9.810000,0.900000,30.000000,60.000000,6.000000,0.000000,0.000000,1.500000,0.079044,-0.003915,1.515029,0.000000,0.000000,0.000000,-0.034001,0.026887,-0.021193,0.997388,0.005649,-0.071977,0.002024,-0.005064,0.045463,-0.003115,-0.208232,0.059082,-0.033617,23.396707,23.396707,23.382560,0.496572,2.858985,0.412241,0.310531,0.965190
5.550000,1,0,0,2.400000,9.810000,0.900000,30.000000,60.000000,6.000000,0.000000,0.000000,1.500000,0.077108,-0.002472,1.513895,0.000000,0.000000,0.000000,-0.043366,0.030257,-0.024054,0.997473,0.005563,-0.070806,0.001945,-0.002159,0.048202,-0.003189,-0.186868,-0.014027,-0.002502,23.382560,23.382560,23.369626,0.496297,2.853898,0.232254,0.391341,0.965342
5.600000,1,0,0,2.400000,9.810000,0.900000,30.000000,60.000000,6.000000,0.000000,0.000000,1.500000,0.074721,-0.000949,1.512639,0.000000,0.000000,0.000000,-0.051929,0.030056,-0.026049,0.997559,0.005544,-0.069587,0.001870,0.000258,0.049277,-0.003249,-0.176034,-0.073459,0.002091,23.369626,23.369626,23.358164,0.496053,2.821521,0.088248,0.407154,0.965749
5.650000,1,0,0,2.400000,9.810000,0.900000,30.000000,60.000000,6.000000,0.000000,0.000000,1.500000,0.071937,0.000471,1.511305,0.000000,0.000000,0.000000,-0.059196,0.026136,-0.027123,0.997643,0.005576,-0.068362,0.001797,0.001913,0.048617,-0.003293,-0.165403,-0.131788,0.017168,23.358164,23.358164,23.348434,0.495847,2.788650,-0.050683,0.446813,0.966408
5.700000,1,0,0,2.400000,9.810000,0.900000,30.000000,60.000000,6.000000,0.000000,0.000000,1.500000,0.068831,0.001605,1.509942,0.000000,0.000000,0.000000,-0.064731,0.018658,-0.027262,0.997724,0.005638,-0.067175,0.001726,0.002585,0.046243,-0.003318,-0.121949,-0.194462,-0.018304,23.348434,23.348434,23.340677,0.495682,2.836578,-0.198636,0.363839,0.967306
5.750000,1,0,0,2.400000,9.810000,0.900000,30.000000,60.000000,6.000000,0.000000,0.000000,1.500000,0.065498,0.002285,1.508594,0.000000,0.000000,0.000000,-0.068189,0.008077,-0.026489,0.997798,0.005702,-0.066067,0.001653,0.002124,0.042270,-0.003323,-0.064220,-0.247186,0.027702,23.340677,23.340677,23.335106,0.495564,2.922740,-0.322536,0.475083,0.968419
5.800000,1,0,0,2.400000,9.810000,0.900000,30.000000,60.000000,6.000000,0.000000,0.000000,1.500000,0.062050,0.002373,1.507307,0.000000,0.000000,0.000000,-0.069327,-0.004891,-0.024871,0.997863,0.005741,-0.065076,0.001578,0.000459,0.036895,-0.003306,0.030137,-0.310022,0.040762,23.335106,23.335106,23.331898,0.495496,3.102548,-0.471896,0.505907,0.969714
5.850000,1,0,0,2.400000,9.810000,0.900000,30.000000,60.000000,6.000000,0.000000,0.000000,1.500000,0.058607,0.001771,1.506120,0.000000,0.000000,0.000000,-0.068019,-0.019328,-0.022508,0.997917,0.005723,-0.064235,0.001500,-0.002396,0.030394,-0.003269,0.033014,-0.380869,0.021199,23.331898,23.331898,23.331185,0.495480,3.070025,-0.643076,0.457047,0.971150
5.900000,1,0,0,2.400000,9.810000,0.900000,30.000000,60.000000,6.000000,0.000000,0.000000,1.500000,0.055289,0.000433,1.505066,0.000000,0.000000,0.000000,-0.064267,-0.034190,-0.019534,0.997961,0.005621,-0.063566,0.001416,-0.006341,0.023101,-0.003217,0.105728,-0.374186,0.047902,23.331185,23.331185,23.333058,0.495520,3.213458,-0.632112,0.517798,0.972681
5.950000,1,0,0,2.400000,9.810000,0.900000,30.000000,60.000000,6.000000,0.000000,0.000000,1.500000,0.052219,-0.001636,1.504174,0.000000,0.000000,0.000000,-0.058192,-0.048386,-0.016108,0.997993,0.005408,-0.063085,0.001325,-0.011199,0.015389,-0.003158,0.148485,-0.347892,0.067520,23.333058,23.333058,23.337565,0.495616,3.294055,-0.579182,0.560072,0.974252
6.000000,1,0,0,2.400000,9.810000,0.900000,30.000000,60.000000,6.000000,0.000000,0.000000,1.500000,0.049505,-0.004377,1.503460,0.000000,0.000000,0.000000,-0.050039,-0.060871,-0.012409,0.998013,0.005065,-0.062798,0.001227,-0.016723,0.007655,-0.003100,0.140434,-0.294125,0.062498,23.337565,23.337565,23.344714,0.495768,3.262029,-0.466358,0.541696,0.975810
6.050000,1,0,0,2.400000,9.810000,0.900000,30.000000,60.000000,6.000000,0.000000,0.000000,1.500000,0.047244,-0.007680,1.502934,0.000000,0.000000,0.000000,-0.040153,-0.070728,-0.008625,0.998021,0.004580,-0.062700,0.001120,-0.022616,0.000293,-0.003054,0.180082,-0.256659,0.088880,23.344714,23.344714,23.354479,0.495975,3.353602,-0.399311,0.597128,0.977299
6.100000,1,0,0,2.400000,9.810000,0.900000,30.000000,60.000000,6.000000,0.000000,0.000000,1.500000,0.045511,-0.011394,1.502596,0.000000,0.000000,0.000000,-0.028972,-0.077241,-0.004949,0.998019,0.003946,-0.062778,0.001003,-0.028543,-0.006326,-0.003027,0.170702,-0.165172,0.054020,23.354479,23.354479,23.366795,0.496237,3.335974,-0.209528,0.503980,0.978663
6.150000,1,0,0,2.400000,9.810000,0.900000,30.000000,60.000000,6.000000,0.000000,0.000000,1.500000,0.044360,-0.015340,1.502435,0.000000,0.000000,0.000000,-0.016995,-0.079956,-0.001566,0.998008,0.003168,-0.063008,0.000878,-0.034159,-0.011871,-0.003025,0.229603,-0.094933,0.059225,23.366795,23.366795,23.381566,0.496550,3.489628,-0.077514,0.505344,0.979850
6.200000,1,0,0,2.400000,9.810000,0.900000,30.000000,60.000000,6.000000,0.000000,0.000000,1.500000,0.043816,-0.019323,1.502432,0.000000,0.000000,0.000000,-0.004765,-0.078714,0.001352,0.997988,0.002257,-0.063360,0.000743,-0.039129,-0.016078,-0.003048,0.223000,-0.047186,0.058782,23.381566,23.381566,23.398654,0.496913,3.492069,-0.005724,0.491478,0.980814
6.250000,1,0,0,2.400000,9.810000,0.900000,30.000000,60.000000,6.000000,0.000000,0.000000,1.500000,0.043878,-0.023148,1.502560,0.000000,0.000000,0.000000,0.007169,-0.073665,0.003655,0.997962,0.001233,-0.063798,0.000600,-0.043146,-0.018754,-0.003092,0.194766,-0.013038,0.036133,23.398654,23.398654,23.417884,0.497322,3.446910,0.028099,0.422613,0.981515
6.300000,1,0,0,2.400000,9.810000,0.900000,30.000000,60.000000,6.000000,0.000000,0.000000,1.500000,0.044519,-0.026634,1.502785,0.000000,0.000000,0.000000,0.018272,-0.065257,0.005222,0.997932,0.000124,-0.064283,0.000451,-0.045955,-0.019794,-0.003148,0.173046,0.077745,-0.011582,23.417884,23.417884,23.439043,0.497771,3.419835,0.193758,0.291861,0.981922
6.350000,1,0,0,2.400000,9.810000,0.900000,30.000000,60.000000,6.000000,0.000000,0.000000,1.500000,0.045683,-0.029630,1.503068,0.000000,0.000000,0.000000,0.028053,-0.054198,0.005967,0.997899,-0.001037,-0.064773,0.000296,-0.047367,-0.019187,-0.003205,0.160485,0.164676,-0.018210,23.439043,23.439043,23.461878,0.498256,3.415248,0.347588,0.257985,0.982011
6.400000,1,0,0,2.400000,9.810000,0.900000,30.000000,60.000000,6.000000,0.000000,0.000000,1.500000,0.047295,-0.032025,1.503367,0.000000,0.000000,0.000000,0.036095,-0.041397,0.005838,0.997868,-0.002216,-0.065228,0.000139,-0.047272,-0.017011,-0.003251,0.158531,0.229947,-0.037118,23.461878,23.461878,23.486108,0.498771,3.434720,0.448548,0.192916,0.981772
6.450000,1,0,0,2.400000,9.810000,0.900000,30.000000,60.000000,6.000000,0.000000,0.000000,1.500000,0.049258,-0.033757,1.503637,0.000000,0.000000,0.000000,0.042070,-0.027893,0.004829,0.997840,-0.003373,-0.065611,-0.000017,-0.045646,-0.013436,-0.003273,0.111120,0.217886,-0.043612,23.486108,23.486108,23.511428,0.499308,3.341924,0.364798,0.155963,0.981202
6.500000,1,0,0,2.400000,9.810000,0.900000,30.000000,60.000000,6.000000,0.000000,0.000000,1.500000,0.051464,-0.034820,1.503835,0.000000,0.000000,0.000000,0.045760,-0.014769,0.002968,0.997817,-0.004470,-0.065890,-0.000171,-0.042554,-0.008707,-0.003265,0.071769,0.260757,-0.082156,23.511428,23.511428,23.537532,0.499863,3.263762,0.415543,0.040484,0.980311
6.550000,1,0,0,2.400000,9.810000,0.900000,30.000000,60.000000,6.000000,0.000000,0.000000,1.500000,0.053795,-0.035258,1.503921,0.000000,0.000000,0.000000,0.047067,-0.003064,0.000327,0.997802,-0.005474,-0.066039,-0.000318,-0.038144,-0.003138,-0.003224,0.003427,0.244828,-0.075207,23.537532,23.537532,23.564123,0.500427,3.110093,0.329478,0.032683,0.979119
6.600000,1,0,0,2.400000,9.810000,0.900000,30.000000,60.000000,6.000000,0.000000,0.000000,1.500000,0.056131,-0.035166,1.503857,0.000000,0.000000,0.000000,0.046017,0.006308,-0.002988,0.997796,-0.006354,-0.066042,-0.000456,-0.032639,0.002913,-0.003153,-0.022352,0.168912,-0.091285,23.564123,23.564123,23.590934,0.500997,3.051823,0.105200,-0.031750,0.977656
6.650000,1,0,0,2.400000,9.810000,0.900000,30.000000,60.000000,6.000000,0.000000,0.000000,1.500000,0.058360,-0.034678,1.503613,0.000000,0.000000,0.000000,0.042759,0.012639,-0.006839,0.997801,-0.007085,-0.065893,-0.000583,-0.026322,0.009060,-0.003059,-0.063849,0.098108,-0.117525,23.590934,23.590934,23.617742,0.501566,2.948687,-0.099906,-0.121767,0.975960
6.700000,1,0,0,2.400000,9.810000,0.900000,30.000000,60.000000,6.000000,0.000000,0.000000,1.500000,0.060375,-0.033960,1.503167,0.000000,0.000000,0.000000,0.037558,0.015476,-0.011063,0.997817,-0.007652,-0.065593,-0.000698,-0.019521,0.014909,-0.002955,-0.137846,-0.025190,-0.137900,23.617742,23.617742,23.644384,0.502132,2.760481,-0.423293,-0.198708,0.974077
6.750000,1,0,0,2.400000,9.810000,0.900000,30.000000,60.000000,6.000000,0.000000,0.000000,1.500000,0.062089,-0.033191,1.502504,0.000000,0.000000,0.000000,0.030780,0.014665,-0.015479,0.997842,-0.008048,-0.065155,-0.000800,-0.012585,0.020083,-0.002853,-0.109397,-0.098419,-0.157331,23.644384,23.644384,23.670757,0.502692,2.811606,-0.618414,-0.274166,0.972057
6.800000,1,0,0,2.400000,9.810000,0.900000,30.000000,60.000000,6.000000,0.000000,0.000000,1.500000,0.063434,-0.032552,1.501619,0.000000,0.000000,0.000000,0.022870,0.010356,-0.019895,0.997877,-0.008272,-0.064600,-0.000890,-0.005865,0.024244,-0.002765,-0.153414,-0.161884,-0.181293,23.670757,23.670757,23.696819,0.503245,2.683241,-0.782020,-0.361056,0.969956
6.850000,1,0,0,2.400000,9.810000,0.900000,30.000000,60.000000,6.000000,0.000000,0.000000,1.500000,0.064366,-0.032207,1.500517,0.000000,0.000000,0.000000,0.014334,0.002996,-0.024118,0.997917,-0.008335,-0.063957,-0.000968,0.000310,0.027107,-0.002703,-0.194641,-0.225320,-0.161800,23.696819,23.696819,23.722584,0.503793,2.557336,-0.937896,-0.343983,0.967831
6.900000,1,0,0,2.400000,9.810000,0.900000,30.000000,60.000000,6.000000,0.000000,0.000000,1.500000,0.064866,-0.032292,1.499213,0.000000,0.000000,0.000000,0.005706,-0.006710,-0.027962,0.997962,-0.008254,-0.063262,-0.001035,0.005651,0.028458,-0.002671,-0.202806,-0.208759,-0.119478,23.722584,23.722584,23.748106,0.504335,2.508198,-0.894921,-0.272223,0.965738
6.950000,1,0,0,2.400000,9.810000,0.900000,30.000000,60.000000,6.000000,0.000000,0.000000,1.500000,0.064944,-0.032902,1.497730,0.000000,0.000000,0.000000,-0.002475,-0.017856,-0.031254,0.998009,-0.008052,-0.062552,-0.001095,0.009932,0.028170,-0.002670,-0.157434,-0.184086,-0.087239,23.748106,23.748106,23.773463,0.504873,2.586823,-0.826729,-0.224558,0.963732
7.000000,1,0,0,2.400000,9.810000,0.900000,30.000000,60.000000,6.000000,0.000000,0.000000,1.500000,0.064634,-0.034084,1.496100,0.000000,0.000000,0.000000,-0.009698,-0.029411,-0.033847,0.998053,-0.007758,-0.061871,-0.001150,0.012995,0.026203,-0.002698,-0.159653,-0.204923,-0.063473,23.773463,23.773463,23.798744,0.505410,2.552478,-0.863355,-0.196924,0.961863
7.050000,1,0,0,2.400000,9.810000,0.900000,30.000000,60.000000,6.000000,0.000000,0.000000,1.500000,0.063998,-0.035832,1.494359,0.000000,0.000000,0.000000,-0.015502,-0.040301,-0.035620,0.998094,-0.007404,-0.061260,-0.001201,0.014769,0.022614,-0.002747,-0.142121,-0.225693,-0.041268,23.798744,23.798744,23.824032,0.505947,2.568754,-0.896912,-0.172554,0.960175
7.100000,1,0,0,2.400000,9.810000,0.900000,30.000000,60.000000,6.000000,0.000000,0.000000,1.500000,0.063114,-0.038086,1.492553,0.000000,0.000000,0.000000,-0.019506,-0.049499,-0.036489,0.998127,-0.007022,-0.060757,-0.001251,0.015267,0.017545,-0.002811,-0.075362,-0.120446,-0.044819,23.824032,23.824032,23.849390,0.506486,2.708250,-0.626649,-0.209359,0.958704
7.150000,1,0,0,2.400000,9.810000,0.900000,30.000000,60.000000,6.000000,0.000000,0.000000,1.500000,0.062082,-0.040738,1.490726,0.000000,0.000000,0.000000,-0.021425,-0.056105,-0.036406,0.998151,-0.006642,-0.060397,-0.001301,0.014586,0.011225,-0.002881,-0.016293,-0.079967,-0.033417,23.849390,23.849390,23.874855,0.507026,2.836014,-0.511921,-0.209492,0.957478
7.200000,1,0,0,2.400000,9.810000,0.900000,30.000000,60.000000,6.000000,0.000000,0.000000,1.500000,0.061009,-0.043642,1.488928,0.000000,0.000000,0.000000,-0.021086,-0.059426,-0.035365,0.998165,-0.006293,-0.060207,-0.001355,0.012902,0.003952,-0.002950,0.016650,0.013294,-0.024680,23.874855,23.874855,23.900435,0.507570,2.909132,-0.271923,-0.215111,0.956516
7.250000,1,0,0,2.400000,9.810000,0.900000,30.000000,60.000000,6.000000,0.000000,0.000000,1.500000,0.060012,-0.046619,1.487205,0.000000,0.000000,0.000000,-0.018440,-0.059026,-0.033399,0.998167,-0.005996,-0.060206,-0.001411,0.010452,-0.003925,-0.003013,0.034020,0.099930,-0.005510,23.900435,23.900435,23.926104,0.508115,2.953888,-0.050307,-0.194672,0.955824
7.300000,1,0,0,2.400000,9.810000,0.900000,30.000000,60.000000,6.000000,0.000000,0.000000,1.500000,0.059203,-0.049480,1.485602,0.000000,0.000000,0.000000,-0.013561,-0.054770,-0.030583,0.998156,-0.005766,-0.060406,-0.001473,0.007527,-0.012020,-0.003069,0.103283,0.175193,-0.030782,23.926104,23.926104,23.951805,0.508660,3.132708,0.140778,-0.279782,0.955399
7.350000,1,0,0,2.400000,9.810000,0.900000,30.000000,60.000000,6.000000,0.000000,0.000000,1.500000,0.058690,-0.052034,1.484159,0.000000,0.000000,0.000000,-0.006643,-0.046828,-0.027025,0.998133,-0.005613,-0.060806,-0.001538,0.004444,-0.019934,-0.003116,0.115870,0.227183,-0.010173,23.951805,23.951805,23.977449,0.509205,3.185073,0.272376,-0.253591,0.955226
7.400000,1,0,0,2.400000,9.810000,0.900000,30.000000,60.000000,6.000000,0.000000,0.000000,1.500000,0.058567,-0.054109,1.482910,0.000000,0.000000,0.000000,0.002006,-0.035668,-0.022866,0.998097,-0.005535,-0.061397,-0.001609,0.001527,-0.027276,-0.003153,0.087082,0.284935,-0.010803,23.977449,23.977449,24.002915,0.509746,3.147271,0.414166,-0.277134,0.955284
7.450000,1,0,0,2.400000,9.810000,0.900000,30.000000,60.000000,6.000000,0.000000,0.000000,1.500000,0.058912,-0.055559,1.481880,0.000000,0.000000,0.000000,0.011985,-0.022014,-0.018271,0.998049,-0.005525,-0.062161,-0.001683,-0.000913,-0.033688,-0.003180,0.117845,0.306584,-0.010435,24.002915,24.002915,24.028052,0.510280,3.260637,0.466045,-0.297000,0.955537
7.500000,1,0,0,2.400000,9.810000,0.900000,30.000000,60.000000,6.000000,0.000000,0.000000,1.500000,0.059780,-0.056284,1.481087,0.000000,0.000000,0.000000,0.022819,-0.006792,-0.013423,0.997992,-0.005568,-0.063069,-0.001761,-0.002599,-0.038859,-0.003195,0.136921,0.357072,0.015660,24.028052,24.028052,24.052675,0.510803,3.352903,0.584619,-0.253825,0.955947
7.550000,1,0,0,2.400000,9.810000,0.900000,30.000000,60.000000,6.000000,0.000000,0.000000,1.500000,0.061200,-0.056230,1.480539,0.000000,0.000000,0.000000,0.033982,0.008945,-0.008516,0.997927,-0.005640,-0.064088,-0.001839,-0.003310,-0.042547,-0.003194,0.176665,0.353094,0.034556,24.052675,24.052675,24.076569,0.511310,3.500084,0.570991,-0.226628,0.956465
7.600000,1,0,0,2.400000,9.810000,0.900000,30.000000,60.000000,6.000000,0.000000,0.000000,1.500000,0.063175,-0.055399,1.480233,0.000000,0.000000,0.000000,0.044928,0.024103,-0.003744,0.997855,-0.005717,-0.065179,-0.001918,-0.002891,-0.044586,-0.003174,0.210679,0.347739,0.035871,24.076569,24.076569,24.099486,0.511797,3.636934,0.553855,-0.240337,0.957041
7.650000,1,0,0,2.400000,9.810000,0.900000,30.000000,60.000000,6.000000,0.000000,0.000000,1.500000,0.065680,-0.053847,1.480159,0.000000,0.000000,0.000000,0.055115,0.037636,0.000707,0.997781,-0.005768,-0.066299,-0.001994,-0.001270,-0.044905,-0.003131,0.197794,0.316683,0.016045,24.099486,24.099486,24.121155,0.512257,3.662600,0.476253,-0.303514,0.957621
7.700000,1,0,0,2.400000,9.810000,0.900000,30.000000,60.000000,6.000000,0.000000,0.000000,1.500000,0.068665,-0.051678,1.480296,0.000000,0.000000,0.000000,0.064037,0.048627,0.004664,0.997707,-0.005764,-0.067406,-0.002065,0.001543,-0.043521,-0.003061,0.177981,0.241815,0.024793,24.121155,24.121155,24.141289,0.512685,3.670927,0.296188,-0.296859,0.958150
7.750000,1,0,0,2.400000,9.810000,0.900000,30.000000,60.000000,6.000000,0.000000,0.000000,1.500000,0.072055,-0.049039,1.480615,0.000000,0.000000,0.000000,0.071249,0.056361,0.007980,0.997636,-0.005676,-0.068458,-0.002128,0.005452,-0.040545,-0.002965,0.145290,0.156396,0.026487,24.141289,24.141289,24.159602,0.513073,3.645616,0.094891,-0.305890,0.958576
7.800000,1,0,0,2.400000,9.810000,0.900000,30.000000,60.000000,6.000000,0.000000,0.000000,1.500000,0.075755,-0.046104,1.481081,0.000000,0.000000,0.000000,0.076390,0.060387,0.010534,0.997570,-0.005479,-0.069418,-0.002182,0.010282,-0.036174,-0.002844,0.091966,0.060814,-0.003695,24.159602,24.159602,24.175822,0.513418,3.566210,-0.125461,-0.390176,0.958848
7.850000,1,0,0,2.400000,9.810000,0.900000,30.000000,60.000000,6.000000,0.000000,0.000000,1.500000,0.079655,-0.043065,1.481654,0.000000,0.000000,0.000000,0.079202,0.060549,0.012242,0.997513,-0.005152,-0.070255,-0.002224,0.015789,-0.030679,-0.002706,0.069422,-0.026537,-0.037993,24.175822,24.175822,24.189715,0.513713,3.554537,-0.319732,-0.483072,0.958924
7.900000,1,0,0,2.400000,9.810000,0.900000,30.000000,60.000000,6.000000,0.000000,0.000000,1.500000,0.083634,-0.040111,1.482290,0.000000,0.000000,0.000000,0.079545,0.057002,0.013058,0.997467,-0.004682,-0.070944,-0.002253,0.021676,-0.024390,-0.002558,-0.006375,-0.096140,-0.025916,24.189715,24.189715,24.201097,0.513955,3.407721,-0.464420,-0.463356,0.958766
7.950000,1,0,0,2.400000,9.810000,0.900000,30.000000,60.000000,6.000000,0.000000,0.000000,1.500000,0.087568,-0.037419,1.482945,0.000000,0.000000,0.000000,0.077401,0.050193,0.012975,0.997432,-0.004064,-0.071471,-0.002269,0.027611,-0.017679,-0.002412,-0.091216,-0.162198,-0.047587,24.201097,24.201097,24.209855,0.514141,3.231083,-0.593335,-0.523267,0.958345
8.000000,1,0,0,2.400000,9.810000,0.900000,30.000000,60.000000,6.000000,0.000000,0.000000,1.500000,0.091335,-0.035134,1.483573,0.000000,0.000000,0.000000,0.072877,0.040830,0.012029,0.997409,-0.003301,-0.071829,-0.002271,0.033248,-0.010939,-0.002278,-0.114183,-0.216425,-0.059936,24.209855,24.209855,24.215947,0.514270,3.194522,-0.686744,-0.559357,0.957644
8.050000,1,0,0,2.400000,9.810000,0.900000,30.000000,60.000000,6.000000,0.000000,0.000000,1.500000,0.094820,-0.033363,1.484134,0.000000,0.000000,0.000000,0.066201,0.029820,0.010293,0.997397,-0.002404,-0.072023,-0.002261,0.038251,-0.004561,-0.002164,-0.143026,-0.269852,-0.073921,24.215947,24.215947,24.219410,0.514344,3.135618,-0.771685,-0.597844,0.956653
8.100000,1,0,0,2.400000,9.810000,0.900000,30.000000,60.000000,6.000000,0.000000,0.000000,1.500000,0.097924,-0.032163,1.484591,0.000000,0.000000,0.000000,0.057707,0.018196,0.007875,0.997396,-0.001394,-0.072067,-0.002241,0.042313,0.001086,-0.002073,-0.210116,-0.271859,-0.114051,24.219410,24.219410,24.220352,0.514364,2.977326,-0.727638,-0.697465,0.955375
8.150000,1,0,0,2.400000,9.810000,0.900000,30.000000,60.000000,6.000000,0.000000,0.000000,1.500000,0.100567,-0.031536,1.484913,0.000000,0.000000,0.000000,0.047819,0.007031,0.004914,0.997403,-0.000297,-0.071983,-0.002213,0.045176,0.005676,-0.002005,-0.198054,-0.274977,-0.098080,24.220352,24.220352,24.218939,0.514334,3.002478,-0.681998,-0.660744,0.953822
8.200000,1,0,0,2.400000,9.810000,0.900000,30.000000,60.000000,6.000000,0.000000,0.000000,1.500000,0.102691,-0.031435,1.485076,0.000000,0.000000,0.000000,0.037029,-0.002646,0.001576,0.997416,0.000855,-0.071800,-0.002180,0.046648,0.008945,-0.001954,-0.242082,-0.213033,-0.109723,24.218939,24.218939,24.215378,0.514258,2.887948,-0.477549,-0.688529,0.952017
8.250000,1,0,0,2.400000,9.810000,0.900000,30.000000,60.000000,6.000000,0.000000,0.000000,1.500000,0.104264,-0.031761,1.485067,0.000000,0.000000,0.000000,0.025872,-0.009939,-0.001959,0.997432,0.002025,-0.071554,-0.002144,0.046617,0.010705,-0.001911,-0.239995,-0.139426,-0.104699,24.215378,24.215378,24.209899,0.514142,2.880747,-0.244226,-0.674492,0.949993
8.300000,1,0,0,2.400000,9.810000,0.900000,30.000000,60.000000,6.000000,0.000000,0.000000,1.500000,0.105281,-0.032377,1.484880,0.000000,0.000000,0.000000,0.014895,-0.014155,-0.005502,0.997449,0.003175,-0.071284,-0.002108,0.045056,0.010854,-0.001863,-0.241324,-0.111969,-0.106092,24.209899,24.209899,24.202736,0.513989,2.863912,-0.122652,-0.673989,0.947791
8.350000,1,0,0,2.400000,9.810000,0.900000,30.000000,60.000000,6.000000,0.000000,0.000000,1.500000,0.105765,-0.033118,1.484520,0.000000,0.000000,0.000000,0.004633,-0.014861,-0.008861,0.997463,0.004268,-0.071031,-0.002075,0.042025,0.009381,-0.001799,-0.189856,0.011470,-0.104731,24.202736,24.202736,24.194115,0.513806,2.974330,0.226446,-0.664985,0.945458
8.400000,1,0,0,2.400000,9.810000,0.900000,30.000000,60.000000,6.000000,0.000000,0.000000,1.500000,0.105765,-0.033802,1.484000,0.000000,0.000000,0.000000,-0.004422,-0.011922,-0.011854,0.997472,0.005267,-0.070833,-0.002047,0.037671,0.006369,-0.001709,-0.164027,0.104886,-0.083474,24.194115,24.194115,24.184239,0.513597,3.025687,0.498947,-0.606330,0.943048
8.450000,1,0,0,2.400000,9.810000,0.900000,30.000000,60.000000,6.000000,0.000000,0.000000,1.500000,0.105350,-0.034252,1.483344,0.000000,0.000000,0.000000,-0.011847,-0.005507,-0.014314,0.997475,0.006144,-0.070728,-0.002026,0.032213,0.001988,-0.001586,-0.110023,0.172262,-0.106624,24.184239,24.184239,24.173286,0.513364,3.148911,0.702921,-0.652349,0.940616
8.500000,1,0,0,2.400000,9.810000,0.900000,30.000000,60.000000,6.000000,0.000000,0.000000,1.500000,0.104613,-0.034303,1.482580,0.000000,0.000000,0.000000,-0.017307,0.003916,-0.016098,0.997469,0.006873,-0.070746,-0.002012,0.025933,-0.003512,-0.001432,-0.054642,0.214830,-0.118532,24.173286,24.173286,24.161404,0.513112,3.281205,0.840151,-0.669504,0.938220
8.550000,1,0,0,2.400000,9.810000,0.900000,30.000000,60.000000,6.000000,0.000000,0.000000,1.500000,0.103656,-0.033822,1.481747,0.000000,0.000000,0.000000,-0.020576,0.015627,-0.017094,0.997453,0.007438,-0.070912,-0.002007,0.019157,-0.009819,-0.001252,-0.076817,0.264633,-0.117101,24.161404,24.161404,24.148712,0.512842,3.234299,0.986743,-0.652782,0.935917
8.600000,1,0,0,2.400000,9.810000,0.900000,30.000000,60.000000,6.000000,0.000000,0.000000,1.500000,0.102594,-0.032717,1.480885,0.000000,0.000000,0.000000,-0.021545,0.028705,-0.017223,0.997426,0.007831,-0.071241,-0.002010,0.012234,-0.016571,-0.001054,-0.022615,0.290050,-0.097413,24.148712,24.148712,24.135304,0.512557,3.378388,1.066424,-0.590418,0.933761
8.650000,1,0,0,2.400000,9.810000,0.900000,30.000000,60.000000,6.000000,0.000000,0.000000,1.500000,0.101540,-0.030946,1.480040,0.000000,0.000000,0.000000,-0.020231,0.042107,-0.016445,0.997389,0.008052,-0.071740,-0.002022,0.005516,-0.023379,-0.000851,0.073339,0.223714,-0.043227,24.135304,24.135304,24.121247,0.512259,3.630675,0.917558,-0.443490,0.931801
8.700000,1,0,0,2.400000,9.810000,0.900000,30.000000,60.000000,6.000000,0.000000,0.000000,1.500000,0.100606,-0.028519,1.479256,0.000000,0.000000,0.000000,-0.016773,0.054749,-0.014762,0.997340,0.008111,-0.072404,-0.002042,-0.000669,-0.029850,-0.000657,0.095130,0.233783,-0.043733,24.121247,24.121247,24.106583,0.511947,3.712786,0.944187,-0.426126,0.930079
8.750000,1,0,0,2.400000,9.810000,0.900000,30.000000,60.000000,6.000000,0.000000,0.000000,1.500000,0.099894,-0.025501,1.478578,0.000000,0.000000,0.000000,-0.011426,0.065600,-0.012214,0.997281,0.008025,-0.073222,-0.002069,-0.006029,-0.035605,-0.000482,0.149447,0.201571,-0.044056,24.106583,24.106583,24.091327,0.511623,3.880134,0.862306,-0.406722,0.928632
8.800000,1,0,0,2.400000,9.810000,0.900000,30.000000,60.000000,6.000000,0.000000,0.000000,1.500000,0.099489,-0.022004,1.478048,0.000000,0.000000,0.000000,-0.004548,0.073757,-0.008883,0.997213,0.007817,-0.074170,-0.002102,-0.010334,-0.040302,-0.000336,0.128328,0.133606,0.017308,24.091327,24.091327,24.075462,0.511287,3.872533,0.688737,-0.237781,0.927484
8.850000,1,0,0,2.400000,9.810000,0.900000,30.000000,60.000000,6.000000,0.000000,0.000000,1.500000,0.099458,-0.018182,1.477701,0.000000,0.000000,0.000000,0.003420,0.078527,-0.004882,0.997136,0.007516,-0.075219,-0.002139,-0.013427,-0.043657,-0.000221,0.125024,0.069536,0.013191,24.075462,24.075462,24.058937,0.510936,3.912326,0.520028,-0.224650,0.926652
8.900000,1,0,0,2.400000,9.810000,0.900000,30.000000,60.000000,6.000000,0.000000,0.000000,1.500000,0.099841,-0.014216,1.477568,0.000000,0.000000,0.000000,0.011980,0.079476,-0.000358,0.997054,0.007155,-0.076332,-0.002179,-0.015232,-0.045454,-0.000139,0.153696,0.003760,0.026119,24.058937,24.058937,24.041667,0.510569,4.031748,0.344264,-0.169423,0.926139
8.950000,1,0,0,2.400000,9.810000,0.900000,30.000000,60.000000,6.000000,0.000000,0.000000,1.500000,0.100656,-0.010301,1.477671,0.000000,0.000000,0.000000,0.020595,0.076471,0.004521,0.996969,0.006763,-0.077469,-0.002220,-0.015757,-0.045564,-0.000085,0.094244,-0.081507,0.057871,24.041667,24.041667,24.023538,0.510184,3.940600,0.120335,-0.068006,0.925941
9.000000,1,0,0,2.400000,9.810000,0.900000,30.000000,60.000000,6.000000,0.000000,0.000000,1.500000,0.101893,-0.006632,1.478023,0.000000,0.000000,0.000000,0.028729,0.069686,0.009568,0.996884,0.006374,-0.078587,-0.002259,-0.015100,-0.043946,-0.000054,0.106335,-0.164012,0.070927,24.023538,24.023538,24.004409,0.509778,4.020026,-0.096853,-0.010623,0.926040
9.050000,1,0,0,2.400000,9.810000,0.900000,30.000000,60.000000,6.000000,0.000000,0.000000,1.500000,0.103513,-0.003387,1.478627,0.000000,0.000000,0.000000,0.035864,0.059592,0.014589,0.996803,0.006015,-0.079644,-0.002296,-0.013430,-0.040655,-0.000038,0.080243,-0.219228,0.105434,24.004409,24.004409,23.984130,0.509347,4.004642,-0.247098,0.098897,0.926411
9.100000,1,0,0,2.400000,9.810000,0.900000,30.000000,60.000000,6.000000,0.000000,0.000000,1.500000,0.105455,-0.000716,1.479478,0.000000,0.000000,0.000000,0.041537,0.046917,0.019390,0.996728,0.005707,-0.080599,-0.002327,-0.010987,-0.035833,-0.000031,0.046892,-0.271137,0.118838,23.984130,23.984130,23.962554,0.508889,3.966738,-0.386875,0.158257,0.927019
9.150000,1,0,0,2.400000,9.810000,0.900000,30.000000,60.000000,6.000000,0.000000,0.000000,1.500000,0.107635,0.001277,1.480560,0.000000,0.000000,0.000000,0.045357,0.032585,0.023786,0.996662,0.005467,-0.081418,-0.002351,-0.008058,-0.029709,-0.000029,-0.036166,-0.349210,0.088172,23.962554,23.962554,23.939562,0.508400,3.802751,-0.586146,0.112181,0.927821
9.200000,1,0,0,2.400000,9.810000,0.900000,30.000000,60.000000,6.000000,0.000000,0.000000,1.500000,0.109955,0.002533,1.481847,0.000000,0.000000,0.000000,0.047031,0.017648,0.027608,0.996610,0.005303,-0.082071,-0.002369,-0.004958,-0.022577,-0.000028,-0.055236,-0.349970,0.067535,23.939562,23.939562,23.915076,0.507880,3.784179,-0.596178,0.090363,0.928768
9.250000,1,0,0,2.400000,9.810000,0.900000,30.000000,60.000000,6.000000,0.000000,0.000000,1.500000,0.112300,0.003050,1.483308,0.000000,0.000000,0.000000,0.046377,0.003196,0.030712,0.996572,0.005216,-0.082537,-0.002379,-0.002013,-0.014789,-0.000028,-0.079728,-0.308181,0.041346,23.915076,23.915076,23.889082,0.507328,3.743459,-0.500395,0.055291,0.929808
9.300000,1,0,0,2.400000,9.810000,0.900000,30.000000,60.000000,6.000000,0.000000,0.000000,1.500000,0.114552,0.002878,1.484904,0.000000,0.000000,0.000000,0.043335,-0.009730,0.032983,0.996549,0.005198,-0.082805,-0.002383,0.000466,-0.006729,-0.000027,-0.145984,-0.243271,0.014282,23.889082,23.889082,23.861637,0.506746,3.592847,-0.345806,0.018085,0.930885
9.350000,1,0,0,2.400000,9.810000,0.900000,30.000000,60.000000,6.000000,0.000000,0.000000,1.500000,0.116594,0.002117,1.486592,0.000000,0.000000,0.000000,0.037968,-0.020221,0.034343,0.996544,0.005232,-0.082873,-0.002381,0.002200,0.001204,-0.000023,-0.158099,-0.199418,0.047436,23.861637,23.861637,23.832879,0.506135,3.562465,-0.239174,0.125279,0.931946
9.400000,1,0,0,2.400000,9.810000,0.900000,30.000000,60.000000,6.000000,0.000000,0.000000,1.500000,0.118313,0.000908,1.488323,0.000000,0.000000,0.000000,0.030463,-0.027575,0.034751,0.996553,0.005299,-0.082750,-0.002375,0.002965,0.008619,-0.000016,-0.199440,-0.115108,0.017078,23.832879,23.832879,23.803025,0.505501,3.452669,-0.033903,0.079837,0.932935
9.450000,1,0,0,2.400000,9.810000,0.900000,30.000000,60.000000,6.000000,0.000000,0.000000,1.500000,0.119610,-0.000580,1.490051,0.000000,0.000000,0.000000,0.021119,-0.031348,0.034210,0.996578,0.005372,-0.082451,-0.002368,0.002606,0.015158,-0.000001,-0.184060,-0.020392,-0.017826,23.803025,23.803025,23.772364,0.504850,3.470610,0.196624,0.023203,0.933805
9.500000,1,0,0,2.400000,9.810000,0.900000,30.000000,60.000000,6.000000,0.000000,0.000000,1.500000,0.120401,-0.002164,1.491729,0.000000,0.000000,0.000000,0.010331,-0.031397,0.032759,0.996614,0.005421,-0.082004,-0.002361,0.001045,0.020509,0.000026,-0.170926,0.086332,-0.094601,23.772364,23.772364,23.741240,0.504189,3.476062,0.454853,-0.134285,0.934511
9.550000,1,0,0,2.400000,9.810000,0.900000,30.000000,60.000000,6.000000,0.000000,0.000000,1.500000,0.120627,-0.003660,1.493313,0.000000,0.000000,0.000000,-0.001427,-0.027885,0.030479,0.996661,0.005416,-0.081441,-0.002357,-0.001710,0.024428,0.000071,-0.183342,0.093300,-0.091674,23.741240,23.741240,23.710042,0.503526,3.414710,0.471122,-0.100927,0.935017
9.600000,1,0,0,2.400000,9.810000,0.900000,30.000000,60.000000,6.000000,0.000000,0.000000,1.500000,0.120251,-0.004901,1.494765,0.000000,0.000000,0.000000,-0.013632,-0.021270,0.027485,0.996713,0.005329,-0.080800,-0.002358,-0.005565,0.026752,0.000139,-0.182012,0.148480,-0.102418,23.710042,23.710042,23.679178,0.502871,3.382723,0.599189,-0.100909,0.935295
9.650000,1,0,0,2.400000,9.810000,0.900000,30.000000,60.000000,6.000000,0.000000,0.000000,1.500000,0.119265,-0.005747,1.496052,0.000000,0.000000,0.000000,-0.025733,-0.012264,0.023921,0.996769,0.005134,-0.080121,-0.002366,-0.010348,0.027406,0.000232,-0.172802,0.216516,-0.121912,23.679178,23.679178,23.649061,0.502231,3.368008,0.753000,-0.122505,0.935329
9.700000,1,0,0,2.400000,9.810000,0.900000,30.000000,60.000000,6.000000,0.000000,0.000000,1.500000,0.117689,-0.006103,1.497150,0.000000,0.000000,0.000000,-0.037184,-0.001779,0.019956,0.996825,0.004810,-0.079447,-0.002382,-0.015817,0.026406,0.000348,-0.190798,0.245177,-0.108043,23.649061,23.649061,23.620090,0.501616,3.288379,0.806251,-0.064733,0.935109
9.750000,1,0,0,2.400000,9.810000,0.900000,30.000000,60.000000,6.000000,0.000000,0.000000,1.500000,0.115566,-0.005918,1.498044,0.000000,0.000000,0.000000,-0.047471,0.009154,0.015774,0.996877,0.004344,-0.078816,-0.002405,-0.021677,0.023863,0.000484,-0.198925,0.219208,-0.114862,23.620090,23.620090,23.592636,0.501033,3.234742,0.721706,-0.057411,0.934638
9.800000,1,0,0,2.400000,9.810000,0.900000,30.000000,60.000000,6.000000,0.000000,0.000000,1.500000,0.112969,-0.005198,1.498727,0.000000,0.000000,0.000000,-0.056138,0.019462,0.011568,0.996923,0.003730,-0.078266,-0.002438,-0.027597,0.019971,0.000632,-0.215388,0.173597,-0.111805,23.592636,23.592636,23.567027,0.500489,3.165140,0.583082,-0.027273,0.933932
9.850000,1,0,0,2.400000,9.810000,0.900000,30.000000,60.000000,6.000000,0.000000,0.000000,1.500000,0.109986,-0.003999,1.499203,0.000000,0.000000,0.000000,-0.062811,0.028127,0.007528,0.996959,0.002971,-0.077827,-0.002478,-0.033231,0.015000,0.000781,-0.162795,0.129958,-0.115235,23.567027,23.567027,23.543541,0.499990,3.266769,0.442397,-0.013685,0.933012
9.900000,1,0,0,2.400000,9.810000,0.900000,30.000000,60.000000,6.000000,0.000000,0.000000,1.500000,0.106725,-0.002427,1.499486,0.000000,0.000000,0.000000,-0.067217,0.034261,0.003839,0.996985,0.002077,-0.077521,-0.002525,-0.038242,0.009278,0.000921,-0.121525,0.143826,-0.100894,23.543541,23.543541,23.522394,0.499541,3.347804,0.433484,0.041484,0.931913
9.950000,1,0,0,2.400000,9.810000,0.900000,30.000000,60.000000,6.000000,0.000000,0.000000,1.500000,0.103305,-0.000627,1.499596,0.000000,0.000000,0.000000,-0.069199,0.037183,0.000664,0.996999,0.001070,-0.077363,-0.002579,-0.042321,0.003177,0.001040,-0.045162,0.073454,-0.062364,23.522394,23.522394,23.503735,0.499145,3.520324,0.217072,0.153547,0.930674
10.000000,1,0,0,2.400000,9.810000,0.900000,30.000000,60.000000,6.000000,0.000000,0.000000,1.500000,0.099847,0.001230,1.499563,0.000000,0.000000,0.000000,-0.068723,0.036477,-0.001855,0.997000,-0.000026,-0.077357,-0.002636,-0.045208,-0.002913,0.001134,-0.002324,-0.003783,-0.048615,23.503735,23.503735,23.487641,0.498803,3.619858,-0.019887,0.204885,0.929343
10.050000,1,0,0,2.400000,9.810000,0.900000,30.000000,60.000000,6.000000,0.000000,0.000000,1.500000,0.096472,0.002958,1.499423,0.000000,0.000000,0.000000,-0.065882,0.032022,-0.003607,0.996988,-0.001177,-0.077498,-0.002696,-0.046710,-0.008602,0.001200,0.041223,-0.053031,0.058167,23.487641,23.487641,23.474109,0.498516,3.728333,-0.192227,0.478159,0.927972
10.100000,1,0,0,2.400000,9.810000,0.900000,30.000000,60.000000,6.000000,0.000000,0.000000,1.500000,0.093294,0.004373,1.499216,0.000000,0.000000,0.000000,-0.060885,0.024007,-0.004519,0.996965,-0.002348,-0.077773,-0.002756,-0.046711,-0.013523,0.001241,0.069889,-0.126351,0.037186,23.474109,23.474109,23.463062,0.498281,3.807643,-0.423199,0.443369,0.926616
10.150000,1,0,0,2.400000,9.810000,0.900000,30.000000,60.000000,6.000000,0.000000,0.000000,1.500000,0.090414,0.005308,1.498986,0.000000,0.000000,0.000000,-0.054054,0.012913,-0.004553,0.996931,-0.003500,-0.078157,-0.002814,-0.045180,-0.017352,0.001265,0.082321,-0.206741,0.052572,23.463062,23.463062,23.454345,0.498096,3.853452,-0.670219,0.494333,0.925331
10.200000,1,0,0,2.400000,9.810000,0.900000,30.000000,60.000000,6.000000,0.000000,0.000000,1.500000,0.087913,0.005625,1.498776,0.000000,0.000000,0.000000,-0.045799,-0.000522,-0.003715,0.996890,-0.004595,-0.078620,-0.002866,-0.042177,-0.019826,0.001286,0.124507,-0.257982,0.082472,23.454345,23.454345,23.447738,0.497956,3.974688,-0.844602,0.578526,0.924171
10.250000,1,0,0,2.400000,9.810000,0.900000,30.000000,60.000000,6.000000,0.000000,0.000000,1.500000,0.085850,0.005232,1.498628,0.000000,0.000000,0.000000,-0.036603,-0.015367,-0.002050,0.996845,-0.005599,-0.079126,-0.002910,-0.037842,-0.020761,0.001314,0.147106,-0.290565,0.085668,23.447738,23.447738,23.442966,0.497854,4.051234,-0.969879,0.596944,0.923188
10.300000,1,0,0,2.400000,9.810000,0.900000,30.000000,60.000000,6.000000,0.000000,0.000000,1.500000,0.084259,0.004083,1.498583,0.000000,0.000000,0.000000,-0.026991,-0.030565,0.000360,0.996799,-0.006480,-0.079635,-0.002943,-0.032394,-0.020054,0.001364,0.193244,-0.336825,0.116149,23.442966,23.442966,23.439718,0.497785,4.184711,-1.122219,0.679101,0.922428
10.350000,1,0,0,2.400000,9.810000,0.900000,30.000000,60.000000,6.000000,0.000000,0.000000,1.500000,0.083148,0.002188,1.498675,0.000000,0.000000,0.000000,-0.017508,-0.045026,0.003397,0.996756,-0.007215,-0.080107,-0.002964,-0.026114,-0.017700,0.001444,0.153991,-0.273980,0.130800,23.439718,23.439718,23.437666,0.497742,4.111746,-1.005804,0.721472,0.921930
10.400000,1,0,0,2.400000,9.810000,0.900000,30.000000,60.000000,6.000000,0.000000,0.000000,1.500000,0.082497,-0.000390,1.498931,0.000000,0.000000,0.000000,-0.008685,-0.057711,0.006915,0.996720,-0.007786,-0.080500,-0.002969,-0.019326,-0.013782,0.001559,0.157151,-0.225418,0.097197,23.437666,23.437666,23.436496,0.497717,4.137165,-0.915965,0.646212,0.921725
10.450000,1,0,0,2.400000,9.810000,0.900000,30.000000,60.000000,6.000000,0.000000,0.000000,1.500000,0.082261,-0.003539,1.499371,0.000000,0.000000,0.000000,-0.001013,-0.067715,0.010743,0.996694,-0.008185,-0.080778,-0.002958,-0.012378,-0.008473,0.001706,0.172105,-0.191894,0.078095,23.436496,23.436496,23.435925,0.497705,4.185725,-0.854122,0.603925,0.921834
10.500000,1,0,0,2.400000,9.810000,0.900000,30.000000,60.000000,6.000000,0.000000,0.000000,1.500000,0.082370,-0.007105,1.500007,0.000000,0.000000,0.000000,0.005080,-0.074343,0.014697,0.996682,-0.008412,-0.080910,-0.002931,-0.005623,-0.002025,0.001881,0.143906,-0.140106,0.068133,23.435925,23.435925,23.435731,0.497701,4.124047,-0.740359,0.581757,0.922270
10.550000,1,0,0,2.400000,9.810000,0.900000,30.000000,60.000000,6.000000,0.000000,0.000000,1.500000,0.082737,-0.010909,1.500840,0.000000,0.000000,0.000000,0.009256,-0.077161,0.018586,0.996684,-0.008477,-0.080871,-0.002887,0.000608,0.005246,0.002073,0.102024,-0.054933,0.063590,23.435731,23.435731,23.435766,0.497701,4.021678,-0.538803,0.570796,0.923033
10.600000,1,0,0,2.400000,9.810000,0.900000,30.000000,60.000000,6.000000,0.000000,0.000000,1.500000,0.083259,-0.014756,1.501862,0.000000,0.000000,0.000000,0.011281,-0.076037,0.022217,0.996704,-0.008396,-0.080644,-0.002828,0.006025,0.012977,0.002269,0.031539,0.056024,0.065837,23.435766,23.435766,23.435973,0.497706,3.842036,-0.268483,0.574376,0.924112
10.650000,1,0,0,2.400000,9.810000,0.900000,30.000000,60.000000,6.000000,0.000000,0.000000,1.500000,0.083827,-0.018450,1.503055,0.000000,0.000000,0.000000,0.011040,-0.071146,0.025412,0.996739,-0.008193,-0.080223,-0.002755,0.010392,0.020775,0.002458,-0.011773,0.142325,0.052267,23.435973,23.435973,23.436383,0.497715,3.718657,-0.051552,0.538273,0.925488
10.700000,1,0,0,2.400000,9.810000,0.900000,30.000000,60.000000,6.000000,0.000000,0.000000,1.500000,0.084326,-0.021815,1.504393,0.000000,0.000000,0.000000,0.008543,-0.062957,0.028007,0.996791,-0.007896,-0.079612,-0.002673,0.013551,0.028245,0.002628,-0.038899,0.179230,0.030100,23.436383,23.436383,23.437118,0.497730,3.625310,0.051280,0.479861,0.927129
10.750000,1,0,0,2.400000,9.810000,0.900000,30.000000,60.000000,6.000000,0.000000,0.000000,1.500000,0.084646,-0.024703,1.505843,0.000000,0.000000,0.000000,0.003922,-0.052196,0.029865,0.996857,-0.007535,-0.078822,-0.002583,0.015421,0.035004,0.002772,-0.110972,0.206950,-0.023327,23.437118,23.437118,23.438378,0.497757,3.415882,0.135046,0.344786,0.928997
10.800000,1,0,0,2.400000,9.810000,0.900000,30.000000,60.000000,6.000000,0.000000,0.000000,1.500000,0.084687,-0.027007,1.507365,0.000000,0.000000,0.000000,-0.002575,-0.039785,0.030879,0.996934,-0.007144,-0.077877,-0.002488,0.016011,0.040707,0.002888,-0.154083,0.232431,-0.032121,23.438378,23.438378,23.440420,0.497800,3.268793,0.214892,0.315223,0.931047
10.850000,1,0,0,2.400000,9.810000,0.900000,30.000000,60.000000,6.000000,0.000000,0.000000,1.500000,0.084363,-0.028671,1.508916,0.000000,0.000000,0.000000,-0.010595,-0.026768,0.030979,0.997020,-0.006753,-0.076805,-0.002392,0.015411,0.045067,0.002976,-0.207195,0.227445,-0.053918,23.440420,23.440420,23.443542,0.497867,3.091949,0.221608,0.252867,0.933226
10.900000,1,0,0,2.400000,9.810000,0.900000,30.000000,60.000000,6.000000,0.000000,0.000000,1.500000,0.083609,-0.029692,1.510447,0.000000,0.000000,0.000000,-0.019700,-0.014226,0.030135,0.997112,-0.006390,-0.075644,-0.002297,0.013791,0.047864,0.003038,-0.223088,0.231816,-0.051262,23.443542,23.443542,23.448054,0.497962,3.000391,0.249458,0.247634,0.935478
10.950000,1,0,0,2.400000,9.810000,0.900000,30.000000,60.000000,6.000000,0.000000,0.000000,1.500000,0.082383,-0.030119,1.511913,0.000000,0.000000,0.000000,-0.029391,-0.003186,0.028355,0.997205,-0.006078,-0.074434,-0.002204,0.011388,0.048967,0.003080,-0.258294,0.182281,-0.053685,23.448054,23.448054,23.454261,0.498094,2.860367,0.145541,0.228657,0.937748
11.000000,1,0,0,2.400000,9.810000,0.900000,30.000000,60.000000,6.000000,0.000000,0.000000,1.500000,0.080669,-0.030051,1.513268,0.000000,0.000000,0.000000,-0.039131,0.005455,0.025691,0.997297,-0.005833,-0.073217,-0.002116,0.008487,0.048332,0.003105,-0.234234,0.140629,-0.065931,23.454261,23.454261,23.462439,0.498268,2.862496,0.057381,0.184567,0.939978
11.050000,1,0,0,2.400000,9.810000,0.900000,30.000000,60.000000,6.000000,0.000000,0.000000,1.500000,0.078478,-0.029625,1.514469,0.000000,0.000000,0.000000,-0.048379,0.011010,0.022229,0.997384,-0.005663,-0.072038,-0.002032,0.005403,0.046010,0.003117,-0.191935,0.120559,-0.059886,23.462439,23.462439,23.472817,0.498488,2.910336,0.017447,0.182852,0.942113
11.100000,1,0,0,2.400000,9.810000,0.900000,30.000000,60.000000,6.000000,0.000000,0.000000,1.500000,0.075848,-0.029008,1.515480,0.000000,0.000000,0.000000,-0.056611,0.013057,0.018093,0.997463,-0.005569,-0.070935,-0.001954,0.002463,0.042143,0.003118,-0.160059,0.040987,-0.091346,23.472817,23.472817,23.485564,0.498759,2.937011,-0.168897,0.089631,0.944103
11.150000,1,0,0,2.400000,9.810000,0.900000,30.000000,60.000000,6.000000,0.000000,0.000000,1.500000,0.072842,-0.028380,1.516270,0.000000,0.000000,0.000000,-0.063354,0.011467,0.013433,0.997534,-0.005543,-0.069946,-0.001880,-0.000021,0.036953,0.003109,-0.085063,-0.023784,-0.079325,23.485564,23.485564,23.500781,0.499082,3.072718,-0.322976,0.099306,0.945905
11.200000,1,0,0,2.400000,9.810000,0.900000,30.000000,60.000000,6.000000,0.000000,0.000000,1.500000,0.069544,-0.027919,1.516817,0.000000,0.000000,0.000000,-0.068207,0.006422,0.008424,0.997593,-0.005571,-0.069100,-0.001809,-0.001770,0.030736,0.003091,-0.060778,-0.117251,-0.072830,23.500781,23.500781,23.518493,0.499458,3.093652,-0.548490,0.094310,0.947481
11.250000,1,0,0,2.400000,9.810000,0.900000,30.000000,60.000000,6.000000,0.000000,0.000000,1.500000,0.066058,-0.027788,1.517109,0.000000,0.000000,0.000000,-0.070863,-0.001606,0.003254,0.997639,-0.005631,-0.068418,-0.001740,-0.002557,0.023838,0.003063,0.005287,-0.169962,-0.053712,23.518493,23.518493,23.538649,0.499886,3.222806,-0.677757,0.118271,0.948804
11.300000,1,0,0,2.400000,9.810000,0.900000,30.000000,60.000000,6.000000,0.000000,0.000000,1.500000,0.062498,-0.028118,1.517143,0.000000,0.000000,0.000000,-0.071127,-0.011889,-0.001882,0.997674,-0.005698,-0.067912,-0.001671,-0.002224,0.016643,0.003028,0.092884,-0.217144,-0.071090,23.538649,23.538649,23.561126,0.500364,3.412168,-0.794091,0.053389,0.949857
11.350000,1,0,0,2.400000,9.810000,0.900000,30.000000,60.000000,6.000000,0.000000,0.000000,1.500000,0.058986,-0.028999,1.516925,0.000000,0.000000,0.000000,-0.068924,-0.023505,-0.006790,0.997696,-0.005741,-0.067586,-0.001600,-0.000690,0.009547,0.002989,0.171506,-0.223856,-0.042537,23.561126,23.561126,23.585729,0.500886,3.588645,-0.812257,0.097585,0.950632
11.400000,1,0,0,2.400000,9.810000,0.900000,30.000000,60.000000,6.000000,0.000000,0.000000,1.500000,0.055646,-0.030473,1.516471,0.000000,0.000000,0.000000,-0.064305,-0.035414,-0.011288,0.997706,-0.005731,-0.067431,-0.001526,0.002040,0.002937,0.002952,0.237133,-0.194583,-0.020872,23.585729,23.585729,23.612200,0.501448,3.742239,-0.741588,0.124215,0.951133
11.450000,1,0,0,2.400000,9.810000,0.900000,30.000000,60.000000,6.000000,0.000000,0.000000,1.500000,0.052593,-0.032527,1.515806,0.000000,0.000000,0.000000,-0.057442,-0.046540,-0.015212,0.997707,-0.005640,-0.067432,-0.001446,0.005876,-0.002828,0.002922,0.260260,-0.147403,-0.018990,23.612200,23.612200,23.640228,0.502044,3.801357,-0.624095,0.102458,0.951374
11.500000,1,0,0,2.400000,9.810000,0.900000,30.000000,60.000000,6.000000,0.000000,0.000000,1.500000,0.049934,-0.035097,1.514962,0.000000,0.000000,0.000000,-0.048624,-0.055863,-0.018421,0.997699,-0.005440,-0.067562,-0.001359,0.010648,-0.007440,0.002906,0.250823,-0.188462,-0.004790,23.640228,23.640228,23.669460,0.502664,3.788652,-0.713286,0.109494,0.951379
11.550000,1,0,0,2.400000,9.810000,0.900000,30.000000,60.000000,6.000000,0.000000,0.000000,1.500000,0.047757,-0.038069,1.513977,0.000000,0.000000,0.000000,-0.038235,-0.062498,-0.020810,0.997686,-0.005113,-0.067791,-0.001263,0.016116,-0.010657,0.002909,0.242874,-0.151390,0.005237,23.669460,23.669460,23.699510,0.503303,3.784323,-0.608875,0.105898,0.951181
11.600000,1,0,0,2.400000,9.810000,0.900000,30.000000,60.000000,6.000000,0.000000,0.000000,1.500000,0.046129,-0.041290,1.512896,0.000000,0.000000,0.000000,-0.026742,-0.065769,-0.022307,0.997668,-0.004644,-0.068081,-0.001156,0.021986,-0.012317,0.002931,0.240527,-0.095991,-0.007177,23.699510,23.699510,23.729978,0.503950,3.796467,-0.453704,0.047984,0.950821
11.650000,1,0,0,2.400000,9.810000,0.900000,30.000000,60.000000,6.000000,0.000000,0.000000,1.500000,0.045093,-0.044582,1.511762,0.000000,0.000000,0.000000,-0.014665,-0.065266,-0.022880,0.997650,-0.004026,-0.068393,-0.001039,0.027928,-0.012347,0.002971,0.257102,0.001101,0.031538,23.729978,23.729978,23.760458,0.504597,3.855124,-0.191376,0.112479,0.950345
11.700000,1,0,0,2.400000,9.810000,0.900000,30.000000,60.000000,6.000000,0.000000,0.000000,1.500000,0.044663,-0.047752,1.510623,0.000000,0.000000,0.000000,-0.002551,-0.060878,-0.022539,0.997633,-0.003264,-0.068684,-0.000910,0.033597,-0.010765,0.003023,0.268623,0.053873,0.061504,23.760458,23.760458,23.790561,0.505236,3.900778,-0.028401,0.155841,0.949806
11.750000,1,0,0,2.400000,9.810000,0.900000,30.000000,60.000000,6.000000,0.000000,0.000000,1.500000,0.044829,-0.050609,1.509523,0.000000,0.000000,0.000000,0.009051,-0.052803,-0.021332,0.997619,-0.002367,-0.068918,-0.000771,0.038654,-0.007685,0.003077,0.262786,0.133303,0.034372,23.790561,23.790561,23.819922,0.505860,3.901990,0.205064,0.062193,0.949257
11.800000,1,0,0,2.400000,9.810000,0.900000,30.000000,60.000000,6.000000,0.000000,0.000000,1.500000,0.045551,-0.052979,1.508503,0.000000,0.000000,0.000000,0.019622,-0.041530,-0.019346,0.997612,-0.001354,-0.069058,-0.000623,0.042788,-0.003301,0.003122,0.242153,0.203446,0.046712,23.819922,23.819922,23.848214,0.506461,3.863185,0.421863,0.063470,0.948751
11.850000,1,0,0,2.400000,9.810000,0.900000,30.000000,60.000000,6.000000,0.000000,0.000000,1.500000,0.046766,-0.054721,1.507599,0.000000,0.000000,0.000000,0.028700,-0.027804,-0.016703,0.997611,-0.000253,-0.069075,-0.000468,0.045739,0.002115,0.003147,0.208747,0.227984,0.075233,23.848214,23.848214,23.875166,0.507033,3.787758,0.533584,0.103926,0.948343
11.900000,1,0,0,2.400000,9.810000,0.900000,30.000000,60.000000,6.000000,0.000000,0.000000,1.500000,0.048390,-0.055734,1.506841,0.000000,0.000000,0.000000,0.035901,-0.012566,-0.013551,0.997620,0.000905,-0.068948,-0.000309,0.047310,0.008232,0.003144,0.124021,0.255457,0.074492,23.875166,23.875166,23.900561,0.507572,3.582106,0.655191,0.074649,0.948082
11.950000,1,0,0,2.400000,9.810000,0.900000,30.000000,60.000000,6.000000,0.000000,0.000000,1.500000,0.050320,-0.055970,1.506250,0.000000,0.000000,0.000000,0.040941,0.003126,-0.010062,0.997638,0.002084,-0.068663,-0.000149,0.047380,0.014678,0.003108,0.052221,0.247782,0.059835,23.900561,23.900561,23.924253,0.508075,3.399746,0.693555,0.012611,0.948010
12.000000,1,0,0,2.400000,9.810000,0.900000,30.000000,60.000000,6.000000,0.000000,0.000000,1.500000,0.052445,-0.055432,1.505837,0.000000,0.000000,0.000000,0.043650,0.018179,-0.006422,0.997665,0.003245,-0.068217,0.000009,0.045918,0.021061,0.003041,0.024090,0.265772,0.023970,23.924253,23.924253,23.946161,0.508541,3.314264,0.792792,-0.099556,0.948164
12.050000,1,0,0,2.400000,9.810000,0.900000,30.000000,60.000000,6.000000,0.000000,0.000000,1.500000,0.054646,-0.054180,1.505607,0.000000,0.000000,0.000000,0.043980,0.031553,-0.002821,0.997702,0.004352,-0.067616,0.000162,0.042978,0.026991,0.002949,-0.008493,0.269693,0.033843,23.946161,23.946161,23.966271,0.508968,3.210446,0.855715,-0.101068,0.948574
12.100000,1,0,0,2.400000,9.810000,0.900000,30.000000,60.000000,6.000000,0.000000,0.000000,1.500000,0.056805,-0.052320,1.505551,0.000000,0.000000,0.000000,0.042010,0.042347,0.000551,0.997747,0.005368,-0.066877,0.000306,0.038698,0.032098,0.002843,-0.019857,0.165177,0.035498,23.966271,23.966271,23.984633,0.509358,3.150649,0.654114,-0.121312,0.949257
12.150000,1,0,0,2.400000,9.810000,0.900000,30.000000,60.000000,6.000000,0.000000,0.000000,1.500000,0.058811,-0.050000,1.505655,0.000000,0.000000,0.000000,0.037937,0.049868,0.003516,0.997798,0.006263,-0.066025,0.000441,0.033296,0.036060,0.002737,-0.058446,0.099412,0.047550,23.984633,23.984633,24.001351,0.509713,3.019785,0.539745,-0.115522,0.950221
12.200000,1,0,0,2.400000,9.810000,0.900000,30.000000,60.000000,6.000000,0.000000,0.000000,1.500000,0.060568,-0.047395,1.505893,0.000000,0.000000,0.000000,0.032069,0.053688,0.005915,0.997855,0.007012,-0.065090,0.000564,0.027049,0.038614,0.002646,-0.136161,0.008160,0.056041,24.001351,24.001351,24.016573,0.510036,2.790831,0.357217,-0.117118,0.951464
12.250000,1,0,0,2.400000,9.810000,0.900000,30.000000,60.000000,6.000000,0.000000,0.000000,1.500000,0.061995,-0.044695,1.506235,0.000000,0.000000,0.000000,0.024808,0.053679,0.007616,0.997914,0.007598,-0.064112,0.000674,0.020280,0.039572,0.002583,-0.147755,-0.093592,0.037113,24.016573,24.016573,24.030479,0.510331,2.718203,0.141661,-0.183298,0.952974
12.300000,1,0,0,2.400000,9.810000,0.900000,30.000000,60.000000,6.000000,0.000000,0.000000,1.500000,0.063034,-0.042088,1.506642,0.000000,0.000000,0.000000,0.016626,0.050020,0.008517,0.997973,0.008013,-0.063130,0.000773,0.013338,0.038836,0.002556,-0.200824,-0.162241,0.045527,24.030479,24.030479,24.043267,0.510603,2.545674,-0.002712,-0.182585,0.954726
12.350000,1,0,0,2.400000,9.810000,0.900000,30.000000,60.000000,6.000000,0.000000,0.000000,1.500000,0.063651,-0.039746,1.507072,0.000000,0.000000,0.000000,0.008044,0.043183,0.008554,0.998030,0.008256,-0.062189,0.000860,0.006575,0.036397,0.002569,-0.167832,-0.217934,0.050736,24.043267,24.043267,24.055139,0.510855,2.581403,-0.124265,-0.188252,0.956689
12.400000,1,0,0,2.400000,9.810000,0.900000,30.000000,60.000000,6.000000,0.000000,0.000000,1.500000,0.063840,-0.037811,1.507482,0.000000,0.000000,0.000000,-0.000398,0.033894,0.007701,0.998082,0.008336,-0.061328,0.000937,0.000323,0.032341,0.002619,-0.178973,-0.267701,0.016504,24.055139,24.055139,24.066285,0.511092,2.514949,-0.239458,-0.287237,0.958821
12.450000,1,0,0,2.400000,9.810000,0.900000,30.000000,60.000000,6.000000,0.000000,0.000000,1.500000,0.063622,-0.036382,1.507828,0.000000,0.000000,0.000000,-0.008170,0.023075,0.005975,0.998128,0.008269,-0.060588,0.001006,-0.005124,0.026841,0.002700,-0.191661,-0.249423,-0.000400,24.066285,24.066285,24.076877,0.511317,2.450397,-0.198419,-0.343266,0.961074
12.500000,1,0,0,2.400000,9.810000,0.900000,30.000000,60.000000,6.000000,0.000000,0.000000,1.500000,0.063043,-0.035512,1.508066,0.000000,0.000000,0.000000,-0.014778,0.011762,0.003430,0.998165,0.008079,-0.060000,0.001068,-0.009530,0.020149,0.002802,-0.143925,-0.259554,-0.021152,24.076877,24.076877,24.087048,0.511533,2.538090,-0.231522,-0.407145,0.963395
12.550000,1,0,0,2.400000,9.810000,0.900000,30.000000,60.000000,6.000000,0.000000,0.000000,1.500000,0.062171,-0.035197,1.508159,0.000000,0.000000,0.000000,-0.019792,0.001028,0.000159,0.998192,0.007794,-0.059591,0.001126,-0.012733,0.012582,0.002912,-0.120988,-0.273242,-0.039513,24.087048,24.087048,24.096891,0.511742,2.574761,-0.277762,-0.463883,0.965729
12.600000,1,0,0,2.400000,9.810000,0.900000,30.000000,60.000000,6.000000,0.000000,0.000000,1.500000,0.061096,-0.035382,1.508072,0.000000,0.000000,0.000000,-0.022869,-0.008109,-0.003712,0.998207,0.007445,-0.059378,0.001181,-0.014648,0.004505,0.003018,-0.093393,-0.274094,-0.029121,24.096891,24.096891,24.106451,0.511945,2.631961,-0.296292,-0.450190,0.968018
12.650000,1,0,0,2.400000,9.810000,0.900000,30.000000,60.000000,6.000000,0.000000,0.000000,1.500000,0.059921,-0.035966,1.507780,0.000000,0.000000,0.000000,-0.023767,-0.014769,-0.008028,0.998210,0.007064,-0.059369,0.001235,-0.015281,-0.003690,0.003112,-0.026070,-0.207863,-0.057693,24.106451,24.106451,24.115718,0.512141,2.794250,-0.155355,-0.528571,0.970205
12.700000,1,0,0,2.400000,9.810000,0.900000,30.000000,60.000000,6.000000,0.000000,0.000000,1.500000,0.058758,-0.036806,1.507265,0.000000,0.000000,0.000000,-0.022366,-0.018282,-0.012613,0.998201,0.006683,-0.059562,0.001290,-0.014721,-0.011604,0.003187,0.025074,-0.101962,-0.092622,24.115718,24.115718,24.124628,0.512331,2.927357,0.080755,-0.620750,0.972237
12.750000,1,0,0,2.400000,9.810000,0.900000,30.000000,60.000000,6.000000,0.000000,0.000000,1.500000,0.057723,-0.037735,1.506517,0.000000,0.000000,0.000000,-0.018666,-0.018242,-0.017279,0.998181,0.006329,-0.059945,0.001347,-0.013133,-0.018854,0.003240,0.079386,-0.049727,-0.137465,24.124628,24.124628,24.133065,0.512510,3.077147,0.189385,-0.735232,0.974065
12.800000,1,0,0,2.400000,9.810000,0.900000,30.000000,60.000000,6.000000,0.000000,0.000000,1.500000,0.056927,-0.038570,1.505539,0.000000,0.000000,0.000000,-0.012793,-0.014543,-0.021832,0.998149,0.006026,-0.060497,0.001407,-0.010752,-0.025094,0.003270,0.153450,0.026932,-0.114551,24.133065,24.133065,24.140860,0.512675,3.282400,0.359051,-0.685589,0.975646
12.850000,1,0,0,2.400000,9.810000,0.900000,30.000000,60.000000,6.000000,0.000000,0.000000,1.500000,0.056476,-0.039131,1.504339,0.000000,0.000000,0.000000,-0.004989,-0.007384,-0.026081,0.998108,0.005789,-0.061188,0.001470,-0.007861,-0.030034,0.003280,0.177827,0.128518,-0.105442,24.140860,24.140860,24.147798,0.512823,3.375053,0.591756,-0.667538,0.976946
12.900000,1,0,0,2.400000,9.810000,0.900000,30.000000,60.000000,6.000000,0.000000,0.000000,1.500000,0.056455,-0.039258,1.502939,0.000000,0.000000,0.000000,0.004398,0.002743,-0.029847,0.998060,0.005627,-0.061984,0.001538,-0.004777,-0.033454,0.003270,0.212828,0.215973,-0.066084,24.147798,24.147798,24.153627,0.512947,3.498128,0.794187,-0.575317,0.977940
12.950000,1,0,0,2.400000,9.810000,0.900000,30.000000,60.000000,6.000000,0.000000,0.000000,1.500000,0.056935,-0.038820,1.501365,0.000000,0.000000,0.000000,0.014933,0.015093,-0.032970,0.998007,0.005542,-0.062845,0.001609,-0.001824,-0.035220,0.003244,0.262255,0.248202,-0.079502,24.153627,24.153627,24.158064,0.513041,3.658803,0.867747,-0.608160,0.978613
13.000000,1,0,0,2.400000,9.810000,0.900000,30.000000,60.000000,6.000000,0.000000,0.000000,1.500000,0.057959,-0.037727,1.499655,0.000000,0.000000,0.000000,0.026115,0.028730,-0.035317,0.997951,0.005525,-0.063729,0.001684,0.000683,-0.035288,0.003201,0.286106,0.296715,-0.054315,24.158064,24.158064,24.160808,0.513099,3.759015,0.983711,-0.546717,0.978960
13.050000,1,0,0,2.400000,9.810000,0.900000,30.000000,60.000000,6.000000,0.000000,0.000000,1.500000,0.059548,-0.035943,1.497848,0.000000,0.000000,0.000000,0.037406,0.042602,-0.036790,0.997895,0.005563,-0.064593,0.001761,0.002465,-0.033706,0.003142,0.264108,0.342503,-0.026933,24.160808,24.160808,24.161557,0.513115,3.748049,1.095734,-0.478343,0.978989
13.100000,1,0,0,2.400000,9.810000,0.900000,30.000000,60.000000,6.000000,0.000000,0.000000,1.500000,0.061692,-0.033481,1.495991,0.000000,0.000000,0.000000,0.048259,0.055624,-0.037323,0.997842,0.005633,-0.065398,0.001838,0.003292,-0.030614,0.003065,0.247521,0.322513,-0.003629,24.161557,24.161557,24.160022,0.513082,3.746988,1.051460,-0.418057,0.978715
13.150000,1,0,0,2.400000,9.810000,0.900000,30.000000,60.000000,6.000000,0.000000,0.000000,1.500000,0.064358,-0.030412,1.494132,0.000000,0.000000,0.000000,0.058143,0.066768,-0.036894,0.997794,0.005710,-0.066110,0.001915,0.003002,-0.026233,0.002972,0.201462,0.249195,0.004746,24.160022,24.160022,24.155946,0.512996,3.670382,0.879502,-0.391872,0.978167
13.200000,1,0,0,2.400000,9.810000,0.900000,30.000000,60.000000,6.000000,0.000000,0.000000,1.500000,0.067482,-0.026851,1.492318,0.000000,0.000000,0.000000,0.066573,0.075148,-0.035520,0.997754,0.005766,-0.066700,0.001988,0.001513,-0.020855,0.002863,0.133243,0.167391,0.033277,24.155946,24.155946,24.149123,0.512851,3.534373,0.686063,-0.315545,0.977378
13.250000,1,0,0,2.400000,9.810000,0.900000,30.000000,60.000000,6.000000,0.000000,0.000000,1.500000,0.070984,-0.022955,1.490595,0.000000,0.000000,0.000000,0.073135,0.080086,-0.033258,0.997724,0.005768,-0.067146,0.002056,-0.001174,-0.014826,0.002742,0.079936,0.074203,0.042491,24.149123,24.149123,24.139413,0.512645,3.426921,0.462725,-0.283781,0.976393
13.300000,1,0,0,2.400000,9.810000,0.900000,30.000000,60.000000,6.000000,0.000000,0.000000,1.500000,0.074759,-0.018907,1.489005,0.000000,0.000000,0.000000,0.077508,0.081174,-0.030202,0.997705,0.005690,-0.067438,0.002116,-0.004973,-0.008525,0.002615,0.009824,0.015392,0.049324,24.139413,24.139413,24.126764,0.512376,3.271342,0.317906,-0.255908,0.975261
13.350000,1,0,0,2.400000,9.810000,0.900000,30.000000,60.000000,6.000000,0.000000,0.000000,1.500000,0.078694,-0.014903,1.487586,0.000000,0.000000,0.000000,0.079481,0.078302,-0.026481,0.997697,0.005505,-0.067573,0.002167,-0.009715,-0.002347,0.002489,-0.059020,-0.058217,0.077348,24.126764,24.126764,24.111211,0.512046,3.110924,0.132346,-0.175332,0.974034
13.400000,1,0,0,2.400000,9.810000,0.900000,30.000000,60.000000,6.000000,0.000000,0.000000,1.500000,0.082666,-0.011139,1.486365,0.000000,0.000000,0.000000,0.078963,0.071670,-0.022250,0.997699,0.005191,-0.067561,0.002207,-0.015165,0.003324,0.002371,-0.070766,-0.128612,0.094442,24.111211,24.111211,24.092892,0.511657,3.080061,-0.051718,-0.119141,0.972768
13.450000,1,0,0,2.400000,9.810000,0.900000,30.000000,60.000000,6.000000,0.000000,0.000000,1.500000,0.086550,-0.007791,1.485366,0.000000,0.000000,0.000000,0.075986,0.061769,-0.017685,0.997711,0.004736,-0.067417,0.002235,-0.021029,0.008132,0.002270,-0.096815,-0.203563,0.140522,24.092892,24.092892,24.072038,0.511214,3.008245,-0.253597,0.008448,0.971519
13.500000,1,0,0,2.400000,9.810000,0.900000,30.000000,60.000000,6.000000,0.000000,0.000000,1.500000,0.090226,-0.005004,1.484599,0.000000,0.000000,0.000000,0.070710,0.049346,-0.012977,0.997731,0.004133,-0.067168,0.002251,-0.026979,0.011773,0.002189,-0.130703,-0.256385,0.141070,24.072038,24.072038,24.048966,0.510724,2.912256,-0.409520,0.028555,0.970340
13.550000,1,0,0,2.400000,9.810000,0.900000,30.000000,60.000000,6.000000,0.000000,0.000000,1.500000,0.093587,-0.002883,1.484068,0.000000,0.000000,0.000000,0.063405,0.035338,-0.008320,0.997755,0.003384,-0.066845,0.002256,-0.032669,0.014006,0.002128,-0.211684,-0.284468,0.146578,24.048966,24.048966,24.024060,0.510195,2.699482,-0.513083,0.062287,0.969279
13.600000,1,0,0,2.400000,9.810000,0.900000,30.000000,60.000000,6.000000,0.000000,0.000000,1.500000,0.096539,-0.001479,1.483763,0.000000,0.000000,0.000000,0.054445,0.020801,-0.003903,0.997782,0.002499,-0.066486,0.002251,-0.037761,0.014673,0.002085,-0.215686,-0.279754,0.113659,24.024060,24.024060,23.997757,0.509636,2.669530,-0.544390,0.005415,0.968382
13.650000,1,0,0,2.400000,9.810000,0.900000,30.000000,60.000000,6.000000,0.000000,0.000000,1.500000,0.099011,-0.000793,1.483670,0.000000,0.000000,0.000000,0.044285,0.006822,0.000094,0.997807,0.001499,-0.066131,0.002237,-0.041942,0.013704,0.002050,-0.226143,-0.244289,0.115521,23.997757,23.997757,23.970515,0.509058,2.624133,-0.507408,0.033502,0.967684
13.700000,1,0,0,2.400000,9.810000,0.900000,30.000000,60.000000,6.000000,0.000000,0.000000,1.500000,0.100956,-0.000771,1.483763,0.000000,0.000000,0.000000,0.033436,-0.005567,0.003514,0.997829,0.000408,-0.065821,0.002216,-0.044949,0.011121,0.002012,-0.170009,-0.222175,0.126733,23.970515,23.970515,23.942795,0.508469,2.740595,-0.506688,0.085349,0.967213
13.750000,1,0,0,2.400000,9.810000,0.900000,30.000000,60.000000,6.000000,0.000000,0.000000,1.500000,0.102352,-0.001309,1.484010,0.000000,0.000000,0.000000,0.022442,-0.015476,0.006224,0.997844,-0.000740,-0.065594,0.002190,-0.046582,0.007038,0.001960,-0.157724,-0.151992,0.109778,23.942795,23.942795,23.915033,0.507880,2.755764,-0.393258,0.070727,0.966988
13.800000,1,0,0,2.400000,9.810000,0.900000,30.000000,60.000000,6.000000,0.000000,0.000000,1.500000,0.103207,-0.002265,1.484372,0.000000,0.000000,0.000000,0.011847,-0.022223,0.008127,0.997849,-0.001910,-0.065485,0.002161,-0.046719,0.001655,0.001882,-0.122303,-0.075259,0.091385,23.915033,23.915033,23.887624,0.507297,2.832105,-0.265025,0.053577,0.967014
13.850000,1,0,0,2.400000,9.810000,0.900000,30.000000,60.000000,6.000000,0.000000,0.000000,1.500000,0.103553,-0.003471,1.484808,0.000000,0.000000,0.000000,0.002172,-0.025393,0.009160,0.997844,-0.003064,-0.065525,0.002132,-0.045325,-0.004755,0.001771,-0.135453,0.007118,0.117611,23.887624,23.887624,23.860906,0.506730,2.798929,-0.122333,0.144212,0.967291
13.900000,1,0,0,2.400000,9.810000,0.900000,30.000000,60.000000,6.000000,0.000000,0.000000,1.500000,0.103447,-0.004743,1.485273,0.000000,0.000000,0.000000,-0.006117,-0.024870,0.009303,0.997826,-0.004165,-0.065733,0.002103,-0.042449,-0.011856,0.001624,-0.108155,0.092291,0.052330,23.860906,23.860906,23.835151,0.506183,2.870920,0.029787,0.015710,0.967804
13.950000,1,0,0,2.400000,9.810000,0.900000,30.000000,60.000000,6.000000,0.000000,0.000000,1.500000,0.102970,-0.005900,1.485724,0.000000,0.000000,0.000000,-0.012632,-0.020845,0.008572,0.997796,-0.005175,-0.066123,0.002076,-0.038229,-0.019276,0.001444,-0.045336,0.157715,0.016146,23.835151,23.835151,23.810560,0.505661,3.036857,0.138903,-0.042697,0.968529
14.000000,1,0,0,2.400000,9.810000,0.900000,30.000000,60.000000,6.000000,0.000000,0.000000,1.500000,0.102219,-0.006777,1.486117,0.000000,0.000000,0.000000,-0.017080,-0.013801,0.007026,0.997753,-0.006065,-0.066698,0.002054,-0.032878,-0.026619,0.001239,-0.025894,0.240684,0.040166,23.810560,23.810560,23.787263,0.505166,3.107520,0.295986,0.043435,0.969434
14.050000,1,0,0,2.400000,9.810000,0.900000,30.000000,60.000000,6.000000,0.000000,0.000000,1.500000,0.101300,-0.007241,1.486414,0.000000,0.000000,0.000000,-0.019283,-0.004472,0.004762,0.997697,-0.006810,-0.067450,0.002037,-0.026671,-0.033491,0.001024,0.023833,0.245962,0.004792,23.787263,23.787263,23.765320,0.504700,3.259367,0.273625,-0.013117,0.970477
14.100000,1,0,0,2.400000,9.810000,0.900000,30.000000,60.000000,6.000000,0.000000,0.000000,1.500000,0.100329,-0.007201,1.486583,0.000000,0.000000,0.000000,-0.019185,0.006216,0.001906,0.997631,-0.007391,-0.068364,0.002027,-0.019931,-0.039524,0.000812,0.070372,0.284186,0.049186,23.765320,23.765320,23.744727,0.504263,3.411271,0.338153,0.121460,0.971613
14.150000,1,0,0,2.400000,9.810000,0.900000,30.000000,60.000000,6.000000,0.000000,0.000000,1.500000,0.099419,-0.006615,1.486598,0.000000,0.000000,0.000000,-0.016853,0.017224,-0.001385,0.997555,-0.007801,-0.069413,0.002024,-0.013004,-0.044390,0.000620,0.108901,0.274441,-0.007673,23.744727,23.744727,23.725419,0.503853,3.550460,0.295768,0.012563,0.972788
14.200000,1,0,0,2.400000,9.810000,0.900000,30.000000,60.000000,6.000000,0.000000,0.000000,1.500000,0.098678,-0.005492,1.486440,0.000000,0.000000,0.000000,-0.012475,0.027482,-0.004937,0.997473,-0.008039,-0.070567,0.002030,-0.006244,-0.047824,0.000459,0.131408,0.239711,-0.033642,23.725419,23.725419,23.707277,0.503467,3.656145,0.201611,-0.022802,0.973949
14.250000,1,0,0,2.400000,9.810000,0.900000,30.000000,60.000000,6.000000,0.000000,0.000000,1.500000,0.098200,-0.003896,1.486103,0.000000,0.000000,0.000000,-0.006352,0.035976,-0.008563,0.997385,-0.008113,-0.071786,0.002044,0.000016,-0.049638,0.000337,0.156415,0.175392,-0.037185,23.707277,23.707277,23.690138,0.503104,3.770961,0.044207,-0.005066,0.975040
14.300000,1,0,0,2.400000,9.810000,0.900000,30.000000,60.000000,6.000000,0.000000,0.000000,1.500000,0.098065,-0.001938,1.485586,0.000000,0.000000,0.000000,0.001123,0.041836,-0.012070,0.997295,-0.008041,-0.073028,0.002067,0.005482,-0.049729,0.000257,0.159597,0.091079,-0.083651,23.690138,23.690138,23.673799,0.502757,3.834537,-0.154213,-0.091156,0.976007
14.350000,1,0,0,2.400000,9.810000,0.900000,30.000000,60.000000,6.000000,0.000000,0.000000,1.500000,0.098327,0.000233,1.484901,0.000000,0.000000,0.000000,0.009480,0.044403,-0.015271,0.997207,-0.007845,-0.074250,0.002097,0.009914,-0.048088,0.000217,0.177165,0.020627,-0.076529,23.673799,23.673799,23.658029,0.502422,3.931722,-0.313511,-0.049524,0.976798
14.400000,1,0,0,2.400000,9.810000,0.900000,30.000000,60.000000,6.000000,0.000000,0.000000,1.500000,0.099019,0.002441,1.484067,0.000000,0.000000,0.000000,0.018203,0.043284,-0.017993,0.997122,-0.007552,-0.075411,0.002133,0.013147,-0.044796,0.000210,0.197792,-0.054054,-0.058878,23.658029,23.658029,23.642588,0.502094,4.033325,-0.478445,0.016437,0.977369
14.450000,1,0,0,2.400000,9.810000,0.900000,30.000000,60.000000,6.000000,0.000000,0.000000,1.500000,0.100145,0.004498,1.483112,0.000000,0.000000,0.000000,0.026751,0.038387,-0.020081,0.997044,-0.007196,-0.076470,0.002173,0.015096,-0.040026,0.000226,0.155072,-0.131692,-0.082887,23.642588,23.642588,23.627237,0.501768,3.978110,-0.647457,-0.018561,0.977680
14.500000,1,0,0,2.400000,9.810000,0.900000,30.000000,60.000000,6.000000,0.000000,0.000000,1.500000,0.101682,0.006220,1.482071,0.000000,0.000000,0.000000,0.034592,0.029928,-0.021411,0.996975,-0.006807,-0.077394,0.002215,0.015760,-0.034027,0.000253,0.094905,-0.209807,-0.085620,23.627237,23.627237,23.611760,0.501439,3.874637,-0.816132,-0.003488,0.977701
14.550000,1,0,0,2.400000,9.810000,0.900000,30.000000,60.000000,6.000000,0.000000,0.000000,1.500000,0.103584,0.007440,1.480985,0.000000,0.000000,0.000000,0.041228,0.018413,-0.021890,0.996918,-0.006417,-0.078157,0.002257,0.015226,-0.027113,0.000284,0.083558,-0.274766,-0.051804,23.611760,23.611760,23.595984,0.501104,3.880676,-0.953231,0.098317,0.977411
14.600000,1,0,0,2.400000,9.810000,0.900000,30.000000,60.000000,6.000000,0.000000,0.000000,1.500000,0.105778,0.008023,1.479898,0.000000,0.000000,0.000000,0.046221,0.004599,-0.021461,0.996874,-0.006055,-0.078739,0.002297,0.013658,-0.019649,0.000309,0.082853,-0.297309,-0.062363,23.595984,23.595984,23.579795,0.500760,3.903744,-0.989856,0.092658,0.976799
14.650000,1,0,0,2.400000,9.810000,0.900000,30.000000,60.000000,6.000000,0.000000,0.000000,1.500000,0.108173,0.007877,1.478855,0.000000,0.000000,0.000000,0.049220,-0.010564,-0.020110,0.996845,-0.005742,-0.079133,0.002332,0.011287,-0.012024,0.000324,-0.013245,-0.307254,-0.039091,23.579795,23.579795,23.563159,0.500407,3.688948,-0.998662,0.167256,0.975865
14.700000,1,0,0,2.400000,9.810000,0.900000,30.000000,60.000000,6.000000,0.000000,0.000000,1.500000,0.110662,0.006961,1.477902,0.000000,0.000000,0.000000,0.049973,-0.026015,-0.017862,0.996830,-0.005497,-0.079339,0.002361,0.008396,-0.004635,0.000325,-0.042772,-0.274352,0.005315,23.563159,23.563159,23.546123,0.500045,3.625061,-0.907826,0.291667,0.974621
14.750000,1,0,0,2.400000,9.810000,0.900000,30.000000,60.000000,6.000000,0.000000,0.000000,1.500000,0.113130,0.005289,1.477082,0.000000,0.000000,0.000000,0.048350,-0.040662,-0.014781,0.996828,-0.005326,-0.079368,0.002382,0.005299,0.002136,0.000313,-0.065888,-0.233034,0.053073,23.546123,23.546123,23.528826,0.499678,3.568232,-0.800410,0.423237,0.973086
14.800000,1,0,0,2.400000,9.810000,0.900000,30.000000,60.000000,6.000000,0.000000,0.000000,1.500000,0.115457,0.002926,1.476436,0.000000,0.000000,0.000000,0.044340,-0.053474,-0.010970,0.996839,-0.005233,-0.079240,0.002397,0.002321,0.007946,0.000287,-0.096586,-0.175174,0.045048,23.528826,23.528826,23.511489,0.499310,3.485836,-0.656948,0.420052,0.971293
14.850000,1,0,0,2.400000,9.810000,0.900000,30.000000,60.000000,6.000000,0.000000,0.000000,1.500000,0.117526,-0.000013,1.475995,0.000000,0.000000,0.000000,0.038058,-0.063559,-0.006563,0.996860,-0.005209,-0.078982,0.002404,-0.000223,0.012504,0.000246,-0.139487,-0.099049,0.054500,23.511489,23.511489,23.494409,0.498947,3.368130,-0.472966,0.457923,0.969279
14.900000,1,0,0,2.400000,9.810000,0.900000,30.000000,60.000000,6.000000,0.000000,0.000000,1.500000,0.119229,-0.003373,1.475787,0.000000,0.000000,0.000000,0.029739,-0.070242,-0.001719,0.996887,-0.005240,-0.078629,0.002405,-0.002051,0.015594,0.000191,-0.152316,-0.062669,0.063858,23.494409,23.494409,23.477935,0.498597,3.318207,-0.386997,0.494649,0.967092
14.950000,1,0,0,2.400000,9.810000,0.900000,30.000000,60.000000,6.000000,0.000000,0.000000,1.500000,0.120472,-0.006973,1.475828,0.000000,0.000000,0.000000,0.019724,-0.073113,0.003380,0.996919,-0.005306,-0.078218,0.002402,-0.002933,0.017080,0.000120,-0.227236,0.020293,0.080557,23.477935,23.477935,23.462453,0.498268,3.116728,-0.190858,0.548004,0.964784
15.000000,1,0,0,2.400000,9.810000,0.900000,30.000000,60.000000,6.000000,0.000000,0.000000,1.500000,0.121180,-0.010619,1.476126,0.000000,0.000000,0.000000,0.008442,-0.072064,0.008543,0.996952,-0.005380,-0.077791,0.002396,-0.002703,0.016921,0.000031,-0.264171,0.119159,0.106093,23.462453,23.462453,23.448361,0.497969,3.005822,0.043047,0.621495,0.962411
15.050000,1,0,0,2.400000,9.810000,0.900000,30.000000,60.000000,6.000000,0.000000,0.000000,1.500000,0.121303,-0.014118,1.476680,0.000000,0.000000,0.000000,-0.003609,-0.067295,0.013573,0.996983,-0.005433,-0.077388,0.002389,-0.001276,0.015165,-0.000077,-0.215976,0.166213,0.088930,23.448361,23.448361,23.436048,0.497707,3.100582,0.153566,0.591319,0.960029
15.100000,1,0,0,2.400000,9.810000,0.900000,30.000000,60.000000,6.000000,0.000000,0.000000,1.500000,0.120816,-0.017294,1.477478,0.000000,0.000000,0.000000,-0.015891,-0.059299,0.018281,0.997010,-0.005435,-0.077048,0.002384,0.001350,0.011951,-0.000203,-0.208156,0.156588,0.071051,23.436048,23.436048,23.425876,0.497491,3.101621,0.130433,0.558109,0.957696
15.150000,1,0,0,2.400000,9.810000,0.900000,30.000000,60.000000,6.000000,0.000000,0.000000,1.500000,0.119720,-0.020006,1.478499,0.000000,0.000000,0.000000,-0.027852,-0.048818,0.022491,0.997029,-0.005357,-0.076803,0.002382,0.005090,0.007502,-0.000344,-0.221732,0.186211,0.091912,23.425876,23.425876,23.418167,0.497328,3.056098,0.205240,0.616421,0.955466
15.200000,1,0,0,2.400000,9.810000,0.900000,30.000000,60.000000,6.000000,0.000000,0.000000,1.500000,0.118045,-0.022150,1.479716,0.000000,0.000000,0.000000,-0.038955,-0.036787,0.026046,0.997039,-0.005173,-0.076681,0.002385,0.009781,0.002110,-0.000494,-0.187591,0.201307,0.063454,23.418167,23.418167,23.413188,0.497222,3.131186,0.250143,0.554773,0.953390
15.250000,1,0,0,2.400000,9.810000,0.900000,30.000000,60.000000,6.000000,0.000000,0.000000,1.500000,0.115847,-0.023676,1.481091,0.000000,0.000000,0.000000,-0.048706,-0.024253,0.028819,0.997039,-0.004862,-0.076702,0.002394,0.015188,-0.003881,-0.000645,-0.149228,0.203167,0.036600,23.413188,23.413188,23.411147,0.497179,3.223422,0.269220,0.495244,0.951512
15.300000,1,0,0,2.400000,9.810000,0.900000,30.000000,60.000000,6.000000,0.000000,0.000000,1.500000,0.113204,-0.024585,1.482583,0.000000,0.000000,0.000000,-0.056680,-0.012294,0.030717,0.997028,-0.004409,-0.076875,0.002412,0.021020,-0.010091,-0.000787,-0.063557,0.202823,0.068112,23.411147,23.411147,23.412185,0.497201,3.436713,0.289621,0.573938,0.949867
15.350000,1,0,0,2.400000,9.810000,0.900000,30.000000,60.000000,6.000000,0.000000,0.000000,1.500000,0.110214,-0.024932,1.484147,0.000000,0.000000,0.000000,-0.062542,-0.001927,0.031683,0.997005,-0.003809,-0.077201,0.002438,0.026949,-0.016126,-0.000911,-0.050147,0.132192,0.083902,23.412185,23.412185,23.416375,0.497290,3.484137,0.148266,0.612930,0.948484
15.400000,1,0,0,2.400000,9.810000,0.900000,30.000000,60.000000,6.000000,0.000000,0.000000,1.500000,0.106989,-0.024819,1.485736,0.000000,0.000000,0.000000,-0.066067,0.005969,0.031701,0.996971,-0.003062,-0.077671,0.002474,0.032630,-0.021603,-0.001009,0.032476,0.054192,0.069810,23.416375,23.416375,23.423714,0.497446,3.704817,-0.003927,0.578139,0.947379
15.450000,1,0,0,2.400000,9.810000,0.900000,30.000000,60.000000,6.000000,0.000000,0.000000,1.500000,0.103648,-0.024388,1.487302,0.000000,0.000000,0.000000,-0.067145,0.010733,0.030796,0.996927,-0.002181,-0.078266,0.002518,0.037725,-0.026165,-0.001079,0.039602,0.005264,0.075918,23.423714,23.423714,23.434121,0.497667,3.750605,-0.079975,0.589680,0.946560
15.500000,1,0,0,2.400000,9.810000,0.900000,30.000000,60.000000,6.000000,0.000000,0.000000,1.500000,0.100315,-0.023805,1.488801,0.000000,0.000000,0.000000,-0.065796,0.011966,0.029031,0.996874,-0.001182,-0.078960,0.002570,0.041919,-0.029510,-0.001121,0.117584,-0.061053,0.024628,23.434121,23.434121,23.447436,0.497949,3.971505,-0.192240,0.461262,0.946023
15.550000,1,0,0,2.400000,9.810000,0.900000,30.000000,60.000000,6.000000,0.000000,0.000000,1.500000,0.097107,-0.023252,1.490192,0.000000,0.000000,0.000000,-0.062160,0.009572,0.026509,0.996814,-0.000093,-0.079720,0.002629,0.044948,-0.031397,-0.001142,0.126223,-0.135423,-0.008786,23.447436,23.447436,23.463418,0.498289,4.029477,-0.319521,0.373505,0.945753
15.600000,1,0,0,2.400000,9.810000,0.900000,30.000000,60.000000,6.000000,0.000000,0.000000,1.500000,0.094133,-0.022905,1.491441,0.000000,0.000000,0.000000,-0.056494,0.003761,0.023361,0.996750,0.001055,-0.080506,0.002692,0.046609,-0.031669,-0.001152,0.146111,-0.197916,-0.020711,23.463418,23.463418,23.481749,0.498678,4.116138,-0.415460,0.335071,0.945726
15.650000,1,0,0,2.400000,9.810000,0.900000,30.000000,60.000000,6.000000,0.000000,0.000000,1.500000,0.091485,-0.022924,1.492520,0.000000,0.000000,0.000000,-0.049158,-0.004969,0.019746,0.996685,0.002227,-0.081278,0.002756,0.046778,-0.030257,-0.001166,0.166360,-0.262105,-0.047151,23.481749,23.481749,23.502044,0.499109,4.203405,-0.514308,0.259566,0.945910
15.700000,1,0,0,2.400000,9.810000,0.900000,30.000000,60.000000,6.000000,0.000000,0.000000,1.500000,0.089237,-0.023438,1.493411,0.000000,0.000000,0.000000,-0.040594,-0.015867,0.015844,0.996623,0.003383,-0.081993,0.002819,0.045414,-0.027184,-0.001196,0.142090,-0.275280,-0.080444,23.502044,23.502044,23.523863,0.499572,4.181575,-0.491342,0.165432,0.946262
15.750000,1,0,0,2.400000,9.810000,0.900000,30.000000,60.000000,6.000000,0.000000,0.000000,1.500000,0.087438,-0.024532,1.494103,0.000000,0.000000,0.000000,-0.031307,-0.027996,0.011843,0.996567,0.004486,-0.082613,0.002877,0.042568,-0.022566,-0.001256,0.163845,-0.283231,-0.102999,23.523863,23.523863,23.546737,0.500058,4.266027,-0.458240,0.094983,0.946736
15.800000,1,0,0,2.400000,9.810000,0.900000,30.000000,60.000000,6.000000,0.000000,0.000000,1.500000,0.086110,-0.026241,1.494597,0.000000,0.000000,0.000000,-0.021832,-0.040308,0.007936,0.996522,0.005501,-0.083100,0.002926,0.038371,-0.016603,-0.001352,0.156430,-0.275237,-0.118856,23.546737,23.546737,23.570191,0.500556,4.274539,-0.390957,0.038645,0.947281
15.850000,1,0,0,2.400000,9.810000,0.900000,30.000000,60.000000,6.000000,0.000000,0.000000,1.500000,0.085249,-0.028548,1.494901,0.000000,0.000000,0.000000,-0.012710,-0.051725,0.004310,0.996489,0.006396,-0.083425,0.002963,0.033034,-0.009572,-0.001488,0.193015,-0.234017,-0.114859,23.570191,23.570191,23.593774,0.501057,4.381234,-0.249513,0.028163,0.947842
15.900000,1,0,0,2.400000,9.810000,0.900000,30.000000,60.000000,6.000000,0.000000,0.000000,1.500000,0.084824,-0.031381,1.495035,0.000000,0.000000,0.000000,-0.004460,-0.061234,0.001137,0.996472,0.007147,-0.083566,0.002986,0.026831,-0.001807,-0.001658,0.196812,-0.165368,-0.102543,23.593774,23.593774,23.617088,0.501552,4.400689,-0.049033,0.036054,0.948365
15.950000,1,0,0,2.400000,9.810000,0.900000,30.000000,60.000000,6.000000,0.000000,0.000000,1.500000,0.084780,-0.034624,1.495025,0.000000,0.000000,0.000000,0.002451,-0.067964,-0.001431,0.996473,0.007736,-0.083508,0.002992,0.020083,0.006316,-0.001854,0.160056,-0.091782,-0.015168,23.617088,23.617088,23.639815,0.502035,4.313549,0.155637,0.222725,0.948798
16.000000,1,0,0,2.400000,9.810000,0.900000,30.000000,60.000000,6.000000,0.000000,0.000000,1.500000,0.085040,-0.038120,1.494905,0.000000,0.000000,0.000000,0.007629,-0.071258,-0.003272,0.996491,0.008153,-0.083248,0.002980,0.013138,0.014401,-0.002063,0.096033,-0.042375,0.021517,23.639815,23.639815,23.661734,0.502500,4.151434,0.294152,0.286623,0.949091
16.050000,1,0,0,2.400000,9.810000,0.900000,30.000000,60.000000,6.000000,0.000000,0.000000,1.500000,0.085510,-0.041686,1.494712,0.000000,0.000000,0.000000,0.010779,-0.070731,-0.004297,0.996527,0.008398,-0.082791,0.002950,0.006346,0.022052,-0.002269,0.058320,0.034174,0.065196,23.661734,23.661734,23.682730,0.502946,4.043148,0.489629,0.366447,0.949200
16.100000,1,0,0,2.400000,9.810000,0.900000,30.000000,60.000000,6.000000,0.000000,0.000000,1.500000,0.086081,-0.045128,1.494489,0.000000,0.000000,0.000000,0.011715,-0.066297,-0.004454,0.996579,0.008480,-0.082154,0.002903,0.000044,0.028896,-0.002458,0.008440,0.126072,0.107733,23.682730,23.682730,23.702797,0.503372,3.897024,0.714132,0.442915,0.949090
16.150000,1,0,0,2.400000,9.810000,0.900000,30.000000,60.000000,6.000000,0.000000,0.000000,1.500000,0.086643,-0.048255,1.494281,0.000000,0.000000,0.000000,0.010373,-0.058178,-0.003733,0.996645,0.008413,-0.081360,0.002840,-0.005474,0.034605,-0.002619,0.040112,0.191424,0.091592,23.702797,23.702797,23.722026,0.503781,3.939094,0.867854,0.378173,0.948733
16.200000,1,0,0,2.400000,9.810000,0.900000,30.000000,60.000000,6.000000,0.000000,0.000000,1.500000,0.087082,-0.050893,1.494130,0.000000,0.000000,0.000000,0.006814,-0.046888,-0.002163,0.996722,0.008221,-0.080440,0.002765,-0.009965,0.038912,-0.002744,-0.051708,0.226760,0.074947,23.722026,23.722026,23.740587,0.504175,3.678733,0.943541,0.312048,0.948109
16.250000,1,0,0,2.400000,9.810000,0.900000,30.000000,60.000000,6.000000,0.000000,0.000000,1.500000,0.087290,-0.052903,1.494078,0.000000,0.000000,0.000000,0.001220,-0.033191,0.000188,0.996805,0.007932,-0.079434,0.002681,-0.013262,0.041624,-0.002831,-0.120515,0.279750,0.091440,23.740587,23.740587,23.758706,0.504560,3.469314,1.056923,0.325449,0.947212
16.300000,1,0,0,2.400000,9.810000,0.900000,30.000000,60.000000,6.000000,0.000000,0.000000,1.500000,0.087175,-0.054188,1.494160,0.000000,0.000000,0.000000,-0.006116,-0.018038,0.003216,0.996891,0.007576,-0.078381,0.002589,-0.015275,0.042637,-0.002882,-0.115830,0.320227,0.099071,23.758706,23.758706,23.776639,0.504941,3.433945,1.137082,0.317717,0.946043
16.350000,1,0,0,2.400000,9.810000,0.900000,30.000000,60.000000,6.000000,0.000000,0.000000,1.500000,0.086656,-0.054701,1.494408,0.000000,0.000000,0.000000,-0.014803,-0.002495,0.006783,0.996977,0.007187,-0.077324,0.002494,-0.016003,0.041938,-0.002903,-0.097765,0.308716,0.136492,23.776639,23.776639,23.794647,0.505323,3.430390,1.090823,0.381718,0.944616
16.400000,1,0,0,2.400000,9.810000,0.900000,30.000000,60.000000,6.000000,0.000000,0.000000,1.500000,0.085680,-0.054449,1.494845,0.000000,0.000000,0.000000,-0.024373,0.012348,0.010728,0.997059,0.006795,-0.076305,0.002399,-0.015529,0.039606,-0.002901,-0.121358,0.275641,0.127099,23.794647,23.794647,23.812975,0.505712,3.328567,0.992655,0.333672,0.942955
16.450000,1,0,0,2.400000,9.810000,0.900000,30.000000,60.000000,6.000000,0.000000,0.000000,1.500000,0.084213,-0.053495,1.495484,0.000000,0.000000,0.000000,-0.034310,0.025460,0.014871,0.997133,0.006428,-0.075362,0.002304,-0.014013,0.035810,-0.002884,-0.149822,0.210532,0.131919,23.812975,23.812975,23.831833,0.506113,3.218630,0.818804,0.320089,0.941092
16.500000,1,0,0,2.400000,9.810000,0.900000,30.000000,60.000000,6.000000,0.000000,0.000000,1.500000,0.082251,-0.051947,1.496332,0.000000,0.000000,0.000000,-0.044070,0.035955,0.019021,0.997198,0.006110,-0.074530,0.002214,-0.011685,0.030797,-0.002859,-0.153704,0.165595,0.101868,23.831833,23.831833,23.851383,0.506528,3.172887,0.695683,0.223188,0.939068
16.550000,1,0,0,2.400000,9.810000,0.900000,30.000000,60.000000,6.000000,0.000000,0.000000,1.500000,0.079818,-0.049954,1.497383,0.000000,0.000000,0.000000,-0.053115,0.043163,0.022985,0.997251,0.005857,-0.073835,0.002128,-0.008826,0.024878,-0.002831,-0.126626,0.125765,0.100789,23.851383,23.851383,23.871732,0.506960,3.207939,0.587955,0.196200,0.936931
16.600000,1,0,0,2.400000,9.810000,0.900000,30.000000,60.000000,6.000000,0.000000,0.000000,1.500000,0.076960,-0.047692,1.498624,0.000000,0.000000,0.000000,-0.060939,0.046681,0.026579,0.997292,0.005679,-0.073294,0.002048,-0.005750,0.018414,-0.002804,-0.103394,-0.001423,0.103875,23.871732,23.871732,23.892927,0.507410,3.241144,0.274158,0.179588,0.934733
16.650000,1,0,0,2.400000,9.810000,0.900000,30.000000,60.000000,6.000000,0.000000,0.000000,1.500000,0.073752,-0.045349,1.500032,0.000000,0.000000,0.000000,-0.067093,0.046408,0.029629,0.997320,0.005578,-0.072918,0.001972,-0.002782,0.011792,-0.002779,-0.065468,-0.081655,0.101466,23.892927,23.892927,23.914952,0.507878,3.317444,0.076721,0.150153,0.932532
16.700000,1,0,0,2.400000,9.810000,0.900000,30.000000,60.000000,6.000000,0.000000,0.000000,1.500000,0.070285,-0.043111,1.501576,0.000000,0.000000,0.000000,-0.071215,0.042548,0.031987,0.997336,0.005546,-0.072704,0.001902,-0.000237,0.005407,-0.002758,-0.013087,-0.133925,0.101297,23.914952,23.914952,23.937727,0.508362,3.436237,-0.050255,0.126452,0.930384
16.750000,1,0,0,2.400000,9.810000,0.900000,30.000000,60.000000,6.000000,0.000000,0.000000,1.500000,0.066669,-0.041146,1.503217,0.000000,0.000000,0.000000,-0.073040,0.035598,0.033534,0.997341,0.005569,-0.072642,0.001835,0.001601,-0.000363,-0.002742,0.028061,-0.153823,0.073636,23.937727,23.937727,23.961109,0.508858,3.535383,-0.096862,0.037117,0.928345
16.800000,1,0,0,2.400000,9.810000,0.900000,30.000000,60.000000,6.000000,0.000000,0.000000,1.500000,0.063022,-0.039591,1.504914,0.000000,0.000000,0.000000,-0.072422,0.026304,0.034183,0.997335,0.005628,-0.072713,0.001770,0.002499,-0.005177,-0.002733,0.105968,-0.182415,0.037793,23.961109,23.961109,23.984895,0.509363,3.729129,-0.162648,-0.071515,0.926469
16.850000,1,0,0,2.400000,9.810000,0.900000,30.000000,60.000000,6.000000,0.000000,0.000000,1.500000,0.059468,-0.038539,1.506620,0.000000,0.000000,0.000000,-0.069336,0.015598,0.033887,0.997322,0.005695,-0.072889,0.001706,0.002291,-0.008748,-0.002734,0.163583,-0.211612,0.003405,23.984895,23.984895,24.008822,0.509871,3.879238,-0.229436,-0.176312,0.924803
16.900000,1,0,0,2.400000,9.810000,0.900000,30.000000,60.000000,6.000000,0.000000,0.000000,1.500000,0.056128,-0.038037,1.508287,0.000000,0.000000,0.000000,-0.063884,0.004524,0.032639,0.997304,0.005743,-0.073136,0.001639,0.000888,-0.010861,-0.002749,0.193339,-0.264973,-0.015757,24.008822,24.008822,24.032576,0.510376,3.965920,-0.355165,-0.244214,0.923391
16.950000,1,0,0,2.400000,9.810000,0.900000,30.000000,60.000000,6.000000,0.000000,0.000000,1.500000,0.053115,-0.038075,1.509868,0.000000,0.000000,0.000000,-0.056288,-0.005848,0.030472,0.997284,0.005740,-0.073416,0.001568,-0.001715,-0.011384,-0.002780,0.267827,-0.178829,-0.029817,24.032576,24.032576,24.055802,0.510869,4.161538,-0.148490,-0.299484,0.922266
17.000000,1,0,0,2.400000,9.810000,0.900000,30.000000,60.000000,6.000000,0.000000,0.000000,1.500000,0.050529,-0.038593,1.511320,0.000000,0.000000,0.000000,-0.046875,-0.014510,0.027459,0.997264,0.005659,-0.073690,0.001490,-0.005437,-0.010277,-0.002829,0.270269,-0.150177,-0.078384,24.055802,24.055802,24.078117,0.511343,4.183862,-0.083620,-0.437130,0.921452
17.050000,1,0,0,2.400000,9.810000,0.900000,30.000000,60.000000,6.000000,0.000000,0.000000,1.500000,0.048451,-0.039483,1.512602,0.000000,0.000000,0.000000,-0.036068,-0.020600,0.023709,0.997249,0.005473,-0.073915,0.001403,-0.010116,-0.007591,-0.002895,0.265682,-0.116247,-0.058479,24.078117,24.078117,24.099131,0.511789,4.186958,-0.011185,-0.409923,0.920963
17.100000,1,0,0,2.400000,9.810000,0.900000,30.000000,60.000000,6.000000,0.000000,0.000000,1.500000,0.046937,-0.040599,1.513681,0.000000,0.000000,0.000000,-0.024358,-0.023471,0.019361,0.997240,0.005160,-0.074056,0.001306,-0.015520,-0.003469,-0.002972,0.260791,-0.030289,-0.050609,24.099131,24.099131,24.118464,0.512200,4.185093,0.179975,-0.410975,0.920804
17.150000,1,0,0,2.400000,9.810000,0.900000,30.000000,60.000000,6.000000,0.000000,0.000000,1.500000,0.046021,-0.041770,1.514531,0.000000,0.000000,0.000000,-0.012278,-0.022743,0.014582,0.997241,0.004706,-0.074078,0.001196,-0.021360,0.001865,-0.003053,0.248653,0.057722,-0.035844,24.118464,24.118464,24.135774,0.512567,4.159954,0.369198,-0.394716,0.920967
17.200000,1,0,0,2.400000,9.810000,0.900000,30.000000,60.000000,6.000000,0.000000,0.000000,1.500000,0.045707,-0.042812,1.515135,0.000000,0.000000,0.000000,-0.000380,-0.018338,0.009554,0.997252,0.004105,-0.073956,0.001075,-0.027309,0.008117,-0.003128,0.308358,0.116379,-0.082765,24.135774,24.135774,24.150769,0.512886,4.300005,0.480760,-0.525577,0.921436
17.250000,1,0,0,2.400000,9.810000,0.900000,30.000000,60.000000,6.000000,0.000000,0.000000,1.500000,0.045971,-0.043546,1.515485,0.000000,0.000000,0.000000,0.010796,-0.010485,0.004471,0.997277,0.003358,-0.073670,0.000941,-0.033022,0.014939,-0.003184,0.265138,0.171093,-0.102322,24.150769,24.150769,24.163233,0.513151,4.184851,0.575712,-0.589653,0.922181
17.300000,1,0,0,2.400000,9.810000,0.900000,30.000000,60.000000,6.000000,0.000000,0.000000,1.500000,0.046766,-0.043812,1.515584,0.000000,0.000000,0.000000,0.020752,0.000298,-0.000473,0.997313,0.002474,-0.073210,0.000797,-0.038159,0.021949,-0.003214,0.236594,0.192816,-0.101707,24.163233,24.163233,24.173027,0.513359,4.096228,0.584829,-0.604015,0.923168
17.350000,1,0,0,2.400000,9.810000,0.900000,30.000000,60.000000,6.000000,0.000000,0.000000,1.500000,0.048019,-0.043480,1.515444,0.000000,0.000000,0.000000,0.029055,0.013245,-0.005089,0.997361,0.001473,-0.072578,0.000645,-0.042405,0.028750,-0.003208,0.192167,0.234549,-0.077365,24.173027,24.173027,24.180096,0.513509,3.960764,0.636212,-0.559931,0.924352
17.400000,1,0,0,2.400000,9.810000,0.900000,30.000000,60.000000,6.000000,0.000000,0.000000,1.500000,0.049638,-0.042467,1.515084,0.000000,0.000000,0.000000,0.035360,0.027405,-0.009205,0.997420,0.000380,-0.071783,0.000487,-0.045494,0.034957,-0.003167,0.163166,0.241739,-0.029134,24.180096,24.180096,24.184465,0.513601,3.854063,0.600190,-0.456821,0.925684
17.450000,1,0,0,2.400000,9.810000,0.900000,30.000000,60.000000,6.000000,0.000000,0.000000,1.500000,0.051517,-0.040737,1.514534,0.000000,0.000000,0.000000,0.039429,0.041716,-0.012672,0.997487,-0.000774,-0.070844,0.000326,-0.047220,0.040212,-0.003092,0.124319,0.240260,-0.003229,24.184465,24.184465,24.186228,0.513639,3.716404,0.540405,-0.405431,0.927110
17.500000,1,0,0,2.400000,9.810000,0.900000,30.000000,60.000000,6.000000,0.000000,0.000000,1.500000,0.053542,-0.038311,1.513830,0.000000,0.000000,0.000000,0.041142,0.055094,-0.015368,0.997560,-0.001952,-0.069789,0.000165,-0.047455,0.044208,-0.002993,0.039481,0.223244,0.042155,24.186228,24.186228,24.185532,0.513624,3.462379,0.442128,-0.305276,0.928575
17.550000,1,0,0,2.400000,9.810000,0.900000,30.000000,60.000000,6.000000,0.000000,0.000000,1.500000,0.055592,-0.035261,1.513011,0.000000,0.000000,0.000000,0.040503,0.066516,-0.017208,0.997636,-0.003118,-0.068652,0.000007,-0.046158,0.046704,-0.002884,0.005412,0.150797,0.026371,24.185532,24.185532,24.182558,0.513561,3.325904,0.211475,-0.349795,0.930023
17.600000,1,0,0,2.400000,9.810000,0.900000,30.000000,60.000000,6.000000,0.000000,0.000000,1.500000,0.057555,-0.031707,1.512124,0.000000,0.000000,0.000000,0.037640,0.075111,-0.018144,0.997712,-0.004233,-0.067473,-0.000144,-0.043372,0.047541,-0.002780,-0.076101,0.109909,0.075279,24.182558,24.182558,24.177510,0.513454,3.073210,0.059072,-0.236835,0.931400
17.650000,1,0,0,2.400000,9.810000,0.900000,30.000000,60.000000,6.000000,0.000000,0.000000,1.500000,0.059323,-0.027808,1.511212,0.000000,0.000000,0.000000,0.032797,0.080220,-0.018168,0.997786,-0.005261,-0.066295,-0.000287,-0.039230,0.046647,-0.002697,-0.104337,0.052248,0.086007,24.177510,24.177510,24.170596,0.513307,2.948116,-0.129336,-0.213235,0.932657
17.700000,1,0,0,2.400000,9.810000,0.900000,30.000000,60.000000,6.000000,0.000000,0.000000,1.500000,0.060807,-0.023749,1.510322,0.000000,0.000000,0.000000,0.026324,0.081456,-0.017314,0.997856,-0.006170,-0.065160,-0.000420,-0.033937,0.044045,-0.002646,-0.173145,-0.030312,0.096896,24.170596,24.170596,24.162017,0.513125,2.727504,-0.371723,-0.186954,0.933750
17.750000,1,0,0,2.400000,9.810000,0.900000,30.000000,60.000000,6.000000,0.000000,0.000000,1.500000,0.061936,-0.019728,1.509494,0.000000,0.000000,0.000000,0.018653,0.078737,-0.015654,0.997919,-0.006937,-0.064111,-0.000543,-0.027768,0.039849,-0.002636,-0.188825,-0.067340,0.134412,24.162017,24.162017,24.151966,0.512911,2.638284,-0.497822,-0.094481,0.934642
17.800000,1,0,0,2.400000,9.810000,0.900000,30.000000,60.000000,6.000000,0.000000,0.000000,1.500000,0.062661,-0.015938,1.508768,0.000000,0.000000,0.000000,0.010281,0.072285,-0.013295,0.997973,-0.007542,-0.063184,-0.000655,-0.021041,0.034258,-0.002669,-0.239538,-0.138031,0.120821,24.151966,24.151966,24.140620,0.512670,2.470716,-0.696835,-0.122410,0.935306
17.850000,1,0,0,2.400000,9.810000,0.900000,30.000000,60.000000,6.000000,0.000000,0.000000,1.500000,0.062961,-0.012553,1.508174,0.000000,0.000000,0.000000,0.001740,0.062614,-0.010375,0.998018,-0.007975,-0.062411,-0.000756,-0.014102,0.027547,-0.002741,-0.203057,-0.216990,0.096118,24.140620,24.140620,24.128144,0.512405,2.519687,-0.907358,-0.174804,0.935723
17.900000,1,0,0,2.400000,9.810000,0.900000,30.000000,60.000000,6.000000,0.000000,0.000000,1.500000,0.062841,-0.009718,1.507737,0.000000,0.000000,0.000000,-0.006433,0.050487,-0.007059,0.998053,-0.008237,-0.061816,-0.000847,-0.007304,0.020050,-0.002841,-0.142045,-0.279166,0.076696,24.128144,24.128144,24.114684,0.512120,2.635980,-1.069241,-0.212400,0.935887
17.950000,1,0,0,2.400000,9.810000,0.900000,30.000000,60.000000,6.000000,0.000000,0.000000,1.500000,0.062332,-0.007530,1.507472,0.000000,0.000000,0.000000,-0.013718,0.036855,-0.003527,0.998077,-0.008334,-0.061415,-0.000929,-0.000983,0.012143,-0.002957,-0.049992,-0.279682,0.081708,24.114684,24.114684,24.100377,0.511816,2.835950,-1.075174,-0.189325,0.935800
18.000000,1,0,0,2.400000,9.810000,0.900000,30.000000,60.000000,6.000000,0.000000,0.000000,1.500000,0.061492,-0.006040,1.507385,0.000000,0.000000,0.000000,-0.019644,0.022775,0.000032,0.998090,-0.008283,-0.061212,-0.001003,0.004563,0.004221,-0.003075,-0.029754,-0.298297,0.085890,24.100377,24.100377,24.085338,0.511496,2.873008,-1.117355,-0.166332,0.935475
18.050000,1,0,0,2.400000,9.810000,0.900000,30.000000,60.000000,6.000000,0.000000,0.000000,1.500000,0.060397,-0.005242,1.507472,0.000000,0.000000,0.000000,-0.023816,0.009332,0.003427,0.998092,-0.008105,-0.061203,-0.001071,0.009091,-0.003321,-0.003181,-0.007072,-0.304065,0.063233,24.085338,24.085338,24.069664,0.511163,2.925152,-1.122614,-0.205978,0.934937
18.100000,1,0,0,2.400000,9.810000,0.900000,30.000000,60.000000,6.000000,0.000000,0.000000,1.500000,0.059145,-0.005079,1.507722,0.000000,0.000000,0.000000,-0.025930,-0.002454,0.006474,0.998084,-0.007830,-0.061373,-0.001133,0.012429,-0.010110,-0.003266,0.055154,-0.280494,0.051390,24.069664,24.069664,24.053427,0.510819,3.080735,-1.052725,-0.218054,0.934218
18.150000,1,0,0,2.400000,9.810000,0.900000,30.000000,60.000000,6.000000,0.000000,0.000000,1.500000,0.057842,-0.005445,1.508111,0.000000,0.000000,0.000000,-0.025793,-0.011710,0.009006,0.998066,-0.007486,-0.061700,-0.001192,0.014485,-0.015817,-0.003322,0.077356,-0.235472,0.010746,24.053427,24.053427,24.036663,0.510463,3.147679,-0.928125,-0.297802,0.933358
18.200000,1,0,0,2.400000,9.810000,0.900000,30.000000,60.000000,6.000000,0.000000,0.000000,1.500000,0.056604,-0.006196,1.508611,0.000000,0.000000,0.000000,-0.023335,-0.017777,0.010880,0.998041,-0.007108,-0.062153,-0.001249,0.015255,-0.020175,-0.003346,0.088495,-0.127886,0.005044,24.036663,24.036663,24.019376,0.510095,3.194015,-0.651702,-0.292421,0.932405
18.250000,1,0,0,2.400000,9.810000,0.900000,30.000000,60.000000,6.000000,0.000000,0.000000,1.500000,0.055546,-0.007163,1.509186,0.000000,0.000000,0.000000,-0.018607,-0.020268,0.011981,0.998009,-0.006726,-0.062696,-0.001305,0.014818,-0.022991,-0.003341,0.081576,-0.029409,0.034108,24.019376,24.019376,24.001533,0.509717,3.201205,-0.396984,-0.202512,0.931411
18.300000,1,0,0,2.400000,9.810000,0.900000,30.000000,60.000000,6.000000,0.000000,0.000000,1.500000,0.054778,-0.008162,1.509795,0.000000,0.000000,0.000000,-0.011785,-0.019096,0.012230,0.997974,-0.006369,-0.063289,-0.001362,0.013333,-0.024160,-0.003309,0.169177,0.060610,0.038980,24.001533,24.001533,23.983063,0.509324,3.437509,-0.163763,-0.169760,0.930429
18.350000,1,0,0,2.400000,9.810000,0.900000,30.000000,60.000000,6.000000,0.000000,0.000000,1.500000,0.054398,-0.009015,1.510394,0.000000,0.000000,0.000000,-0.003157,-0.014480,0.011585,0.997938,-0.006059,-0.063890,-0.001420,0.011027,-0.023669,-0.003256,0.158097,0.164262,0.012339,23.983063,23.983063,23.963872,0.508917,3.437243,0.099857,-0.211896,0.929515
18.400000,1,0,0,2.400000,9.810000,0.900000,30.000000,60.000000,6.000000,0.000000,0.000000,1.500000,0.054486,-0.009561,1.510939,0.000000,0.000000,0.000000,0.006890,-0.006928,0.010047,0.997902,-0.005814,-0.064458,-0.001482,0.008178,-0.021597,-0.003185,0.234006,0.194890,-0.003288,23.963872,23.963872,23.943845,0.508491,3.644064,0.185083,-0.227008,0.928723
18.450000,1,0,0,2.400000,9.810000,0.900000,30.000000,60.000000,6.000000,0.000000,0.000000,1.500000,0.055103,-0.009671,1.511385,0.000000,0.000000,0.000000,0.017891,0.002805,0.007655,0.997871,-0.005644,-0.064957,-0.001547,0.005101,-0.018111,-0.003102,0.273270,0.225725,-0.008121,23.943845,23.943845,23.922868,0.508046,3.759450,0.267226,-0.215753,0.928103
18.500000,1,0,0,2.400000,9.810000,0.900000,30.000000,60.000000,6.000000,0.000000,0.000000,1.500000,0.056283,-0.009260,1.511691,0.000000,0.000000,0.000000,0.029327,0.013780,0.004487,0.997845,-0.005550,-0.065354,-0.001615,0.002121,-0.013458,-0.003008,0.261286,0.217890,0.019037,23.922868,23.922868,23.900838,0.507578,3.746808,0.252909,-0.127352,0.927700
18.550000,1,0,0,2.400000,9.810000,0.900000,30.000000,60.000000,6.000000,0.000000,0.000000,1.500000,0.058034,-0.008290,1.511822,0.000000,0.000000,0.000000,0.040651,0.024948,0.000658,0.997828,-0.005526,-0.065622,-0.001686,-0.000447,-0.007950,-0.002906,0.243402,0.207422,-0.021440,23.900838,23.900838,23.877680,0.507086,3.713765,0.228945,-0.200986,0.927553
18.600000,1,0,0,2.400000,9.810000,0.900000,30.000000,60.000000,6.000000,0.000000,0.000000,1.500000,0.060337,-0.006779,1.511748,0.000000,0.000000,0.000000,0.051319,0.035241,-0.003688,0.997819,-0.005558,-0.065747,-0.001759,-0.002318,-0.001944,-0.002797,0.213045,0.178143,-0.048003,23.877680,23.877680,23.853362,0.506570,3.643756,0.157187,-0.240983,0.927691
18.650000,1,0,0,2.400000,9.810000,0.900000,30.000000,60.000000,6.000000,0.000000,0.000000,1.500000,0.063146,-0.004797,1.511448,0.000000,0.000000,0.000000,0.060815,0.043654,-0.008384,0.997821,-0.005625,-0.065719,-0.001832,-0.003255,0.004172,-0.002684,0.215059,0.138262,-0.057695,23.853362,23.853362,23.827900,0.506029,3.644058,0.058327,-0.240276,0.928136
18.700000,1,0,0,2.400000,9.810000,0.900000,30.000000,60.000000,6.000000,0.000000,0.000000,1.500000,0.066391,-0.002460,1.510907,0.000000,0.000000,0.000000,0.068680,0.049332,-0.013243,0.997832,-0.005702,-0.065541,-0.001904,-0.003090,0.010006,-0.002571,0.159044,0.090913,-0.063743,23.827900,23.827900,23.801368,0.505466,3.497845,-0.058888,-0.230620,0.928896
18.750000,1,0,0,2.400000,9.810000,0.900000,30.000000,60.000000,6.000000,0.000000,0.000000,1.500000,0.069981,0.000079,1.510124,0.000000,0.000000,0.000000,0.074536,0.051636,-0.018073,0.997852,-0.005760,-0.065226,-0.001973,-0.001731,0.015180,-0.002461,0.099130,0.062033,-0.049985,23.801368,23.801368,23.773895,0.504882,3.335629,-0.130834,-0.173231,0.929971
18.800000,1,0,0,2.400000,9.810000,0.900000,30.000000,60.000000,6.000000,0.000000,0.000000,1.500000,0.073806,0.002641,1.509104,0.000000,0.000000,0.000000,0.078105,0.050201,-0.022679,0.997880,-0.005769,-0.064793,-0.002036,0.000831,0.019355,-0.002362,0.065034,-0.034528,-0.082434,23.773895,23.773895,23.745664,0.504283,3.229755,-0.362840,-0.226542,0.931351
18.850000,1,0,0,2.400000,9.810000,0.900000,30.000000,60.000000,6.000000,0.000000,0.000000,1.500000,0.077750,0.005036,1.507863,0.000000,0.000000,0.000000,0.079222,0.044960,-0.026877,0.997914,-0.005699,-0.064272,-0.002093,0.004516,0.022246,-0.002279,0.000675,-0.148013,-0.069698,23.745664,23.745664,23.716904,0.503672,3.047029,-0.631718,-0.171219,0.933014
18.900000,1,0,0,2.400000,9.810000,0.900000,30.000000,60.000000,6.000000,0.000000,0.000000,1.500000,0.081687,0.007078,1.506426,0.000000,0.000000,0.000000,0.077848,0.036155,-0.030498,0.997952,-0.005526,-0.063697,-0.002141,0.009168,0.023641,-0.002216,-0.050678,-0.248985,-0.042917,23.716904,23.716904,23.687879,0.503056,2.892996,-0.865594,-0.082005,0.934927
18.950000,1,0,0,2.400000,9.810000,0.900000,30.000000,60.000000,6.000000,0.000000,0.000000,1.500000,0.085495,0.008601,1.504825,0.000000,0.000000,0.000000,0.074066,0.024317,-0.033396,0.997991,-0.005226,-0.063107,-0.002181,0.014555,0.023409,-0.002175,-0.123801,-0.319792,-0.019450,23.687879,23.687879,23.658881,0.502440,2.686080,-1.021112,-0.000591,0.937052
19.000000,1,0,0,2.400000,9.810000,0.900000,30.000000,60.000000,6.000000,0.000000,0.000000,1.500000,0.089057,0.009472,1.503100,0.000000,0.000000,0.000000,0.068083,0.010225,-0.035458,0.998028,-0.004786,-0.062545,-0.002210,0.020390,0.021512,-0.002154,-0.091576,-0.377896,-0.001472,23.658881,23.658881,23.630221,0.501831,2.733350,-1.139511,0.067768,0.939342
19.050000,1,0,0,2.400000,9.810000,0.900000,30.000000,60.000000,6.000000,0.000000,0.000000,1.500000,0.092271,0.009602,1.501295,0.000000,0.000000,0.000000,0.060213,-0.005161,-0.036604,0.998062,-0.004198,-0.062050,-0.002229,0.026348,0.018005,-0.002146,-0.141242,-0.363005,0.024364,23.630221,23.630221,23.602212,0.501236,2.587396,-1.075787,0.155046,0.941744
19.100000,1,0,0,2.400000,9.810000,0.900000,30.000000,60.000000,6.000000,0.000000,0.000000,1.500000,0.095054,0.008952,1.499456,0.000000,0.000000,0.000000,0.050866,-0.020770,-0.036794,0.998089,-0.003464,-0.061662,-0.002239,0.032084,0.013032,-0.002142,-0.171041,-0.329229,0.055505,23.602212,23.602212,23.575166,0.500662,2.494275,-0.959894,0.255045,0.944202
19.150000,1,0,0,2.400000,9.810000,0.900000,30.000000,60.000000,6.000000,0.000000,0.000000,1.500000,0.097341,0.007539,1.497631,0.000000,0.000000,0.000000,0.040521,-0.035512,-0.036028,0.998107,-0.002594,-0.061414,-0.002240,0.037257,0.006820,-0.002131,-0.189521,-0.338520,0.065888,23.575166,23.575166,23.549378,0.500114,2.435072,-0.941010,0.305119,0.946659
19.200000,1,0,0,2.400000,9.810000,0.900000,30.000000,60.000000,6.000000,0.000000,0.000000,1.500000,0.099098,0.005432,1.495868,0.000000,0.000000,0.000000,0.029707,-0.048365,-0.034346,0.998114,-0.001605,-0.061334,-0.002232,0.041551,-0.000334,-0.002098,-0.235565,-0.286520,0.092220,23.549378,23.549378,23.525122,0.499599,2.317760,-0.769556,0.393249,0.949057
19.250000,1,0,0,2.400000,9.810000,0.900000,30.000000,60.000000,6.000000,0.000000,0.000000,1.500000,0.100313,0.002749,1.494210,0.000000,0.000000,0.000000,0.018970,-0.058451,-0.031828,0.998108,-0.000524,-0.061440,-0.002218,0.044697,-0.008080,-0.002034,-0.251809,-0.175216,0.099586,23.525122,23.525122,23.502639,0.499122,2.280909,-0.451516,0.435506,0.951343
19.300000,1,0,0,2.400000,9.810000,0.900000,30.000000,60.000000,6.000000,0.000000,0.000000,1.500000,0.101005,-0.000356,1.492697,0.000000,0.000000,0.000000,0.008849,-0.065115,-0.028589,0.998089,0.000619,-0.061743,-0.002197,0.046488,-0.016031,-0.001933,-0.210148,-0.112138,0.092459,23.502639,23.502639,23.482127,0.498686,2.392434,-0.246443,0.442478,0.953466
19.350000,1,0,0,2.400000,9.810000,0.900000,30.000000,60.000000,6.000000,0.000000,0.000000,1.500000,0.101217,-0.003699,1.491361,0.000000,0.000000,0.000000,-0.000157,-0.067972,-0.024773,0.998057,0.001788,-0.062244,-0.002172,0.046792,-0.023791,-0.001793,-0.187469,-0.042182,0.119505,23.482127,23.482127,23.463734,0.498295,2.467803,-0.023765,0.530787,0.955382
19.400000,1,0,0,2.400000,9.810000,0.900000,30.000000,60.000000,6.000000,0.000000,0.000000,1.500000,0.101015,-0.007088,1.490227,0.000000,0.000000,0.000000,-0.007612,-0.066940,-0.020549,0.998011,0.002945,-0.062931,-0.002143,0.045564,-0.030968,-0.001619,-0.119279,0.060940,0.117717,23.463734,23.463734,23.447555,0.497952,2.661334,0.277841,0.549038,0.957054
19.450000,1,0,0,2.400000,9.810000,0.900000,30.000000,60.000000,6.000000,0.000000,0.000000,1.500000,0.100487,-0.010332,1.489310,0.000000,0.000000,0.000000,-0.013163,-0.062242,-0.016100,0.997953,0.004051,-0.063786,-0.002114,0.042845,-0.037204,-0.001422,-0.084957,0.130363,0.103230,23.447555,23.447555,23.433622,0.497656,2.781621,0.496141,0.535766,0.958457
19.500000,1,0,0,2.400000,9.810000,0.900000,30.000000,60.000000,6.000000,0.000000,0.000000,1.500000,0.099735,-0.013259,1.488617,0.000000,0.000000,0.000000,-0.016565,-0.054395,-0.011621,0.997884,0.005072,-0.064781,-0.002086,0.038763,-0.042189,-0.001217,-0.032539,0.186536,0.128655,23.433622,23.433622,23.421909,0.497407,2.952083,0.678555,0.617038,0.959572
19.550000,1,0,0,2.400000,9.810000,0.900000,30.000000,60.000000,6.000000,0.000000,0.000000,1.500000,0.098869,-0.015731,1.488145,0.000000,0.000000,0.000000,-0.017690,-0.044158,-0.007304,0.997807,0.005975,-0.065882,-0.002061,0.033523,-0.045679,-0.001019,-0.007348,0.220667,0.095285,23.421909,23.421909,23.412333,0.497204,3.062338,0.802529,0.555769,0.960394
19.600000,1,0,0,2.400000,9.810000,0.900000,30.000000,60.000000,6.000000,0.000000,0.000000,1.500000,0.098004,-0.017651,1.487881,0.000000,0.000000,0.000000,-0.016531,-0.032476,-0.003332,0.997725,0.006736,-0.067049,-0.002041,0.027394,-0.047512,-0.000844,0.005957,0.190653,0.084003,23.412333,23.412333,23.404761,0.497043,3.147355,0.765838,0.545904,0.960926
19.650000,1,0,0,2.400000,9.810000,0.900000,30.000000,60.000000,6.000000,0.000000,0.000000,1.500000,0.097252,-0.018972,1.487803,0.000000,0.000000,0.000000,-0.013209,-0.020402,0.000128,0.997640,0.007335,-0.068240,-0.002028,0.020695,-0.047615,-0.000704,0.078565,0.169427,0.104234,23.404761,23.404761,23.399025,0.496921,3.376007,0.742688,0.609899,0.961182
19.700000,1,0,0,2.400000,9.810000,0.900000,30.000000,60.000000,6.000000,0.000000,0.000000,1.500000,0.096715,-0.019703,1.487883,0.000000,0.000000,0.000000,-0.007957,-0.009009,0.002934,0.997556,0.007764,-0.069412,-0.002023,0.013772,-0.046007,-0.000606,0.108507,0.158384,0.047666,23.399025,23.399025,23.394930,0.496834,3.501556,0.735990,0.487668,0.961189
19.750000,1,0,0,2.400000,9.810000,0.900000,30.000000,60.000000,6.000000,0.000000,0.000000,1.500000,0.096483,-0.019902,1.488084,0.000000,0.000000,0.000000,-0.001119,0.000696,0.004973,0.997476,0.008021,-0.070523,-0.002028,0.006976,-0.042800,-0.000552,0.118943,0.105750,0.037390,23.394930,23.394930,23.392277,0.496778,3.577647,0.621441,0.474524,0.960978
19.800000,1,0,0,2.400000,9.810000,0.900000,30.000000,60.000000,6.000000,0.000000,0.000000,1.500000,0.096623,-0.019676,1.488366,0.000000,0.000000,0.000000,0.006878,0.007855,0.006170,0.997403,0.008113,-0.071535,-0.002043,0.000646,-0.038190,-0.000537,0.130438,0.092017,0.012666,23.392277,23.392277,23.390874,0.496748,3.651884,0.592589,0.424613,0.960592
19.850000,1,0,0,2.400000,9.810000,0.900000,30.000000,60.000000,6.000000,0.000000,0.000000,1.500000,0.097182,-0.019169,1.488686,0.000000,0.000000,0.000000,0.015542,0.011828,0.006486,0.997340,0.008057,-0.072418,-0.002068,-0.004920,-0.032450,-0.000551,0.130319,0.047016,-0.015985,23.390874,23.390874,23.390556,0.496741,3.692364,0.481758,0.363140,0.960077
19.900000,1,0,0,2.400000,9.810000,0.900000,30.000000,60.000000,6.000000,0.000000,0.000000,1.500000,0.098179,-0.018552,1.489000,0.000000,0.000000,0.000000,0.024343,0.012247,0.005923,0.997288,0.007875,-0.073146,-0.002101,-0.009476,-0.025911,-0.000584,0.119890,0.002051,-0.029385,23.390556,23.390556,23.391198,0.496755,3.701089,0.365129,0.336117,0.959486
19.950000,1,0,0,2.400000,9.810000,0.900000,30.000000,60.000000,6.000000,0.000000,0.000000,1.500000,0.099609,-0.018005,1.489265,0.000000,0.000000,0.000000,0.032739,0.009042,0.004526,0.997249,0.007594,-0.073705,-0.002141,-0.012848,-0.018945,-0.000621,0.136406,-0.075085,-0.052330,23.391198,23.391198,23.392721,0.496787,3.766750,0.166699,0.284050,0.958872
20.000000,1,0,0,2.400000,9.810000,0.900000,30.000000,60.000000,6.000000,0.000000,0.000000,1.500000,0.101438,-0.017705,1.489440,0.000000,0.000000,0.000000,0.040210,0.002454,0.002375,0.997223,0.007245,-0.074089,-0.002186,-0.014939,-0.011945,-0.000652,0.098475,-0.107772,-0.047520,23.392721,23.392721,23.395102,0.496838,3.693739,0.071798,0.296501,0.958289
20.050000,1,0,0,2.400000,9.810000,0.900000,30.000000,60.000000,6.000000,0.000000,0.000000,1.500000,0.103607,-0.017808,1.489492,0.000000,0.000000,0.000000,0.046278,-0.006993,-0.000413,0.997210,0.006861,-0.074302,-0.002232,-0.015743,-0.005305,-0.000668,0.097275,-0.183893,-0.063566,23.395102,23.395102,23.398373,0.496907,3.701074,-0.128979,0.256861,0.957792
20.100000,1,0,0,2.400000,9.810000,0.900000,30.000000,60.000000,6.000000,0.000000,0.000000,1.500000,0.106035,-0.018439,1.489391,0.000000,0.000000,0.000000,0.050538,-0.018527,-0.003694,0.997208,0.006472,-0.074358,-0.002278,-0.015335,0.000607,-0.000664,0.075802,-0.242556,-0.070705,23.398373,23.398373,23.402617,0.496997,3.652591,-0.288032,0.236637,0.957427
20.150000,1,0,0,2.400000,9.810000,0.900000,30.000000,60.000000,6.000000,0.000000,0.000000,1.500000,0.108625,-0.019679,1.489117,0.000000,0.000000,0.000000,0.052679,-0.031196,-0.007299,0.997216,0.006108,-0.074278,-0.002322,-0.013872,0.005463,-0.000636,0.018823,-0.221566,-0.066216,23.402617,23.402617,23.407961,0.497111,3.512781,-0.254760,0.242449,0.957240
20.200000,1,0,0,2.400000,9.810000,0.900000,30.000000,60.000000,6.000000,0.000000,0.000000,1.500000,0.111265,-0.021560,1.488658,0.000000,0.000000,0.000000,0.052496,-0.043942,-0.011044,0.997232,0.005790,-0.074094,-0.002359,-0.011577,0.008999,-0.000587,-0.039864,-0.231091,-0.070259,23.407961,23.407961,23.414563,0.497251,3.364160,-0.292469,0.226006,0.957266
20.250000,1,0,0,2.400000,9.810000,0.900000,30.000000,60.000000,6.000000,0.000000,0.000000,1.500000,0.113835,-0.024057,1.488013,0.000000,0.000000,0.000000,0.049908,-0.055689,-0.014738,0.997252,0.005538,-0.073841,-0.002391,-0.008729,0.011025,-0.000516,-0.155316,-0.201780,-0.090551,23.414563,23.414563,23.422601,0.497422,3.076258,-0.233907,0.168885,0.957533
20.300000,1,0,0,2.400000,9.810000,0.900000,30.000000,60.000000,6.000000,0.000000,0.000000,1.500000,0.116216,-0.027095,1.487189,0.000000,0.000000,0.000000,0.044957,-0.065429,-0.018190,0.997274,0.005360,-0.073557,-0.002414,-0.005639,0.011439,-0.000428,-0.221392,-0.173135,-0.067294,23.422601,23.422601,23.432260,0.497627,2.905657,-0.173419,0.214701,0.958059
20.350000,1,0,0,2.400000,9.810000,0.900000,30.000000,60.000000,6.000000,0.000000,0.000000,1.500000,0.118294,-0.030552,1.486201,0.000000,0.000000,0.000000,0.037807,-0.072306,-0.021220,0.997294,0.005259,-0.073283,-0.002430,-0.002633,0.010229,-0.000322,-0.231071,-0.111581,-0.036721,23.432260,23.432260,23.443715,0.497870,2.871115,-0.030340,0.276588,0.958853
20.400000,1,0,0,2.400000,9.810000,0.900000,30.000000,60.000000,6.000000,0.000000,0.000000,1.500000,0.119965,-0.034267,1.485076,0.000000,0.000000,0.000000,0.028738,-0.075684,-0.023665,0.997311,0.005228,-0.073059,-0.002437,-0.000027,0.007476,-0.000202,-0.278721,-0.055719,-0.003762,23.443715,23.443715,23.457118,0.498155,2.748017,0.102399,0.342806,0.959911
20.450000,1,0,0,2.400000,9.810000,0.900000,30.000000,60.000000,6.000000,0.000000,0.000000,1.500000,0.121142,-0.038056,1.483847,0.000000,0.000000,0.000000,0.018130,-0.075200,-0.025388,0.997321,0.005254,-0.072922,-0.002438,0.001892,0.003351,-0.000067,-0.336056,0.003911,0.017233,23.457118,23.457118,23.472590,0.498483,2.605966,0.246854,0.379006,0.961219
20.500000,1,0,0,2.400000,9.810000,0.900000,30.000000,60.000000,6.000000,0.000000,0.000000,1.500000,0.121760,-0.041722,1.482551,0.000000,0.000000,0.000000,0.006445,-0.070793,-0.026281,0.997322,0.005315,-0.072902,-0.002433,0.002887,-0.001899,0.000081,-0.298816,0.080703,0.031624,23.472590,23.472590,23.490211,0.498858,2.696667,0.434221,0.398130,0.962756
20.550000,1,0,0,2.400000,9.810000,0.900000,30.000000,60.000000,6.000000,0.000000,0.000000,1.500000,0.121777,-0.045074,1.481234,0.000000,0.000000,0.000000,-0.005802,-0.062712,-0.026273,0.997313,0.005388,-0.073023,-0.002425,0.002785,-0.007960,0.000239,-0.234936,0.180137,0.041533,23.490211,23.490211,23.510011,0.499278,2.858221,0.676454,0.405351,0.964486
20.600000,1,0,0,2.400000,9.810000,0.900000,30.000000,60.000000,6.000000,0.000000,0.000000,1.500000,0.121179,-0.047940,1.479940,0.000000,0.000000,0.000000,-0.018061,-0.051492,-0.025333,0.997292,0.005442,-0.073303,-0.002414,0.001492,-0.014472,0.000404,-0.221610,0.205153,0.059920,23.510011,23.510011,23.531970,0.499745,2.906117,0.739259,0.431841,0.966370
20.650000,1,0,0,2.400000,9.810000,0.900000,30.000000,60.000000,6.000000,0.000000,0.000000,1.500000,0.119980,-0.050183,1.478716,0.000000,0.000000,0.000000,-0.029784,-0.037913,-0.023469,0.997259,0.005449,-0.073746,-0.002404,-0.001003,-0.021048,0.000568,-0.160212,0.226989,0.066055,23.531970,23.531970,23.556014,0.500255,3.077369,0.792181,0.427914,0.968360
20.700000,1,0,0,2.400000,9.810000,0.900000,30.000000,60.000000,6.000000,0.000000,0.000000,1.500000,0.118218,-0.051708,1.477607,0.000000,0.000000,0.000000,-0.040449,-0.022942,-0.020730,0.997215,0.005378,-0.074350,-0.002396,-0.004626,-0.027293,0.000724,-0.119624,0.234742,0.107193,23.556014,23.556014,23.582017,0.500807,3.206510,0.807672,0.507040,0.970403
20.750000,1,0,0,2.400000,9.810000,0.900000,30.000000,60.000000,6.000000,0.000000,0.000000,1.500000,0.115960,-0.052472,1.476656,0.000000,0.000000,0.000000,-0.049585,-0.007646,-0.017204,0.997160,0.005204,-0.075100,-0.002393,-0.009221,-0.032829,0.000864,-0.101886,0.234548,0.111644,23.582017,23.582017,23.609801,0.501397,3.288040,0.799201,0.497215,0.972443
20.800000,1,0,0,2.400000,9.810000,0.900000,30.000000,60.000000,6.000000,0.000000,0.000000,1.500000,0.113292,-0.052486,1.475898,0.000000,0.000000,0.000000,-0.056804,0.006887,-0.013012,0.997095,0.004905,-0.075977,-0.002397,-0.014561,-0.037317,0.000979,-0.047052,0.250977,0.102591,23.609801,23.609801,23.639144,0.502021,3.464794,0.824701,0.454126,0.974423
20.850000,1,0,0,2.400000,9.810000,0.900000,30.000000,60.000000,6.000000,0.000000,0.000000,1.500000,0.110317,-0.051813,1.475363,0.000000,0.000000,0.000000,-0.061813,0.019636,-0.008305,0.997022,0.004466,-0.076948,-0.002409,-0.020361,-0.040470,0.001064,0.012962,0.185091,0.114465,23.639144,23.639144,23.669779,0.502671,3.658767,0.645990,0.460452,0.976287
20.900000,1,0,0,2.400000,9.810000,0.900000,30.000000,60.000000,6.000000,0.000000,0.000000,1.500000,0.107151,-0.050566,1.475073,0.000000,0.000000,0.000000,-0.064432,0.029732,-0.003256,0.996944,0.003880,-0.077979,-0.002431,-0.026295,-0.042076,0.001117,0.038277,0.095743,0.095624,23.669779,23.669779,23.701408,0.503343,3.772527,0.403937,0.392290,0.977983
20.950000,1,0,0,2.400000,9.810000,0.900000,30.000000,60.000000,6.000000,0.000000,0.000000,1.500000,0.103914,-0.048895,1.475040,0.000000,0.000000,0.000000,-0.064605,0.036528,0.001946,0.996864,0.003148,-0.079029,-0.002464,-0.032020,-0.042003,0.001141,0.024712,-0.007177,0.113657,23.701408,23.701408,23.733702,0.504029,3.794111,0.122303,0.411894,0.979463
21.000000,1,0,0,2.400000,9.810000,0.900000,30.000000,60.000000,6.000000,0.000000,0.000000,1.500000,0.100730,-0.046975,1.475267,0.000000,0.000000,0.000000,-0.062400,0.039646,0.007106,0.996785,0.002279,-0.080055,-0.002508,-0.037194,-0.040214,0.001145,0.028188,-0.030186,0.118830,23.733702,23.733702,23.766314,0.504721,3.855687,0.025870,0.399943,0.980684
21.050000,1,0,0,2.400000,9.810000,0.900000,30.000000,60.000000,6.000000,0.000000,0.000000,1.500000,0.097711,-0.044993,1.475747,0.000000,0.000000,0.000000,-0.058008,0.039013,0.012030,0.996709,0.001292,-0.081015,-0.002560,-0.041502,-0.036762,0.001140,0.067921,-0.120116,0.046512,23.766314,23.766314,23.798889,0.505413,4.001327,-0.236931,0.201367,0.981615
21.100000,1,0,0,2.400000,9.810000,0.900000,30.000000,60.000000,6.000000,0.000000,0.000000,1.500000,0.094960,-0.043133,1.476463,0.000000,0.000000,0.000000,-0.051729,0.034860,0.016536,0.996640,0.000211,-0.081869,-0.002620,-0.044671,-0.031791,0.001140,0.092369,-0.188344,0.045390,23.798889,23.798889,23.831077,0.506097,4.105391,-0.452218,0.173073,0.982230
21.150000,1,0,0,2.400000,9.810000,0.900000,30.000000,60.000000,6.000000,0.000000,0.000000,1.500000,0.092563,-0.041557,1.477391,0.000000,0.000000,0.000000,-0.043960,0.027709,0.020458,0.996580,-0.000932,-0.082582,-0.002686,-0.046491,-0.025528,0.001159,0.118054,-0.254505,0.071364,23.831077,23.831077,23.862547,0.506765,4.205795,-0.665637,0.209286,0.982516
21.200000,1,0,0,2.400000,9.810000,0.900000,30.000000,60.000000,6.000000,0.000000,0.000000,1.500000,0.090581,-0.040399,1.478497,0.000000,0.000000,0.000000,-0.035170,0.018322,0.023656,0.996533,-0.002101,-0.083126,-0.002752,-0.046830,-0.018271,0.001209,0.105717,-0.227007,0.017448,23.862547,23.862547,23.892996,0.507412,4.206900,-0.655671,0.053319,0.982471
21.250000,1,0,0,2.400000,9.810000,0.900000,30.000000,60.000000,6.000000,0.000000,0.000000,1.500000,0.089054,-0.039747,1.479743,0.000000,0.000000,0.000000,-0.025879,0.007646,0.026023,0.996500,-0.003260,-0.083481,-0.002817,-0.045636,-0.010370,0.001296,0.149811,-0.249329,0.001128,23.892996,23.892996,23.922172,0.508031,4.334353,-0.764855,-0.012760,0.982101
21.300000,1,0,0,2.400000,9.810000,0.900000,30.000000,60.000000,6.000000,0.000000,0.000000,1.500000,0.087993,-0.039639,1.481084,0.000000,0.000000,0.000000,-0.016628,-0.003271,0.027487,0.996483,-0.004370,-0.083634,-0.002875,-0.042951,-0.002210,0.001422,0.127581,-0.218578,0.026787,23.922172,23.922172,23.949876,0.508620,4.292944,-0.744415,0.021685,0.981426
21.350000,1,0,0,2.400000,9.810000,0.900000,30.000000,60.000000,6.000000,0.000000,0.000000,1.500000,0.087382,-0.040060,1.482476,0.000000,0.000000,0.000000,-0.007953,-0.013360,0.028014,0.996482,-0.005395,-0.083586,-0.002924,-0.038896,0.005809,0.001580,0.108455,-0.172405,-0.007031,23.949876,23.949876,23.975979,0.509174,4.249177,-0.682974,-0.086703,0.980473
21.400000,1,0,0,2.400000,9.810000,0.900000,30.000000,60.000000,6.000000,0.000000,0.000000,1.500000,0.087180,-0.040944,1.483870,0.000000,0.000000,0.000000,-0.000353,-0.021626,0.027612,0.996497,-0.006304,-0.083343,-0.002960,-0.033675,0.013298,0.001761,0.063972,-0.089972,0.040465,23.975979,23.975979,24.000422,0.509693,4.135104,-0.528973,0.000120,0.979279
21.450000,1,0,0,2.400000,9.810000,0.900000,30.000000,60.000000,6.000000,0.000000,0.000000,1.500000,0.087321,-0.042178,1.485222,0.000000,0.000000,0.000000,0.005732,-0.027222,0.026330,0.996526,-0.007070,-0.082925,-0.002980,-0.027555,0.019896,0.001949,0.036541,-0.052650,-0.013447,24.000422,24.000422,24.023216,0.510177,4.053322,-0.476433,-0.156216,0.977889
21.500000,1,0,0,2.400000,9.810000,0.900000,30.000000,60.000000,6.000000,0.000000,0.000000,1.500000,0.087722,-0.043611,1.486490,0.000000,0.000000,0.000000,0.009948,-0.029523,0.024254,0.996569,-0.007677,-0.082357,-0.002983,-0.020854,0.025294,0.002131,-0.013795,0.021227,-0.047604,24.023216,24.023216,24.044441,0.510628,3.909174,-0.328443,-0.264752,0.976351
21.550000,1,0,0,2.400000,9.810000,0.900000,30.000000,60.000000,6.000000,0.000000,0.000000,1.500000,0.088281,-0.045069,1.487636,0.000000,0.000000,0.000000,0.012042,-0.028179,0.021504,0.996622,-0.008113,-0.081673,-0.002969,-0.013914,0.029246,0.002291,-0.068418,0.096802,-0.037178,24.044441,24.044441,24.064226,0.511048,3.748914,-0.168148,-0.265730,0.974721
21.600000,1,0,0,2.400000,9.810000,0.900000,30.000000,60.000000,6.000000,0.000000,0.000000,1.500000,0.088888,-0.046367,1.488632,0.000000,0.000000,0.000000,0.011879,-0.023139,0.018229,0.996682,-0.008376,-0.080910,-0.002938,-0.007090,0.031590,0.002418,-0.091697,0.166452,-0.044509,24.064226,24.064226,24.082742,0.511441,3.659894,-0.013754,-0.308601,0.973055
21.650000,1,0,0,2.400000,9.810000,0.900000,30.000000,60.000000,6.000000,0.000000,0.000000,1.500000,0.089431,-0.047326,1.489453,0.000000,0.000000,0.000000,0.009447,-0.014659,0.014599,0.996746,-0.008475,-0.080110,-0.002891,-0.000719,0.032251,0.002507,-0.167818,0.256439,-0.044431,24.082742,24.082742,24.100179,0.511811,3.442050,0.197430,-0.332806,0.971408
21.700000,1,0,0,2.400000,9.810000,0.900000,30.000000,60.000000,6.000000,0.000000,0.000000,1.500000,0.089797,-0.047785,1.490089,0.000000,0.000000,0.000000,0.004857,-0.003283,0.010802,0.996810,-0.008424,-0.079315,-0.002831,0.004899,0.031245,0.002558,-0.156784,0.297967,-0.065765,24.100179,24.100179,24.116729,0.512163,3.433403,0.299568,-0.407370,0.969833
21.750000,1,0,0,2.400000,9.810000,0.900000,30.000000,60.000000,6.000000,0.000000,0.000000,1.500000,0.089884,-0.047619,1.490534,0.000000,0.000000,0.000000,-0.001661,0.010202,0.007027,0.996871,-0.008245,-0.078566,-0.002758,0.009514,0.028683,0.002574,-0.176202,0.289772,-0.083118,24.116729,24.116729,24.132565,0.512499,3.353649,0.288569,-0.471211,0.968382
21.800000,1,0,0,2.400000,9.810000,0.900000,30.000000,60.000000,6.000000,0.000000,0.000000,1.500000,0.089604,-0.046746,1.490795,0.000000,0.000000,0.000000,-0.009770,0.024830,0.003466,0.996926,-0.007965,-0.077897,-0.002678,0.012951,0.024760,0.002564,-0.215331,0.308050,-0.048954,24.132565,24.132565,24.147825,0.512823,3.230340,0.345980,-0.410120,0.967099
21.850000,1,0,0,2.400000,9.810000,0.900000,30.000000,60.000000,6.000000,0.000000,0.000000,1.500000,0.088888,-0.045135,1.490887,0.000000,0.000000,0.000000,-0.019045,0.039531,0.000296,0.996972,-0.007617,-0.077341,-0.002591,0.015111,0.019745,0.002537,-0.211624,0.283266,-0.060444,24.147825,24.147825,24.162604,0.513137,3.215080,0.303427,-0.457201,0.966018
21.900000,1,0,0,2.400000,9.810000,0.900000,30.000000,60.000000,6.000000,0.000000,0.000000,1.500000,0.087688,-0.042809,1.490834,0.000000,0.000000,0.000000,-0.028995,0.053222,-0.002322,0.997008,-0.007230,-0.076920,-0.002501,0.015982,0.013967,0.002503,-0.242621,0.232983,-0.068228,24.162604,24.162604,24.176936,0.513442,3.122902,0.201506,-0.493897,0.965169
21.950000,1,0,0,2.400000,9.810000,0.900000,30.000000,60.000000,6.000000,0.000000,0.000000,1.500000,0.085986,-0.039846,1.490666,0.000000,0.000000,0.000000,-0.039087,0.064888,-0.004254,0.997032,-0.006838,-0.076649,-0.002411,0.015637,0.007796,0.002470,-0.247823,0.156025,-0.056456,24.176936,24.176936,24.190799,0.513736,3.099714,0.035869,-0.482086,0.964569
22.000000,1,0,0,2.400000,9.810000,0.900000,30.000000,60.000000,6.000000,0.000000,0.000000,1.500000,0.083786,-0.036369,1.490422,0.000000,0.000000,0.000000,-0.048778,0.073670,-0.005397,0.997043,-0.006468,-0.076533,-0.002321,0.014231,0.001623,0.002445,-0.245735,0.124541,-0.034754,24.190799,24.190799,24.204109,0.514019,3.101338,-0.021706,-0.444800,0.964226
22.050000,1,0,0,2.400000,9.810000,0.900000,30.000000,60.000000,6.000000,0.000000,0.000000,1.500000,0.081124,-0.032538,1.490141,0.000000,0.000000,0.000000,-0.057536,0.078932,-0.005685,0.997043,-0.006145,-0.076566,-0.002235,0.011985,-0.004161,0.002432,-0.179768,0.065230,-0.022589,24.204109,24.204109,24.216725,0.514287,3.263351,-0.148302,-0.428711,0.964137
22.100000,1,0,0,2.400000,9.810000,0.900000,30.000000,60.000000,6.000000,0.000000,0.000000,1.500000,0.078056,-0.028540,1.489868,0.000000,0.000000,0.000000,-0.064878,0.080309,-0.005091,0.997032,-0.005885,-0.076734,-0.002153,0.009175,-0.009189,0.002431,-0.197722,-0.038827,-0.006321,24.216725,24.216725,24.228454,0.514536,3.230336,-0.385374,-0.401033,0.964287
22.150000,1,0,0,2.400000,9.810000,0.900000,30.000000,60.000000,6.000000,0.000000,0.000000,1.500000,0.074666,-0.024573,1.489646,0.000000,0.000000,0.000000,-0.070386,0.077742,-0.003628,0.997011,-0.005700,-0.077015,-0.002076,0.006112,-0.013139,0.002443,-0.163465,-0.099654,0.017235,24.228454,24.228454,24.239057,0.514761,3.327880,-0.522278,-0.354101,0.964655
22.200000,1,0,0,2.400000,9.810000,0.900000,30.000000,60.000000,6.000000,0.000000,0.000000,1.500000,0.071054,-0.020828,1.489519,0.000000,0.000000,0.000000,-0.073735,0.071479,-0.001351,0.996984,-0.005591,-0.077378,-0.002004,0.003120,-0.015747,0.002468,-0.084712,-0.182366,0.012920,24.239057,24.239057,24.248260,0.514956,3.535984,-0.715397,-0.372276,0.965206
22.250000,1,0,0,2.400000,9.810000,0.900000,30.000000,60.000000,6.000000,0.000000,0.000000,1.500000,0.067333,-0.017478,1.489523,0.000000,0.000000,0.000000,-0.074708,0.062056,0.001650,0.996953,-0.005552,-0.077787,-0.001937,0.000517,-0.016826,0.002506,-0.057301,-0.250109,0.049870,24.248260,24.248260,24.255764,0.515116,3.622868,-0.875994,-0.289632,0.965900
22.300000,1,0,0,2.400000,9.810000,0.900000,30.000000,60.000000,6.000000,0.000000,0.000000,1.500000,0.063624,-0.014662,1.489693,0.000000,0.000000,0.000000,-0.073207,0.050251,0.005249,0.996920,-0.005570,-0.078203,-0.001872,-0.001409,-0.016277,0.002558,-0.014921,-0.318005,0.043229,24.255764,24.255764,24.261259,0.515232,3.745733,-1.039713,-0.309829,0.966691
22.350000,1,0,0,2.400000,9.810000,0.900000,30.000000,60.000000,6.000000,0.000000,0.000000,1.500000,0.060053,-0.012477,1.490056,0.000000,0.000000,0.000000,-0.069260,0.037027,0.009295,0.996890,-0.005626,-0.078584,-0.001809,-0.002419,-0.014090,0.002624,0.014272,-0.318926,0.072228,24.261259,24.261259,24.264435,0.515300,3.834996,-1.044461,-0.242727,0.967526
22.400000,1,0,0,2.400000,9.810000,0.900000,30.000000,60.000000,6.000000,0.000000,0.000000,1.500000,0.056737,-0.010966,1.490628,0.000000,0.000000,0.000000,-0.063018,0.023444,0.013612,0.996865,-0.005693,-0.078891,-0.001746,-0.002339,-0.010350,0.002706,0.041925,-0.310963,0.063113,24.264435,24.264435,24.265001,0.515312,3.916637,-1.028430,-0.265354,0.968352
22.450000,1,0,0,2.400000,9.810000,0.900000,30.000000,60.000000,6.000000,0.000000,0.000000,1.500000,0.053785,-0.010120,1.491418,0.000000,0.000000,0.000000,-0.054747,0.010582,0.018013,0.996850,-0.005744,-0.079087,-0.001680,-0.001070,-0.005230,0.002803,0.092396,-0.221988,0.094063,24.265001,24.265001,24.262705,0.515263,4.047307,-0.817111,-0.190101,0.969114
22.500000,1,0,0,2.400000,9.810000,0.900000,30.000000,60.000000,6.000000,0.000000,0.000000,1.500000,0.051290,-0.009878,1.492427,0.000000,0.000000,0.000000,-0.044817,-0.000550,0.022304,0.996846,-0.005748,-0.079142,-0.001608,0.001402,0.001021,0.002912,0.113064,-0.207143,0.079579,24.262705,24.262705,24.257351,0.515149,4.099168,-0.781379,-0.222178,0.969758
22.550000,1,0,0,2.400000,9.810000,0.900000,30.000000,60.000000,6.000000,0.000000,0.000000,1.500000,0.049323,-0.010132,1.493644,0.000000,0.000000,0.000000,-0.033680,-0.009098,0.026296,0.996855,-0.005676,-0.079029,-0.001529,0.005004,0.008085,0.003027,0.141954,-0.146374,0.086694,24.257351,24.257351,24.248815,0.514968,4.162286,-0.631682,-0.200718,0.970234
22.600000,1,0,0,2.400000,9.810000,0.900000,30.000000,60.000000,6.000000,0.000000,0.000000,1.500000,0.047933,-0.010734,1.495049,0.000000,0.000000,0.000000,-0.021848,-0.014428,0.029808,0.996879,-0.005502,-0.078734,-0.001439,0.009585,0.015602,0.003139,0.173821,-0.150051,0.050031,24.248815,24.248815,24.237063,0.514718,4.223298,-0.631625,-0.282630,0.970498
22.650000,1,0,0,2.400000,9.810000,0.900000,30.000000,60.000000,6.000000,0.000000,0.000000,1.500000,0.047141,-0.011515,1.496614,0.000000,0.000000,0.000000,-0.009864,-0.016179,0.032681,0.996919,-0.005204,-0.078251,-0.001338,0.014918,0.023179,0.003239,0.166165,-0.046076,0.042769,24.237063,24.237063,24.222157,0.514402,4.179912,-0.367124,-0.292289,0.970511
22.700000,1,0,0,2.400000,9.810000,0.900000,30.000000,60.000000,6.000000,0.000000,0.000000,1.500000,0.046940,-0.012292,1.498304,0.000000,0.000000,0.000000,0.001720,-0.014294,0.034784,0.996974,-0.004766,-0.077582,-0.001225,0.020721,0.030421,0.003316,0.225478,0.036501,0.015111,24.222157,24.222157,24.204260,0.514022,4.287892,-0.147175,-0.349206,0.970245
22.750000,1,0,0,2.400000,9.810000,0.900000,30.000000,60.000000,6.000000,0.000000,0.000000,1.500000,0.047298,-0.012888,1.500078,0.000000,0.000000,0.000000,0.012380,-0.009020,0.036015,0.997042,-0.004180,-0.076741,-0.001100,0.026670,0.036946,0.003362,0.224623,0.093614,-0.029843,24.204260,24.204260,24.183630,0.513584,4.242791,0.018814,-0.445952,0.969679
22.800000,1,0,0,2.400000,9.810000,0.900000,30.000000,60.000000,6.000000,0.000000,0.000000,1.500000,0.048155,-0.013146,1.501890,0.000000,0.000000,0.000000,0.021641,-0.000890,0.036310,0.997120,-0.003449,-0.075750,-0.000964,0.032422,0.042411,0.003370,0.210827,0.138226,-0.078179,24.183630,24.183630,24.160604,0.513095,4.159076,0.161892,-0.549152,0.968804
22.850000,1,0,0,2.400000,9.810000,0.900000,30.000000,60.000000,6.000000,0.000000,0.000000,1.500000,0.049432,-0.012942,1.503693,0.000000,0.000000,0.000000,0.029104,0.009319,0.035645,0.997207,-0.002579,-0.074639,-0.000817,0.037635,0.046527,0.003339,0.232534,0.179237,-0.106347,24.160604,24.160604,24.135582,0.512563,4.154530,0.302937,-0.602323,0.967620
22.900000,1,0,0,2.400000,9.810000,0.900000,30.000000,60.000000,6.000000,0.000000,0.000000,1.500000,0.051030,-0.012195,1.505439,0.000000,0.000000,0.000000,0.034467,0.020653,0.034038,0.997298,-0.001590,-0.073444,-0.000663,0.041991,0.049079,0.003275,0.200461,0.223146,-0.102383,24.135582,24.135582,24.108996,0.511999,4.016698,0.456664,-0.576804,0.966141
22.950000,1,0,0,2.400000,9.810000,0.900000,30.000000,60.000000,6.000000,0.000000,0.000000,1.500000,0.052840,-0.010875,1.507082,0.000000,0.000000,0.000000,0.037538,0.032059,0.031544,0.997389,-0.000505,-0.072206,-0.000505,0.045217,0.049933,0.003187,0.146367,0.200375,-0.058802,24.108996,24.108996,24.081285,0.511410,3.823831,0.454849,-0.454711,0.964387
23.000000,1,0,0,2.400000,9.810000,0.900000,30.000000,60.000000,6.000000,0.000000,0.000000,1.500000,0.054745,-0.009006,1.508580,0.000000,0.000000,0.000000,0.038250,0.042468,0.028257,0.997478,0.000644,-0.070969,-0.000343,0.047100,0.049047,0.003089,0.060951,0.213246,-0.081546,24.081285,24.081285,24.052871,0.510807,3.555737,0.541541,-0.490399,0.962390
23.050000,1,0,0,2.400000,9.810000,0.900000,30.000000,60.000000,6.000000,0.000000,0.000000,1.500000,0.056627,-0.006662,1.509896,0.000000,0.000000,0.000000,0.036656,0.050885,0.024306,0.997561,0.001821,-0.069775,-0.000183,0.047504,0.046473,0.002995,-0.020157,0.170524,-0.079547,24.052871,24.052871,24.024130,0.510196,3.300043,0.496053,-0.465417,0.960192
23.100000,1,0,0,2.400000,9.810000,0.900000,30.000000,60.000000,6.000000,0.000000,0.000000,1.500000,0.058375,-0.003965,1.511002,0.000000,0.000000,0.000000,0.032934,0.056469,0.019846,0.997635,0.002990,-0.068665,-0.000025,0.046376,0.042351,0.002922,-0.042301,0.061535,-0.090953,24.024130,24.024130,23.995379,0.509586,3.189908,0.290942,-0.471445,0.957838
23.150000,1,0,0,2.400000,9.810000,0.900000,30.000000,60.000000,6.000000,0.000000,0.000000,1.500000,0.059889,-0.001073,1.511875,0.000000,0.000000,0.000000,0.027375,0.058603,0.015054,0.997699,0.004112,-0.067674,0.000128,0.043752,0.036908,0.002879,-0.095178,0.016072,-0.098720,23.995379,23.995379,23.966863,0.508980,3.011811,0.235887,-0.467707,0.955382
23.200000,1,0,0,2.400000,9.810000,0.900000,30.000000,60.000000,6.000000,0.000000,0.000000,1.500000,0.061088,0.001832,1.512505,0.000000,0.000000,0.000000,0.020363,0.056946,0.010119,0.997751,0.005151,-0.066833,0.000274,0.039754,0.030436,0.002874,-0.106545,-0.098140,-0.103743,23.966863,23.966863,23.938757,0.508383,2.940557,0.011715,-0.456473,0.952879
23.250000,1,0,0,2.400000,9.810000,0.900000,30.000000,60.000000,6.000000,0.000000,0.000000,1.500000,0.061909,0.004558,1.512888,0.000000,0.000000,0.000000,0.012361,0.051459,0.005236,0.997790,0.006076,-0.066162,0.000412,0.034580,0.023285,0.002906,-0.099970,-0.159779,-0.091370,23.938757,23.938757,23.911164,0.507797,2.920612,-0.091917,-0.402701,0.950387
23.300000,1,0,0,2.400000,9.810000,0.900000,30.000000,60.000000,6.000000,0.000000,0.000000,1.500000,0.062316,0.006919,1.513032,0.000000,0.000000,0.000000,0.003882,0.042410,0.000597,0.997817,0.006859,-0.065674,0.000540,0.028496,0.015838,0.002971,-0.111170,-0.190003,-0.091708,23.911164,23.911164,23.884125,0.507223,2.866828,-0.127015,-0.378753,0.947964
23.350000,1,0,0,2.400000,9.810000,0.900000,30.000000,60.000000,6.000000,0.000000,0.000000,1.500000,0.062298,0.008749,1.512955,0.000000,0.000000,0.000000,-0.004535,0.030353,-0.003619,0.997833,0.007482,-0.065371,0.000659,0.021818,0.008491,0.003058,-0.108926,-0.281545,-0.041292,23.884125,23.884125,23.857630,0.506660,2.854233,-0.317009,-0.232421,0.945663
23.400000,1,0,0,2.400000,9.810000,0.900000,30.000000,60.000000,6.000000,0.000000,0.000000,1.500000,0.061873,0.009917,1.512680,0.000000,0.000000,0.000000,-0.012356,0.016084,-0.007252,0.997837,0.007935,-0.065246,0.000767,0.014890,0.001633,0.003153,-0.116850,-0.321206,-0.052816,23.857630,23.857630,23.831627,0.506108,2.825784,-0.390697,-0.234255,0.943536
23.450000,1,0,0,2.400000,9.810000,0.900000,30.000000,60.000000,6.000000,0.000000,0.000000,1.500000,0.061081,0.010336,1.512242,0.000000,0.000000,0.000000,-0.019080,0.000580,-0.010170,0.997833,0.008216,-0.065283,0.000865,0.008063,-0.004378,0.003241,-0.061403,-0.340237,-0.006521,23.831627,23.831627,23.806034,0.505565,2.957156,-0.423139,-0.096924,0.941624
23.500000,1,0,0,2.400000,9.810000,0.900000,30.000000,60.000000,6.000000,0.000000,0.000000,1.500000,0.059990,0.009972,1.511677,0.000000,0.000000,0.000000,-0.024264,-0.015086,-0.012273,0.997820,0.008331,-0.065456,0.000953,0.001677,-0.009234,0.003311,-0.061089,-0.337823,-0.000857,23.806034,23.806034,23.780747,0.505028,2.962719,-0.412025,-0.056792,0.939965
23.550000,1,0,0,2.400000,9.810000,0.900000,30.000000,60.000000,6.000000,0.000000,0.000000,1.500000,0.058686,0.008843,1.511029,0.000000,0.000000,0.000000,-0.027547,-0.029825,-0.013498,0.997802,0.008295,-0.065733,0.001032,-0.003965,-0.012690,0.003353,-0.043512,-0.272311,0.019470,23.780747,23.780747,23.755647,0.504495,3.014673,-0.256656,0.018761,0.938585
23.600000,1,0,0,2.400000,9.810000,0.900000,30.000000,60.000000,6.000000,0.000000,0.000000,1.500000,0.057272,0.007022,1.510342,0.000000,0.000000,0.000000,-0.028672,-0.042623,-0.013819,0.997781,0.008131,-0.066078,0.001103,-0.008613,-0.014586,0.003363,0.009210,-0.230892,0.022225,23.755647,23.755647,23.730605,0.503963,3.154156,-0.165229,0.052283,0.937501
23.650000,1,0,0,2.400000,9.810000,0.900000,30.000000,60.000000,6.000000,0.000000,0.000000,1.500000,0.055858,0.004628,1.509662,0.000000,0.000000,0.000000,-0.027493,-0.052619,-0.013256,0.997758,0.007865,-0.066449,0.001166,-0.012088,-0.014847,0.003339,0.054530,-0.228563,0.035707,23.730605,23.730605,23.705490,0.503430,3.277134,-0.172431,0.111595,0.936719
23.700000,1,0,0,2.400000,9.810000,0.900000,30.000000,60.000000,6.000000,0.000000,0.000000,1.500000,0.054561,0.001818,1.509030,0.000000,0.000000,0.000000,-0.023991,-0.059179,-0.011864,0.997737,0.007528,-0.066807,0.001224,-0.014289,-0.013491,0.003287,0.119944,-0.129420,0.030502,23.705490,23.705490,23.680180,0.502892,3.447649,0.049379,0.126007,0.936235
23.750000,1,0,0,2.400000,9.810000,0.900000,30.000000,60.000000,6.000000,0.000000,0.000000,1.500000,0.053496,-0.001227,1.508488,0.000000,0.000000,0.000000,-0.018270,-0.061944,-0.009737,0.997719,0.007153,-0.067112,0.001278,-0.015201,-0.010629,0.003211,0.139586,-0.050361,0.077364,23.680180,23.680180,23.654567,0.502348,3.505768,0.221176,0.265229,0.936032
23.800000,1,0,0,2.400000,9.810000,0.900000,30.000000,60.000000,6.000000,0.000000,0.000000,1.500000,0.052767,-0.004312,1.508067,0.000000,0.000000,0.000000,-0.010553,-0.060855,-0.007003,0.997707,0.006770,-0.067328,0.001330,-0.014893,-0.006456,0.003120,0.171169,0.035097,0.073071,23.654567,23.654567,23.628574,0.501796,3.588329,0.408015,0.281429,0.936088
23.850000,1,0,0,2.400000,9.810000,0.900000,30.000000,60.000000,6.000000,0.000000,0.000000,1.500000,0.052468,-0.007252,1.507795,0.000000,0.000000,0.000000,-0.001171,-0.056163,-0.003815,0.997703,0.006409,-0.067427,0.001382,-0.013518,-0.001242,0.003020,0.209273,0.098459,0.072572,23.628574,23.628574,23.602164,0.501235,3.680939,0.542859,0.306391,0.936367
23.900000,1,0,0,2.400000,9.810000,0.900000,30.000000,60.000000,6.000000,0.000000,0.000000,1.500000,0.052671,-0.009877,1.507690,0.000000,0.000000,0.000000,0.009452,-0.048405,-0.000348,0.997707,0.006093,-0.067386,0.001435,-0.011294,0.004682,0.002916,0.225597,0.153844,0.071547,23.602164,23.602164,23.575356,0.500666,3.714657,0.660726,0.329652,0.936828
23.950000,1,0,0,2.400000,9.810000,0.900000,30.000000,60.000000,6.000000,0.000000,0.000000,1.500000,0.053426,-0.012054,1.507762,0.000000,0.000000,0.000000,0.020828,-0.038358,0.003211,0.997722,0.005840,-0.067193,0.001491,-0.008496,0.010946,0.002812,0.225056,0.182835,0.086385,23.575356,23.575356,23.548232,0.500090,3.700687,0.718249,0.390455,0.937423
24.000000,1,0,0,2.400000,9.810000,0.900000,30.000000,60.000000,6.000000,0.000000,0.000000,1.500000,0.054757,-0.013691,1.508009,0.000000,0.000000,0.000000,0.032421,-0.026980,0.006670,0.997746,0.005661,-0.066842,0.001550,-0.005433,0.017158,0.002711,0.243126,0.227430,0.025772,23.548232,23.548232,23.520943,0.499510,3.724028,0.816708,0.269551,0.938101
24.050000,1,0,0,2.400000,9.810000,0.900000,30.000000,60.000000,6.000000,0.000000,0.000000,1.500000,0.056663,-0.014747,1.508424,0.000000,0.000000,0.000000,0.043682,-0.015325,0.009842,0.997780,0.005558,-0.066341,0.001613,-0.002431,0.022929,0.002613,0.240214,0.206677,0.044350,23.520943,23.520943,23.493709,0.498932,3.689994,0.761927,0.337991,0.938807
24.100000,1,0,0,2.400000,9.810000,0.900000,30.000000,60.000000,6.000000,0.000000,0.000000,1.500000,0.059111,-0.015237,1.508986,0.000000,0.000000,0.000000,0.054075,-0.004463,0.012554,0.997822,0.005526,-0.065706,0.001679,0.000192,0.027892,0.002520,0.194996,0.159431,0.042206,23.493709,23.493709,23.466811,0.498361,3.548186,0.646891,0.355878,0.939487
24.150000,1,0,0,2.400000,9.810000,0.900000,30.000000,60.000000,6.000000,0.000000,0.000000,1.500000,0.062047,-0.015224,1.509669,0.000000,0.000000,0.000000,0.063103,0.004611,0.014650,0.997871,0.005551,-0.064960,0.001746,0.002148,0.031721,0.002434,0.165448,0.109530,0.062938,23.466811,23.466811,23.440579,0.497804,3.438941,0.528183,0.427737,0.940088
24.200000,1,0,0,2.400000,9.810000,0.900000,30.000000,60.000000,6.000000,0.000000,0.000000,1.500000,0.065392,-0.014819,1.510439,0.000000,0.000000,0.000000,0.070337,0.011059,0.016004,0.997924,0.005615,-0.064135,0.001815,0.003194,0.034156,0.002359,0.093591,0.027943,0.101278,23.440579,23.440579,23.415373,0.497268,3.224641,0.335195,0.540805,0.940560
24.250000,1,0,0,2.400000,9.810000,0.900000,30.000000,60.000000,6.000000,0.000000,0.000000,1.500000,0.069045,-0.014172,1.511255,0.000000,0.000000,0.000000,0.075438,0.014263,0.016523,0.997978,0.005691,-0.063269,0.001883,0.003154,0.035009,0.002298,0.055824,-0.024537,0.103505,23.415373,23.415373,23.391568,0.496763,3.090439,0.212662,0.566020,0.940861
24.300000,1,0,0,2.400000,9.810000,0.900000,30.000000,60.000000,6.000000,0.000000,0.000000,1.500000,0.072896,-0.013453,1.512076,0.000000,0.000000,0.000000,0.078172,0.013884,0.016149,0.998033,0.005752,-0.062403,0.001949,0.001927,0.034181,0.002254,-0.006779,-0.099372,0.071112,23.391568,23.391568,23.369529,0.496295,2.896866,0.035745,0.506828,0.940954
24.350000,1,0,0,2.400000,9.810000,0.900000,30.000000,60.000000,6.000000,0.000000,0.000000,1.500000,0.076821,-0.012844,1.512855,0.000000,0.000000,0.000000,0.078426,0.009882,0.014866,0.998084,0.005767,-0.061578,0.002011,-0.000505,0.031665,0.002230,-0.071904,-0.156384,0.084075,23.369529,23.369529,23.349599,0.495872,2.699483,-0.100520,0.555034,0.940812
24.400000,1,0,0,2.400000,9.810000,0.900000,30.000000,60.000000,6.000000,0.000000,0.000000,1.500000,0.080697,-0.012521,1.513548,0.000000,0.000000,0.000000,0.076209,0.002525,0.012698,0.998129,0.005707,-0.060837,0.002068,-0.004073,0.027545,0.002227,-0.102367,-0.196439,0.042373,23.349599,23.349599,23.332083,0.495500,2.589482,-0.199573,0.470456,0.940416
24.450000,1,0,0,2.400000,9.810000,0.900000,30.000000,60.000000,6.000000,0.000000,0.000000,1.500000,0.084403,-0.012638,1.514111,0.000000,0.000000,0.000000,0.071657,-0.007635,0.009709,0.998168,0.005546,-0.060217,0.002117,-0.008628,0.021995,0.002241,-0.129279,-0.275033,0.035472,23.332083,23.332083,23.317239,0.495184,2.493989,-0.395825,0.467691,0.939759
24.500000,1,0,0,2.400000,9.810000,0.900000,30.000000,60.000000,6.000000,0.000000,0.000000,1.500000,0.087828,-0.013318,1.514507,0.000000,0.000000,0.000000,0.065020,-0.019806,0.005998,0.998197,0.005261,-0.059750,0.002159,-0.013945,0.015267,0.002266,-0.148251,-0.282334,-0.007040,23.317239,23.317239,23.305277,0.494930,2.425074,-0.426690,0.377646,0.938843
24.550000,1,0,0,2.400000,9.810000,0.900000,30.000000,60.000000,6.000000,0.000000,0.000000,1.500000,0.090876,-0.014637,1.514701,0.000000,0.000000,0.000000,0.056655,-0.033022,0.001699,0.998216,0.004837,-0.059464,0.002193,-0.019745,0.007678,0.002291,-0.151187,-0.284790,-0.039124,23.305277,23.305277,23.296350,0.494741,2.403358,-0.452360,0.310728,0.937682
24.600000,1,0,0,2.400000,9.810000,0.900000,30.000000,60.000000,6.000000,0.000000,0.000000,1.500000,0.093472,-0.016620,1.514669,0.000000,0.000000,0.000000,0.047002,-0.046215,-0.003028,0.998224,0.004266,-0.059374,0.002217,-0.025703,-0.000408,0.002305,-0.164648,-0.265535,-0.065472,23.296350,23.296350,23.290562,0.494618,2.365889,-0.432721,0.255617,0.936300
24.650000,1,0,0,2.400000,9.810000,0.900000,30.000000,60.000000,6.000000,0.000000,0.000000,1.500000,0.095563,-0.019240,1.514394,0.000000,0.000000,0.000000,0.036564,-0.058312,-0.008004,0.998220,0.003549,-0.059488,0.002231,-0.031478,-0.008598,0.002297,-0.166524,-0.230712,-0.074773,23.290562,23.290562,23.287960,0.494563,2.366080,-0.382505,0.239414,0.934729
24.700000,1,0,0,2.400000,9.810000,0.900000,30.000000,60.000000,6.000000,0.000000,0.000000,1.500000,0.097124,-0.022416,1.513868,0.000000,0.000000,0.000000,0.025878,-0.068311,-0.013037,0.998204,0.002694,-0.059805,0.002236,-0.036727,-0.016493,0.002257,-0.127939,-0.196190,-0.069917,23.287960,23.287960,23.288539,0.494575,2.473120,-0.339386,0.255160,0.933011
24.750000,1,0,0,2.400000,9.810000,0.900000,30.000000,60.000000,6.000000,0.000000,0.000000,1.500000,0.098156,-0.026022,1.513093,0.000000,0.000000,0.000000,0.015492,-0.075372,-0.017932,0.998176,0.001718,-0.060310,0.002232,-0.041131,-0.023711,0.002181,-0.151765,-0.118192,-0.088447,23.288539,23.288539,23.292236,0.494653,2.439543,-0.197514,0.212742,0.931193
24.800000,1,0,0,2.400000,9.810000,0.900000,30.000000,60.000000,6.000000,0.000000,0.000000,1.500000,0.098687,-0.029894,1.512080,0.000000,0.000000,0.000000,0.005930,-0.078877,-0.022499,0.998136,0.000646,-0.060984,0.002219,-0.044413,-0.029906,0.002067,-0.099045,0.042689,-0.064933,23.292236,23.292236,23.298929,0.494795,2.597850,0.138817,0.269196,0.929328
24.850000,1,0,0,2.400000,9.810000,0.900000,30.000000,60.000000,6.000000,0.000000,0.000000,1.500000,0.098771,-0.033844,1.510851,0.000000,0.000000,0.000000,-0.002331,-0.078488,-0.026561,0.998086,-0.000490,-0.061797,0.002199,-0.046360,-0.034787,0.001921,-0.052417,0.143103,-0.018997,23.298929,23.298929,23.308433,0.494997,2.748342,0.326978,0.377441,0.927471
24.900000,1,0,0,2.400000,9.810000,0.900000,30.000000,60.000000,6.000000,0.000000,0.000000,1.500000,0.098483,-0.037677,1.509435,0.000000,0.000000,0.000000,-0.008888,-0.074169,-0.029962,0.998028,-0.001657,-0.062713,0.002173,-0.046832,-0.038135,0.001755,-0.039569,0.229132,-0.036607,23.308433,23.308433,23.320502,0.495254,2.822897,0.479180,0.331175,0.925680
24.950000,1,0,0,2.400000,9.810000,0.900000,30.000000,60.000000,6.000000,0.000000,0.000000,1.500000,0.097916,-0.041200,1.507868,0.000000,0.000000,0.000000,-0.013431,-0.066193,-0.032575,0.997963,-0.002816,-0.063691,0.002144,-0.045772,-0.039815,0.001582,-0.058668,0.270044,-0.015682,23.320502,23.320502,23.334835,0.495558,2.824037,0.523405,0.375432,0.924009
25.000000,1,0,0,2.400000,9.810000,0.900000,30.000000,60.000000,6.000000,0.000000,0.000000,1.500000,0.097176,-0.044244,1.506192,0.000000,0.000000,0.000000,-0.015763,-0.055116,-0.034305,0.997895,-0.003929,-0.064690,0.002113,-0.043214,-0.039783,0.001418,0.029554,0.328879,0.003833,23.334835,23.334835,23.351083,0.495903,3.084005,0.612698,0.414385,0.922510
25.050000,1,0,0,2.400000,9.810000,0.900000,30.000000,60.000000,6.000000,0.000000,0.000000,1.500000,0.096378,-0.046673,1.504453,0.000000,0.000000,0.000000,-0.015804,-0.041738,-0.035096,0.997827,-0.004961,-0.065666,0.002084,-0.039275,-0.038089,0.001276,0.041553,0.292854,0.003856,23.351083,23.351083,23.368869,0.496281,3.160305,0.478055,0.404704,0.921233
25.100000,1,0,0,2.400000,9.810000,0.900000,30.000000,60.000000,6.000000,0.000000,0.000000,1.500000,0.095633,-0.048396,1.502699,0.000000,0.000000,0.000000,-0.013601,-0.027032,-0.034929,0.997762,-0.005879,-0.066581,0.002058,-0.034152,-0.034871,0.001167,0.064608,0.294875,-0.007724,23.368869,23.368869,23.387805,0.496683,3.260504,0.439944,0.365398,0.920216
25.150000,1,0,0,2.400000,9.810000,0.900000,30.000000,60.000000,6.000000,0.000000,0.000000,1.500000,0.095052,-0.049372,1.500976,0.000000,0.000000,0.000000,-0.009323,-0.012073,-0.033830,0.997702,-0.006657,-0.067398,0.002039,-0.028108,-0.030353,0.001095,0.118452,0.281628,0.027392,23.387805,23.387805,23.407522,0.497102,3.430271,0.371647,0.436489,0.919493
25.200000,1,0,0,2.400000,9.810000,0.900000,30.000000,60.000000,6.000000,0.000000,0.000000,1.500000,0.094731,-0.049617,1.499330,0.000000,0.000000,0.000000,-0.003252,0.002057,-0.031861,0.997651,-0.007277,-0.068089,0.002029,-0.021457,-0.024825,0.001059,0.126879,0.276485,0.041400,23.407522,23.407522,23.427690,0.497530,3.485312,0.330164,0.455358,0.919088
25.250000,1,0,0,2.400000,9.810000,0.900000,30.000000,60.000000,6.000000,0.000000,0.000000,1.500000,0.094751,-0.049197,1.497803,0.000000,0.000000,0.000000,0.004234,0.014349,-0.029124,0.997610,-0.007727,-0.068633,0.002028,-0.014543,-0.018634,0.001053,0.102866,0.234747,0.093568,23.427690,23.427690,23.448044,0.497962,3.455746,0.208745,0.564382,0.919013
25.300000,1,0,0,2.400000,9.810000,0.900000,30.000000,60.000000,6.000000,0.000000,0.000000,1.500000,0.095170,-0.048227,1.496429,0.000000,0.000000,0.000000,0.012675,0.023951,-0.025751,0.997581,-0.008005,-0.069017,0.002039,-0.007718,-0.012160,0.001067,0.183610,0.224715,0.119621,23.448044,23.448044,23.468401,0.498395,3.670247,0.171430,0.609436,0.919270
25.350000,1,0,0,2.400000,9.810000,0.900000,30.000000,60.000000,6.000000,0.000000,0.000000,1.500000,0.096026,-0.046858,1.495236,0.000000,0.000000,0.000000,0.021561,0.030239,-0.021900,0.997565,-0.008118,-0.069241,0.002060,-0.001321,-0.005797,0.001086,0.169261,0.136412,0.127771,23.468401,23.468401,23.488671,0.498825,3.649035,-0.046006,0.610371,0.919851
25.400000,1,0,0,2.400000,9.810000,0.900000,30.000000,60.000000,6.000000,0.000000,0.000000,1.500000,0.097325,-0.045265,1.494243,0.000000,0.000000,0.000000,0.030354,0.032863,-0.017751,0.997560,-0.008080,-0.069310,0.002090,0.004341,0.000069,0.001100,0.189846,0.051603,0.162200,23.488671,23.488671,23.508856,0.499254,3.704499,-0.247995,0.673353,0.920737
25.450000,1,0,0,2.400000,9.810000,0.900000,30.000000,60.000000,6.000000,0.000000,0.000000,1.500000,0.099051,-0.043633,1.493462,0.000000,0.000000,0.000000,0.038516,0.031777,-0.013493,0.997566,-0.007913,-0.069243,0.002129,0.009018,0.005083,0.001096,0.177700,-0.040820,0.132324,23.508856,23.508856,23.529044,0.499682,3.675019,-0.462188,0.581099,0.921900
25.500000,1,0,0,2.400000,9.810000,0.900000,30.000000,60.000000,6.000000,0.000000,0.000000,1.500000,0.101158,-0.042145,1.492893,0.000000,0.000000,0.000000,0.045541,0.027239,-0.009319,0.997580,-0.007644,-0.069065,0.002173,0.012527,0.008938,0.001068,0.169791,-0.141884,0.154697,23.529044,23.529044,23.549397,0.500115,3.650492,-0.692307,0.613446,0.923302
25.550000,1,0,0,2.400000,9.810000,0.900000,30.000000,60.000000,6.000000,0.000000,0.000000,1.500000,0.103578,-0.040958,1.492526,0.000000,0.000000,0.000000,0.050979,0.019794,-0.005418,0.997601,-0.007304,-0.068808,0.002221,0.014762,0.011394,0.001013,0.141441,-0.187201,0.161676,23.549397,23.549397,23.570125,0.500555,3.573202,-0.785245,0.608127,0.924898
25.600000,1,0,0,2.400000,9.810000,0.900000,30.000000,60.000000,6.000000,0.000000,0.000000,1.500000,0.106223,-0.040201,1.492344,0.000000,0.000000,0.000000,0.054459,0.010225,-0.001963,0.997624,-0.006923,-0.068508,0.002270,0.015707,0.012293,0.000929,0.114322,-0.207654,0.110540,23.570125,23.570125,23.591471,0.501008,3.496917,-0.816628,0.462675,0.926638
25.650000,1,0,0,2.400000,9.810000,0.900000,30.000000,60.000000,6.000000,0.000000,0.000000,1.500000,0.108987,-0.039955,1.492320,0.000000,0.000000,0.000000,0.055714,-0.000509,0.000894,0.997647,-0.006535,-0.068206,0.002316,0.015428,0.011562,0.000822,0.072686,-0.212039,0.062693,23.591471,23.591471,23.613683,0.501480,3.385744,-0.809043,0.324505,0.928467
25.700000,1,0,0,2.400000,9.810000,0.900000,30.000000,60.000000,6.000000,0.000000,0.000000,1.500000,0.111755,-0.040253,1.492421,0.000000,0.000000,0.000000,0.054588,-0.011355,0.003028,0.997667,-0.006167,-0.067942,0.002359,0.014073,0.009223,0.000696,-0.006021,-0.198839,-0.003280,23.613683,23.613683,23.636996,0.501975,3.187494,-0.760206,0.142251,0.930329
25.750000,1,0,0,2.400000,9.810000,0.900000,30.000000,60.000000,6.000000,0.000000,0.000000,1.500000,0.114405,-0.041075,1.492609,0.000000,0.000000,0.000000,0.051049,-0.021249,0.004349,0.997682,-0.005843,-0.067756,0.002395,0.011858,0.005389,0.000554,-0.054674,-0.129378,0.029513,23.636996,23.636996,23.661615,0.502498,3.065137,-0.578434,0.196481,0.932168
25.800000,1,0,0,2.400000,9.810000,0.900000,30.000000,60.000000,6.000000,0.000000,0.000000,1.500000,0.116821,-0.042346,1.492841,0.000000,0.000000,0.000000,0.045190,-0.029203,0.004803,0.997688,-0.005583,-0.067683,0.002425,0.009058,0.000260,0.000403,-0.155399,-0.127074,0.021670,23.661615,23.661615,23.687700,0.503052,2.823250,-0.560785,0.152653,0.933929
25.850000,1,0,0,2.400000,9.810000,0.900000,30.000000,60.000000,6.000000,0.000000,0.000000,1.500000,0.118889,-0.043949,1.493074,0.000000,0.000000,0.000000,0.037226,-0.034389,0.004377,0.997685,-0.005395,-0.067751,0.002446,0.005981,-0.005892,0.000244,-0.174767,-0.063414,-0.007710,23.687700,23.687700,23.715357,0.503639,2.783473,-0.399348,0.056636,0.935563
25.900000,1,0,0,2.400000,9.810000,0.900000,30.000000,60.000000,6.000000,0.000000,0.000000,1.500000,0.120513,-0.045729,1.493265,0.000000,0.000000,0.000000,0.027478,-0.036206,0.003099,0.997670,-0.005284,-0.067982,0.002459,0.002951,-0.012734,0.000081,-0.223332,0.003215,-0.034365,23.715357,23.715357,23.744633,0.504261,2.681527,-0.234393,-0.033307,0.937025
25.950000,1,0,0,2.400000,9.810000,0.900000,30.000000,60.000000,6.000000,0.000000,0.000000,1.500000,0.121614,-0.047508,1.493371,0.000000,0.000000,0.000000,0.016363,-0.034329,0.001036,0.997642,-0.005244,-0.068388,0.002463,0.000287,-0.019892,-0.000086,-0.185818,0.129381,-0.062006,23.744633,23.744633,23.775507,0.504916,2.794700,0.070087,-0.126038,0.938279
26.000000,1,0,0,2.400000,9.810000,0.900000,30.000000,60.000000,6.000000,0.000000,0.000000,1.500000,0.122135,-0.049099,1.493357,0.000000,0.000000,0.000000,0.004368,-0.028735,-0.001710,0.997602,-0.005261,-0.068973,0.002461,-0.001721,-0.026973,-0.000255,-0.225089,0.207549,-0.048913,23.775507,23.775507,23.807888,0.505604,2.732286,0.256605,-0.121367,0.939297
26.050000,1,0,0,2.400000,9.810000,0.900000,30.000000,60.000000,6.000000,0.000000,0.000000,1.500000,0.122045,-0.050324,1.493191,0.000000,0.000000,0.000000,-0.007974,-0.019709,-0.005004,0.997549,-0.005318,-0.069730,0.002452,-0.002827,-0.033584,-0.000421,-0.181810,0.274809,-0.065225,23.807888,23.807888,23.841615,0.506320,2.876386,0.415096,-0.187562,0.940062
26.100000,1,0,0,2.400000,9.810000,0.900000,30.000000,60.000000,6.000000,0.000000,0.000000,1.500000,0.121341,-0.051022,1.492850,0.000000,0.000000,0.000000,-0.020112,-0.007819,-0.008686,0.997484,-0.005388,-0.070642,0.002440,-0.002853,-0.039355,-0.000581,-0.165022,0.363465,-0.105534,23.841615,23.841615,23.876452,0.507060,2.964529,0.624272,-0.311561,0.940565
26.150000,1,0,0,2.400000,9.810000,0.900000,30.000000,60.000000,6.000000,0.000000,0.000000,1.500000,0.120046,-0.051071,1.492319,0.000000,0.000000,0.000000,-0.031502,0.006129,-0.012575,0.997410,-0.005443,-0.071684,0.002425,-0.001695,-0.043960,-0.000727,-0.153344,0.371409,-0.103453,23.876452,23.876452,23.912091,0.507817,3.046837,0.640418,-0.333944,0.940811
26.200000,1,0,0,2.400000,9.810000,0.900000,30.000000,60.000000,6.000000,0.000000,0.000000,1.500000,0.118212,-0.050391,1.491592,0.000000,0.000000,0.000000,-0.041643,0.021154,-0.016483,0.997327,-0.005454,-0.072823,0.002410,0.000669,-0.047135,-0.000854,-0.170562,0.375913,-0.100859,23.912091,23.912091,23.948159,0.508583,3.064652,0.650429,-0.355112,0.940811
26.250000,1,0,0,2.400000,9.810000,0.900000,30.000000,60.000000,6.000000,0.000000,0.000000,1.500000,0.115910,-0.048956,1.490674,0.000000,0.000000,0.000000,-0.050093,0.036180,-0.020218,0.997239,-0.005392,-0.074021,0.002398,0.004172,-0.048692,-0.000956,-0.097482,0.318090,-0.114500,23.948159,23.948159,23.984227,0.509349,3.302194,0.514384,-0.415141,0.940591
26.300000,1,0,0,2.400000,9.810000,0.900000,30.000000,60.000000,6.000000,0.000000,0.000000,1.500000,0.113236,-0.046791,1.489577,0.000000,0.000000,0.000000,-0.056501,0.050124,-0.023593,0.997149,-0.005229,-0.075236,0.002392,0.008669,-0.048530,-0.001027,-0.034768,0.306422,-0.094245,23.984227,23.984227,24.019820,0.510105,3.515818,0.493943,-0.393580,0.940184
26.350000,1,0,0,2.400000,9.810000,0.900000,30.000000,60.000000,6.000000,0.000000,0.000000,1.500000,0.110299,-0.043978,1.488323,0.000000,0.000000,0.000000,-0.060619,0.061982,-0.026437,0.997060,-0.004944,-0.076425,0.002393,0.013939,-0.046638,-0.001068,0.016951,0.282397,-0.049308,24.019820,24.019820,24.054445,0.510840,3.701890,0.449752,-0.312395,0.939628
26.400000,1,0,0,2.400000,9.810000,0.900000,30.000000,60.000000,6.000000,0.000000,0.000000,1.500000,0.107215,-0.040642,1.486944,0.000000,0.000000,0.000000,-0.062318,0.070907,-0.028601,0.996976,-0.004520,-0.077546,0.002404,0.019702,-0.043100,-0.001083,0.076949,0.215427,-0.051002,24.054445,24.054445,24.087605,0.511544,3.904563,0.309189,-0.342572,0.938972
26.450000,1,0,0,2.400000,9.810000,0.900000,30.000000,60.000000,6.000000,0.000000,0.000000,1.500000,0.104107,-0.036947,1.485477,0.000000,0.000000,0.000000,-0.061592,0.076284,-0.029965,0.996899,-0.003951,-0.078559,0.002425,0.025638,-0.038089,-0.001080,0.065867,0.121905,-0.028886,24.087605,24.087605,24.118830,0.512208,3.931411,0.112021,-0.314865,0.938267
26.500000,1,0,0,2.400000,9.810000,0.900000,30.000000,60.000000,6.000000,0.000000,0.000000,1.500000,0.101094,-0.033079,1.483963,0.000000,0.000000,0.000000,-0.058559,0.077774,-0.030442,0.996832,-0.003235,-0.079431,0.002458,0.031404,-0.031854,-0.001068,0.121629,0.026305,-0.019955,24.118830,24.118830,24.147696,0.512821,4.111735,-0.082996,-0.317869,0.937566
26.550000,1,0,0,2.400000,9.810000,0.900000,30.000000,60.000000,6.000000,0.000000,0.000000,1.500000,0.098286,-0.029235,1.482448,0.000000,0.000000,0.000000,-0.053457,0.075340,-0.029985,0.996778,-0.002382,-0.080136,0.002502,0.036656,-0.024712,-0.001063,0.171569,-0.065008,0.020053,24.147696,24.147696,24.173851,0.513376,4.269764,-0.260983,-0.245155,0.936926
26.600000,1,0,0,2.400000,9.810000,0.900000,30.000000,60.000000,6.000000,0.000000,0.000000,1.500000,0.095777,-0.025606,1.480980,0.000000,0.000000,0.000000,-0.046628,0.069256,-0.028585,0.996738,-0.001408,-0.080654,0.002554,0.041075,-0.017026,-0.001075,0.157000,-0.139815,0.070408,24.173851,24.173851,24.197031,0.513868,4.263686,-0.393423,-0.146272,0.936397
26.650000,1,0,0,2.400000,9.810000,0.900000,30.000000,60.000000,6.000000,0.000000,0.000000,1.500000,0.093645,-0.022361,1.479605,0.000000,0.000000,0.000000,-0.038500,0.060079,-0.026275,0.996712,-0.000337,-0.080978,0.002614,0.044384,-0.009187,-0.001114,0.173710,-0.212733,0.098077,24.197031,24.197031,24.217067,0.514294,4.322903,-0.516577,-0.100302,0.936031
26.700000,1,0,0,2.400000,9.810000,0.900000,30.000000,60.000000,6.000000,0.000000,0.000000,1.500000,0.091941,-0.019636,1.478366,0.000000,0.000000,0.000000,-0.029567,0.048604,-0.023127,0.996701,0.000799,-0.081108,0.002678,0.046364,-0.001593,-0.001185,0.140155,-0.245561,0.115727,24.217067,24.217067,24.233890,0.514651,4.251708,-0.540252,-0.076667,0.935872
26.750000,1,0,0,2.400000,9.810000,0.900000,30.000000,60.000000,6.000000,0.000000,0.000000,1.500000,0.090693,-0.017523,1.477304,0.000000,0.000000,0.000000,-0.020361,0.035801,-0.019249,0.996704,0.001966,-0.081056,0.002742,0.046873,0.005375,-0.001289,0.138095,-0.242999,0.132126,24.233890,24.233890,24.247528,0.514941,4.246826,-0.477444,-0.054163,0.935957
26.800000,1,0,0,2.400000,9.810000,0.900000,30.000000,60.000000,6.000000,0.000000,0.000000,1.500000,0.089900,-0.016061,1.476451,0.000000,0.000000,0.000000,-0.011422,0.022736,-0.014781,0.996718,0.003127,-0.080842,0.002803,0.045851,0.011370,-0.001419,0.118606,-0.260600,0.139406,24.247528,24.247528,24.258095,0.515165,4.191791,-0.463318,-0.051545,0.936315
26.850000,1,0,0,2.400000,9.810000,0.900000,30.000000,60.000000,6.000000,0.000000,0.000000,1.500000,0.089537,-0.015236,1.475833,0.000000,0.000000,0.000000,-0.003275,0.010482,-0.009888,0.996742,0.004243,-0.080493,0.002857,0.043329,0.016105,-0.001563,0.096927,-0.235393,0.162535,24.258095,24.258095,24.265778,0.515328,4.124543,-0.348607,-0.008792,0.936966
26.900000,1,0,0,2.400000,9.810000,0.900000,30.000000,60.000000,6.000000,0.000000,0.000000,1.500000,0.089552,-0.014982,1.475466,0.000000,0.000000,0.000000,0.003603,0.000036,-0.004753,0.996773,0.005279,-0.080045,0.002902,0.039419,0.019360,-0.001710,0.103938,-0.153715,0.161202,24.265778,24.265778,24.270818,0.515435,4.120881,-0.102291,-0.022589,0.937918
26.950000,1,0,0,2.400000,9.810000,0.900000,30.000000,60.000000,6.000000,0.000000,0.000000,1.500000,0.089869,-0.015188,1.475359,0.000000,0.000000,0.000000,0.008805,-0.007767,0.000431,0.996808,0.006202,-0.079536,0.002934,0.034317,0.021001,-0.001844,0.043333,-0.120284,0.141728,24.270818,24.270818,24.273496,0.515492,3.951589,0.022722,-0.077734,0.939171
27.000000,1,0,0,2.400000,9.810000,0.900000,30.000000,60.000000,6.000000,0.000000,0.000000,1.500000,0.090399,-0.015704,1.475507,0.000000,0.000000,0.000000,0.012017,-0.012319,0.005468,0.996845,0.006986,-0.079007,0.002952,0.028284,0.020985,-0.001955,-0.003219,0.000945,0.104331,24.273496,24.273496,24.274113,0.515505,3.814703,0.351646,-0.173700,0.940711
27.050000,1,0,0,2.400000,9.810000,0.900000,30.000000,60.000000,6.000000,0.000000,0.000000,1.500000,0.091034,-0.016360,1.475900,0.000000,0.000000,0.000000,0.013034,-0.013286,0.010170,0.996881,0.007611,-0.078498,0.002955,0.021630,0.019361,-0.002033,-0.037867,0.039139,0.081572,24.274113,24.274113,24.272979,0.515481,3.707095,0.473537,-0.232375,0.942516
27.100000,1,0,0,2.400000,9.810000,0.900000,30.000000,60.000000,6.000000,0.000000,0.000000,1.500000,0.091664,-0.016973,1.476516,0.000000,0.000000,0.000000,0.011772,-0.010639,0.014364,0.996912,0.008066,-0.078050,0.002943,0.014700,0.016269,-0.002077,-0.107118,0.077564,0.067115,24.272979,24.272979,24.270392,0.515426,3.519066,0.587691,-0.269014,0.944555
27.150000,1,0,0,2.400000,9.810000,0.900000,30.000000,60.000000,6.000000,0.000000,0.000000,1.500000,0.092174,-0.017368,1.477325,0.000000,0.000000,0.000000,0.008269,-0.004656,0.017899,0.996938,0.008350,-0.077695,0.002916,0.007845,0.011929,-0.002088,-0.152516,0.099397,0.030411,24.270392,24.270392,24.266634,0.515346,3.392597,0.653621,-0.357005,0.946787
27.200000,1,0,0,2.400000,9.810000,0.900000,30.000000,60.000000,6.000000,0.000000,0.000000,1.500000,0.092456,-0.017392,1.478292,0.000000,0.000000,0.000000,0.002688,0.004106,0.020654,0.996955,0.008467,-0.077461,0.002875,0.001405,0.006634,-0.002075,-0.139266,0.131937,0.026611,24.266634,24.266634,24.261954,0.515247,3.412570,0.737154,-0.364077,0.949164
27.250000,1,0,0,2.400000,9.810000,0.900000,30.000000,60.000000,6.000000,0.000000,0.000000,1.500000,0.092413,-0.016924,1.479376,0.000000,0.000000,0.000000,-0.004695,0.014849,0.022540,0.996963,0.008433,-0.077368,0.002821,-0.004312,0.000729,-0.002046,-0.121642,0.201581,-0.010422,24.261954,24.261954,24.256558,0.515132,3.449704,0.902349,-0.449060,0.951633
27.300000,1,0,0,2.400000,9.810000,0.900000,30.000000,60.000000,6.000000,0.000000,0.000000,1.500000,0.091963,-0.015890,1.480531,0.000000,0.000000,0.000000,-0.013506,0.026607,0.023510,0.996960,0.008268,-0.077426,0.002757,-0.009052,-0.005407,-0.002015,-0.135414,0.179815,-0.011019,24.256558,24.256558,24.250603,0.515006,3.418674,0.841818,-0.444860,0.954139
27.350000,1,0,0,2.400000,9.810000,0.900000,30.000000,60.000000,6.000000,0.000000,0.000000,1.500000,0.091046,-0.014264,1.481712,0.000000,0.000000,0.000000,-0.023286,0.038317,0.023555,0.996946,0.008000,-0.077637,0.002684,-0.012629,-0.011382,-0.001990,-0.175765,0.155355,-0.032131,24.250603,24.250603,24.244183,0.514870,3.331094,0.769787,-0.488274,0.956623
27.400000,1,0,0,2.400000,9.810000,0.900000,30.000000,60.000000,6.000000,0.000000,0.000000,1.500000,0.089627,-0.012077,1.482872,0.000000,0.000000,0.000000,-0.033526,0.048913,0.022705,0.996921,0.007659,-0.077990,0.002605,-0.014937,-0.016810,-0.001981,-0.189497,0.154912,-0.036700,24.244183,24.244183,24.237325,0.514724,3.314206,0.751851,-0.490490,0.959029
27.450000,1,0,0,2.400000,9.810000,0.900000,30.000000,60.000000,6.000000,0.000000,0.000000,1.500000,0.087695,-0.009408,1.483968,0.000000,0.000000,0.000000,-0.043683,0.057410,0.021034,0.996887,0.007276,-0.078468,0.002522,-0.015954,-0.021338,-0.001991,-0.192845,0.108940,-0.077298,24.237325,24.237325,24.229985,0.514568,3.328161,0.622658,-0.577804,0.961302
27.500000,1,0,0,2.400000,9.810000,0.900000,30.000000,60.000000,6.000000,0.000000,0.000000,1.500000,0.085269,-0.006385,1.484963,0.000000,0.000000,0.000000,-0.053215,0.062981,0.018646,0.996844,0.006884,-0.079045,0.002436,-0.015743,-0.024661,-0.002024,-0.167028,0.058895,-0.104871,24.229985,24.229985,24.222046,0.514400,3.416741,0.483233,-0.632596,0.963393
27.550000,1,0,0,2.400000,9.810000,0.900000,30.000000,60.000000,6.000000,0.000000,0.000000,1.500000,0.082393,-0.003169,1.485823,0.000000,0.000000,0.000000,-0.061606,0.065031,0.015680,0.996796,0.006511,-0.079687,0.002351,-0.014449,-0.026540,-0.002077,-0.136530,0.016771,-0.112894,24.222046,24.222046,24.213324,0.514214,3.519560,0.363758,-0.639320,0.965258
27.600000,1,0,0,2.400000,9.810000,0.900000,30.000000,60.000000,6.000000,0.000000,0.000000,1.500000,0.079135,0.000054,1.486524,0.000000,0.000000,0.000000,-0.068398,0.063244,0.012300,0.996745,0.006183,-0.080355,0.002267,-0.012287,-0.026818,-0.002148,-0.118645,-0.041405,-0.143701,24.213324,24.213324,24.203577,0.514007,3.593240,0.207879,-0.699666,0.966862
27.650000,1,0,0,2.400000,9.810000,0.900000,30.000000,60.000000,6.000000,0.000000,0.000000,1.500000,0.075586,0.003091,1.487049,0.000000,0.000000,0.000000,-0.073206,0.057606,0.008684,0.996693,0.005916,-0.081010,0.002187,-0.009528,-0.025426,-0.002233,-0.099321,-0.136495,-0.157037,24.203577,24.203577,24.192519,0.513772,3.669496,-0.033595,-0.717096,0.968178
27.700000,1,0,0,2.400000,9.810000,0.900000,30.000000,60.000000,6.000000,0.000000,0.000000,1.500000,0.071852,0.005756,1.487392,0.000000,0.000000,0.000000,-0.075749,0.048412,0.005023,0.996646,0.005722,-0.081609,0.002110,-0.006479,-0.022386,-0.002329,-0.037349,-0.233802,-0.160675,24.192519,24.192519,24.179843,0.513503,3.845188,-0.276863,-0.710309,0.969189
27.750000,1,0,0,2.400000,9.810000,0.900000,30.000000,60.000000,6.000000,0.000000,0.000000,1.500000,0.068052,0.007883,1.487554,0.000000,0.000000,0.000000,-0.075856,0.036237,0.001509,0.996605,0.005604,-0.082113,0.002038,-0.003464,-0.017816,-0.002435,-0.015273,-0.282679,-0.096789,24.179843,24.179843,24.165240,0.513193,3.920259,-0.400228,-0.540553,0.969891
27.800000,1,0,0,2.400000,9.810000,0.900000,30.000000,60.000000,6.000000,0.000000,0.000000,1.500000,0.064308,0.009343,1.487548,0.000000,0.000000,0.000000,-0.073481,0.021898,-0.001675,0.996575,0.005558,-0.082485,0.001969,-0.000804,-0.011914,-0.002550,0.020384,-0.304163,-0.090719,24.165240,24.165240,24.148423,0.512836,4.021294,-0.454430,-0.508639,0.970289
27.850000,1,0,0,2.400000,9.810000,0.900000,30.000000,60.000000,6.000000,0.000000,0.000000,1.500000,0.060744,0.010053,1.487395,0.000000,0.000000,0.000000,-0.068702,0.006379,-0.004362,0.996557,0.005571,-0.082697,0.001903,0.001211,-0.004957,-0.002673,0.067281,-0.347787,-0.060560,24.148423,24.148423,24.129156,0.512427,4.141217,-0.558963,-0.417977,0.970396
27.900000,1,0,0,2.400000,9.810000,0.900000,30.000000,60.000000,6.000000,0.000000,0.000000,1.500000,0.057475,0.009979,1.487123,0.000000,0.000000,0.000000,-0.061719,-0.009238,-0.006405,0.996555,0.005623,-0.082726,0.001839,0.002335,0.002720,-0.002802,0.101038,-0.335441,-0.037754,24.129156,24.129156,24.107270,0.511962,4.220432,-0.527311,-0.343984,0.970240
27.950000,1,0,0,2.400000,9.810000,0.900000,30.000000,60.000000,6.000000,0.000000,0.000000,1.500000,0.054603,0.009145,1.486767,0.000000,0.000000,0.000000,-0.052841,-0.023870,-0.007689,0.996568,0.005689,-0.082558,0.001774,0.002384,0.010742,-0.002935,0.149890,-0.284016,-0.029175,24.107270,24.107270,24.082684,0.511440,4.326069,-0.401205,-0.303109,0.969855
28.000000,1,0,0,2.400000,9.810000,0.900000,30.000000,60.000000,6.000000,0.000000,0.000000,1.500000,0.052215,0.007626,1.486368,0.000000,0.000000,0.000000,-0.042475,-0.036512,-0.008134,0.996599,0.005743,-0.082190,0.001705,0.001253,0.018712,-0.003067,0.196490,-0.217822,-0.028110,24.082684,24.082684,24.055413,0.510861,4.416335,-0.240360,-0.279196,0.969281
28.050000,1,0,0,2.400000,9.810000,0.900000,30.000000,60.000000,6.000000,0.000000,0.000000,1.500000,0.050373,0.005541,1.485968,0.000000,0.000000,0.000000,-0.031100,-0.046321,-0.007697,0.996645,0.005753,-0.081628,0.001630,-0.001084,0.026237,-0.003192,0.242503,-0.191422,-0.010327,24.055413,24.055413,24.025575,0.510227,4.495566,-0.177162,-0.214037,0.968568
28.100000,1,0,0,2.400000,9.810000,0.900000,30.000000,60.000000,6.000000,0.000000,0.000000,1.500000,0.049113,0.003051,1.485613,0.000000,0.000000,0.000000,-0.019243,-0.052684,-0.006375,0.996706,0.005690,-0.080888,0.001548,-0.004563,0.032942,-0.003300,0.224312,-0.139317,0.017626,24.025575,24.025575,23.993388,0.509544,4.411893,-0.055825,-0.123323,0.967768
28.150000,1,0,0,2.400000,9.810000,0.900000,30.000000,60.000000,6.000000,0.000000,0.000000,1.500000,0.048447,0.000336,1.485345,0.000000,0.000000,0.000000,-0.007455,-0.055266,-0.004207,0.996779,0.005528,-0.079995,0.001456,-0.009041,0.038502,-0.003385,0.240185,-0.100800,0.043313,23.993388,23.993388,23.959162,0.508817,4.402403,0.028085,-0.036891,0.966935
28.200000,1,0,0,2.400000,9.810000,0.900000,30.000000,60.000000,6.000000,0.000000,0.000000,1.500000,0.048358,-0.002412,1.485205,0.000000,0.000000,0.000000,0.003721,-0.054037,-0.001269,0.996861,0.005244,-0.078981,0.001354,-0.014301,0.042647,-0.003439,0.192198,-0.001335,0.057436,23.959162,23.959162,23.923286,0.508055,4.233687,0.252407,0.022916,0.966123
28.250000,1,0,0,2.400000,9.810000,0.900000,30.000000,60.000000,6.000000,0.000000,0.000000,1.500000,0.048801,-0.005008,1.485229,0.000000,0.000000,0.000000,0.013779,-0.049273,0.002325,0.996950,0.004822,-0.077883,0.001240,-0.020064,0.045188,-0.003457,0.171295,0.033620,0.092553,23.923286,23.923286,23.886209,0.507267,4.125888,0.315304,0.134178,0.965387
28.300000,1,0,0,2.400000,9.810000,0.900000,30.000000,60.000000,6.000000,0.000000,0.000000,1.500000,0.049709,-0.007289,1.485446,0.000000,0.000000,0.000000,0.022271,-0.041532,0.006434,0.997041,0.004253,-0.076743,0.001114,-0.026012,0.046020,-0.003441,0.154080,0.083914,0.131548,23.886209,23.886209,23.848418,0.506465,4.024914,0.408044,0.255725,0.964774
28.350000,1,0,0,2.400000,9.810000,0.900000,30.000000,60.000000,6.000000,0.000000,0.000000,1.500000,0.050996,-0.009125,1.485878,0.000000,0.000000,0.000000,0.028837,-0.031610,0.010889,0.997131,0.003537,-0.075604,0.000978,-0.031802,0.045130,-0.003394,0.108869,0.061371,0.096533,23.848418,23.848418,23.810419,0.505658,3.856838,0.319032,0.200489,0.964328
28.400000,1,0,0,2.400000,9.810000,0.900000,30.000000,60.000000,6.000000,0.000000,0.000000,1.500000,0.052557,-0.010430,1.486538,0.000000,0.000000,0.000000,0.033219,-0.020473,0.015508,0.997216,0.002682,-0.074508,0.000833,-0.037091,0.042599,-0.003326,0.036233,0.128353,0.114098,23.810419,23.810419,23.772712,0.504857,3.625089,0.438369,0.272120,0.964086
28.450000,1,0,0,2.400000,9.810000,0.900000,30.000000,60.000000,6.000000,0.000000,0.000000,1.500000,0.054279,-0.011170,1.487429,0.000000,0.000000,0.000000,0.035275,-0.009181,0.020097,0.997294,0.001705,-0.073493,0.000681,-0.041558,0.038597,-0.003250,-0.025864,0.122458,0.096484,23.772712,23.772712,23.735770,0.504073,3.422676,0.377120,0.259790,0.964075
28.500000,1,0,0,2.400000,9.810000,0.900000,30.000000,60.000000,6.000000,0.000000,0.000000,1.500000,0.056045,-0.011363,1.488544,0.000000,0.000000,0.000000,0.034987,0.001202,0.024462,0.997361,0.000630,-0.072594,0.000523,-0.044923,0.033370,-0.003178,-0.118633,0.125717,0.090513,23.735770,23.735770,23.700022,0.503313,3.152333,0.333328,0.275650,0.964314
28.550000,1,0,0,2.400000,9.810000,0.900000,30.000000,60.000000,6.000000,0.000000,0.000000,1.500000,0.057740,-0.011081,1.489868,0.000000,0.000000,0.000000,0.032463,0.009693,0.028420,0.997416,-0.000514,-0.071838,0.000361,-0.046967,0.027230,-0.003123,-0.172234,0.052574,0.092010,23.700022,23.700022,23.665835,0.502587,2.982960,0.103123,0.309429,0.964809
28.600000,1,0,0,2.400000,9.810000,0.900000,30.000000,60.000000,6.000000,0.000000,0.000000,1.500000,0.059258,-0.010439,1.491376,0.000000,0.000000,0.000000,0.027926,0.015472,0.031801,0.997458,-0.001690,-0.071242,0.000198,-0.047543,0.020540,-0.003094,-0.197898,-0.021637,0.081596,23.665835,23.665835,23.633504,0.501901,2.888479,-0.131035,0.314358,0.965558
28.650000,1,0,0,2.400000,9.810000,0.900000,30.000000,60.000000,6.000000,0.000000,0.000000,1.500000,0.060505,-0.009589,1.493036,0.000000,0.000000,0.000000,0.021708,0.017948,0.034460,0.997485,-0.002861,-0.070815,0.000036,-0.046590,0.013686,-0.003095,-0.215925,-0.100231,0.118018,23.633504,23.633504,23.603243,0.501258,2.820600,-0.375332,0.431163,0.966548
28.700000,1,0,0,2.400000,9.810000,0.900000,30.000000,60.000000,6.000000,0.000000,0.000000,1.500000,0.061407,-0.008705,1.494808,0.000000,0.000000,0.000000,0.014229,0.016808,0.036282,0.997500,-0.003990,-0.070558,-0.000122,-0.044132,0.007064,-0.003124,-0.242570,-0.135901,0.093448,23.603243,23.603243,23.575185,0.500662,2.740264,-0.514450,0.400797,0.967754
28.750000,1,0,0,2.400000,9.810000,0.900000,30.000000,60.000000,6.000000,0.000000,0.000000,1.500000,0.061915,-0.007969,1.496649,0.000000,0.000000,0.000000,0.005976,0.012041,0.037188,0.997502,-0.005040,-0.070458,-0.000276,-0.040283,0.001052,-0.003174,-0.274550,-0.186585,0.072750,23.575185,23.575185,23.549378,0.500114,2.654852,-0.685747,0.378686,0.969145
28.800000,1,0,0,2.400000,9.810000,0.900000,30.000000,60.000000,6.000000,0.000000,0.000000,1.500000,0.062001,-0.007557,1.498511,0.000000,0.000000,0.000000,-0.002524,0.003944,0.037137,0.997494,-0.005978,-0.070498,-0.000422,-0.035232,-0.004007,-0.003234,-0.307230,-0.268795,0.082150,23.549378,23.549378,23.525794,0.499613,2.574559,-0.927353,0.427543,0.970678
28.850000,1,0,0,2.400000,9.810000,0.900000,30.000000,60.000000,6.000000,0.000000,0.000000,1.500000,0.061667,-0.007621,1.500347,0.000000,0.000000,0.000000,-0.010732,-0.006906,0.036129,0.997478,-0.006778,-0.070648,-0.000560,-0.029239,-0.007827,-0.003291,-0.224589,-0.269451,0.050836,23.525794,23.525794,23.504337,0.499158,2.776531,-0.966637,0.377216,0.972307
28.900000,1,0,0,2.400000,9.810000,0.900000,30.000000,60.000000,6.000000,0.000000,0.000000,1.500000,0.060941,-0.008280,1.502109,0.000000,0.000000,0.000000,-0.018124,-0.019697,0.034203,0.997457,-0.007419,-0.070876,-0.000687,-0.022614,-0.010193,-0.003332,-0.179016,-0.291594,0.010898,23.504337,23.504337,23.484855,0.498744,2.893446,-1.050004,0.304551,0.973978
28.950000,1,0,0,2.400000,9.810000,0.900000,30.000000,60.000000,6.000000,0.000000,0.000000,1.500000,0.059876,-0.009606,1.503753,0.000000,0.000000,0.000000,-0.024219,-0.033446,0.031439,0.997435,-0.007892,-0.071144,-0.000802,-0.015698,-0.010973,-0.003347,-0.144151,-0.304538,-0.030594,23.484855,23.484855,23.467155,0.498368,2.986768,-1.103287,0.226378,0.975638
29.000000,1,0,0,2.400000,9.810000,0.900000,30.000000,60.000000,6.000000,0.000000,0.000000,1.500000,0.058548,-0.011622,1.505241,0.000000,0.000000,0.000000,-0.028605,-0.047082,0.027951,0.997413,-0.008191,-0.071411,-0.000905,-0.008845,-0.010125,-0.003331,-0.083274,-0.286222,-0.059424,23.467155,23.467155,23.451018,0.498025,3.142728,-1.073430,0.176716,0.977229
29.050000,1,0,0,2.400000,9.810000,0.900000,30.000000,60.000000,6.000000,0.000000,0.000000,1.500000,0.057050,-0.014295,1.506538,0.000000,0.000000,0.000000,-0.030962,-0.059530,0.023883,0.997396,-0.008325,-0.071637,-0.000996,-0.002395,-0.007700,-0.003282,-0.003441,-0.264798,-0.073407,23.451018,23.451018,23.436217,0.497711,3.342499,-1.028288,0.160747,0.978696
29.100000,1,0,0,2.400000,9.810000,0.900000,30.000000,60.000000,6.000000,0.000000,0.000000,1.500000,0.055489,-0.017539,1.507622,0.000000,0.000000,0.000000,-0.031078,-0.069798,0.019404,0.997385,-0.008305,-0.071784,-0.001074,0.003344,-0.003841,-0.003203,0.027148,-0.248684,-0.117257,23.436217,23.436217,23.422535,0.497420,3.420623,-0.988731,0.071129,0.979987
29.150000,1,0,0,2.400000,9.810000,0.900000,30.000000,60.000000,6.000000,0.000000,0.000000,1.500000,0.053981,-0.021224,1.508475,0.000000,0.000000,0.000000,-0.028860,-0.077059,0.014698,0.997384,-0.008155,-0.071819,-0.001142,0.008116,0.001230,-0.003103,0.107315,-0.181442,-0.121262,23.422535,23.422535,23.409778,0.497150,3.612704,-0.820309,0.075179,0.981056
29.200000,1,0,0,2.400000,9.810000,0.900000,30.000000,60.000000,6.000000,0.000000,0.000000,1.500000,0.052642,-0.025185,1.509091,0.000000,0.000000,0.000000,-0.024337,-0.080719,0.009960,0.997393,-0.007899,-0.071717,-0.001201,0.011731,0.007219,-0.002990,0.123228,-0.100957,-0.095932,23.409778,23.409778,23.397794,0.496895,3.644287,-0.615197,0.147713,0.981862
29.250000,1,0,0,2.400000,9.810000,0.900000,30.000000,60.000000,6.000000,0.000000,0.000000,1.500000,0.051583,-0.029231,1.509474,0.000000,0.000000,0.000000,-0.017666,-0.080460,0.005383,0.997414,-0.007569,-0.071457,-0.001253,0.014080,0.013779,-0.002875,0.171390,-0.002104,-0.059062,23.397794,23.397794,23.386480,0.496655,3.746098,-0.362520,0.246079,0.982373
29.300000,1,0,0,2.400000,9.810000,0.900000,30.000000,60.000000,6.000000,0.000000,0.000000,1.500000,0.050906,-0.033165,1.509635,0.000000,0.000000,0.000000,-0.009116,-0.076272,0.001150,0.997447,-0.007197,-0.071030,-0.001300,0.015137,0.020530,-0.002765,0.231829,0.092146,-0.032088,23.386480,23.386480,23.375792,0.496428,3.869744,-0.118913,0.318911,0.982566
29.350000,1,0,0,2.400000,9.810000,0.900000,30.000000,60.000000,6.000000,0.000000,0.000000,1.500000,0.050697,-0.036797,1.509597,0.000000,0.000000,0.000000,0.000943,-0.068452,-0.002569,0.997492,-0.006813,-0.070436,-0.001345,0.014965,0.027076,-0.002667,0.248300,0.210084,-0.046409,23.375792,23.375792,23.365750,0.496215,3.880245,0.182045,0.290945,0.982430
29.400000,1,0,0,2.400000,9.810000,0.900000,30.000000,60.000000,6.000000,0.000000,0.000000,1.500000,0.051018,-0.039959,1.509389,0.000000,0.000000,0.000000,0.012056,-0.057578,-0.005632,0.997547,-0.006448,-0.069686,-0.001390,0.013703,0.033031,-0.002583,0.281314,0.288623,-0.049380,23.365750,23.365750,23.356432,0.496017,3.923286,0.387581,0.288617,0.981962
29.450000,1,0,0,2.400000,9.810000,0.900000,30.000000,60.000000,6.000000,0.000000,0.000000,1.500000,0.051911,-0.042518,1.509047,0.000000,0.000000,0.000000,0.023712,-0.044466,-0.007923,0.997611,-0.006126,-0.068798,-0.001437,0.011566,0.038040,-0.002513,0.299615,0.306913,-0.057783,23.356432,23.356432,23.347974,0.495837,3.924759,0.446509,0.271745,0.981172
29.500000,1,0,0,2.400000,9.810000,0.900000,30.000000,60.000000,6.000000,0.000000,0.000000,1.500000,0.053389,-0.044385,1.508611,0.000000,0.000000,0.000000,0.035365,-0.030099,-0.009366,0.997681,-0.005865,-0.067801,-0.001488,0.008822,0.041797,-0.002457,0.290365,0.316131,-0.008963,23.347974,23.347974,23.340560,0.495680,3.855143,0.480778,0.390780,0.980079
29.550000,1,0,0,2.400000,9.810000,0.900000,30.000000,60.000000,6.000000,0.000000,0.000000,1.500000,0.055439,-0.045524,1.508125,0.000000,0.000000,0.000000,0.046468,-0.015552,-0.009921,0.997754,-0.005677,-0.066727,-0.001542,0.005777,0.044062,-0.002412,0.279727,0.332160,0.005095,23.340560,23.340560,23.334404,0.495549,3.778843,0.527981,0.425022,0.978713
29.600000,1,0,0,2.400000,9.810000,0.900000,30.000000,60.000000,6.000000,0.000000,0.000000,1.500000,0.058018,-0.045955,1.507634,0.000000,0.000000,0.000000,0.056498,-0.001907,-0.009589,0.997828,-0.005565,-0.065617,-0.001601,0.002756,0.044677,-0.002378,0.242049,0.308487,0.035458,23.334404,23.334404,23.329741,0.495450,3.636138,0.476321,0.497080,0.977111
29.650000,1,0,0,2.400000,9.810000,0.900000,30.000000,60.000000,6.000000,0.000000,0.000000,1.500000,0.061062,-0.045747,1.507180,0.000000,0.000000,0.000000,0.064982,0.009844,-0.008410,0.997900,-0.005525,-0.064514,-0.001664,0.000079,0.043569,-0.002355,0.245313,0.208619,0.033049,23.329741,23.329741,23.326809,0.495388,3.592168,0.238427,0.489197,0.975320
29.700000,1,0,0,2.400000,9.810000,0.900000,30.000000,60.000000,6.000000,0.000000,0.000000,1.500000,0.064484,-0.045016,1.506806,0.000000,0.000000,0.000000,0.071525,0.018866,-0.006465,0.997968,-0.005544,-0.063458,-0.001730,-0.001963,0.040764,-0.002342,0.183312,0.190425,0.075009,23.326809,23.326809,23.325836,0.495367,3.394047,0.193753,0.586518,0.973389
29.750000,1,0,0,2.400000,9.810000,0.900000,30.000000,60.000000,6.000000,0.000000,0.000000,1.500000,0.068178,-0.043916,1.506545,0.000000,0.000000,0.000000,0.075828,0.024559,-0.003869,0.998028,-0.005605,-0.062493,-0.001798,-0.003119,0.036374,-0.002341,0.084621,0.120653,0.102322,23.325836,23.325836,23.327024,0.495392,3.112282,0.023379,0.647396,0.971373
29.800000,1,0,0,2.400000,9.810000,0.900000,30.000000,60.000000,6.000000,0.000000,0.000000,1.500000,0.072026,-0.042621,1.506427,0.000000,0.000000,0.000000,0.077707,0.026601,-0.000764,0.998080,-0.005681,-0.061655,-0.001867,-0.003207,0.030600,-0.002354,0.022988,0.049879,0.077967,23.327024,23.327024,23.330544,0.495467,2.925616,-0.150175,0.582950,0.969331
29.850000,1,0,0,2.400000,9.810000,0.900000,30.000000,60.000000,6.000000,0.000000,0.000000,1.500000,0.075907,-0.041317,1.506474,0.000000,0.000000,0.000000,0.077097,0.024973,0.002680,0.998121,-0.005745,-0.060976,-0.001934,-0.002115,0.023718,-0.002379,-0.041270,0.004152,0.070030,23.330544,23.330544,23.336525,0.495594,2.740282,-0.263084,0.556556,0.967317
29.900000,1,0,0,2.400000,9.810000,0.900000,30.000000,60.000000,6.000000,0.000000,0.000000,1.500000,0.079696,-0.040181,1.506698,0.000000,0.000000,0.000000,0.074060,0.019961,0.006282,0.998151,-0.005767,-0.060478,-0.001998,0.000183,0.016061,-0.002414,-0.097651,-0.091022,0.026773,23.336525,23.336525,23.345052,0.495775,2.582596,-0.492740,0.443996,0.965386
29.950000,1,0,0,2.400000,9.810000,0.900000,30.000000,60.000000,6.000000,0.000000,0.000000,1.500000,0.083275,-0.039368,1.507102,0.000000,0.000000,0.000000,0.068778,0.012135,0.009850,0.998169,-0.005717,-0.060178,-0.002058,0.003629,0.008005,-0.002453,-0.151107,-0.161693,0.074681,23.345052,23.345052,23.356168,0.496011,2.441379,-0.660286,0.548792,0.963589
30.000000,1,0,0,2.400000,9.810000,0.900000,30.000000,60.000000,6.000000,0.000000,0.000000,1.500000,0.086541,-0.039001,1.507679,0.000000,0.000000,0.000000,0.061548,0.002296,0.013194,0.998176,-0.005569,-0.060080,-0.002111,0.008080,-0.000053,-0.002488,-0.178145,-0.220404,0.080335,23.356168,23.356168,23.369870,0.496302,2.373265,-0.794557,0.550700,0.961970
