t,flight_active,online_update_configured,online_update_enabled,mass_kg,gravity_m_s2,anomaly_similarity_threshold,force_clip_norm_n,force_reject_norm_n,residual_consistency_threshold_n,pd_x,pd_y,pd_z,p_x,p_y,p_z,vd_x,vd_y,vd_z,v_x,v_y,v_z,q_w,q_x,q_y,q_z,omega_x,omega_y,omega_z,accel_world_x,accel_world_y,accel_world_z,previous_commanded_thrust_n,residual_model_thrust_n,thrust_n,thrust_norm,residual_x,residual_y,residual_z,max_similarity
0.000000,1,0,0,2.400000,9.810000,0.900000,30.000000,60.000000,6.000000,0.000000,0.000000,1.500000,0.052859,-0.008609,1.483305,0.000000,0.000000,0.000000,-0.007330,-0.028150,-0.008908,0.997054,0.002691,-0.076600,-0.003052,-0.036367,0.000436,0.000048,0.155617,0.205250,0.045347,23.795113,23.795113,23.766714,0.504730,4.008523,0.609188,0.137300,0.973219
0.050000,1,0,0,2.400000,9.810000,0.900000,30.000000,60.000000,6.000000,0.000000,0.000000,1.500000,0.052781,-0.009760,1.482903,0.000000,0.000000,0.000000,0.004147,-0.017920,-0.007034,0.997050,0.001732,-0.076676,-0.003123,-0.040440,-0.006709,0.000182,0.141658,0.229437,0.056539,23.766714,23.766714,23.739694,0.504156,3.974143,0.621331,0.192580,0.971157
0.100000,1,0,0,2.400000,9.810000,0.900000,30.000000,60.000000,6.000000,0.000000,0.000000,1.500000,0.053261,-0.010409,1.482616,0.000000,0.000000,0.000000,0.014891,-0.008164,-0.004313,0.997032,0.000684,-0.076922,-0.003198,-0.043335,-0.013179,0.000283,0.152258,0.210760,0.065751,23.739694,23.739694,23.714112,0.503613,4.006897,0.526504,0.243066,0.969037
0.150000,1,0,0,2.400000,9.810000,0.900000,30.000000,60.000000,6.000000,0.000000,0.000000,1.500000,0.054250,-0.010600,1.482484,0.000000,0.000000,0.000000,0.024431,0.000205,-0.000841,0.997001,-0.000421,-0.077317,-0.003275,-0.044868,-0.018563,0.000356,0.106286,0.196151,0.094434,23.714112,23.714112,23.689957,0.503100,3.911022,0.438866,0.340057,0.966917
0.200000,1,0,0,2.400000,9.810000,0.900000,30.000000,60.000000,6.000000,0.000000,0.000000,1.500000,0.055678,-0.010425,1.482542,0.000000,0.000000,0.000000,0.032358,0.006397,0.003250,0.996960,-0.001545,-0.077828,-0.003352,-0.044938,-0.022512,0.000407,-0.003961,0.134110,0.126110,23.689957,23.689957,23.667149,0.502615,3.666534,0.236509,0.443811,0.964852
0.250000,1,0,0,2.400000,9.810000,0.900000,30.000000,60.000000,6.000000,0.000000,0.000000,1.500000,0.057454,-0.010007,1.482817,0.000000,0.000000,0.000000,0.038350,0.009811,0.007801,0.996911,-0.002654,-0.078417,-0.003427,-0.043523,-0.024755,0.000449,-0.017727,0.034803,0.145797,23.667149,23.667149,23.645545,0.502156,3.657386,-0.054409,0.518169,0.962896
0.300000,1,0,0,2.400000,9.810000,0.900000,30.000000,60.000000,6.000000,0.000000,0.000000,1.500000,0.059477,-0.009496,1.483327,0.000000,0.000000,0.000000,0.042186,0.010079,0.012629,0.996858,-0.003709,-0.079039,-0.003496,-0.040689,-0.025119,0.000496,-0.087593,-0.019506,0.092285,23.645545,23.645545,23.624948,0.501719,3.515263,-0.234727,0.416026,0.961095
0.350000,1,0,0,2.400000,9.810000,0.900000,30.000000,60.000000,6.000000,0.000000,0.000000,1.500000,0.061635,-0.009053,1.484081,0.000000,0.000000,0.000000,0.043758,0.007102,0.017539,0.996806,-0.004677,-0.079646,-0.003557,-0.036584,-0.023535,0.000563,-0.086005,-0.089378,0.095115,23.624948,23.624948,23.605120,0.501298,3.544039,-0.448195,0.448089,0.959492
0.400000,1,0,0,2.400000,9.810000,0.900000,30.000000,60.000000,6.000000,0.000000,0.000000,1.500000,0.063815,-0.008837,1.485078,0.000000,0.000000,0.000000,0.043079,0.001054,0.022330,0.996758,-0.005530,-0.080190,-0.003607,-0.031428,-0.020043,0.000661,-0.076639,-0.140343,0.088287,23.605120,23.605120,23.585805,0.500888,3.588617,-0.610702,0.455792,0.958119
0.450000,1,0,0,2.400000,9.810000,0.900000,30.000000,60.000000,6.000000,0.000000,0.000000,1.500000,0.065907,-0.008992,1.486308,0.000000,0.000000,0.000000,0.040278,-0.007628,0.026804,0.996718,-0.006243,-0.080624,-0.003644,-0.025497,-0.014793,0.000795,-0.105591,-0.166808,0.130035,23.585805,23.585805,23.566756,0.500483,3.536206,-0.707746,0.578745,0.957000
0.500000,1,0,0,2.400000,9.810000,0.900000,30.000000,60.000000,6.000000,0.000000,0.000000,1.500000,0.067811,-0.009633,1.487750,0.000000,0.000000,0.000000,0.035594,-0.018282,0.030778,0.996692,-0.006803,-0.080909,-0.003665,-0.019110,-0.008030,0.000967,-0.161547,-0.162559,0.107807,23.566756,23.566756,23.547760,0.500080,3.412036,-0.723691,0.546713,0.956149
0.550000,1,0,0,2.400000,9.810000,0.900000,30.000000,60.000000,6.000000,0.000000,0.000000,1.500000,0.069441,-0.010839,1.489375,0.000000,0.000000,0.000000,0.029366,-0.030073,0.034085,0.996680,-0.007200,-0.081011,-0.003670,-0.012606,-0.000087,0.001170,-0.208172,-0.168378,0.062486,23.547760,23.547760,23.528664,0.499674,3.301727,-0.756080,0.457726,0.955567
0.600000,1,0,0,2.400000,9.810000,0.900000,30.000000,60.000000,6.000000,0.000000,0.000000,1.500000,0.070729,-0.012643,1.491146,0.000000,0.000000,0.000000,0.022011,-0.042061,0.036589,0.996687,-0.007437,-0.080904,-0.003658,-0.006324,0.008636,0.001394,-0.230965,-0.162253,0.058656,23.528664,23.528664,23.509400,0.499265,3.238938,-0.752160,0.466729,0.955249
0.650000,1,0,0,2.400000,9.810000,0.900000,30.000000,60.000000,6.000000,0.000000,0.000000,1.500000,0.071631,-0.015032,1.493019,0.000000,0.000000,0.000000,0.014005,-0.053279,0.038188,0.996713,-0.007524,-0.080576,-0.003630,-0.000582,0.017694,0.001625,-0.213319,-0.158294,0.024753,23.509400,23.509400,23.489997,0.498853,3.262886,-0.746259,0.401937,0.955174
0.700000,1,0,0,2.400000,9.810000,0.900000,30.000000,60.000000,6.000000,0.000000,0.000000,1.500000,0.072127,-0.017943,1.494948,0.000000,0.000000,0.000000,0.005856,-0.062808,0.038815,0.996759,-0.007477,-0.080023,-0.003587,0.004346,0.026622,0.001849,-0.202277,-0.119020,0.028574,23.489997,23.489997,23.470585,0.498441,3.260568,-0.649241,0.426051,0.955317
0.750000,1,0,0,2.400000,9.810000,0.900000,30.000000,60.000000,6.000000,0.000000,0.000000,1.500000,0.072223,-0.021271,1.496884,0.000000,0.000000,0.000000,-0.001924,-0.069854,0.038446,0.996821,-0.007318,-0.079254,-0.003531,0.008244,0.034959,0.002054,-0.154469,-0.050698,-0.003172,23.470585,23.470585,23.451390,0.498033,3.336518,-0.477257,0.363164,0.955640
0.800000,1,0,0,2.400000,9.810000,0.900000,30.000000,60.000000,6.000000,0.000000,0.000000,1.500000,0.071949,-0.024877,1.498776,0.000000,0.000000,0.000000,-0.008841,-0.073813,0.037101,0.996900,-0.007077,-0.078290,-0.003466,0.010965,0.042273,0.002232,-0.157469,-0.006877,0.008464,23.451390,23.451390,23.432724,0.497637,3.281545,-0.360153,0.402753,0.956100
0.850000,1,0,0,2.400000,9.810000,0.900000,30.000000,60.000000,6.000000,0.000000,0.000000,1.500000,0.071361,-0.028595,1.500579,0.000000,0.000000,0.000000,-0.014451,-0.074319,0.034838,0.996990,-0.006784,-0.077160,-0.003393,0.012446,0.048188,0.002378,-0.123329,0.060018,0.007048,23.432724,23.432724,23.414954,0.497259,3.308175,-0.185189,0.409369,0.956648
0.900000,1,0,0,2.400000,9.810000,0.900000,30.000000,60.000000,6.000000,0.000000,0.000000,1.500000,0.070532,-0.032250,1.502247,0.000000,0.000000,0.000000,-0.018382,-0.071273,0.031755,0.997089,-0.006468,-0.075903,-0.003316,0.012706,0.052400,0.002493,-0.120085,0.139476,-0.028574,23.414954,23.414954,23.398484,0.496910,3.254975,0.020931,0.332227,0.957232
0.950000,1,0,0,2.400000,9.810000,0.900000,30.000000,60.000000,6.000000,0.000000,0.000000,1.500000,0.069555,-0.035666,1.503743,0.000000,0.000000,0.000000,-0.020351,-0.064853,0.027985,0.997192,-0.006160,-0.074565,-0.003238,0.011846,0.054700,0.002578,-0.067087,0.209564,-0.078736,23.398484,23.398484,23.383723,0.496596,3.317655,0.204177,0.218512,0.957796
1.000000,1,0,0,2.400000,9.810000,0.900000,30.000000,60.000000,6.000000,0.000000,0.000000,1.500000,0.068533,-0.038686,1.505036,0.000000,0.000000,0.000000,-0.020181,-0.055500,0.023688,0.997295,-0.005886,-0.073194,-0.003161,0.010043,0.054978,0.002641,-0.039476,0.235173,-0.111280,23.383723,23.383723,23.371060,0.496327,3.318209,0.279056,0.145374,0.958288
1.050000,1,0,0,2.400000,9.810000,0.900000,30.000000,60.000000,6.000000,0.000000,0.000000,1.500000,0.067574,-0.041178,1.506106,0.000000,0.000000,0.000000,-0.017812,-0.043881,0.019048,0.997395,-0.005667,-0.071841,-0.003086,0.007533,0.053235,0.002685,0.014488,0.269322,-0.119857,23.371060,23.371060,23.360841,0.496110,3.383196,0.371834,0.128024,0.958655
1.100000,1,0,0,2.400000,9.810000,0.900000,30.000000,60.000000,6.000000,0.000000,0.000000,1.500000,0.066787,-0.043050,1.506939,0.000000,0.000000,0.000000,-0.013301,-0.030838,0.014261,0.997488,-0.005516,-0.070555,-0.003015,0.004601,0.049581,0.002716,0.033723,0.269484,-0.148227,23.360841,23.360841,23.353351,0.495951,3.368332,0.379772,0.061417,0.958851
1.150000,1,0,0,2.400000,9.810000,0.900000,30.000000,60.000000,6.000000,0.000000,0.000000,1.500000,0.066276,-0.044254,1.507533,0.000000,0.000000,0.000000,-0.006822,-0.017317,0.009525,0.997571,-0.005440,-0.069382,-0.002948,0.001557,0.044228,0.002737,0.070253,0.250850,-0.131891,23.353351,23.353351,23.348805,0.495855,3.400590,0.339011,0.100333,0.958833
1.200000,1,0,0,2.400000,9.810000,0.900000,30.000000,60.000000,6.000000,0.000000,0.000000,1.500000,0.066133,-0.044790,1.507895,0.000000,0.000000,0.000000,0.001345,-0.004292,0.005040,0.997642,-0.005439,-0.068360,-0.002885,-0.001282,0.037478,0.002748,0.139546,0.283416,-0.095789,23.348805,23.348805,23.347340,0.495824,3.518908,0.417589,0.184907,0.958568
1.250000,1,0,0,2.400000,9.810000,0.900000,30.000000,60.000000,6.000000,0.000000,0.000000,1.500000,0.066433,-0.044707,1.508044,0.000000,0.000000,0.000000,0.010824,0.007309,0.000987,0.997699,-0.005504,-0.067520,-0.002826,-0.003614,0.029709,0.002749,0.149413,0.234312,-0.083277,23.347340,23.347340,23.349015,0.495859,3.503439,0.297029,0.211089,0.958033
1.300000,1,0,0,2.400000,9.810000,0.900000,30.000000,60.000000,6.000000,0.000000,0.000000,1.500000,0.067230,-0.044096,1.508004,0.000000,0.000000,0.000000,0.021170,0.016686,-0.002469,0.997741,-0.005618,-0.066882,-0.002768,-0.005174,0.021352,0.002743,0.194727,0.136822,-0.075294,23.349015,23.349015,23.353811,0.495961,3.582814,0.057963,0.224642,0.957212
1.350000,1,0,0,2.400000,9.810000,0.900000,30.000000,60.000000,6.000000,0.000000,0.000000,1.500000,0.068556,-0.043086,1.507809,0.000000,0.000000,0.000000,0.031886,0.023224,-0.005194,0.997769,-0.005760,-0.066455,-0.002712,-0.005748,0.012867,0.002730,0.236012,0.075092,-0.049784,23.353811,23.353811,23.361640,0.496127,3.662706,-0.096630,0.278527,0.956100
1.400000,1,0,0,2.400000,9.810000,0.900000,30.000000,60.000000,6.000000,0.000000,0.000000,1.500000,0.070416,-0.041828,1.507498,0.000000,0.000000,0.000000,0.042452,0.026548,-0.007086,0.997783,-0.005903,-0.066236,-0.002654,-0.005194,0.004718,0.002713,0.215261,0.012448,-0.016534,23.361640,23.361640,23.372341,0.496355,3.603776,-0.253526,0.349288,0.954706
1.450000,1,0,0,2.400000,9.810000,0.900000,30.000000,60.000000,6.000000,0.000000,0.000000,1.500000,0.072790,-0.040486,1.507115,0.000000,0.000000,0.000000,0.052349,0.026548,-0.008083,0.997784,-0.006017,-0.066211,-0.002594,-0.003444,-0.002652,0.002698,0.244118,-0.053715,-0.012036,23.372341,23.372341,23.385697,0.496638,3.673315,-0.417606,0.349390,0.953045
1.500000,1,0,0,2.400000,9.810000,0.900000,30.000000,60.000000,6.000000,0.000000,0.000000,1.500000,0.075632,-0.039226,1.506705,0.000000,0.000000,0.000000,0.061089,0.023392,-0.008162,0.997774,-0.006074,-0.066357,-0.002530,-0.000515,-0.008847,0.002693,0.213919,-0.106467,0.013355,23.385697,23.385697,23.401436,0.496972,3.609383,-0.546830,0.398027,0.951145
1.550000,1,0,0,2.400000,9.810000,0.900000,30.000000,60.000000,6.000000,0.000000,0.000000,1.500000,0.078872,-0.038193,1.506314,0.000000,0.000000,0.000000,0.068241,0.017506,-0.007343,0.997756,-0.006044,-0.066639,-0.002458,0.003494,-0.013538,0.002705,0.188877,-0.149310,0.047512,23.401436,23.401436,23.419241,0.497351,3.564514,-0.648260,0.466144,0.949043
1.600000,1,0,0,2.400000,9.810000,0.900000,30.000000,60.000000,6.000000,0.000000,0.000000,1.500000,0.082423,-0.037510,1.505985,0.000000,0.000000,0.000000,0.073450,0.009544,-0.005687,0.997732,-0.005903,-0.067017,-0.002378,0.008406,-0.016482,0.002738,0.151233,-0.207976,0.100085,23.419241,23.419241,23.438767,0.497765,3.494171,-0.782463,0.576960,0.946781
1.650000,1,0,0,2.400000,9.810000,0.900000,30.000000,60.000000,6.000000,0.000000,0.000000,1.500000,0.086181,-0.037259,1.505758,0.000000,0.000000,0.000000,0.076458,0.000331,-0.003293,0.997704,-0.005630,-0.067446,-0.002288,0.013979,-0.017535,0.002797,0.070327,-0.213844,0.085906,23.438767,23.438767,23.459646,0.498209,3.322616,-0.783795,0.526136,0.944410
1.700000,1,0,0,2.400000,9.810000,0.900000,30.000000,60.000000,6.000000,0.000000,0.000000,1.500000,0.090030,-0.037482,1.505666,0.000000,0.000000,0.000000,0.077118,-0.009205,-0.000294,0.997678,-0.005214,-0.067877,-0.002186,0.019920,-0.016661,0.002880,0.016789,-0.182484,0.084296,23.459646,23.459646,23.481511,0.498673,3.217093,-0.688987,0.504110,0.941984
1.750000,1,0,0,2.400000,9.810000,0.900000,30.000000,60.000000,6.000000,0.000000,0.000000,1.500000,0.093853,-0.038169,1.505736,0.000000,0.000000,0.000000,0.075400,-0.018108,0.003148,0.997654,-0.004648,-0.068263,-0.002072,0.025903,-0.013934,0.002980,-0.051048,-0.167245,0.067704,23.481511,23.481511,23.504007,0.499151,3.075345,-0.625800,0.444833,0.939561
1.800000,1,0,0,2.400000,9.810000,0.900000,30.000000,60.000000,6.000000,0.000000,0.000000,1.500000,0.097532,-0.039267,1.505985,0.000000,0.000000,0.000000,0.071393,-0.025472,0.006853,0.997637,-0.003936,-0.068560,-0.001946,0.031588,-0.009531,0.003088,-0.079640,-0.134555,0.098570,23.504007,23.504007,23.526810,0.499635,3.023755,-0.513783,0.498249,0.937198
1.850000,1,0,0,2.400000,9.810000,0.900000,30.000000,60.000000,6.000000,0.000000,0.000000,1.500000,0.100957,-0.040678,1.506422,0.000000,0.000000,0.000000,0.065301,-0.030517,0.010627,0.997629,-0.003089,-0.068729,-0.001809,0.036648,-0.003725,0.003191,-0.073036,-0.071751,0.097371,23.526810,23.526810,23.549647,0.500120,3.050737,-0.323055,0.473596,0.934951
1.900000,1,0,0,2.400000,9.810000,0.900000,30.000000,60.000000,6.000000,0.000000,0.000000,1.500000,0.104032,-0.042270,1.507046,0.000000,0.000000,0.000000,0.057431,-0.032652,0.014271,0.997631,-0.002127,-0.068740,-0.001661,0.040784,0.003130,0.003275,-0.114965,-0.032650,0.068925,23.549647,23.549647,23.572303,0.500601,2.953843,-0.183669,0.382538,0.932872
1.950000,1,0,0,2.400000,9.810000,0.900000,30.000000,60.000000,6.000000,0.000000,0.000000,1.500000,0.106677,-0.043888,1.507844,0.000000,0.000000,0.000000,0.048179,-0.031525,0.017592,0.997645,-0.001075,-0.068571,-0.001506,0.043748,0.010620,0.003331,-0.134734,-0.011320,0.069101,23.572303,23.572303,23.594633,0.501075,2.901686,-0.082614,0.359264,0.931008
2.000000,1,0,0,2.400000,9.810000,0.900000,30.000000,60.000000,6.000000,0.000000,0.000000,1.500000,0.108835,-0.045367,1.508796,0.000000,0.000000,0.000000,0.038007,-0.027052,0.020411,0.997670,0.000034,-0.068212,-0.001347,0.045354,0.018295,0.003350,-0.133945,0.041172,0.070726,23.594633,23.594633,23.616565,0.501541,2.889888,0.096059,0.338672,0.929398
2.050000,1,0,0,2.400000,9.810000,0.900000,30.000000,60.000000,6.000000,0.000000,0.000000,1.500000,0.110471,-0.046541,1.509874,0.000000,0.000000,0.000000,0.027422,-0.019422,0.022568,0.997707,0.001165,-0.067663,-0.001185,0.045497,0.025691,0.003332,-0.126842,0.092677,0.116523,23.616565,23.616565,23.638098,0.501998,2.884272,0.273523,0.423403,0.928074
2.100000,1,0,0,2.400000,9.810000,0.900000,30.000000,60.000000,6.000000,0.000000,0.000000,1.500000,0.111579,-0.047264,1.511040,0.000000,0.000000,0.000000,0.016945,-0.009088,0.023936,0.997754,0.002281,-0.066939,-0.001026,0.044153,0.032357,0.003283,-0.112204,0.140855,0.057098,23.638098,23.638098,23.659292,0.502448,2.888330,0.442403,0.255020,0.927058
2.150000,1,0,0,2.400000,9.810000,0.900000,30.000000,60.000000,6.000000,0.000000,0.000000,1.500000,0.112176,-0.047416,1.512253,0.000000,0.000000,0.000000,0.007089,0.003274,0.024418,0.997810,0.003346,-0.066061,-0.000871,0.041386,0.037882,0.003214,-0.051633,0.176775,0.035997,23.659292,23.659292,23.680261,0.502894,2.995301,0.579529,0.178133,0.926360
2.200000,1,0,0,2.400000,9.810000,0.900000,30.000000,60.000000,6.000000,0.000000,0.000000,1.500000,0.112306,-0.046917,1.513466,0.000000,0.000000,0.000000,-0.001673,0.016817,0.023957,0.997871,0.004326,-0.065064,-0.000723,0.037340,0.041915,0.003139,-0.074658,0.195846,0.011075,23.680261,23.680261,23.701151,0.503337,2.895861,0.672257,0.091696,0.925981
2.250000,1,0,0,2.400000,9.810000,0.900000,30.000000,60.000000,6.000000,0.000000,0.000000,1.500000,0.112034,-0.045730,1.514633,0.000000,0.000000,0.000000,-0.008928,0.030591,0.022539,0.997937,0.005192,-0.063987,-0.000584,0.032231,0.044186,0.003075,0.004478,0.220584,0.015871,23.701151,23.701151,23.722130,0.503783,3.037754,0.773219,0.076298,0.925911
2.300000,1,0,0,2.400000,9.810000,0.900000,30.000000,60.000000,6.000000,0.000000,0.000000,1.500000,0.111444,-0.043870,1.515704,0.000000,0.000000,0.000000,-0.014347,0.043619,0.020189,0.998004,0.005919,-0.062877,-0.000456,0.026336,0.044521,0.003036,-0.003994,0.204158,-0.024931,23.722130,23.722130,23.743367,0.504234,2.967731,0.768898,-0.048732,0.926129
2.350000,1,0,0,2.400000,9.810000,0.900000,30.000000,60.000000,6.000000,0.000000,0.000000,1.500000,0.110634,-0.041396,1.516637,0.000000,0.000000,0.000000,-0.017701,0.054978,0.016977,0.998068,0.006493,-0.061783,-0.000337,0.019972,0.042853,0.003033,0.005851,0.141433,-0.043748,23.743367,23.743367,23.765018,0.504694,2.942368,0.646202,-0.121095,0.926605
2.400000,1,0,0,2.400000,9.810000,0.900000,30.000000,60.000000,6.000000,0.000000,0.000000,1.500000,0.109710,-0.038413,1.517389,0.000000,0.000000,0.000000,-0.018875,0.063869,0.013006,0.998129,0.006906,-0.060756,-0.000228,0.013478,0.039221,0.003072,0.045325,0.119224,-0.061630,23.765018,23.765018,23.787217,0.505165,2.991188,0.613117,-0.191216,0.927301
2.450000,1,0,0,2.400000,9.810000,0.900000,30.000000,60.000000,6.000000,0.000000,0.000000,1.500000,0.108783,-0.035061,1.517927,0.000000,0.000000,0.000000,-0.017871,0.069687,0.008416,0.998182,0.007159,-0.059842,-0.000129,0.007194,0.033774,0.003151,0.000303,0.071489,-0.062007,23.787217,23.787217,23.810060,0.505650,2.842561,0.511166,-0.219227,0.928171
2.500000,1,0,0,2.400000,9.810000,0.900000,30.000000,60.000000,6.000000,0.000000,0.000000,1.500000,0.107957,-0.031502,1.518224,0.000000,0.000000,0.000000,-0.014808,0.072064,0.003375,0.998227,0.007260,-0.059085,-0.000037,0.001437,0.026760,0.003264,0.068106,0.022639,-0.075875,23.810060,23.810060,23.833604,0.506150,2.972096,0.399358,-0.279408,0.929165
2.550000,1,0,0,2.400000,9.810000,0.900000,30.000000,60.000000,6.000000,0.000000,0.000000,1.500000,0.107332,-0.027913,1.518260,0.000000,0.000000,0.000000,-0.009917,0.070900,-0.001932,0.998260,0.007228,-0.058518,0.000049,-0.003514,0.018511,0.003400,0.095342,-0.022962,-0.053566,23.833604,23.833604,23.857860,0.506665,3.013350,0.288951,-0.252441,0.930230
2.600000,1,0,0,2.400000,9.810000,0.900000,30.000000,60.000000,6.000000,0.000000,0.000000,1.500000,0.106991,-0.024468,1.518029,0.000000,0.000000,0.000000,-0.003530,0.066375,-0.007306,0.998282,0.007084,-0.058169,0.000130,-0.007441,0.009429,0.003546,0.089166,-0.064587,-0.050181,23.857860,23.857860,23.882791,0.507195,2.984756,0.182769,-0.270449,0.931308
2.650000,1,0,0,2.400000,9.810000,0.900000,30.000000,60.000000,6.000000,0.000000,0.000000,1.500000,0.106997,-0.021325,1.517532,0.000000,0.000000,0.000000,0.003942,0.058926,-0.012545,0.998290,0.006856,-0.058052,0.000208,-0.010195,-0.000040,0.003688,0.123101,-0.112467,-0.055679,23.882791,23.882791,23.908311,0.507737,3.063525,0.057562,-0.309203,0.932348
2.700000,1,0,0,2.400000,9.810000,0.900000,30.000000,60.000000,6.000000,0.000000,0.000000,1.500000,0.107395,-0.018613,1.516780,0.000000,0.000000,0.000000,0.012028,0.049220,-0.017452,0.998285,0.006574,-0.058172,0.000285,-0.011710,-0.009429,0.003816,0.138883,-0.204861,-0.052381,23.908311,23.908311,23.934283,0.508288,3.110030,-0.177050,-0.326149,0.933295
2.750000,1,0,0,2.400000,9.810000,0.900000,30.000000,60.000000,6.000000,0.000000,0.000000,1.500000,0.108202,-0.016427,1.515795,0.000000,0.000000,0.000000,0.020220,0.038091,-0.021845,0.998266,0.006270,-0.058520,0.000362,-0.012002,-0.018276,0.003923,0.119400,-0.259172,-0.057345,23.934283,23.934283,23.960524,0.508846,3.082847,-0.321362,-0.362100,0.934103
2.800000,1,0,0,2.400000,9.810000,0.900000,30.000000,60.000000,6.000000,0.000000,0.000000,1.500000,0.109410,-0.014812,1.514607,0.000000,0.000000,0.000000,0.028006,0.026479,-0.025563,0.998235,0.005974,-0.059077,0.000440,-0.011168,-0.026147,0.004004,0.133073,-0.305502,-0.031900,23.960524,23.960524,23.986798,0.509404,3.145293,-0.446206,-0.324123,0.934732
2.850000,1,0,0,2.400000,9.810000,0.900000,30.000000,60.000000,6.000000,0.000000,0.000000,1.500000,0.110987,-0.013771,1.513252,0.000000,0.000000,0.000000,0.034889,0.015350,-0.028475,0.998193,0.005710,-0.059815,0.000521,-0.009383,-0.032664,0.004059,0.139253,-0.260236,-0.028576,23.986798,23.986798,24.012827,0.509956,3.198412,-0.349650,-0.338176,0.935149
2.900000,1,0,0,2.400000,9.810000,0.900000,30.000000,60.000000,6.000000,0.000000,0.000000,1.500000,0.112877,-0.013254,1.511775,0.000000,0.000000,0.000000,0.040420,0.005618,-0.030485,0.998141,0.005500,-0.060695,0.000605,-0.006882,-0.037523,0.004091,0.144966,-0.224740,0.033908,24.012827,24.012827,24.038290,0.510497,3.257255,-0.273965,-0.209074,0.935329
2.950000,1,0,0,2.400000,9.810000,0.900000,30.000000,60.000000,6.000000,0.000000,0.000000,1.500000,0.115001,-0.013172,1.510220,0.000000,0.000000,0.000000,0.044219,-0.001929,-0.031534,0.998082,0.005359,-0.061673,0.000694,-0.003948,-0.040510,0.004101,0.131184,-0.189388,0.028520,24.038290,24.038290,24.062833,0.511018,3.274014,-0.195345,-0.241598,0.935260
3.000000,1,0,0,2.400000,9.810000,0.900000,30.000000,60.000000,6.000000,0.000000,0.000000,1.500000,0.117265,-0.013400,1.508637,0.000000,0.000000,0.000000,0.045995,-0.006692,-0.031607,0.998018,0.005293,-0.062701,0.000787,-0.000890,-0.041516,0.004091,0.071266,-0.125010,0.046721,24.062833,24.062833,24.086080,0.511512,3.182399,-0.043437,-0.216152,0.934937
3.050000,1,0,0,2.400000,9.810000,0.900000,30.000000,60.000000,6.000000,0.000000,0.000000,1.500000,0.119563,-0.013789,1.507075,0.000000,0.000000,0.000000,0.045562,-0.008313,-0.030729,0.997953,0.005301,-0.063729,0.000884,0.001974,-0.040538,0.004064,0.033249,-0.058980,0.070330,24.086080,24.086080,24.107641,0.511970,3.143275,0.116019,-0.176286,0.934368
3.100000,1,0,0,2.400000,9.810000,0.900000,30.000000,60.000000,6.000000,0.000000,0.000000,1.500000,0.121783,-0.014178,1.505579,0.000000,0.000000,0.000000,0.042850,-0.006699,-0.028967,0.997889,0.005376,-0.064709,0.000985,0.004341,-0.037685,0.004020,0.022577,-0.012594,0.109995,24.107641,24.107641,24.127135,0.512384,3.167326,0.231500,-0.096366,0.933572
3.150000,1,0,0,2.400000,9.810000,0.900000,30.000000,60.000000,6.000000,0.000000,0.000000,1.500000,0.123811,-0.014408,1.504191,0.000000,0.000000,0.000000,0.037906,-0.002033,-0.026426,0.997830,0.005500,-0.065597,0.001088,0.005945,-0.033167,0.003957,0.017966,0.043392,0.090526,24.127135,24.127135,24.144208,0.512747,3.201288,0.372429,-0.156777,0.932575
3.200000,1,0,0,2.400000,9.810000,0.900000,30.000000,60.000000,6.000000,0.000000,0.000000,1.500000,0.125539,-0.014337,1.502947,0.000000,0.000000,0.000000,0.030895,0.005243,-0.023242,0.997779,0.005653,-0.066354,0.001192,0.006569,-0.027285,0.003875,-0.045638,0.074533,0.103427,24.144208,24.144208,24.158549,0.513051,3.087138,0.455076,-0.137835,0.931414
3.250000,1,0,0,2.400000,9.810000,0.900000,30.000000,60.000000,6.000000,0.000000,0.000000,1.500000,0.126870,-0.013851,1.501875,0.000000,0.000000,0.000000,0.022092,0.014463,-0.019582,0.997739,0.005808,-0.066950,0.001295,0.006067,-0.020412,0.003776,-0.069349,0.120802,0.107688,24.158549,24.158549,24.169913,0.513292,3.060736,0.574083,-0.137893,0.930133
3.300000,1,0,0,2.400000,9.810000,0.900000,30.000000,60.000000,6.000000,0.000000,0.000000,1.500000,0.127724,-0.012872,1.500994,0.000000,0.000000,0.000000,0.011864,0.024791,-0.015628,0.997710,0.005935,-0.067368,0.001394,0.004370,-0.012979,0.003663,-0.092702,0.137199,0.069938,24.169913,24.169913,24.178137,0.513467,3.026213,0.620036,-0.236972,0.928782
3.350000,1,0,0,2.400000,9.810000,0.900000,30.000000,60.000000,6.000000,0.000000,0.000000,1.500000,0.128040,-0.011369,1.500314,0.000000,0.000000,0.000000,0.000654,0.035293,-0.011578,0.997693,0.006004,-0.067598,0.001488,0.001490,-0.005442,0.003541,-0.113846,0.160939,0.058925,24.178137,24.178137,24.183152,0.513574,2.987579,0.680791,-0.270010,0.927413
3.400000,1,0,0,2.400000,9.810000,0.900000,30.000000,60.000000,6.000000,0.000000,0.000000,1.500000,0.127782,-0.009356,1.499835,0.000000,0.000000,0.000000,-0.011042,0.045007,-0.007628,0.997690,0.005988,-0.067643,0.001574,-0.002475,0.001738,0.003420,-0.137380,0.150570,0.070685,24.183152,24.183152,24.184991,0.513613,2.933936,0.655479,-0.246467,0.926082
3.450000,1,0,0,2.400000,9.810000,0.900000,30.000000,60.000000,6.000000,0.000000,0.000000,1.500000,0.126937,-0.006897,1.499546,0.000000,0.000000,0.000000,-0.022700,0.053026,-0.003973,0.997699,0.005861,-0.067519,0.001650,-0.007353,0.008119,0.003308,-0.158273,0.117876,0.080347,24.184991,24.184991,24.183786,0.513587,2.878059,0.571158,-0.225986,0.924845
3.500000,1,0,0,2.400000,9.810000,0.900000,30.000000,60.000000,6.000000,0.000000,0.000000,1.500000,0.125521,-0.004095,1.499429,0.000000,0.000000,0.000000,-0.033798,0.058574,-0.000790,0.997719,0.005604,-0.067250,0.001716,-0.012904,0.013309,0.003214,-0.161676,0.041952,0.038338,24.183786,24.183786,24.179763,0.513502,2.856807,0.376699,-0.327510,0.923754
3.550000,1,0,0,2.400000,9.810000,0.900000,30.000000,60.000000,6.000000,0.000000,0.000000,1.500000,0.123575,-0.001090,1.499457,0.000000,0.000000,0.000000,-0.043841,0.061062,0.001765,0.997747,0.005203,-0.066870,0.001771,-0.018834,0.016982,0.003144,-0.098032,-0.020314,0.029987,24.179763,24.179763,24.173227,0.513363,2.990780,0.208003,-0.346241,0.922861
3.600000,1,0,0,2.400000,9.810000,0.900000,30.000000,60.000000,6.000000,0.000000,0.000000,1.500000,0.121162,0.001954,1.499593,0.000000,0.000000,0.000000,-0.052387,0.060146,0.003567,0.997779,0.004652,-0.066420,0.001814,-0.024820,0.018898,0.003099,-0.024711,-0.069516,0.027803,24.173227,24.173227,24.164545,0.513178,3.144316,0.063395,-0.348169,0.922207
3.650000,1,0,0,2.400000,9.810000,0.900000,30.000000,60.000000,6.000000,0.000000,0.000000,1.500000,0.118367,0.004866,1.499799,0.000000,0.000000,0.000000,-0.059068,0.055749,0.004524,0.997814,0.003955,-0.065946,0.001848,-0.030523,0.018917,0.003076,0.016769,-0.175030,-0.021313,24.164545,24.164545,24.154117,0.512957,3.220022,-0.223471,-0.460764,0.921830
3.700000,1,0,0,2.400000,9.810000,0.900000,30.000000,60.000000,6.000000,0.000000,0.000000,1.500000,0.115291,0.007474,1.500031,0.000000,0.000000,0.000000,-0.063614,0.048067,0.004584,0.997846,0.003122,-0.065496,0.001871,-0.035613,0.017004,0.003068,0.045782,-0.241386,-0.033007,24.154117,24.154117,24.142359,0.512707,3.266753,-0.422893,-0.481636,0.921756
3.750000,1,0,0,2.400000,9.810000,0.900000,30.000000,60.000000,6.000000,0.000000,0.000000,1.500000,0.112044,0.009626,1.500243,0.000000,0.000000,0.000000,-0.065862,0.037563,0.003736,0.997874,0.002174,-0.065117,0.001887,-0.039791,0.013238,0.003062,0.040312,-0.313269,-0.019958,24.142359,24.142359,24.129673,0.512438,3.233999,-0.641165,-0.441294,0.922002
3.800000,1,0,0,2.400000,9.810000,0.900000,30.000000,60.000000,6.000000,0.000000,0.000000,1.500000,0.108744,0.011195,1.500390,0.000000,0.000000,0.000000,-0.065764,0.024918,0.002011,0.997892,0.001136,-0.064853,0.001897,-0.042805,0.007798,0.003044,0.059735,-0.370513,-0.029272,24.129673,24.129673,24.116429,0.512157,3.266431,-0.828607,-0.452889,0.922577
3.850000,1,0,0,2.400000,9.810000,0.900000,30.000000,60.000000,6.000000,0.000000,0.000000,1.500000,0.105505,0.012096,1.500430,0.000000,0.000000,0.000000,-0.063396,0.010985,-0.000519,0.997900,0.000039,-0.064743,0.001901,-0.044468,0.000961,0.003001,0.113694,-0.386408,0.003939,24.116429,24.116429,24.102944,0.511870,3.389062,-0.919569,-0.360798,0.923475
3.900000,1,0,0,2.400000,9.810000,0.900000,30.000000,60.000000,6.000000,0.000000,0.000000,1.500000,0.102439,0.012288,1.500326,0.000000,0.000000,0.000000,-0.058946,-0.003281,-0.003746,0.997895,-0.001081,-0.064818,0.001903,-0.044672,-0.006916,0.002922,0.191393,-0.347227,-0.011860,24.102944,24.102944,24.089470,0.511584,3.577471,-0.879388,-0.384820,0.924682
3.950000,1,0,0,2.400000,9.810000,0.900000,30.000000,60.000000,6.000000,0.000000,0.000000,1.500000,0.099641,0.011778,1.500046,0.000000,0.000000,0.000000,-0.052706,-0.016903,-0.007527,0.997875,-0.002186,-0.065098,0.001903,-0.043389,-0.015416,0.002803,0.208034,-0.286015,-0.030812,24.089470,24.089470,24.076188,0.511302,3.629153,-0.785582,-0.415020,0.926175
4.000000,1,0,0,2.400000,9.810000,0.900000,30.000000,60.000000,6.000000,0.000000,0.000000,1.500000,0.097192,0.010624,1.499567,0.000000,0.000000,0.000000,-0.045061,-0.028956,-0.011695,0.997839,-0.003241,-0.065592,0.001904,-0.040680,-0.024086,0.002644,0.236778,-0.272066,-0.058621,24.076188,24.076188,24.063200,0.511026,3.720167,-0.802689,-0.465203,0.927917
4.050000,1,0,0,2.400000,9.810000,0.900000,30.000000,60.000000,6.000000,0.000000,0.000000,1.500000,0.095151,0.008922,1.498874,0.000000,0.000000,0.000000,-0.036463,-0.038644,-0.016063,0.997789,-0.004212,-0.066300,0.001906,-0.036685,-0.032458,0.002455,0.219912,-0.205335,-0.073720,24.063200,24.063200,24.050532,0.510757,3.711915,-0.688966,-0.483724,0.929869
4.100000,1,0,0,2.400000,9.810000,0.900000,30.000000,60.000000,6.000000,0.000000,0.000000,1.500000,0.093553,0.006809,1.497961,0.000000,0.000000,0.000000,-0.027409,-0.045363,-0.020435,0.997724,-0.005068,-0.067208,0.001912,-0.031619,-0.040081,0.002248,0.208357,-0.159027,-0.055862,24.050532,24.050532,24.038135,0.510494,3.725960,-0.618691,-0.422096,0.931980
4.150000,1,0,0,2.400000,9.810000,0.900000,30.000000,60.000000,6.000000,0.000000,0.000000,1.500000,0.092409,0.004442,1.496833,0.000000,0.000000,0.000000,-0.018417,-0.048751,-0.024610,0.997647,-0.005786,-0.068293,0.001923,-0.025756,-0.046540,0.002039,0.180635,-0.071508,-0.004593,24.038135,24.038135,24.025890,0.510234,3.709585,-0.442826,-0.279326,0.934198
4.200000,1,0,0,2.400000,9.810000,0.900000,30.000000,60.000000,6.000000,0.000000,0.000000,1.500000,0.091702,0.001991,1.495506,0.000000,0.000000,0.000000,-0.009996,-0.048712,-0.028396,0.997559,-0.006351,-0.069519,0.001940,-0.019412,-0.051482,0.001845,0.160818,0.029491,-0.030136,24.025890,24.025890,24.013618,0.509973,3.718919,-0.227174,-0.320049,0.936467
4.250000,1,0,0,2.400000,9.810000,0.900000,30.000000,60.000000,6.000000,0.000000,0.000000,1.500000,0.091392,-0.000375,1.494003,0.000000,0.000000,0.000000,-0.002621,-0.045426,-0.031617,0.997462,-0.006755,-0.070847,0.001964,-0.012926,-0.054635,0.001680,0.094417,0.076070,0.024230,24.013618,24.013618,24.001088,0.509707,3.621178,-0.134333,-0.168215,0.938728
4.300000,1,0,0,2.400000,9.810000,0.900000,30.000000,60.000000,6.000000,0.000000,0.000000,1.500000,0.091415,-0.002505,1.492357,0.000000,0.000000,0.000000,0.003296,-0.039335,-0.034118,0.997362,-0.006998,-0.072228,0.001996,-0.006638,-0.055823,0.001556,0.040138,0.150525,0.053053,24.001088,24.001088,23.988027,0.509430,3.554970,0.033151,-0.076986,0.940926
4.350000,1,0,0,2.400000,9.810000,0.900000,30.000000,60.000000,6.000000,0.000000,0.000000,1.500000,0.091691,-0.004273,1.490605,0.000000,0.000000,0.000000,0.007419,-0.031104,-0.035777,0.997260,-0.007090,-0.073614,0.002037,-0.000865,-0.054974,0.001475,0.063301,0.177370,0.078597,23.988027,23.988027,23.974140,0.509135,3.674631,0.093660,0.006998,0.943008
4.400000,1,0,0,2.400000,9.810000,0.900000,30.000000,60.000000,6.000000,0.000000,0.000000,1.500000,0.092123,-0.005593,1.488794,0.000000,0.000000,0.000000,0.009517,-0.021565,-0.036504,0.997160,-0.007048,-0.074952,0.002086,0.004111,-0.052129,0.001437,-0.014040,0.207310,0.088068,23.974140,23.974140,23.959122,0.508816,3.550645,0.168077,0.052972,0.944926
4.450000,1,0,0,2.400000,9.810000,0.900000,30.000000,60.000000,6.000000,0.000000,0.000000,1.500000,0.092607,-0.006423,1.486971,0.000000,0.000000,0.000000,0.009465,-0.011651,-0.036251,0.997067,-0.006894,-0.076196,0.002142,0.008070,-0.047432,0.001434,-0.050410,0.228805,0.117590,23.959122,23.959122,23.942681,0.508467,3.520212,0.227594,0.147578,0.946638
4.500000,1,0,0,2.400000,9.810000,0.900000,30.000000,60.000000,6.000000,0.000000,0.000000,1.500000,0.093034,-0.006768,1.485186,0.000000,0.000000,0.000000,0.007259,-0.002321,-0.035011,0.996983,-0.006656,-0.077302,0.002204,0.010861,-0.041129,0.001456,-0.076585,0.211348,0.163124,23.942681,23.942681,23.924558,0.508082,3.507384,0.197653,0.281084,0.948113
4.550000,1,0,0,2.400000,9.810000,0.900000,30.000000,60.000000,6.000000,0.000000,0.000000,1.500000,0.093299,-0.006680,1.483486,0.000000,0.000000,0.000000,0.003013,0.005523,-0.032819,0.996912,-0.006364,-0.078234,0.002270,0.012413,-0.033552,0.001492,-0.131249,0.160899,0.157094,23.924558,23.924558,23.904552,0.507657,3.417582,0.091100,0.291273,0.949326
4.600000,1,0,0,2.400000,9.810000,0.900000,30.000000,60.000000,6.000000,0.000000,0.000000,1.500000,0.093305,-0.006254,1.481919,0.000000,0.000000,0.000000,-0.003048,0.011107,-0.029750,0.996856,-0.006049,-0.078966,0.002337,0.012740,-0.025099,0.001529,-0.189547,0.124471,0.158799,23.904552,23.904552,23.882539,0.507190,3.309173,0.019262,0.320433,0.950265
4.650000,1,0,0,2.400000,9.810000,0.900000,30.000000,60.000000,6.000000,0.000000,0.000000,1.500000,0.092969,-0.005617,1.480524,0.000000,0.000000,0.000000,-0.010599,0.013850,-0.025918,0.996817,-0.005741,-0.079480,0.002403,0.011937,-0.016215,0.001560,-0.187387,0.066484,0.160961,23.882539,23.882539,23.858493,0.506679,3.335213,-0.104671,0.351076,0.950926
4.700000,1,0,0,2.400000,9.810000,0.900000,30.000000,60.000000,6.000000,0.000000,0.000000,1.500000,0.092227,-0.004922,1.479337,0.000000,0.000000,0.000000,-0.019229,0.013408,-0.021467,0.996795,-0.005466,-0.079772,0.002466,0.010175,-0.007365,0.001578,-0.204984,-0.004929,0.169496,23.858493,23.858493,23.832492,0.506127,3.302977,-0.262442,0.397376,0.951317
4.750000,1,0,0,2.400000,9.810000,0.900000,30.000000,60.000000,6.000000,0.000000,0.000000,1.500000,0.091036,-0.004330,1.478385,0.000000,0.000000,0.000000,-0.028469,0.009709,-0.016568,0.996790,-0.005245,-0.079849,0.002524,0.007686,0.000989,0.001580,-0.185468,-0.113791,0.173654,23.832492,23.832492,23.804728,0.505537,3.349315,-0.512717,0.433498,0.951457
4.800000,1,0,0,2.400000,9.810000,0.900000,30.000000,60.000000,6.000000,0.000000,0.000000,1.500000,0.089378,-0.004002,1.477685,0.000000,0.000000,0.000000,-0.037810,0.002954,-0.011411,0.996800,-0.005093,-0.079729,0.002575,0.004753,0.008418,0.001565,-0.153711,-0.200998,0.147984,23.804728,23.804728,23.775501,0.504916,3.415442,-0.714337,0.398311,0.951373
4.850000,1,0,0,2.400000,9.810000,0.900000,30.000000,60.000000,6.000000,0.000000,0.000000,1.500000,0.087262,-0.004079,1.477245,0.000000,0.000000,0.000000,-0.046734,-0.006398,-0.006196,0.996824,-0.005017,-0.079440,0.002618,0.001684,0.014543,0.001533,-0.112613,-0.244650,0.157261,23.775501,23.775501,23.745205,0.504273,3.495797,-0.815077,0.447201,0.951103
4.900000,1,0,0,2.400000,9.810000,0.900000,30.000000,60.000000,6.000000,0.000000,0.000000,1.500000,0.084720,-0.004674,1.477063,0.000000,0.000000,0.000000,-0.054739,-0.017665,-0.001124,0.996857,-0.005016,-0.079017,0.002654,-0.001204,0.019061,0.001484,-0.085800,-0.271901,0.138403,23.745205,23.745205,23.714310,0.503617,3.535482,-0.880059,0.428673,0.950689
4.950000,1,0,0,2.400000,9.810000,0.900000,30.000000,60.000000,6.000000,0.000000,0.000000,1.500000,0.081811,-0.005863,1.477127,0.000000,0.000000,0.000000,-0.061368,-0.029997,0.003612,0.996897,-0.005081,-0.078505,0.002683,-0.003607,0.021761,0.001418,-0.068562,-0.276305,0.124758,23.714310,23.714310,23.683335,0.502959,3.547913,-0.893397,0.422634,0.950181
5.000000,1,0,0,2.400000,9.810000,0.900000,30.000000,60.000000,6.000000,0.000000,0.000000,1.500000,0.078613,-0.007675,1.477415,0.000000,0.000000,0.000000,-0.066229,-0.042447,0.007832,0.996940,-0.005198,-0.077949,0.002706,-0.005256,0.022533,0.001333,-0.022261,-0.238014,0.113046,23.683335,23.683335,23.652820,0.502311,3.628116,-0.806695,0.421056,0.949631
5.050000,1,0,0,2.400000,9.810000,0.900000,30.000000,60.000000,6.000000,0.000000,0.000000,1.500000,0.075223,-0.010093,1.477899,0.000000,0.000000,0.000000,-0.069019,-0.054045,0.011384,0.996982,-0.005343,-0.077398,0.002724,-0.005934,0.021377,0.001227,-0.040604,-0.211645,0.099829,23.652820,23.652820,23.623300,0.501684,3.553546,-0.749988,0.415502,0.949093
5.100000,1,0,0,2.400000,9.810000,0.900000,30.000000,60.000000,6.000000,0.000000,0.000000,1.500000,0.071749,-0.013051,1.478540,0.000000,0.000000,0.000000,-0.069539,-0.063880,0.014142,0.997020,-0.005492,-0.076899,0.002739,-0.005492,0.018401,0.001099,0.009148,-0.179349,0.074525,23.623300,23.623300,23.595278,0.501089,3.645043,-0.679189,0.380374,0.948622
5.150000,1,0,0,2.400000,9.810000,0.900000,30.000000,60.000000,6.000000,0.000000,0.000000,1.500000,0.068308,-0.016439,1.479298,0.000000,0.000000,0.000000,-0.067706,-0.071169,0.016019,0.997050,-0.005614,-0.076494,0.002753,-0.003857,0.013815,0.000948,0.054703,-0.148166,0.040347,23.595278,23.595278,23.569205,0.500535,3.731180,-0.609808,0.323172,0.948269
5.200000,1,0,0,2.400000,9.810000,0.900000,30.000000,60.000000,6.000000,0.000000,0.000000,1.500000,0.065017,-0.020115,1.480127,0.000000,0.000000,0.000000,-0.063552,-0.075324,0.016966,0.997071,-0.005680,-0.076221,0.002768,-0.001038,0.007920,0.000778,0.109214,-0.045804,0.025945,23.569205,23.569205,23.545465,0.500031,3.845275,-0.366936,0.312442,0.948081
5.250000,1,0,0,2.400000,9.810000,0.900000,30.000000,60.000000,6.000000,0.000000,0.000000,1.500000,0.061989,-0.023913,1.480979,0.000000,0.000000,0.000000,-0.057232,-0.076000,0.016976,0.997080,-0.005661,-0.076107,0.002786,0.002869,0.001092,0.000595,0.169321,0.012484,0.020733,23.545465,23.545465,23.524364,0.499583,3.980605,-0.225843,0.322568,0.948099
5.300000,1,0,0,2.400000,9.810000,0.900000,30.000000,60.000000,6.000000,0.000000,0.000000,1.500000,0.059326,-0.027656,1.481809,0.000000,0.000000,0.000000,-0.049006,-0.073120,0.016083,0.997076,-0.005532,-0.076170,0.002809,0.007695,-0.006244,0.000406,0.187453,0.072842,-0.007766,23.524364,23.524364,23.506125,0.499196,4.023857,-0.074604,0.275409,0.948357
5.350000,1,0,0,2.400000,9.810000,0.900000,30.000000,60.000000,6.000000,0.000000,0.000000,1.500000,0.057114,-0.031169,1.482574,0.000000,0.000000,0.000000,-0.039233,-0.066883,0.014362,0.997058,-0.005272,-0.076418,0.002838,0.013203,-0.013628,0.000225,0.234228,0.070796,0.015780,23.506125,23.506125,23.490885,0.498872,4.144848,-0.067018,0.351590,0.948878
5.400000,1,0,0,2.400000,9.810000,0.900000,30.000000,60.000000,6.000000,0.000000,0.000000,1.500000,0.055421,-0.034296,1.483234,0.000000,0.000000,0.000000,-0.028349,-0.057751,0.011925,0.997027,-0.004869,-0.076844,0.002874,0.019101,-0.020601,0.000060,0.229047,0.072846,0.003627,23.490885,23.490885,23.478697,0.498613,4.149923,-0.042867,0.340364,0.949677
5.450000,1,0,0,2.400000,9.810000,0.900000,30.000000,60.000000,6.000000,0.000000,0.000000,1.500000,0.054290,-0.036907,1.483757,0.000000,0.000000,0.000000,-0.016845,-0.046407,0.008917,0.996984,-0.004317,-0.077435,0.002919,0.025065,-0.026723,-0.000077,0.211606,0.106552,-0.051370,23.478697,23.478697,23.469528,0.498418,4.133615,0.064254,0.224452,0.950758
5.500000,1,0,0,2.400000,9.810000,0.900000,30.000000,60.000000,6.000000,0.000000,0.000000,1.500000,0.053738,-0.038913,1.484119,0.000000,0.000000,0.000000,-0.005243,-0.033700,0.005505,0.996930,-0.003618,-0.078163,0.002973,0.030759,-0.031602,-0.000181,0.207083,0.113933,-0.093955,23.469528,23.469528,23.463260,0.498285,4.155115,0.115062,0.136364,0.952113
5.550000,1,0,0,2.400000,9.810000,0.900000,30.000000,60.000000,6.000000,0.000000,0.000000,1.500000,0.053758,-0.040270,1.484304,0.000000,0.000000,0.000000,0.005935,-0.020581,0.001877,0.996867,-0.002783,-0.078992,0.003036,0.035851,-0.034913,-0.000253,0.171339,0.159033,-0.097046,23.463260,23.463260,23.459699,0.498210,4.106836,0.262743,0.141005,0.953726
5.600000,1,0,0,2.400000,9.810000,0.900000,30.000000,60.000000,6.000000,0.000000,0.000000,1.500000,0.054316,-0.040981,1.484306,0.000000,0.000000,0.000000,0.016189,-0.008022,-0.001772,0.996798,-0.001832,-0.079882,0.003107,0.040041,-0.036416,-0.000296,0.086723,0.161770,-0.110653,23.459699,23.459699,23.458569,0.498186,3.944429,0.314212,0.118292,0.955570
5.650000,1,0,0,2.400000,9.810000,0.900000,30.000000,60.000000,6.000000,0.000000,0.000000,1.500000,0.055354,-0.041097,1.484129,0.000000,0.000000,0.000000,0.025070,0.003060,-0.005243,0.996726,-0.000790,-0.080785,0.003184,0.043076,-0.035973,-0.000323,0.104636,0.134698,-0.094654,23.458569,23.458569,23.459533,0.498206,4.029039,0.298386,0.164483,0.957607
5.700000,1,0,0,2.400000,9.810000,0.900000,30.000000,60.000000,6.000000,0.000000,0.000000,1.500000,0.056794,-0.040713,1.483788,0.000000,0.000000,0.000000,0.032204,0.011879,-0.008349,0.996656,0.000311,-0.081652,0.003265,0.044766,-0.033552,-0.000347,0.060473,0.110845,-0.068539,23.459533,23.459533,23.462196,0.498263,3.963300,0.293060,0.232787,0.959794
5.750000,1,0,0,2.400000,9.810000,0.900000,30.000000,60.000000,6.000000,0.000000,0.000000,1.500000,0.058541,-0.039957,1.483303,0.000000,0.000000,0.000000,0.037308,0.017844,-0.010916,0.996590,0.001435,-0.082434,0.003348,0.044999,-0.029230,-0.000385,0.059649,0.026616,-0.054593,23.462196,23.462196,23.466132,0.498346,3.997906,0.143949,0.269745,0.962081
5.800000,1,0,0,2.400000,9.810000,0.900000,30.000000,60.000000,6.000000,0.000000,0.000000,1.500000,0.060488,-0.038982,1.482707,0.000000,0.000000,0.000000,0.040206,0.020601,-0.012797,0.996533,0.002547,-0.083086,0.003428,0.043746,-0.023190,-0.000450,0.012616,-0.012409,-0.055319,23.466132,23.466132,23.470902,0.498448,3.915788,0.102705,0.269398,0.964413
5.850000,1,0,0,2.400000,9.810000,0.900000,30.000000,60.000000,6.000000,0.000000,0.000000,1.500000,0.062524,-0.037952,1.482037,0.000000,0.000000,0.000000,0.040841,0.020067,-0.013874,0.996489,0.003609,-0.083570,0.003503,0.041064,-0.015710,-0.000553,-0.086216,-0.078412,-0.049256,23.470902,23.470902,23.476089,0.498558,3.701640,-0.005631,0.283335,0.966734
5.900000,1,0,0,2.400000,9.810000,0.900000,30.000000,60.000000,6.000000,0.000000,0.000000,1.500000,0.064535,-0.037027,1.481335,0.000000,0.000000,0.000000,0.039273,0.016434,-0.014066,0.996461,0.004587,-0.083853,0.003568,0.037091,-0.007148,-0.000697,-0.091696,-0.080499,-0.018529,23.476089,23.476089,23.481326,0.498669,3.702309,0.035469,0.354566,0.968986
5.950000,1,0,0,2.400000,9.810000,0.900000,30.000000,60.000000,6.000000,0.000000,0.000000,1.500000,0.066417,-0.036353,1.480646,0.000000,0.000000,0.000000,0.035678,0.010152,-0.013330,0.996452,0.005452,-0.083914,0.003621,0.032038,0.002078,-0.000882,-0.112160,-0.143117,0.035538,23.481326,23.481326,23.486324,0.498775,3.656722,-0.074072,0.480051,0.971114
6.000000,1,0,0,2.400000,9.810000,0.900000,30.000000,60.000000,6.000000,0.000000,0.000000,1.500000,0.068074,-0.036045,1.480017,0.000000,0.000000,0.000000,0.030337,0.001892,-0.011668,0.996462,0.006180,-0.083742,0.003659,0.026178,0.011511,-0.001098,-0.115200,-0.140511,0.054416,23.486324,23.486324,23.490897,0.498872,3.642109,-0.033569,0.519473,0.973065
6.050000,1,0,0,2.400000,9.810000,0.900000,30.000000,60.000000,6.000000,0.000000,0.000000,1.500000,0.069428,-0.036182,1.479494,0.000000,0.000000,0.000000,0.023625,-0.007507,-0.009120,0.996492,0.006755,-0.083337,0.003679,0.019826,0.020684,-0.001330,-0.157690,-0.164162,0.079586,23.490897,23.490897,23.494977,0.498959,3.521979,-0.063344,0.572548,0.974793
6.100000,1,0,0,2.400000,9.810000,0.900000,30.000000,60.000000,6.000000,0.000000,0.000000,1.500000,0.070421,-0.036799,1.479119,0.000000,0.000000,0.000000,0.015985,-0.017112,-0.005770,0.996541,0.007168,-0.082713,0.003682,0.013320,0.029142,-0.001564,-0.166471,-0.193844,0.026692,23.494977,23.494977,23.498621,0.499036,3.472464,-0.115239,0.436977,0.976259
6.150000,1,0,0,2.400000,9.810000,0.900000,30.000000,60.000000,6.000000,0.000000,0.000000,1.500000,0.071019,-0.037881,1.478929,0.000000,0.000000,0.000000,0.007908,-0.025966,-0.001734,0.996607,0.007421,-0.081892,0.003667,0.006999,0.036468,-0.001783,-0.155609,-0.202932,0.037834,23.498621,23.498621,23.502002,0.499108,3.460882,-0.125332,0.453945,0.977433
6.200000,1,0,0,2.400000,9.810000,0.900000,30.000000,60.000000,6.000000,0.000000,0.000000,1.500000,0.071213,-0.039368,1.478954,0.000000,0.000000,0.000000,-0.000091,-0.033173,0.002836,0.996687,0.007522,-0.080906,0.003636,0.001183,0.042308,-0.001973,-0.149860,-0.152219,0.105325,23.502002,23.502002,23.505396,0.499180,3.429364,0.000891,0.605115,0.978292
6.250000,1,0,0,2.400000,9.810000,0.900000,30.000000,60.000000,6.000000,0.000000,0.000000,1.500000,0.071020,-0.041158,1.479218,0.000000,0.000000,0.000000,-0.007505,-0.037967,0.007767,0.996777,0.007487,-0.079797,0.003590,-0.003846,0.046386,-0.002126,-0.144897,-0.061976,0.097153,23.505396,23.505396,23.509152,0.499260,3.390209,0.215561,0.573749,0.978828
6.300000,1,0,0,2.400000,9.810000,0.900000,30.000000,60.000000,6.000000,0.000000,0.000000,1.500000,0.070480,-0.043115,1.479734,0.000000,0.000000,0.000000,-0.013859,-0.039776,0.012868,0.996872,0.007339,-0.078610,0.003533,-0.007864,0.048523,-0.002239,-0.128617,0.033148,0.108570,23.509152,23.509152,23.513668,0.499356,3.374663,0.436596,0.588501,0.979040
6.350000,1,0,0,2.400000,9.810000,0.900000,30.000000,60.000000,6.000000,0.000000,0.000000,1.500000,0.069659,-0.045080,1.480504,0.000000,0.000000,0.000000,-0.018735,-0.038270,0.017937,0.996969,0.007105,-0.077396,0.003467,-0.010720,0.048646,-0.002313,-0.095035,0.074356,0.086741,23.513668,23.513668,23.519353,0.499477,3.399438,0.524185,0.522582,0.978938
6.400000,1,0,0,2.400000,9.810000,0.900000,30.000000,60.000000,6.000000,0.000000,0.000000,1.500000,0.068637,-0.046886,1.481524,0.000000,0.000000,0.000000,-0.021796,-0.033391,0.022774,0.997063,0.006815,-0.076203,0.003394,-0.012339,0.046791,-0.002353,-0.017082,0.105391,0.092098,23.519353,23.519353,23.526600,0.499630,3.531872,0.584749,0.521016,0.978544
6.450000,1,0,0,2.400000,9.810000,0.900000,30.000000,60.000000,6.000000,0.000000,0.000000,1.500000,0.067513,-0.048367,1.482775,0.000000,0.000000,0.000000,-0.022801,-0.025351,0.027189,0.997151,0.006501,-0.075080,0.003319,-0.012731,0.043100,-0.002369,-0.008266,0.162812,0.091314,23.526600,23.526600,23.535758,0.499825,3.501814,0.707501,0.503778,0.977889
6.500000,1,0,0,2.400000,9.810000,0.900000,30.000000,60.000000,6.000000,0.000000,0.000000,1.500000,0.066394,-0.049376,1.484233,0.000000,0.000000,0.000000,-0.021620,-0.014627,0.031006,0.997229,0.006192,-0.074069,0.003243,-0.011990,0.037815,-0.002370,0.046123,0.240682,0.059877,23.535758,23.535758,23.547115,0.500066,3.586608,0.879596,0.411992,0.977011
6.550000,1,0,0,2.400000,9.810000,0.900000,30.000000,60.000000,6.000000,0.000000,0.000000,1.500000,0.065388,-0.049796,1.485863,0.000000,0.000000,0.000000,-0.018243,-0.001911,0.034077,0.997294,0.005914,-0.073206,0.003169,-0.010282,0.031266,-0.002363,0.032855,0.266769,-0.008817,23.547115,23.547115,23.560880,0.500358,3.516209,0.928931,0.229754,0.975956
6.600000,1,0,0,2.400000,9.810000,0.900000,30.000000,60.000000,6.000000,0.000000,0.000000,1.500000,0.064604,-0.049548,1.487626,0.000000,0.000000,0.000000,-0.012775,0.011935,0.036282,0.997346,0.005689,-0.072518,0.003097,-0.007840,0.023847,-0.002354,0.048876,0.228495,-0.052965,23.560880,23.560880,23.577181,0.500705,3.524563,0.826336,0.105332,0.974776
6.650000,1,0,0,2.400000,9.810000,0.900000,30.000000,60.000000,6.000000,0.000000,0.000000,1.500000,0.064142,-0.048600,1.489475,0.000000,0.000000,0.000000,-0.005436,0.025955,0.037541,0.997383,0.005532,-0.072021,0.003030,-0.004944,0.015999,-0.002348,0.142483,0.228045,-0.067318,23.577181,23.577181,23.596053,0.501105,3.728372,0.817757,0.051289,0.973524
6.700000,1,0,0,2.400000,9.810000,0.900000,30.000000,60.000000,6.000000,0.000000,0.000000,1.500000,0.064086,-0.046966,1.491363,0.000000,0.000000,0.000000,0.003452,0.039173,0.037813,0.997406,0.005450,-0.071720,0.002967,-0.001901,0.008186,-0.002346,0.180649,0.191564,-0.072799,23.596053,23.596053,23.617449,0.501560,3.808614,0.726310,0.017373,0.972256
6.750000,1,0,0,2.400000,9.810000,0.900000,30.000000,60.000000,6.000000,0.000000,0.000000,1.500000,0.064506,-0.044711,1.493240,0.000000,0.000000,0.000000,0.013483,0.050672,0.037097,0.997414,0.005443,-0.071608,0.002908,0.000971,0.000866,-0.002350,0.174973,0.150970,-0.068179,23.617449,23.617449,23.641230,0.502065,3.792835,0.628581,0.006527,0.971027
6.800000,1,0,0,2.400000,9.810000,0.900000,30.000000,60.000000,6.000000,0.000000,0.000000,1.500000,0.065446,-0.041941,1.495057,0.000000,0.000000,0.000000,0.024186,0.059667,0.035436,0.997409,0.005502,-0.071668,0.002853,0.003369,-0.005534,-0.002361,0.212838,0.138116,-0.048765,23.641230,23.641230,23.667176,0.502616,3.889930,0.600640,0.030022,0.969889
6.850000,1,0,0,2.400000,9.810000,0.900000,30.000000,60.000000,6.000000,0.000000,0.000000,1.500000,0.066927,-0.038796,1.496769,0.000000,0.000000,0.000000,0.035050,0.065568,0.032913,0.997394,0.005614,-0.071872,0.002801,0.005021,-0.010640,-0.002381,0.176914,0.031622,-0.073104,23.667176,23.667176,23.694985,0.503206,3.817001,0.350448,-0.052622,0.968890
6.900000,1,0,0,2.400000,9.810000,0.900000,30.000000,60.000000,6.000000,0.000000,0.000000,1.500000,0.068945,-0.035441,1.498336,0.000000,0.000000,0.000000,0.045553,0.068030,0.029646,0.997371,0.005755,-0.072184,0.002749,0.005709,-0.014150,-0.002414,0.146834,-0.042281,-0.082028,23.694985,23.694985,23.724283,0.503829,3.763455,0.179931,-0.099357,0.968069
6.950000,1,0,0,2.400000,9.810000,0.900000,30.000000,60.000000,6.000000,0.000000,0.000000,1.500000,0.071468,-0.032052,1.499724,0.000000,0.000000,0.000000,0.055185,0.066976,0.025784,0.997343,0.005900,-0.072561,0.002696,0.005281,-0.015857,-0.002463,0.080085,-0.108325,-0.082285,23.724283,23.724283,23.754632,0.504473,3.625229,0.028490,-0.126292,0.967461
7.000000,1,0,0,2.400000,9.810000,0.900000,30.000000,60.000000,6.000000,0.000000,0.000000,1.500000,0.074441,-0.028799,1.500908,0.000000,0.000000,0.000000,0.063479,0.062606,0.021503,0.997313,0.006019,-0.072957,0.002640,0.003661,-0.015653,-0.002533,0.090238,-0.167710,-0.072005,23.754632,23.754632,23.785542,0.505130,3.672655,-0.108152,-0.128841,0.967088
7.050000,1,0,0,2.400000,9.810000,0.900000,30.000000,60.000000,6.000000,0.000000,0.000000,1.500000,0.077787,-0.025839,1.501871,0.000000,0.000000,0.000000,0.070029,0.055378,0.016992,0.997286,0.006084,-0.073325,0.002578,0.000857,-0.013540,-0.002624,0.037700,-0.223021,-0.074488,23.785542,23.785542,23.816495,0.505787,3.568401,-0.237639,-0.162786,0.966965
7.100000,1,0,0,2.400000,9.810000,0.900000,30.000000,60.000000,6.000000,0.000000,0.000000,1.500000,0.081410,-0.023298,1.502606,0.000000,0.000000,0.000000,0.074521,0.045973,0.012451,0.997265,0.006064,-0.073617,0.002507,-0.003040,-0.009629,-0.002738,-0.018360,-0.289687,-0.091389,23.816495,23.816495,23.846966,0.506434,3.452205,-0.398391,-0.231935,0.967094
7.150000,1,0,0,2.400000,9.810000,0.900000,30.000000,60.000000,6.000000,0.000000,0.000000,1.500000,0.085201,-0.021264,1.503119,0.000000,0.000000,0.000000,0.076739,0.035237,0.008079,0.997253,0.005936,-0.073791,0.002426,-0.007863,-0.004132,-0.002868,-0.075143,-0.280165,-0.065124,23.846966,23.846966,23.876451,0.507060,3.328692,-0.381543,-0.197883,0.967469
7.200000,1,0,0,2.400000,9.810000,0.900000,30.000000,60.000000,6.000000,0.000000,0.000000,1.500000,0.089044,-0.019780,1.503420,0.000000,0.000000,0.000000,0.076582,0.024111,0.004064,0.997253,0.005677,-0.073812,0.002333,-0.013375,0.002646,-0.003008,-0.124849,-0.264613,-0.056615,23.876451,23.876451,23.904497,0.507656,3.214794,-0.356475,-0.206620,0.968071
7.250000,1,0,0,2.400000,9.810000,0.900000,30.000000,60.000000,6.000000,0.000000,0.000000,1.500000,0.092820,-0.018843,1.503534,0.000000,0.000000,0.000000,0.074070,0.013558,0.000579,0.997268,0.005276,-0.073652,0.002228,-0.019288,0.010330,-0.003145,-0.121502,-0.192104,0.007260,23.904497,23.904497,23.930723,0.508213,3.219457,-0.201649,-0.082393,0.968874
7.300000,1,0,0,2.400000,9.810000,0.900000,30.000000,60.000000,6.000000,0.000000,0.000000,1.500000,0.096414,-0.018400,1.503489,0.000000,0.000000,0.000000,0.069340,0.004481,-0.002229,0.997297,0.004726,-0.073294,0.002108,-0.025278,0.018489,-0.003266,-0.179591,-0.178664,0.018384,23.930723,23.930723,23.954850,0.508725,3.067000,-0.195840,-0.084418,0.969839
7.350000,1,0,0,2.400000,9.810000,0.900000,30.000000,60.000000,6.000000,0.000000,0.000000,1.500000,0.099721,-0.018357,1.503324,0.000000,0.000000,0.000000,0.062638,-0.002348,-0.004246,0.997341,0.004028,-0.072732,0.001977,-0.031008,0.026663,-0.003360,-0.199189,-0.151404,0.018711,23.954850,23.954850,23.976703,0.509189,2.996877,-0.164021,-0.111725,0.970925
7.400000,1,0,0,2.400000,9.810000,0.900000,30.000000,60.000000,6.000000,0.000000,0.000000,1.500000,0.102650,-0.018588,1.503079,0.000000,0.000000,0.000000,0.054310,-0.006352,-0.005394,0.997400,0.003194,-0.071971,0.001834,-0.036147,0.034390,-0.003417,-0.249267,-0.063604,0.047609,23.976703,23.976703,23.996222,0.509604,2.843755,0.006433,-0.069563,0.972082
7.450000,1,0,0,2.400000,9.810000,0.900000,30.000000,60.000000,6.000000,0.000000,0.000000,1.500000,0.105132,-0.018940,1.502800,0.000000,0.000000,0.000000,0.044781,-0.007197,-0.005633,0.997470,0.002242,-0.071027,0.001683,-0.040394,0.041227,-0.003432,-0.270860,-0.015151,0.041533,23.996222,23.996222,24.013452,0.509970,2.749905,0.076688,-0.110187,0.973256
7.500000,1,0,0,2.400000,9.810000,0.900000,30.000000,60.000000,6.000000,0.000000,0.000000,1.500000,0.107117,-0.019253,1.502531,0.000000,0.000000,0.000000,0.034535,-0.004818,-0.004969,0.997550,0.001197,-0.069928,0.001525,-0.043491,0.046780,-0.003406,-0.255295,0.080308,-0.016332,24.013452,24.013452,24.028524,0.510290,2.737423,0.255229,-0.273730,0.974392
7.550000,1,0,0,2.400000,9.810000,0.900000,30.000000,60.000000,6.000000,0.000000,0.000000,1.500000,0.108582,-0.019371,1.502317,0.000000,0.000000,0.000000,0.024086,0.000577,-0.003445,0.997636,0.000092,-0.068711,0.001364,-0.045250,0.050721,-0.003349,-0.289908,0.141706,-0.003389,24.028524,24.028524,24.041639,0.510568,2.598432,0.349012,-0.265774,0.975435
7.600000,1,0,0,2.400000,9.810000,0.900000,30.000000,60.000000,6.000000,0.000000,0.000000,1.500000,0.109531,-0.019153,1.502200,0.000000,0.000000,0.000000,0.013956,0.008521,-0.001146,0.997724,-0.001040,-0.067417,0.001204,-0.045553,0.052810,-0.003273,-0.277472,0.178945,0.032702,24.041639,24.041639,24.053035,0.510810,2.568372,0.383502,-0.200562,0.976333
7.650000,1,0,0,2.400000,9.810000,0.900000,30.000000,60.000000,6.000000,0.000000,0.000000,1.500000,0.109991,-0.018488,1.502214,0.000000,0.000000,0.000000,0.004644,0.018330,0.001806,0.997810,-0.002160,-0.066096,0.001046,-0.044368,0.052905,-0.003196,-0.260495,0.206054,0.009198,24.053035,24.053035,24.062967,0.511021,2.547556,0.394165,-0.276577,0.977036
7.700000,1,0,0,2.400000,9.810000,0.900000,30.000000,60.000000,6.000000,0.000000,0.000000,1.500000,0.110016,-0.017303,1.502389,0.000000,0.000000,0.000000,-0.003400,0.029154,0.005261,0.997893,-0.003233,-0.064797,0.000893,-0.041751,0.050973,-0.003133,-0.223353,0.208089,0.027488,24.062967,24.062967,24.071683,0.511206,2.575936,0.346921,-0.250430,0.977501
7.750000,1,0,0,2.400000,9.810000,0.900000,30.000000,60.000000,6.000000,0.000000,0.000000,1.500000,0.109679,-0.015571,1.502745,0.000000,0.000000,0.000000,-0.009795,0.040050,0.009046,0.997968,-0.004225,-0.063571,0.000746,-0.037835,0.047089,-0.003101,-0.188022,0.167898,0.012519,24.071683,24.071683,24.079408,0.511370,2.603199,0.202266,-0.302220,0.977692
7.800000,1,0,0,2.400000,9.810000,0.900000,30.000000,60.000000,6.000000,0.000000,0.000000,1.500000,0.109069,-0.013313,1.503295,0.000000,0.000000,0.000000,-0.014252,0.050057,0.012968,0.998034,-0.005104,-0.062464,0.000608,-0.032831,0.041436,-0.003109,-0.115231,0.142925,0.039202,24.079408,24.079408,24.086334,0.511517,2.725879,0.099530,-0.252165,0.977584
7.850000,1,0,0,2.400000,9.810000,0.900000,30.000000,60.000000,6.000000,0.000000,0.000000,1.500000,0.108289,-0.010596,1.504041,0.000000,0.000000,0.000000,-0.016589,0.058275,0.016831,0.998089,-0.005848,-0.061517,0.000478,-0.027009,0.034290,-0.003162,-0.056041,0.111977,0.068245,24.086334,24.086334,24.092613,0.511651,2.823432,-0.010995,-0.194595,0.977159
7.900000,1,0,0,2.400000,9.810000,0.900000,30.000000,60.000000,6.000000,0.000000,0.000000,1.500000,0.107447,-0.007528,1.504974,0.000000,0.000000,0.000000,-0.016737,0.063938,0.020438,0.998131,-0.006439,-0.060764,0.000357,-0.020683,0.026008,-0.003255,-0.022572,0.059814,0.041857,24.092613,24.092613,24.098360,0.511773,2.868390,-0.165076,-0.268247,0.976411
7.950000,1,0,0,2.400000,9.810000,0.900000,30.000000,60.000000,6.000000,0.000000,0.000000,1.500000,0.106651,-0.004254,1.506077,0.000000,0.000000,0.000000,-0.014749,0.066478,0.023602,0.998161,-0.006869,-0.060227,0.000244,-0.014191,0.017007,-0.003381,0.012207,-0.012482,0.039538,24.098360,24.098360,24.103654,0.511885,2.926778,-0.359702,-0.282372,0.975345
8.000000,1,0,0,2.400000,9.810000,0.900000,30.000000,60.000000,6.000000,0.000000,0.000000,1.500000,0.106005,-0.000938,1.507324,0.000000,0.000000,0.000000,-0.010791,0.065569,0.026155,0.998178,-0.007138,-0.059919,0.000140,-0.007871,0.007744,-0.003525,0.079007,-0.012507,0.040934,24.103654,24.103654,24.108540,0.511989,3.072918,-0.373113,-0.285880,0.973975
8.050000,1,0,0,2.400000,9.810000,0.900000,30.000000,60.000000,6.000000,0.000000,0.000000,1.500000,0.105600,0.002244,1.508680,0.000000,0.000000,0.000000,-0.005137,0.061159,0.027955,0.998182,-0.007256,-0.059840,0.000042,-0.002047,-0.001316,-0.003672,0.101929,-0.076488,0.012164,24.108540,24.108540,24.113026,0.512084,3.124710,-0.532653,-0.360152,0.972327
8.100000,1,0,0,2.400000,9.810000,0.900000,30.000000,60.000000,6.000000,0.000000,0.000000,1.500000,0.105513,0.005123,1.510105,0.000000,0.000000,0.000000,0.001845,0.053467,0.028892,0.998173,-0.007236,-0.059980,-0.000050,0.003000,-0.009717,-0.003808,0.152536,-0.122531,0.017678,24.113026,24.113026,24.117087,0.512171,3.253394,-0.642551,-0.350573,0.970435
8.150000,1,0,0,2.400000,9.810000,0.900000,30.000000,60.000000,6.000000,0.000000,0.000000,1.500000,0.105799,0.007544,1.511554,0.000000,0.000000,0.000000,0.009717,0.042973,0.028894,0.998154,-0.007103,-0.060317,-0.000136,0.007044,-0.017042,-0.003920,0.179713,-0.222238,0.002594,24.117087,24.117087,24.120658,0.512246,3.335253,-0.875728,-0.388943,0.968342
8.200000,1,0,0,2.400000,9.810000,0.900000,30.000000,60.000000,6.000000,0.000000,0.000000,1.500000,0.106491,0.009385,1.512979,0.000000,0.000000,0.000000,0.017989,0.030377,0.027927,0.998125,-0.006883,-0.060820,-0.000218,0.009929,-0.022936,-0.004001,0.172250,-0.251327,0.007283,24.120658,24.120658,24.123632,0.512310,3.341875,-0.935226,-0.378445,0.966097
8.250000,1,0,0,2.400000,9.810000,0.900000,30.000000,60.000000,6.000000,0.000000,0.000000,1.500000,0.107596,0.010561,1.514331,0.000000,0.000000,0.000000,0.026147,0.016543,0.026001,0.998088,-0.006606,-0.061449,-0.000298,0.011579,-0.027124,-0.004048,0.156077,-0.301736,-0.027840,24.123632,24.123632,24.125855,0.512357,3.333584,-1.043143,-0.462160,0.963754
8.300000,1,0,0,2.400000,9.810000,0.900000,30.000000,60.000000,6.000000,0.000000,0.000000,1.500000,0.109096,0.011035,1.515564,0.000000,0.000000,0.000000,0.033683,0.002430,0.023168,0.998046,-0.006303,-0.062160,-0.000376,0.012000,-0.029426,-0.004062,0.115102,-0.273302,-0.036775,24.125855,24.125855,24.127130,0.512384,3.269578,-0.960586,-0.481764,0.961369
8.350000,1,0,0,2.400000,9.810000,0.900000,30.000000,60.000000,6.000000,0.000000,0.000000,1.500000,0.110946,0.010816,1.516634,0.000000,0.000000,0.000000,0.040116,-0.010988,0.019518,0.998001,-0.006004,-0.062903,-0.000455,0.011283,-0.029767,-0.004046,0.093379,-0.284083,-0.056732,24.127130,24.127130,24.127218,0.512386,3.253245,-0.972328,-0.526615,0.958999
8.400000,1,0,0,2.400000,9.810000,0.900000,30.000000,60.000000,6.000000,0.000000,0.000000,1.500000,0.113082,0.009963,1.517504,0.000000,0.000000,0.000000,0.045022,-0.022795,0.015177,0.997957,-0.005736,-0.063630,-0.000534,0.009593,-0.028183,-0.004007,0.028263,-0.238611,-0.087218,24.127218,24.127218,24.125855,0.512357,3.131859,-0.850526,-0.595579,0.956702
8.450000,1,0,0,2.400000,9.810000,0.900000,30.000000,60.000000,6.000000,0.000000,0.000000,1.500000,0.115417,0.008576,1.518143,0.000000,0.000000,0.000000,0.048056,-0.032210,0.010302,0.997915,-0.005520,-0.064296,-0.000616,0.007160,-0.024815,-0.003950,-0.001302,-0.154350,-0.067505,24.125855,24.125855,24.122763,0.512291,3.092622,-0.638134,-0.542928,0.954529
8.500000,1,0,0,2.400000,9.810000,0.900000,30.000000,60.000000,6.000000,0.000000,0.000000,1.500000,0.117852,0.006792,1.518528,0.000000,0.000000,0.000000,0.048968,-0.038648,0.005072,0.997880,-0.005371,-0.064857,-0.000702,0.004261,-0.019906,-0.003879,-0.046731,-0.120589,-0.100894,24.122763,24.122763,24.117673,0.512183,3.010092,-0.550171,-0.616574,0.952530
8.550000,1,0,0,2.400000,9.810000,0.900000,30.000000,60.000000,6.000000,0.000000,0.000000,1.500000,0.120276,0.004767,1.518647,0.000000,0.000000,0.000000,0.047619,-0.041768,-0.000319,0.997853,-0.005297,-0.065280,-0.000791,0.001206,-0.013782,-0.003798,-0.041481,-0.042167,-0.100970,24.117673,24.117673,24.110348,0.512027,3.042284,-0.358624,-0.609094,0.950744
8.600000,1,0,0,2.400000,9.810000,0.900000,30.000000,60.000000,6.000000,0.000000,0.000000,1.500000,0.122576,0.002671,1.518497,0.000000,0.000000,0.000000,0.043986,-0.041501,-0.005667,0.997836,-0.005297,-0.065539,-0.000883,-0.001689,-0.006838,-0.003709,-0.101552,0.018638,-0.072757,24.110348,24.110348,24.100599,0.511820,2.909542,-0.212948,-0.532486,0.949205
8.650000,1,0,0,2.400000,9.810000,0.900000,30.000000,60.000000,6.000000,0.000000,0.000000,1.500000,0.124638,0.000670,1.518084,0.000000,0.000000,0.000000,0.038166,-0.038050,-0.010774,0.997830,-0.005365,-0.065619,-0.000979,-0.004119,0.000485,-0.003613,-0.094573,0.081442,-0.059486,24.100599,24.100599,24.088306,0.511559,2.928816,-0.065680,-0.490431,0.947935
8.700000,1,0,0,2.400000,9.810000,0.900000,30.000000,60.000000,6.000000,0.000000,0.000000,1.500000,0.126359,-0.001088,1.517427,0.000000,0.000000,0.000000,0.030370,-0.031877,-0.015450,0.997836,-0.005485,-0.065516,-0.001077,-0.005811,0.007728,-0.003513,-0.139016,0.115735,-0.051363,24.088306,24.088306,24.073431,0.511243,2.815593,0.010698,-0.459337,0.946949
8.750000,1,0,0,2.400000,9.810000,0.900000,30.000000,60.000000,6.000000,0.000000,0.000000,1.500000,0.127648,-0.002483,1.516549,0.000000,0.000000,0.000000,0.020913,-0.023663,-0.019524,0.997853,-0.005635,-0.065238,-0.001175,-0.006546,0.014433,-0.003411,-0.150770,0.128048,-0.086628,24.073431,24.073431,24.056016,0.510874,2.772117,0.032893,-0.530894,0.946248
8.800000,1,0,0,2.400000,9.810000,0.900000,30.000000,60.000000,6.000000,0.000000,0.000000,1.500000,0.128430,-0.003434,1.515487,0.000000,0.000000,0.000000,0.010197,-0.014252,-0.022853,0.997880,-0.005790,-0.064805,-0.001272,-0.006167,0.020173,-0.003314,-0.155431,0.161451,0.000653,24.056016,24.056016,24.036189,0.510453,2.737887,0.105534,-0.306782,0.945824
8.850000,1,0,0,2.400000,9.810000,0.900000,30.000000,60.000000,6.000000,0.000000,0.000000,1.500000,0.128654,-0.003904,1.514278,0.000000,0.000000,0.000000,-0.001312,-0.004582,-0.025326,0.997916,-0.005921,-0.064244,-0.001366,-0.004596,0.024576,-0.003228,-0.203870,0.160639,0.059292,24.036189,24.036189,24.014151,0.509985,2.592233,0.097281,-0.149798,0.945659
8.900000,1,0,0,2.400000,9.810000,0.900000,30.000000,60.000000,6.000000,0.000000,0.000000,1.500000,0.128294,-0.003904,1.512970,0.000000,0.000000,0.000000,-0.013102,0.004392,-0.026868,0.997957,-0.005998,-0.063593,-0.001454,-0.001838,0.027344,-0.003159,-0.194897,0.169243,0.064245,24.014151,24.014151,23.990162,0.509475,2.579839,0.114279,-0.120006,0.945724
8.950000,1,0,0,2.400000,9.810000,0.900000,30.000000,60.000000,6.000000,0.000000,0.000000,1.500000,0.127348,-0.003491,1.511608,0.000000,0.000000,0.000000,-0.024647,0.011778,-0.027446,0.998001,-0.005991,-0.062895,-0.001537,0.002019,0.028270,-0.003114,-0.170014,0.136708,0.057141,23.990162,23.990162,23.964535,0.508931,2.603235,0.036568,-0.117500,0.945983
9.000000,1,0,0,2.400000,9.810000,0.900000,30.000000,60.000000,6.000000,0.000000,0.000000,1.500000,0.125842,-0.002765,1.510241,0.000000,0.000000,0.000000,-0.035433,0.016817,-0.027069,0.998045,-0.005877,-0.062199,-0.001612,0.006810,0.027249,-0.003095,-0.166833,0.094081,0.088147,23.964535,23.964535,23.937611,0.508359,2.574476,-0.060140,-0.021902,0.946392
9.050000,1,0,0,2.400000,9.810000,0.900000,30.000000,60.000000,6.000000,0.000000,0.000000,1.500000,0.123825,-0.001858,1.508916,0.000000,0.000000,0.000000,-0.044982,0.018949,-0.025786,0.998086,-0.005634,-0.061553,-0.001678,0.012301,0.024287,-0.003101,-0.125261,0.007095,0.102430,23.937611,23.937611,23.909753,0.507767,2.640160,-0.257127,0.035131,0.946902
9.100000,1,0,0,2.400000,9.810000,0.900000,30.000000,60.000000,6.000000,0.000000,0.000000,1.500000,0.121371,-0.000924,1.507676,0.000000,0.000000,0.000000,-0.052881,0.017855,-0.023688,0.998122,-0.005248,-0.061005,-0.001735,0.018206,0.019494,-0.003126,-0.076423,-0.039453,0.091305,23.909753,23.909753,23.881329,0.507164,2.727877,-0.350242,0.032659,0.947461
9.150000,1,0,0,2.400000,9.810000,0.900000,30.000000,60.000000,6.000000,0.000000,0.000000,1.500000,0.118570,-0.000127,1.506559,0.000000,0.000000,0.000000,-0.058800,0.013488,-0.020898,0.998150,-0.004713,-0.060596,-0.001783,0.024201,0.013088,-0.003160,-0.067114,-0.129734,0.111615,23.881329,23.881329,23.852707,0.506556,2.727407,-0.541231,0.106988,0.948013
9.200000,1,0,0,2.400000,9.810000,0.900000,30.000000,60.000000,6.000000,0.000000,0.000000,1.500000,0.115528,0.000373,1.505595,0.000000,0.000000,0.000000,-0.062511,0.006075,-0.017571,0.998167,-0.004032,-0.060365,-0.001823,0.029950,0.005374,-0.003190,-0.086012,-0.184692,0.122393,23.852707,23.852707,23.824240,0.505951,2.667684,-0.640490,0.159647,0.948505
9.250000,1,0,0,2.400000,9.810000,0.900000,30.000000,60.000000,6.000000,0.000000,0.000000,1.500000,0.112358,0.000437,1.504808,0.000000,0.000000,0.000000,-0.063896,-0.003901,-0.013884,0.998171,-0.003213,-0.060339,-0.001854,0.035120,-0.003268,-0.003201,-0.020825,-0.190102,0.144860,23.824240,23.824240,23.796261,0.505357,2.819545,-0.614406,0.241396,0.948886
9.300000,1,0,0,2.400000,9.810000,0.900000,30.000000,60.000000,6.000000,0.000000,0.000000,1.500000,0.109177,-0.000048,1.504209,0.000000,0.000000,0.000000,-0.062961,-0.015740,-0.010029,0.998162,-0.002277,-0.060536,-0.001876,0.039409,-0.012405,-0.003180,0.039715,-0.192509,0.143976,23.796261,23.796261,23.769074,0.504780,2.970882,-0.575591,0.267935,0.949108
9.350000,1,0,0,2.400000,9.810000,0.900000,30.000000,60.000000,6.000000,0.000000,0.000000,1.500000,0.106099,-0.001154,1.503804,0.000000,0.000000,0.000000,-0.059824,-0.028577,-0.006203,0.998137,-0.001248,-0.060963,-0.001892,0.042558,-0.021573,-0.003118,0.113767,-0.207400,0.126285,23.769074,23.769074,23.742939,0.504225,3.165576,-0.562440,0.254756,0.949131
9.400000,1,0,0,2.400000,9.810000,0.900000,30.000000,60.000000,6.000000,0.000000,0.000000,1.500000,0.103228,-0.002906,1.503585,0.000000,0.000000,0.000000,-0.054721,-0.041459,-0.002603,0.998098,-0.000157,-0.061613,-0.001901,0.044373,-0.030308,-0.003012,0.152685,-0.162308,0.085667,23.742939,23.742939,23.718066,0.503697,3.286630,-0.402523,0.186930,0.948922
9.450000,1,0,0,2.400000,9.810000,0.900000,30.000000,60.000000,6.000000,0.000000,0.000000,1.500000,0.100654,-0.005284,1.503537,0.000000,0.000000,0.000000,-0.047982,-0.053416,0.000588,0.998044,0.000961,-0.062472,-0.001906,0.044737,-0.038164,-0.002864,0.185440,-0.157404,0.105612,23.718066,23.718066,23.694605,0.503198,3.402774,-0.337913,0.264577,0.948456
9.500000,1,0,0,2.400000,9.810000,0.900000,30.000000,60.000000,6.000000,0.000000,0.000000,1.500000,0.098450,-0.008217,1.503635,0.000000,0.000000,0.000000,-0.040022,-0.063542,0.003204,0.997977,0.002069,-0.063511,-0.001907,0.043613,-0.044742,-0.002686,0.237222,-0.117891,0.100184,23.694605,23.694605,23.672632,0.502732,3.573178,-0.190838,0.281192,0.947720
9.550000,1,0,0,2.400000,9.810000,0.900000,30.000000,60.000000,6.000000,0.000000,0.000000,1.500000,0.096664,-0.011595,1.503846,0.000000,0.000000,0.000000,-0.031315,-0.071066,0.005107,0.997898,0.003130,-0.064695,-0.001907,0.041052,-0.049714,-0.002490,0.302770,-0.071242,0.087360,23.672632,23.672632,23.652151,0.502297,3.783493,-0.028955,0.279656,0.946710
9.600000,1,0,0,2.400000,9.810000,0.900000,30.000000,60.000000,6.000000,0.000000,0.000000,1.500000,0.095322,-0.015271,1.504132,0.000000,0.000000,0.000000,-0.022369,-0.075420,0.006192,0.997811,0.004110,-0.065980,-0.001907,0.037188,-0.052835,-0.002296,0.286163,0.002697,0.059641,23.652151,23.652151,23.633089,0.501892,3.801455,0.194495,0.241718,0.945433
9.650000,1,0,0,2.400000,9.810000,0.900000,30.000000,60.000000,6.000000,0.000000,0.000000,1.500000,0.094423,-0.019078,1.504450,0.000000,0.000000,0.000000,-0.013700,-0.076276,0.006391,0.997717,0.004978,-0.067317,-0.001910,0.032226,-0.053961,-0.002120,0.275755,0.037929,0.042801,23.633089,23.633089,23.615306,0.501514,3.836832,0.319727,0.228997,0.943906
9.700000,1,0,0,2.400000,9.810000,0.900000,30.000000,60.000000,6.000000,0.000000,0.000000,1.500000,0.093939,-0.022839,1.504755,0.000000,0.000000,0.000000,-0.005806,-0.073581,0.005677,0.997622,0.005712,-0.068657,-0.001918,0.026435,-0.053057,-0.001977,0.255284,0.096721,0.032372,23.615306,23.615306,23.598607,0.501160,3.848215,0.495065,0.230563,0.942158
9.750000,1,0,0,2.400000,9.810000,0.900000,30.000000,60.000000,6.000000,0.000000,0.000000,1.500000,0.093822,-0.026381,1.505003,0.000000,0.000000,0.000000,0.000860,-0.067557,0.004065,0.997529,0.006294,-0.069950,-0.001934,0.020128,-0.050195,-0.001875,0.202206,0.202467,-0.012580,23.598607,23.598607,23.582760,0.500823,3.779135,0.775886,0.148005,0.940224
9.800000,1,0,0,2.400000,9.810000,0.900000,30.000000,60.000000,6.000000,0.000000,0.000000,1.500000,0.093998,-0.029547,1.505148,0.000000,0.000000,0.000000,0.005916,-0.058682,0.001612,0.997441,0.006716,-0.071147,-0.001958,0.013641,-0.045555,-0.001819,0.121709,0.278526,-0.058320,23.582760,23.582760,23.567522,0.500500,3.639840,0.977868,0.062149,0.938148
9.850000,1,0,0,2.400000,9.810000,0.900000,30.000000,60.000000,6.000000,0.000000,0.000000,1.500000,0.094381,-0.032213,1.505151,0.000000,0.000000,0.000000,0.009069,-0.047654,-0.001589,0.997363,0.006978,-0.072210,-0.001991,0.007316,-0.039410,-0.001803,0.082009,0.324015,-0.059685,23.567522,23.567522,23.552660,0.500184,3.592108,1.098910,0.081303,0.935981
9.900000,1,0,0,2.400000,9.810000,0.900000,30.000000,60.000000,6.000000,0.000000,0.000000,1.500000,0.094870,-0.034291,1.504979,0.000000,0.000000,0.000000,0.010129,-0.035334,-0.005407,0.997297,0.007088,-0.073103,-0.002035,0.001474,-0.032114,-0.001819,0.024694,0.333953,-0.051546,23.552660,23.552660,23.537979,0.499872,3.494188,1.127458,0.121731,0.933777
9.950000,1,0,0,2.400000,9.810000,0.900000,30.000000,60.000000,6.000000,0.000000,0.000000,1.500000,0.095358,-0.035741,1.504603,0.000000,0.000000,0.000000,0.009022,-0.022674,-0.009683,0.997246,0.007062,-0.073804,-0.002088,-0.003600,-0.024083,-0.001854,-0.013857,0.305008,-0.035243,23.537979,23.537979,23.523341,0.499561,3.432284,1.056278,0.180214,0.931592
10.000000,1,0,0,2.400000,9.810000,0.900000,30.000000,60.000000,6.000000,0.000000,0.000000,1.500000,0.095737,-0.036569,1.504006,0.000000,0.000000,0.000000,0.005793,-0.010643,-0.014238,0.997210,0.006921,-0.074301,-0.002148,-0.007678,-0.015769,-0.001895,-0.010995,0.280990,-0.048145,23.523341,23.523341,23.508683,0.499250,3.460159,0.991570,0.167090,0.929485
10.050000,1,0,0,2.400000,9.810000,0.900000,30.000000,60.000000,6.000000,0.000000,0.000000,1.500000,0.095905,-0.036831,1.503178,0.000000,0.000000,0.000000,0.000603,-0.000146,-0.018876,0.997189,0.006694,-0.074591,-0.002215,-0.010601,-0.007637,-0.001929,-0.072524,0.256078,-0.056046,23.508683,23.508683,23.494023,0.498939,3.323845,0.920651,0.164507,0.927509
10.100000,1,0,0,2.400000,9.810000,0.900000,30.000000,60.000000,6.000000,0.000000,0.000000,1.500000,0.095769,-0.036622,1.502120,0.000000,0.000000,0.000000,-0.006278,0.008047,-0.023398,0.997184,0.006409,-0.074685,-0.002286,-0.012289,-0.000139,-0.001945,-0.142912,0.162949,-0.104333,23.494023,23.494023,23.479461,0.498629,3.157118,0.683362,0.063599,0.925717
10.150000,1,0,0,2.400000,9.810000,0.900000,30.000000,60.000000,6.000000,0.000000,0.000000,1.500000,0.095255,-0.036074,1.500843,0.000000,0.000000,0.000000,-0.014489,0.013365,-0.027605,0.997192,0.006098,-0.074604,-0.002357,-0.012746,0.006311,-0.001938,-0.179135,0.089586,-0.119449,23.479461,23.479461,23.465174,0.498326,3.064258,0.492319,0.040972,0.924154
10.200000,1,0,0,2.400000,9.810000,0.900000,30.000000,60.000000,6.000000,0.000000,0.000000,1.500000,0.094305,-0.035339,1.499368,0.000000,0.000000,0.000000,-0.023591,0.015480,-0.031315,0.997210,0.005791,-0.074380,-0.002427,-0.012060,0.011360,-0.001904,-0.208729,0.028470,-0.082178,23.465174,23.465174,23.451402,0.498034,2.980647,0.330876,0.142809,0.922859
10.250000,1,0,0,2.400000,9.810000,0.900000,30.000000,60.000000,6.000000,0.000000,0.000000,1.500000,0.092889,-0.034580,1.497723,0.000000,0.000000,0.000000,-0.033095,0.014336,-0.034361,0.997236,0.005514,-0.074050,-0.002493,-0.010392,0.014734,-0.001845,-0.167516,-0.049577,-0.074963,23.451402,23.451402,23.438436,0.497758,3.062160,0.130251,0.171298,0.921863
10.300000,1,0,0,2.400000,9.810000,0.900000,30.000000,60.000000,6.000000,0.000000,0.000000,1.500000,0.090998,-0.033956,1.495945,0.000000,0.000000,0.000000,-0.042484,0.010148,-0.036607,0.997266,0.005288,-0.073659,-0.002553,-0.007970,0.016258,-0.001762,-0.190640,-0.050945,-0.031989,23.438436,23.438436,23.426594,0.497507,2.986555,0.116117,0.284437,0.921185
10.350000,1,0,0,2.400000,9.810000,0.900000,30.000000,60.000000,6.000000,0.000000,0.000000,1.500000,0.088651,-0.033609,1.494077,0.000000,0.000000,0.000000,-0.051243,0.003390,-0.037949,0.997297,0.005129,-0.073254,-0.002606,-0.005072,0.015858,-0.001658,-0.119332,-0.103302,-0.014092,23.426594,23.426594,23.416205,0.497286,3.137128,-0.017219,0.336237,0.920836
10.400000,1,0,0,2.400000,9.810000,0.900000,30.000000,60.000000,6.000000,0.000000,0.000000,1.500000,0.085892,-0.033649,1.492166,0.000000,0.000000,0.000000,-0.058886,-0.005248,-0.038322,0.997324,0.005044,-0.072883,-0.002650,-0.002003,0.013572,-0.001536,-0.079994,-0.140563,-0.013940,23.416205,23.416205,23.407591,0.497103,3.212781,-0.110785,0.344299,0.920815
10.450000,1,0,0,2.400000,9.810000,0.900000,30.000000,60.000000,6.000000,0.000000,0.000000,1.500000,0.082788,-0.034151,1.490262,0.000000,0.000000,0.000000,-0.064977,-0.014917,-0.037701,0.997345,0.005035,-0.072591,-0.002686,0.000919,0.009546,-0.001397,-0.012512,-0.128200,0.000345,23.407591,23.407591,23.401053,0.496964,3.359940,-0.081720,0.385114,0.921110
10.500000,1,0,0,2.400000,9.810000,0.900000,30.000000,60.000000,6.000000,0.000000,0.000000,1.500000,0.079426,-0.035142,1.488413,0.000000,0.000000,0.000000,-0.069161,-0.024675,-0.036104,0.997358,0.005093,-0.072419,-0.002714,0.003387,0.004021,-0.001241,0.032011,-0.197926,0.040236,23.401053,23.401053,23.396856,0.496875,3.457878,-0.246499,0.486180,0.921699
10.550000,1,0,0,2.400000,9.810000,0.900000,30.000000,60.000000,6.000000,0.000000,0.000000,1.500000,0.075908,-0.036604,1.486667,0.000000,0.000000,0.000000,-0.071173,-0.033569,-0.033589,0.997358,0.005203,-0.072400,-0.002735,0.005130,-0.002672,-0.001070,0.140008,-0.185973,0.037820,23.396856,23.396856,23.395217,0.496840,3.715614,-0.212781,0.484463,0.922552
10.600000,1,0,0,2.400000,9.810000,0.900000,30.000000,60.000000,6.000000,0.000000,0.000000,1.500000,0.072348,-0.038470,1.485067,0.000000,0.000000,0.000000,-0.070862,-0.040709,-0.030254,0.997346,0.005344,-0.072559,-0.002750,0.005922,-0.010138,-0.000886,0.180803,-0.150357,0.076504,23.395217,23.395217,23.396303,0.496863,3.820675,-0.120800,0.580072,0.923629
10.650000,1,0,0,2.400000,9.810000,0.900000,30.000000,60.000000,6.000000,0.000000,0.000000,1.500000,0.068862,-0.040633,1.483653,0.000000,0.000000,0.000000,-0.068190,-0.045343,-0.026232,0.997320,0.005491,-0.072909,-0.002761,0.005607,-0.017935,-0.000693,0.232555,-0.115585,0.110488,23.396303,23.396303,23.400219,0.496947,3.961306,-0.030583,0.663017,0.924883
10.700000,1,0,0,2.400000,9.810000,0.900000,30.000000,60.000000,6.000000,0.000000,0.000000,1.500000,0.065567,-0.042953,1.482453,0.000000,0.000000,0.000000,-0.063242,-0.046919,-0.021683,0.997279,0.005614,-0.073453,-0.002770,0.004103,-0.025600,-0.000497,0.303470,-0.001611,0.109545,23.400219,23.400219,23.407004,0.497091,4.157329,0.248631,0.660669,0.926263
10.750000,1,0,0,2.400000,9.810000,0.900000,30.000000,60.000000,6.000000,0.000000,0.000000,1.500000,0.062572,-0.045268,1.481490,0.000000,0.000000,0.000000,-0.056214,-0.045131,-0.016790,0.997225,0.005684,-0.074181,-0.002779,0.001411,-0.032676,-0.000308,0.320384,0.087149,0.078352,23.407004,23.407004,23.416633,0.497295,4.232740,0.464848,0.584162,0.927715
10.800000,1,0,0,2.400000,9.810000,0.900000,30.000000,60.000000,6.000000,0.000000,0.000000,1.500000,0.059975,-0.047409,1.480776,0.000000,0.000000,0.000000,-0.047411,-0.039941,-0.011750,0.997158,0.005672,-0.075074,-0.002790,-0.002385,-0.038735,-0.000134,0.301643,0.177337,0.099413,23.416633,23.416633,23.429010,0.497558,4.230639,0.680667,0.631420,0.929181
10.850000,1,0,0,2.400000,9.810000,0.900000,30.000000,60.000000,6.000000,0.000000,0.000000,1.500000,0.057854,-0.049210,1.480314,0.000000,0.000000,0.000000,-0.037225,-0.031590,-0.006763,0.997081,0.005552,-0.076100,-0.002806,-0.007121,-0.043405,0.000015,0.353762,0.215638,0.114601,23.429010,23.429010,23.443972,0.497876,4.405264,0.766930,0.662845,0.930608
10.900000,1,0,0,2.400000,9.810000,0.900000,30.000000,60.000000,6.000000,0.000000,0.000000,1.500000,0.056268,-0.050524,1.480096,0.000000,0.000000,0.000000,-0.026117,-0.020573,-0.002027,0.996996,0.005305,-0.077223,-0.002829,-0.012566,-0.046386,0.000130,0.359047,0.255475,0.105154,23.443972,23.443972,23.461294,0.498244,4.472346,0.850876,0.633326,0.931944
10.950000,1,0,0,2.400000,9.810000,0.900000,30.000000,60.000000,6.000000,0.000000,0.000000,1.500000,0.055249,-0.051234,1.480104,0.000000,0.000000,0.000000,-0.014593,-0.007601,0.002274,0.996906,0.004915,-0.078395,-0.002861,-0.018437,-0.047471,0.000209,0.343827,0.246076,0.139158,23.461294,23.461294,23.480693,0.498656,4.492970,0.809979,0.706196,0.933140
11.000000,1,0,0,2.400000,9.810000,0.900000,30.000000,60.000000,6.000000,0.000000,0.000000,1.500000,0.054807,-0.051266,1.480313,0.000000,0.000000,0.000000,-0.003179,0.006452,0.005974,0.996815,0.004377,-0.079570,-0.002903,-0.024411,-0.046556,0.000254,0.361802,0.311217,0.114735,23.480693,23.480693,23.501842,0.499105,4.593718,0.940982,0.636897,0.934155
11.050000,1,0,0,2.400000,9.810000,0.900000,30.000000,60.000000,6.000000,0.000000,0.000000,1.500000,0.054921,-0.050587,1.480689,0.000000,0.000000,0.000000,0.007609,0.020626,0.008937,0.996728,0.003693,-0.080695,-0.002956,-0.030150,-0.043644,0.000271,0.315495,0.301916,0.064392,23.501842,23.501842,23.524381,0.499583,4.538273,0.886394,0.503416,0.934957
11.100000,1,0,0,2.400000,9.810000,0.900000,30.000000,60.000000,6.000000,0.000000,0.000000,1.500000,0.055549,-0.049217,1.481193,0.000000,0.000000,0.000000,0.017290,0.033945,0.011060,0.996646,0.002872,-0.081725,-0.003019,-0.035324,-0.038849,0.000273,0.247793,0.235736,0.044933,23.524381,23.524381,23.547937,0.500084,4.427254,0.688827,0.442080,0.935523
11.150000,1,0,0,2.400000,9.810000,0.900000,30.000000,60.000000,6.000000,0.000000,0.000000,1.500000,0.056624,-0.047222,1.481780,0.000000,0.000000,0.000000,0.025443,0.045499,0.012279,0.996575,0.001933,-0.082612,-0.003092,-0.039628,-0.032386,0.000275,0.204496,0.152197,0.036956,23.547937,23.547937,23.572138,0.500598,4.368445,0.443962,0.406352,0.935837
11.200000,1,0,0,2.400000,9.810000,0.900000,30.000000,60.000000,6.000000,0.000000,0.000000,1.500000,0.058062,-0.044710,1.482405,0.000000,0.000000,0.000000,0.031729,0.054518,0.012569,0.996517,0.000901,-0.083321,-0.003171,-0.042801,-0.024561,0.000293,0.122418,0.076895,0.027542,23.572138,23.572138,23.596639,0.501118,4.208359,0.214404,0.365295,0.935897
11.250000,1,0,0,2.400000,9.810000,0.900000,30.000000,60.000000,6.000000,0.000000,0.000000,1.500000,0.059762,-0.041822,1.483022,0.000000,0.000000,0.000000,0.035909,0.060431,0.011949,0.996475,-0.000194,-0.083821,-0.003255,-0.044647,-0.015754,0.000341,0.102102,-0.010531,0.002004,23.596639,23.596639,23.621135,0.501638,4.186867,-0.047266,0.283752,0.935711
11.300000,1,0,0,2.400000,9.810000,0.900000,30.000000,60.000000,6.000000,0.000000,0.000000,1.500000,0.061616,-0.038724,1.483586,0.000000,0.000000,0.000000,0.037854,0.062912,0.010478,0.996451,-0.001316,-0.084094,-0.003340,-0.045045,-0.006399,0.000428,0.069100,-0.062366,-0.023996,23.621135,23.621135,23.645379,0.502153,4.124326,-0.224889,0.199445,0.935296
11.350000,1,0,0,2.400000,9.810000,0.900000,30.000000,60.000000,6.000000,0.000000,0.000000,1.500000,0.063510,-0.035589,1.484057,0.000000,0.000000,0.000000,0.037555,0.061909,0.008254,0.996446,-0.002429,-0.084132,-0.003422,-0.043957,0.003040,0.000557,0.020640,-0.138518,-0.034928,23.645379,23.645379,23.669196,0.502659,4.013657,-0.460500,0.149803,0.934680
11.400000,1,0,0,2.400000,9.810000,0.900000,30.000000,60.000000,6.000000,0.000000,0.000000,1.500000,0.065336,-0.032588,1.484401,0.000000,0.000000,0.000000,0.035121,0.057643,0.005409,0.996459,-0.003496,-0.083938,-0.003496,-0.041429,0.012097,0.000725,-0.047562,-0.182117,-0.075080,23.669196,23.669196,23.692484,0.503153,3.844702,-0.615868,0.028719,0.933900
11.450000,1,0,0,2.400000,9.810000,0.900000,30.000000,60.000000,6.000000,0.000000,0.000000,1.500000,0.066990,-0.029872,1.484590,0.000000,0.000000,0.000000,0.030774,0.050592,0.002102,0.996489,-0.004483,-0.083529,-0.003561,-0.037590,0.020327,0.000920,-0.071375,-0.210780,-0.039829,23.692484,23.692484,23.715220,0.503636,3.772046,-0.731635,0.087485,0.932997
11.500000,1,0,0,2.400000,9.810000,0.900000,30.000000,60.000000,6.000000,0.000000,0.000000,1.500000,0.068386,-0.027563,1.484607,0.000000,0.000000,0.000000,0.024833,0.041452,-0.001487,0.996535,-0.005360,-0.082929,-0.003611,-0.032646,0.027331,0.001129,-0.104951,-0.238752,-0.013685,23.715220,23.715220,23.737450,0.504108,3.666915,-0.840539,0.123487,0.932022
11.550000,1,0,0,2.400000,9.810000,0.900000,30.000000,60.000000,6.000000,0.000000,0.000000,1.500000,0.069454,-0.025747,1.484440,0.000000,0.000000,0.000000,0.017705,0.031077,-0.005163,0.996593,-0.006102,-0.082174,-0.003646,-0.026863,0.032778,0.001335,-0.113858,-0.256396,0.013415,23.737450,23.737450,23.759283,0.504572,3.613574,-0.918292,0.161087,0.931029
11.600000,1,0,0,2.400000,9.810000,0.900000,30.000000,60.000000,6.000000,0.000000,0.000000,1.500000,0.070145,-0.024460,1.484092,0.000000,0.000000,0.000000,0.009856,0.020414,-0.008729,0.996660,-0.006693,-0.081305,-0.003665,-0.020550,0.036423,0.001521,-0.116833,-0.236400,0.031732,23.759283,23.759283,23.780870,0.505030,3.569034,-0.898517,0.177126,0.930070
11.650000,1,0,0,2.400000,9.810000,0.900000,30.000000,60.000000,6.000000,0.000000,0.000000,1.500000,0.070436,-0.023694,1.483572,0.000000,0.000000,0.000000,0.001790,0.010419,-0.011991,0.996733,-0.007124,-0.080370,-0.003666,-0.014045,0.038122,0.001676,-0.133573,-0.214014,0.020087,23.780870,23.780870,23.802394,0.505487,3.488249,-0.865382,0.120973,0.929203
11.700000,1,0,0,2.400000,9.810000,0.900000,30.000000,60.000000,6.000000,0.000000,0.000000,1.500000,0.070329,-0.023392,1.482901,0.000000,0.000000,0.000000,-0.005979,0.001985,-0.014770,0.996807,-0.007394,-0.079419,-0.003652,-0.007688,0.037837,0.001791,-0.173866,-0.135650,-0.028027,23.802394,23.802394,23.824041,0.505947,3.350069,-0.690249,-0.022797,0.928478
11.750000,1,0,0,2.400000,9.810000,0.900000,30.000000,60.000000,6.000000,0.000000,0.000000,1.500000,0.069851,-0.023457,1.482106,0.000000,0.000000,0.000000,-0.012954,-0.004132,-0.016906,0.996879,-0.007512,-0.078498,-0.003622,-0.001802,0.035640,0.001866,-0.160311,-0.103751,-0.047741,23.824041,23.824041,23.845992,0.506413,3.342585,-0.619344,-0.098322,0.927945
11.800000,1,0,0,2.400000,9.810000,0.900000,30.000000,60.000000,6.000000,0.000000,0.000000,1.500000,0.069054,-0.023758,1.481223,0.000000,0.000000,0.000000,-0.018679,-0.007380,-0.018270,0.996946,-0.007491,-0.077656,-0.003580,0.003327,0.031706,0.001904,-0.129847,-0.056527,0.002571,23.845992,23.845992,23.868399,0.506889,3.379324,-0.505110,-0.005543,0.927646
11.850000,1,0,0,2.400000,9.810000,0.900000,30.000000,60.000000,6.000000,0.000000,0.000000,1.500000,0.068011,-0.024142,1.480294,0.000000,0.000000,0.000000,-0.022769,-0.007447,-0.018764,0.997003,-0.007356,-0.076930,-0.003527,0.007468,0.026308,0.001914,-0.093531,0.013799,0.021329,23.868399,23.868399,23.891376,0.507377,3.435675,-0.329921,0.011892,0.927616
11.900000,1,0,0,2.400000,9.810000,0.900000,30.000000,60.000000,6.000000,0.000000,0.000000,1.500000,0.066810,-0.024449,1.479362,0.000000,0.000000,0.000000,-0.024924,-0.004297,-0.018332,0.997049,-0.007131,-0.076354,-0.003466,0.010459,0.019797,0.001906,-0.092997,0.066197,0.085032,23.891376,23.891376,23.914986,0.507879,3.413264,-0.193526,0.137700,0.927881
11.950000,1,0,0,2.400000,9.810000,0.900000,30.000000,60.000000,6.000000,0.000000,0.000000,1.500000,0.065554,-0.024522,1.478476,0.000000,0.000000,0.000000,-0.024948,0.001838,-0.016956,0.997082,-0.006848,-0.075950,-0.003400,0.012219,0.012587,0.001892,-0.069137,0.101038,0.114679,23.914986,23.914986,23.939233,0.508393,3.455045,-0.096464,0.182390,0.928457
12.000000,1,0,0,2.400000,9.810000,0.900000,30.000000,60.000000,6.000000,0.000000,0.000000,1.500000,0.064352,-0.024223,1.477682,0.000000,0.000000,0.000000,-0.022761,0.010468,-0.014662,0.997101,-0.006538,-0.075730,-0.003331,0.012748,0.005127,0.001880,0.011497,0.163539,0.125212,23.939233,23.939233,23.964061,0.508921,3.641873,0.068315,0.181907,0.929351
12.050000,1,0,0,2.400000,9.810000,0.900000,30.000000,60.000000,6.000000,0.000000,0.000000,1.500000,0.063314,-0.023445,1.477024,0.000000,0.000000,0.000000,-0.018398,0.020887,-0.011515,0.997106,-0.006229,-0.075694,-0.003260,0.012129,-0.002121,0.001879,0.012359,0.186421,0.112613,23.964061,23.964061,23.989351,0.509458,3.646067,0.137916,0.126678,0.930556
12.100000,1,0,0,2.400000,9.810000,0.900000,30.000000,60.000000,6.000000,0.000000,0.000000,1.500000,0.062546,-0.022119,1.476543,0.000000,0.000000,0.000000,-0.012015,0.032233,-0.007622,0.997098,-0.005949,-0.075832,-0.003191,0.010523,-0.008706,0.001893,0.074985,0.218994,0.127859,23.989351,23.989351,24.014922,0.510001,3.806792,0.229401,0.139105,0.932058
12.150000,1,0,0,2.400000,9.810000,0.900000,30.000000,60.000000,6.000000,0.000000,0.000000,1.500000,0.062142,-0.020222,1.476272,0.000000,0.000000,0.000000,-0.003876,0.043556,-0.003119,0.997077,-0.005719,-0.076120,-0.003124,0.008154,-0.014219,0.001922,0.117808,0.199042,0.121587,24.014922,24.014922,24.040537,0.510545,3.927243,0.192402,0.100757,0.933830
12.200000,1,0,0,2.400000,9.810000,0.900000,30.000000,60.000000,6.000000,0.000000,0.000000,1.500000,0.062181,-0.017780,1.476239,0.000000,0.000000,0.000000,0.005661,0.053895,0.001828,0.997047,-0.005556,-0.076529,-0.003060,0.005298,-0.018308,0.001967,0.192764,0.125051,0.151167,24.040537,24.040537,24.065905,0.511084,4.130559,0.022532,0.149345,0.935838
12.250000,1,0,0,2.400000,9.810000,0.900000,30.000000,60.000000,6.000000,0.000000,0.000000,1.500000,0.062724,-0.014864,1.476459,0.000000,0.000000,0.000000,0.016160,0.062356,0.007032,0.997010,-0.005467,-0.077019,-0.003001,0.002260,-0.020703,0.002028,0.180997,0.085838,0.171909,24.065905,24.065905,24.090689,0.511610,4.129592,-0.067446,0.177632,0.938039
12.300000,1,0,0,2.400000,9.810000,0.900000,30.000000,60.000000,6.000000,0.000000,0.000000,1.500000,0.063805,-0.011588,1.476943,0.000000,0.000000,0.000000,0.027130,0.068188,0.012297,0.996970,-0.005453,-0.077546,-0.002945,-0.000643,-0.021231,0.002104,0.179575,0.045601,0.187628,24.090689,24.090689,24.114520,0.512116,4.155136,-0.163480,0.194781,0.940383
12.350000,1,0,0,2.400000,9.810000,0.900000,30.000000,60.000000,6.000000,0.000000,0.000000,1.500000,0.065436,-0.008098,1.477687,0.000000,0.000000,0.000000,0.038051,0.070840,0.017418,0.996929,-0.005506,-0.078061,-0.002892,-0.003104,-0.019822,0.002195,0.201092,-0.021345,0.159244,24.114520,24.114520,24.137009,0.512594,4.235087,-0.326862,0.107010,0.942816
12.400000,1,0,0,2.400000,9.810000,0.900000,30.000000,60.000000,6.000000,0.000000,0.000000,1.500000,0.067601,-0.004562,1.478679,0.000000,0.000000,0.000000,0.048402,0.070006,0.022202,0.996893,-0.005613,-0.078517,-0.002841,-0.004848,-0.016517,0.002304,0.185665,-0.118962,0.137113,24.137009,24.137009,24.157760,0.513034,4.223371,-0.566389,0.035188,0.945281
12.450000,1,0,0,2.400000,9.810000,0.900000,30.000000,60.000000,6.000000,0.000000,0.000000,1.500000,0.070259,-0.001157,1.479898,0.000000,0.000000,0.000000,0.057688,0.065657,0.026463,0.996865,-0.005751,-0.078868,-0.002791,-0.005651,-0.011463,0.002431,0.143293,-0.141987,0.085526,24.157760,24.157760,24.176395,0.513430,4.141735,-0.628417,-0.106369,0.947721
12.500000,1,0,0,2.400000,9.810000,0.900000,30.000000,60.000000,6.000000,0.000000,0.000000,1.500000,0.073344,0.001949,1.481314,0.000000,0.000000,0.000000,0.065463,0.058034,0.030043,0.996848,-0.005896,-0.079074,-0.002738,-0.005352,-0.004906,0.002576,0.149716,-0.208867,0.045346,24.176395,24.176395,24.192571,0.513774,4.169941,-0.795962,-0.219547,0.950079
12.550000,1,0,0,2.400000,9.810000,0.900000,30.000000,60.000000,6.000000,0.000000,0.000000,1.500000,0.076773,0.004601,1.482889,0.000000,0.000000,0.000000,0.071358,0.047637,0.032808,0.996845,-0.006019,-0.079101,-0.002681,-0.003867,0.002823,0.002737,0.143195,-0.239591,0.042873,24.192571,24.192571,24.206002,0.514059,4.158145,-0.875599,-0.241173,0.952303
12.600000,1,0,0,2.400000,9.810000,0.900000,30.000000,60.000000,6.000000,0.000000,0.000000,1.500000,0.080444,0.006678,1.484580,0.000000,0.000000,0.000000,0.075094,0.035181,0.034662,0.996858,-0.006090,-0.078926,-0.002617,-0.001194,0.011323,0.002907,0.105275,-0.261928,0.008119,24.206002,24.206002,24.216479,0.514281,4.060839,-0.932518,-0.339149,0.954345
12.650000,1,0,0,2.400000,9.810000,0.900000,30.000000,60.000000,6.000000,0.000000,0.000000,1.500000,0.084244,0.008099,1.486339,0.000000,0.000000,0.000000,0.076503,0.021540,0.035546,0.996890,-0.006079,-0.078533,-0.002544,0.002586,0.020151,0.003079,0.062014,-0.289610,0.016917,24.216479,24.216479,24.223886,0.514439,3.939855,-0.998269,-0.331380,0.956164
12.700000,1,0,0,2.400000,9.810000,0.900000,30.000000,60.000000,6.000000,0.000000,0.000000,1.500000,0.088055,0.008828,1.488118,0.000000,0.000000,0.000000,0.075532,0.007675,0.035444,0.996939,-0.005962,-0.077922,-0.002459,0.007312,0.028843,0.003241,0.019806,-0.250865,-0.028259,24.223886,24.223886,24.228205,0.514530,3.810406,-0.899345,-0.451820,0.957727
12.750000,1,0,0,2.400000,9.810000,0.900000,30.000000,60.000000,6.000000,0.000000,0.000000,1.500000,0.091759,0.008879,1.489867,0.000000,0.000000,0.000000,0.072249,-0.005440,0.034379,0.997004,-0.005718,-0.077101,-0.002362,0.012756,0.036936,0.003381,-0.010180,-0.200576,-0.031254,24.228205,24.228205,24.229522,0.514558,3.699736,-0.766452,-0.469581,0.959012
12.800000,1,0,0,2.400000,9.810000,0.900000,30.000000,60.000000,6.000000,0.000000,0.000000,1.500000,0.095244,0.008312,1.491541,0.000000,0.000000,0.000000,0.066837,-0.016901,0.032419,0.997084,-0.005332,-0.076090,-0.002252,0.018635,0.044003,0.003488,-0.111439,-0.170331,-0.032756,24.229522,24.229522,24.228017,0.514526,3.408445,-0.674710,-0.482198,0.960005
12.850000,1,0,0,2.400000,9.810000,0.900000,30.000000,60.000000,6.000000,0.000000,0.000000,1.500000,0.098412,0.007229,1.493096,0.000000,0.000000,0.000000,0.059584,-0.025943,0.029668,0.997176,-0.004796,-0.074920,-0.002129,0.024629,0.049665,0.003553,-0.142624,-0.140886,-0.058491,24.228017,24.228017,24.223952,0.514440,3.277264,-0.577611,-0.551300,0.960705
12.900000,1,0,0,2.400000,9.810000,0.900000,30.000000,60.000000,6.000000,0.000000,0.000000,1.500000,0.101178,0.005767,1.494497,0.000000,0.000000,0.000000,0.050871,-0.032001,0.026261,0.997275,-0.004114,-0.073629,-0.001995,0.030400,0.053622,0.003574,-0.131450,-0.053661,-0.029643,24.223952,24.223952,24.217645,0.514306,3.241589,-0.334652,-0.487624,0.961120
12.950000,1,0,0,2.400000,9.810000,0.900000,30.000000,60.000000,6.000000,0.000000,0.000000,1.500000,0.103482,0.004084,1.495714,0.000000,0.000000,0.000000,0.041149,-0.034758,0.022365,0.997378,-0.003293,-0.072264,-0.001851,0.035617,0.055664,0.003553,-0.154283,-0.022512,-0.049354,24.217645,24.217645,24.209449,0.514132,3.120380,-0.219582,-0.538636,0.961268
13.000000,1,0,0,2.400000,9.810000,0.900000,30.000000,60.000000,6.000000,0.000000,0.000000,1.500000,0.105284,0.002347,1.496728,0.000000,0.000000,0.000000,0.030917,-0.034168,0.018164,0.997481,-0.002352,-0.070873,-0.001699,0.039973,0.055682,0.003500,-0.168032,0.037975,-0.084199,24.209449,24.209449,24.199718,0.513925,3.019478,-0.028297,-0.624051,0.961180
13.050000,1,0,0,2.400000,9.810000,0.900000,30.000000,60.000000,6.000000,0.000000,0.000000,1.500000,0.106574,0.000720,1.497528,0.000000,0.000000,0.000000,0.020696,-0.030459,0.013853,0.997579,-0.001316,-0.069507,-0.001542,0.043207,0.053678,0.003430,-0.117059,0.137753,-0.096106,24.199718,24.199718,24.188787,0.513693,3.074905,0.261863,-0.652462,0.960890
13.100000,1,0,0,2.400000,9.810000,0.900000,30.000000,60.000000,6.000000,0.000000,0.000000,1.500000,0.107363,-0.000654,1.498115,0.000000,0.000000,0.000000,0.010999,-0.024114,0.009633,0.997670,-0.000216,-0.068215,-0.001382,0.045120,0.049762,0.003357,-0.082612,0.139897,-0.097895,24.188787,24.188787,24.176946,0.513442,3.094083,0.320769,-0.654620,0.960443
13.150000,1,0,0,2.400000,9.810000,0.900000,30.000000,60.000000,6.000000,0.000000,0.000000,1.500000,0.107690,-0.001659,1.498496,0.000000,0.000000,0.000000,0.002310,-0.015830,0.005696,0.997749,0.000914,-0.067042,-0.001222,0.045589,0.044147,0.003300,-0.081225,0.214890,-0.038781,24.176946,24.176946,24.164426,0.513176,3.039543,0.555888,-0.508649,0.959890
13.200000,1,0,0,2.400000,9.810000,0.900000,30.000000,60.000000,6.000000,0.000000,0.000000,1.500000,0.107618,-0.002219,1.498692,0.000000,0.000000,0.000000,-0.004949,-0.006464,0.002223,0.997815,0.002038,-0.066027,-0.001064,0.044571,0.037136,0.003271,-0.013462,0.215943,0.003089,24.164426,24.164426,24.151391,0.512899,3.151824,0.613130,-0.402120,0.959281
13.250000,1,0,0,2.400000,9.810000,0.900000,30.000000,60.000000,6.000000,0.000000,0.000000,1.500000,0.107225,-0.002303,1.498729,0.000000,0.000000,0.000000,-0.010432,0.003045,-0.000631,0.997867,0.003117,-0.065200,-0.000909,0.042111,0.029107,0.003280,0.001078,0.180103,0.051729,24.151391,24.151391,24.137934,0.512613,3.145354,0.579632,-0.277435,0.958673
13.300000,1,0,0,2.400000,9.810000,0.900000,30.000000,60.000000,6.000000,0.000000,0.000000,1.500000,0.106608,-0.001928,1.498642,0.000000,0.000000,0.000000,-0.013893,0.011743,-0.002737,0.997904,0.004118,-0.064582,-0.000759,0.038334,0.020492,0.003329,-0.002654,0.148740,0.072874,24.137934,24.137934,24.124081,0.512319,3.104989,0.553010,-0.216868,0.958119
13.350000,1,0,0,2.400000,9.810000,0.900000,30.000000,60.000000,6.000000,0.000000,0.000000,1.500000,0.105872,-0.001157,1.498469,0.000000,0.000000,0.000000,-0.015197,0.018748,-0.004003,0.997926,0.005011,-0.064181,-0.000615,0.033444,0.011751,0.003414,0.005571,0.108140,0.014364,24.124081,24.124081,24.109803,0.512016,3.103704,0.498884,-0.345652,0.957670
13.400000,1,0,0,2.400000,9.810000,0.900000,30.000000,60.000000,6.000000,0.000000,0.000000,1.500000,0.105125,-0.000094,1.498256,0.000000,0.000000,0.000000,-0.014324,0.023318,-0.004373,0.997933,0.005769,-0.063995,-0.000478,0.027704,0.003349,0.003523,0.060076,-0.011236,0.022430,24.109803,24.109803,24.095022,0.511702,3.223731,0.249181,-0.312891,0.957373
13.450000,1,0,0,2.400000,9.810000,0.900000,30.000000,60.000000,6.000000,0.000000,0.000000,1.500000,0.104474,0.001125,1.498047,0.000000,0.000000,0.000000,-0.011376,0.024912,-0.003836,0.997929,0.006377,-0.064009,-0.000350,0.021424,-0.004271,0.003642,0.071209,-0.050948,0.050193,24.095022,24.095022,24.079626,0.511375,3.249213,0.183330,-0.231157,0.957269
13.500000,1,0,0,2.400000,9.810000,0.900000,30.000000,60.000000,6.000000,0.000000,0.000000,1.500000,0.104018,0.002342,1.497887,0.000000,0.000000,0.000000,-0.006565,0.023237,-0.002421,0.997914,0.006825,-0.064199,-0.000229,0.014938,-0.010712,0.003757,0.083376,-0.105038,0.063880,24.079626,24.079626,24.063476,0.511032,3.285521,0.075196,-0.181580,0.957392
13.550000,1,0,0,2.400000,9.810000,0.900000,30.000000,60.000000,6.000000,0.000000,0.000000,1.500000,0.103843,0.003393,1.497819,0.000000,0.000000,0.000000,-0.000205,0.018272,-0.000196,0.997890,0.007112,-0.064532,-0.000118,0.008588,-0.015646,0.003854,0.108768,-0.188512,0.080231,24.063476,24.063476,24.046418,0.510670,3.360276,-0.111258,-0.124066,0.957764
13.600000,1,0,0,2.400000,9.810000,0.900000,30.000000,60.000000,6.000000,0.000000,0.000000,1.500000,0.104017,0.004119,1.497879,0.000000,0.000000,0.000000,0.007303,0.010267,0.002729,0.997861,0.007245,-0.064967,-0.000015,0.002698,-0.018827,0.003921,0.141138,-0.233640,0.066448,24.046418,24.046418,24.028287,0.510285,3.456493,-0.213108,-0.137433,0.958399
13.650000,1,0,0,2.400000,9.810000,0.900000,30.000000,60.000000,6.000000,0.000000,0.000000,1.500000,0.104585,0.004378,1.498101,0.000000,0.000000,0.000000,0.015497,-0.000271,0.006217,0.997829,0.007240,-0.065457,0.000080,-0.002445,-0.020114,0.003953,0.139961,-0.322500,0.099360,24.028287,24.028287,24.008921,0.509873,3.474703,-0.426590,-0.037397,0.959302
13.700000,1,0,0,2.400000,9.810000,0.900000,30.000000,60.000000,6.000000,0.000000,0.000000,1.500000,0.105570,0.004061,1.498508,0.000000,0.000000,0.000000,0.023873,-0.012623,0.010100,0.997797,0.007118,-0.065956,0.000167,-0.006608,-0.019468,0.003949,0.113680,-0.294520,0.054610,24.008921,24.008921,23.988162,0.509433,3.432849,-0.365276,-0.122540,0.960465
13.750000,1,0,0,2.400000,9.810000,0.900000,30.000000,60.000000,6.000000,0.000000,0.000000,1.500000,0.106967,0.003100,1.499114,0.000000,0.000000,0.000000,0.031917,-0.025912,0.014193,0.997768,0.006907,-0.066415,0.000249,-0.009627,-0.016962,0.003913,0.099701,-0.286963,0.058950,23.988162,23.988162,23.965874,0.508959,3.418412,-0.357301,-0.088776,0.961871
13.800000,1,0,0,2.400000,9.810000,0.900000,30.000000,60.000000,6.000000,0.000000,0.000000,1.500000,0.108748,0.001470,1.499927,0.000000,0.000000,0.000000,0.039128,-0.039179,0.018299,0.997745,0.006635,-0.066789,0.000325,-0.011417,-0.012773,0.003853,0.093713,-0.294138,0.048024,23.965874,23.965874,23.941946,0.508451,3.418918,-0.387569,-0.090692,0.963490
13.850000,1,0,0,2.400000,9.810000,0.900000,30.000000,60.000000,6.000000,0.000000,0.000000,1.500000,0.110858,-0.000802,1.500941,0.000000,0.000000,0.000000,0.045045,-0.051453,0.022220,0.997730,0.006335,-0.067041,0.000399,-0.011975,-0.007173,0.003776,0.087157,-0.269637,0.053144,23.941946,23.941946,23.916312,0.507907,3.411972,-0.343205,-0.053262,0.965289
13.900000,1,0,0,2.400000,9.810000,0.900000,30.000000,60.000000,6.000000,0.000000,0.000000,1.500000,0.113224,-0.003643,1.502143,0.000000,0.000000,0.000000,0.049274,-0.061836,0.025763,0.997725,0.006035,-0.067140,0.000472,-0.011382,-0.000515,0.003691,0.055807,-0.184440,0.040554,23.916312,23.916312,23.888961,0.507326,3.337967,-0.153130,-0.057622,0.967221
13.950000,1,0,0,2.400000,9.810000,0.900000,30.000000,60.000000,6.000000,0.000000,0.000000,1.500000,0.115752,-0.006941,1.503508,0.000000,0.000000,0.000000,0.051507,-0.069571,0.028752,0.997732,0.005763,-0.067063,0.000545,-0.009796,0.006788,0.003603,-0.012280,-0.136817,0.009863,23.888961,23.888961,23.859949,0.506710,3.167247,-0.051904,-0.104825,0.969238
14.000000,1,0,0,2.400000,9.810000,0.900000,30.000000,60.000000,6.000000,0.000000,0.000000,1.500000,0.118338,-0.010547,1.505006,0.000000,0.000000,0.000000,0.051537,-0.074105,0.031033,0.997751,0.005540,-0.066801,0.000621,-0.007439,0.014287,0.003516,-0.009857,-0.070066,-0.035558,23.859949,23.859949,23.829406,0.506061,3.156736,0.097613,-0.186881,0.971284
14.050000,1,0,0,2.400000,9.810000,0.900000,30.000000,60.000000,6.000000,0.000000,0.000000,1.500000,0.120868,-0.014293,1.506598,0.000000,0.000000,0.000000,0.049274,-0.075133,0.032482,0.997781,0.005384,-0.066354,0.000700,-0.004586,0.021518,0.003434,-0.037793,0.029031,-0.042857,23.829406,23.829406,23.797541,0.505384,3.064442,0.327896,-0.177047,0.973304
14.100000,1,0,0,2.400000,9.810000,0.900000,30.000000,60.000000,6.000000,0.000000,0.000000,1.500000,0.123227,-0.018001,1.508239,0.000000,0.000000,0.000000,0.044743,-0.072624,0.033009,0.997823,0.005301,-0.065734,0.000783,-0.001540,0.028033,0.003357,-0.059115,0.053838,-0.014945,23.797541,23.797541,23.764636,0.504686,2.979746,0.383417,-0.082414,0.975241
14.150000,1,0,0,2.400000,9.810000,0.900000,30.000000,60.000000,6.000000,0.000000,0.000000,1.500000,0.125306,-0.021500,1.509882,0.000000,0.000000,0.000000,0.038090,-0.066821,0.032567,0.997873,0.005294,-0.064966,0.000870,0.001381,0.033419,0.003287,-0.104606,0.101076,-0.021016,23.764636,23.764636,23.731036,0.503972,2.829923,0.496336,-0.069144,0.977039
14.200000,1,0,0,2.400000,9.810000,0.900000,30.000000,60.000000,6.000000,0.000000,0.000000,1.500000,0.127005,-0.024637,1.511479,0.000000,0.000000,0.000000,0.029569,-0.058220,0.031146,0.997930,0.005354,-0.064080,0.000960,0.003869,0.037328,0.003224,-0.125613,0.127640,-0.029870,23.731036,23.731036,23.697129,0.503252,2.733359,0.562855,-0.062472,0.978649
14.250000,1,0,0,2.400000,9.810000,0.900000,30.000000,60.000000,6.000000,0.000000,0.000000,1.500000,0.128238,-0.027287,1.512981,0.000000,0.000000,0.000000,0.019533,-0.047534,0.028781,0.997991,0.005469,-0.063118,0.001053,0.005650,0.039489,0.003172,-0.153873,0.209400,-0.038567,23.697129,23.697129,23.663332,0.502534,2.615863,0.764371,-0.055457,0.980023
14.300000,1,0,0,2.400000,9.810000,0.900000,30.000000,60.000000,6.000000,0.000000,0.000000,1.500000,0.128940,-0.029370,1.514343,0.000000,0.000000,0.000000,0.008413,-0.035633,0.025548,0.998052,0.005616,-0.062126,0.001147,0.006494,0.039729,0.003135,-0.150711,0.234916,-0.061662,23.663332,23.663332,23.630061,0.501828,2.572485,0.832453,-0.083164,0.981125
14.350000,1,0,0,2.400000,9.810000,0.900000,30.000000,60.000000,6.000000,0.000000,0.000000,1.500000,0.129069,-0.030846,1.515523,0.000000,0.000000,0.000000,-0.003301,-0.023471,0.021558,0.998111,0.005772,-0.061153,0.001240,0.006241,0.037979,0.003117,-0.131714,0.219901,-0.079557,23.630061,23.630061,23.597714,0.501141,2.568175,0.803598,-0.098685,0.981924
14.400000,1,0,0,2.400000,9.810000,0.900000,30.000000,60.000000,6.000000,0.000000,0.000000,1.500000,0.128609,-0.031728,1.516488,0.000000,0.000000,0.000000,-0.015090,-0.012012,0.016955,0.998165,0.005906,-0.060248,0.001332,0.004801,0.034280,0.003122,-0.162845,0.219791,-0.051783,23.597714,23.597714,23.566655,0.500481,2.446992,0.809508,-0.005039,0.982401
14.450000,1,0,0,2.400000,9.810000,0.900000,30.000000,60.000000,6.000000,0.000000,0.000000,1.500000,0.127568,-0.032074,1.517212,0.000000,0.000000,0.000000,-0.026429,-0.002150,0.011912,0.998212,0.005990,-0.059458,0.001420,0.002172,0.028782,0.003150,-0.201057,0.178133,-0.082954,23.566655,23.566655,23.537198,0.499856,2.314482,0.713305,-0.053429,0.982547
14.500000,1,0,0,2.400000,9.810000,0.900000,30.000000,60.000000,6.000000,0.000000,0.000000,1.500000,0.125982,-0.031983,1.517675,0.000000,0.000000,0.000000,-0.036815,0.005363,0.006616,0.998249,0.005994,-0.058825,0.001504,-0.001569,0.021730,0.003199,-0.176424,0.162416,-0.085617,23.537198,23.537198,23.509605,0.499270,2.340451,0.675617,-0.034093,0.982363
14.550000,1,0,0,2.400000,9.810000,0.900000,30.000000,60.000000,6.000000,0.000000,0.000000,1.500000,0.123910,-0.031586,1.517872,0.000000,0.000000,0.000000,-0.045795,0.009977,0.001269,0.998276,0.005892,-0.058384,0.001581,-0.006265,0.013459,0.003262,-0.165736,0.121977,-0.086842,23.509605,23.509605,23.484080,0.498727,2.342241,0.573660,-0.012117,0.981862
14.600000,1,0,0,2.400000,9.810000,0.900000,30.000000,60.000000,6.000000,0.000000,0.000000,1.500000,0.121432,-0.031039,1.517805,0.000000,0.000000,0.000000,-0.052985,0.011390,-0.003929,0.998290,0.005664,-0.058161,0.001652,-0.011688,0.004368,0.003329,-0.169808,0.053738,-0.117238,23.484080,23.484080,23.460778,0.498233,2.319080,0.399074,-0.061062,0.981065
14.650000,1,0,0,2.400000,9.810000,0.900000,30.000000,60.000000,6.000000,0.000000,0.000000,1.500000,0.118646,-0.030501,1.517485,0.000000,0.000000,0.000000,-0.058097,0.009571,-0.008782,0.998291,0.005295,-0.058171,0.001714,-0.017558,-0.005095,0.003388,-0.129618,-0.026254,-0.136610,23.460778,23.460778,23.439803,0.497787,2.413309,0.189702,-0.084549,0.980004
14.700000,1,0,0,2.400000,9.810000,0.900000,30.000000,60.000000,6.000000,0.000000,0.000000,1.500000,0.115660,-0.030131,1.516935,0.000000,0.000000,0.000000,-0.060947,0.004762,-0.013112,0.998279,0.004777,-0.058417,0.001768,-0.023556,-0.014465,0.003424,-0.071372,-0.081665,-0.109399,23.439803,23.439803,23.421214,0.497392,2.562177,0.032426,0.002690,0.978720
14.750000,1,0,0,2.400000,9.810000,0.900000,30.000000,60.000000,6.000000,0.000000,0.000000,1.500000,0.112590,-0.030067,1.516185,0.000000,0.000000,0.000000,-0.061467,-0.002541,-0.016764,0.998254,0.004112,-0.058891,0.001813,-0.029343,-0.023279,0.003427,0.026172,-0.081177,-0.040975,23.421214,23.421214,23.405029,0.497049,2.816266,0.002474,0.187698,0.977260
14.800000,1,0,0,2.400000,9.810000,0.900000,30.000000,60.000000,6.000000,0.000000,0.000000,1.500000,0.109552,-0.030415,1.515272,0.000000,0.000000,0.000000,-0.059708,-0.011630,-0.019611,0.998217,0.003309,-0.059574,0.001848,-0.034589,-0.031104,0.003387,0.087672,-0.130048,-0.051309,23.405029,23.405029,23.391223,0.496755,2.993829,-0.152325,0.182475,0.975675
14.850000,1,0,0,2.400000,9.810000,0.900000,30.000000,60.000000,6.000000,0.000000,0.000000,1.500000,0.106655,-0.031245,1.514239,0.000000,0.000000,0.000000,-0.055839,-0.021643,-0.021566,0.998167,0.002386,-0.060436,0.001874,-0.038985,-0.037561,0.003304,0.128043,-0.174815,-0.055075,23.391223,23.391223,23.379726,0.496511,3.129266,-0.302844,0.191737,0.974021
14.900000,1,0,0,2.400000,9.810000,0.900000,30.000000,60.000000,6.000000,0.000000,0.000000,1.500000,0.103998,-0.032579,1.513132,0.000000,0.000000,0.000000,-0.050134,-0.031633,-0.022576,0.998108,0.001367,-0.061439,0.001891,-0.042268,-0.042347,0.003182,0.177055,-0.165948,0.006779,23.379726,23.379726,23.370422,0.496314,3.292230,-0.329063,0.357137,0.972354
14.950000,1,0,0,2.400000,9.810000,0.900000,30.000000,60.000000,6.000000,0.000000,0.000000,1.500000,0.101666,-0.034392,1.511997,0.000000,0.000000,0.000000,-0.042962,-0.040647,-0.022635,0.998041,0.000282,-0.062538,0.001901,-0.044236,-0.045248,0.003030,0.198863,-0.154835,0.012507,23.370422,23.370422,23.363145,0.496159,3.394597,-0.352908,0.386403,0.970728
15.000000,1,0,0,2.400000,9.810000,0.900000,30.000000,60.000000,6.000000,0.000000,0.000000,1.500000,0.099719,-0.036613,1.510883,0.000000,0.000000,0.000000,-0.034764,-0.047804,-0.021776,0.997968,-0.000834,-0.063685,0.001904,-0.044762,-0.046154,0.002865,0.184328,-0.120994,0.049106,23.363145,23.363145,23.357685,0.496043,3.412157,-0.323615,0.488251,0.969197
15.050000,1,0,0,2.400000,9.810000,0.900000,30.000000,60.000000,6.000000,0.000000,0.000000,1.500000,0.098198,-0.039129,1.509834,0.000000,0.000000,0.000000,-0.026030,-0.052367,-0.020072,0.997893,-0.001944,-0.064828,0.001904,-0.043802,-0.045064,0.002701,0.176089,-0.050928,0.047691,23.357685,23.357685,23.353798,0.495961,3.444892,-0.207096,0.497281,0.967809
15.100000,1,0,0,2.400000,9.810000,0.900000,30.000000,60.000000,6.000000,0.000000,0.000000,1.500000,0.097117,-0.041797,1.508888,0.000000,0.000000,0.000000,-0.017275,-0.053802,-0.017634,0.997818,-0.003012,-0.065921,0.001902,-0.041397,-0.042086,0.002556,0.157026,0.023410,0.030198,23.353798,23.353798,23.351215,0.495906,3.449432,-0.078337,0.466073,0.966603
15.150000,1,0,0,2.400000,9.810000,0.900000,30.000000,60.000000,6.000000,0.000000,0.000000,1.500000,0.096463,-0.044453,1.508080,0.000000,0.000000,0.000000,-0.009011,-0.051826,-0.014605,0.997749,-0.004003,-0.066918,0.001902,-0.037670,-0.037429,0.002442,0.172128,0.079056,0.088431,23.351215,23.351215,23.349665,0.495873,3.531649,0.009150,0.614902,0.965614
15.200000,1,0,0,2.400000,9.810000,0.900000,30.000000,60.000000,6.000000,0.000000,0.000000,1.500000,0.096199,-0.046923,1.507435,0.000000,0.000000,0.000000,-0.001718,-0.046425,-0.011153,0.997687,-0.004887,-0.067780,0.001906,-0.032820,-0.031396,0.002365,0.147840,0.141450,0.134738,23.349665,23.349665,23.348902,0.495857,3.513209,0.117841,0.733364,0.964865
15.250000,1,0,0,2.400000,9.810000,0.900000,30.000000,60.000000,6.000000,0.000000,0.000000,1.500000,0.096268,-0.049042,1.506969,0.000000,0.000000,0.000000,0.004176,-0.037863,-0.007465,0.997635,-0.005638,-0.068478,0.001917,-0.027110,-0.024360,0.002326,0.116163,0.192529,0.105873,23.348902,23.348902,23.348724,0.495853,3.469509,0.205535,0.669655,0.964370
15.300000,1,0,0,2.400000,9.810000,0.900000,30.000000,60.000000,6.000000,0.000000,0.000000,1.500000,0.096588,-0.050665,1.506689,0.000000,0.000000,0.000000,0.008324,-0.026654,-0.003737,0.997596,-0.006240,-0.068992,0.001937,-0.020848,-0.016751,0.002320,0.097318,0.193671,0.112822,23.348724,23.348724,23.349000,0.495859,3.448145,0.180362,0.690143,0.964131
15.350000,1,0,0,2.400000,9.810000,0.900000,30.000000,60.000000,6.000000,0.000000,0.000000,1.500000,0.097067,-0.051676,1.506593,0.000000,0.000000,0.000000,0.010475,-0.013528,-0.000167,0.997571,-0.006683,-0.069314,0.001966,-0.014369,-0.009027,0.002334,0.046674,0.221894,0.088555,23.349000,23.349000,23.349685,0.495873,3.341593,0.227607,0.633975,0.964142
15.400000,1,0,0,2.400000,9.810000,0.900000,30.000000,60.000000,6.000000,0.000000,0.000000,1.500000,0.097600,-0.052000,1.506667,0.000000,0.000000,0.000000,0.010487,0.000632,0.003057,0.997559,-0.006965,-0.069446,0.002006,-0.008013,-0.001649,0.002356,-0.048540,0.225295,0.049975,23.349685,23.349685,23.350828,0.495898,3.119329,0.222754,0.541740,0.964385
15.450000,1,0,0,2.400000,9.810000,0.900000,30.000000,60.000000,6.000000,0.000000,0.000000,1.500000,0.098079,-0.051611,1.506890,0.000000,0.000000,0.000000,0.008334,0.014859,0.005760,0.997561,-0.007094,-0.069403,0.002056,-0.002106,0.004943,0.002371,-0.110495,0.263764,0.043758,23.350828,23.350828,23.352571,0.495935,2.968812,0.309205,0.525491,0.964831
15.500000,1,0,0,2.400000,9.810000,0.900000,30.000000,60.000000,6.000000,0.000000,0.000000,1.500000,0.098398,-0.050530,1.507231,0.000000,0.000000,0.000000,0.004110,0.028181,0.007793,0.997575,-0.007085,-0.069209,0.002115,0.003062,0.010353,0.002368,-0.131071,0.247070,0.023351,23.352571,23.352571,23.355139,0.495989,2.910694,0.269711,0.473527,0.965445
15.550000,1,0,0,2.400000,9.810000,0.900000,30.000000,60.000000,6.000000,0.000000,0.000000,1.500000,0.098459,-0.048823,1.507656,0.000000,0.000000,0.000000,-0.001978,0.039697,0.009038,0.997597,-0.006959,-0.068898,0.002181,0.007257,0.014256,0.002337,-0.185889,0.221500,0.016184,23.355139,23.355139,23.358823,0.496067,2.765074,0.214360,0.451693,0.966184
15.600000,1,0,0,2.400000,9.810000,0.900000,30.000000,60.000000,6.000000,0.000000,0.000000,1.500000,0.098175,-0.046603,1.508121,0.000000,0.000000,0.000000,-0.009618,0.048650,0.009412,0.997625,-0.006742,-0.068511,0.002251,0.010311,0.016410,0.002275,-0.186102,0.165456,0.013258,23.358823,23.358823,23.363949,0.496176,2.747117,0.090083,0.438400,0.966998
15.650000,1,0,0,2.400000,9.810000,0.900000,30.000000,60.000000,6.000000,0.000000,0.000000,1.500000,0.097478,-0.044010,1.508582,0.000000,0.000000,0.000000,-0.018416,0.054490,0.008871,0.997655,-0.006464,-0.068093,0.002323,0.012137,0.016675,0.002183,-0.206848,0.066998,0.008002,23.363949,23.363949,23.370859,0.496323,2.678650,-0.133158,0.417869,0.967835
15.700000,1,0,0,2.400000,9.810000,0.900000,30.000000,60.000000,6.000000,0.000000,0.000000,1.500000,0.096322,-0.041211,1.508992,0.000000,0.000000,0.000000,-0.027908,0.056912,0.007414,0.997684,-0.006156,-0.067693,0.002395,0.012728,0.015017,0.002063,-0.204279,-0.033647,-0.026524,23.370859,23.370859,23.379883,0.496515,2.667167,-0.360255,0.325439,0.968639
15.750000,1,0,0,2.400000,9.810000,0.900000,30.000000,60.000000,6.000000,0.000000,0.000000,1.500000,0.094684,-0.038377,1.509308,0.000000,0.000000,0.000000,-0.037589,0.055887,0.005081,0.997709,-0.005848,-0.067357,0.002464,0.012163,0.011511,0.001921,-0.183337,-0.115964,-0.021083,23.379883,23.379883,23.391314,0.496757,2.703053,-0.543358,0.327264,0.969356
15.800000,1,0,0,2.400000,9.810000,0.900000,30.000000,60.000000,6.000000,0.000000,0.000000,1.500000,0.092568,-0.035676,1.509487,0.000000,0.000000,0.000000,-0.046940,0.051660,0.001952,0.997725,-0.005566,-0.067130,0.002528,0.010596,0.006336,0.001762,-0.154170,-0.165471,-0.018632,23.391314,23.391314,23.405393,0.497056,2.764043,-0.648969,0.320243,0.969935
15.850000,1,0,0,2.400000,9.810000,0.900000,30.000000,60.000000,6.000000,0.000000,0.000000,1.500000,0.090004,-0.033256,1.509492,0.000000,0.000000,0.000000,-0.055455,0.044727,-0.001856,0.997732,-0.005332,-0.067051,0.002585,0.008247,-0.000231,0.001593,-0.136866,-0.219476,-0.071880,23.405393,23.405393,23.422298,0.497415,2.803752,-0.767666,0.177878,0.970327
15.900000,1,0,0,2.400000,9.810000,0.900000,30.000000,60.000000,6.000000,0.000000,0.000000,1.500000,0.087045,-0.031236,1.509293,0.000000,0.000000,0.000000,-0.062663,0.035798,-0.006194,0.997726,-0.005164,-0.067149,0.002635,0.005389,-0.007836,0.001417,-0.099801,-0.237025,-0.065503,23.422298,23.422298,23.442132,0.497837,2.899534,-0.801910,0.176966,0.970489
15.950000,1,0,0,2.400000,9.810000,0.900000,30.000000,60.000000,6.000000,0.000000,0.000000,1.500000,0.083766,-0.029695,1.508867,0.000000,0.000000,0.000000,-0.068160,0.025739,-0.010890,0.997706,-0.005069,-0.067446,0.002676,0.002327,-0.016062,0.001236,-0.101011,-0.258343,-0.081345,23.442132,23.442132,23.464924,0.498321,2.913107,-0.848661,0.121120,0.970388
16.000000,1,0,0,2.400000,9.810000,0.900000,30.000000,60.000000,6.000000,0.000000,0.000000,1.500000,0.080262,-0.028665,1.508201,0.000000,0.000000,0.000000,-0.071624,0.015496,-0.015752,0.997672,-0.005049,-0.067951,0.002708,-0.000623,-0.024457,0.001051,-0.048406,-0.200245,-0.057007,23.464924,23.464924,23.490623,0.498866,3.065981,-0.708332,0.160148,0.969998
16.050000,1,0,0,2.400000,9.810000,0.900000,30.000000,60.000000,6.000000,0.000000,0.000000,1.500000,0.076641,-0.028133,1.507292,0.000000,0.000000,0.000000,-0.072837,0.006024,-0.020582,0.997623,-0.005097,-0.068663,0.002732,-0.003154,-0.032555,0.000864,-0.000538,-0.190469,-0.085786,23.490623,23.490623,23.519101,0.499471,3.217579,-0.687186,0.070210,0.969303
16.100000,1,0,0,2.400000,9.810000,0.900000,30.000000,60.000000,6.000000,0.000000,0.000000,1.500000,0.073018,-0.028035,1.506147,0.000000,0.000000,0.000000,-0.071691,-0.001797,-0.025178,0.997560,-0.005199,-0.069569,0.002749,-0.004986,-0.039904,0.000678,0.021129,-0.153722,-0.075480,23.519101,23.519101,23.550148,0.500131,3.315796,-0.603873,0.072676,0.968297
16.150000,1,0,0,2.400000,9.810000,0.900000,30.000000,60.000000,6.000000,0.000000,0.000000,1.500000,0.069511,-0.028272,1.504781,0.000000,0.000000,0.000000,-0.068200,-0.007230,-0.029351,0.997483,-0.005334,-0.070644,0.002760,-0.005890,-0.046091,0.000498,0.062964,-0.056858,-0.083148,23.550148,23.550148,23.583476,0.500838,3.470804,-0.377896,0.030697,0.966988
16.200000,1,0,0,2.400000,9.810000,0.900000,30.000000,60.000000,6.000000,0.000000,0.000000,1.500000,0.066235,-0.028710,1.503222,0.000000,0.000000,0.000000,-0.062494,-0.009742,-0.032926,0.997396,-0.005479,-0.071856,0.002766,-0.005702,-0.050763,0.000330,0.134499,-0.003399,-0.042800,23.583476,23.583476,23.618721,0.501587,3.703903,-0.256526,0.102753,0.965390
16.250000,1,0,0,2.400000,9.810000,0.900000,30.000000,60.000000,6.000000,0.000000,0.000000,1.500000,0.063295,-0.029193,1.501501,0.000000,0.000000,0.000000,-0.054815,-0.009050,-0.035753,0.997301,-0.005603,-0.073162,0.002770,-0.004330,-0.053648,0.000181,0.178141,0.069545,-0.019829,23.618721,23.618721,23.655448,0.502367,3.874912,-0.087480,0.132016,0.963530
16.300000,1,0,0,2.400000,9.810000,0.900000,30.000000,60.000000,6.000000,0.000000,0.000000,1.500000,0.060781,-0.029561,1.499661,0.000000,0.000000,0.000000,-0.045507,-0.005140,-0.037713,0.997200,-0.005678,-0.074515,0.002775,-0.001766,-0.054572,0.000059,0.236905,0.112443,0.021715,23.655448,23.655448,23.693163,0.503168,4.084820,0.011768,0.204887,0.961444
16.350000,1,0,0,2.400000,9.810000,0.900000,30.000000,60.000000,6.000000,0.000000,0.000000,1.500000,0.058764,-0.029658,1.497746,0.000000,0.000000,0.000000,-0.034990,0.001727,-0.038725,0.997098,-0.005675,-0.075866,0.002783,0.001914,-0.053464,-0.000030,0.264434,0.179686,0.030120,23.693163,23.693163,23.731331,0.503978,4.219963,0.173134,0.197389,0.959174
16.400000,1,0,0,2.400000,9.810000,0.900000,30.000000,60.000000,6.000000,0.000000,0.000000,1.500000,0.057294,-0.029347,1.495805,0.000000,0.000000,0.000000,-0.023749,0.011037,-0.038747,0.996999,-0.005567,-0.077164,0.002797,0.006556,-0.050363,-0.000086,0.266277,0.209147,0.073353,23.731331,23.731331,23.769397,0.504787,4.291203,0.248761,0.272790,0.956770
16.450000,1,0,0,2.400000,9.810000,0.900000,30.000000,60.000000,6.000000,0.000000,0.000000,1.500000,0.056393,-0.028525,1.493888,0.000000,0.000000,0.000000,-0.012300,0.022069,-0.037779,0.996907,-0.005334,-0.078360,0.002819,0.011936,-0.045416,-0.000111,0.268848,0.253561,0.103563,23.769397,23.769397,23.806812,0.505581,4.359576,0.366245,0.316412,0.954287
16.500000,1,0,0,2.400000,9.810000,0.900000,30.000000,60.000000,6.000000,0.000000,0.000000,1.500000,0.056059,-0.027126,1.492043,0.000000,0.000000,0.000000,-0.001167,0.033945,-0.035863,0.996825,-0.004962,-0.079412,0.002851,0.017774,-0.038869,-0.000112,0.275789,0.263542,0.133675,23.806812,23.806812,23.843068,0.506351,4.431676,0.407793,0.359446,0.951782
16.550000,1,0,0,2.400000,9.810000,0.900000,30.000000,60.000000,6.000000,0.000000,0.000000,1.500000,0.056263,-0.025133,1.490316,0.000000,0.000000,0.000000,0.009145,0.045710,-0.033079,0.996758,-0.004441,-0.080284,0.002894,0.023752,-0.031055,-0.000102,0.259336,0.249027,0.117072,23.843068,23.843068,23.877722,0.507087,4.439062,0.397641,0.290211,0.949312
16.600000,1,0,0,2.400000,9.810000,0.900000,30.000000,60.000000,6.000000,0.000000,0.000000,1.500000,0.056952,-0.022573,1.488747,0.000000,0.000000,0.000000,0.018176,0.056402,-0.029548,0.996707,-0.003775,-0.080949,0.002948,0.029535,-0.022372,-0.000094,0.217910,0.219722,0.096879,23.877722,23.877722,23.910423,0.507782,4.376563,0.359069,0.212401,0.946933
16.650000,1,0,0,2.400000,9.810000,0.900000,30.000000,60.000000,6.000000,0.000000,0.000000,1.500000,0.058052,-0.019525,1.487371,0.000000,0.000000,0.000000,0.025537,0.065137,-0.025418,0.996673,-0.002970,-0.081391,0.003012,0.034787,-0.013265,-0.000103,0.190949,0.160679,0.115408,23.910423,23.910423,23.940934,0.508430,4.337966,0.255789,0.227770,0.944699
16.700000,1,0,0,2.400000,9.810000,0.900000,30.000000,60.000000,6.000000,0.000000,0.000000,1.500000,0.059473,-0.016105,1.486213,0.000000,0.000000,0.000000,0.030928,0.071174,-0.020864,0.996658,-0.002045,-0.081606,0.003086,0.039201,-0.004201,-0.000140,0.149706,0.120591,0.108356,23.940934,23.940934,23.969136,0.509029,4.253970,0.203862,0.182190,0.942657
16.750000,1,0,0,2.400000,9.810000,0.900000,30.000000,60.000000,6.000000,0.000000,0.000000,1.500000,0.061109,-0.012462,1.485288,0.000000,0.000000,0.000000,0.034156,0.073981,-0.016077,0.996660,-0.001025,-0.081599,0.003165,0.042512,0.004359,-0.000212,0.080686,0.063235,0.140148,23.969136,23.969136,23.995030,0.509578,4.092452,0.115190,0.230462,0.940847
16.800000,1,0,0,2.400000,9.810000,0.900000,30.000000,60.000000,6.000000,0.000000,0.000000,1.500000,0.062851,-0.008765,1.484605,0.000000,0.000000,0.000000,0.035139,0.073274,-0.011256,0.996677,0.000062,-0.081390,0.003247,0.044514,0.011982,-0.000322,0.017277,-0.014361,0.106148,23.995030,23.995030,24.018725,0.510082,3.934366,-0.018802,0.121625,0.939301
16.850000,1,0,0,2.400000,9.810000,0.900000,30.000000,60.000000,6.000000,0.000000,0.000000,1.500000,0.064586,-0.005193,1.484160,0.000000,0.000000,0.000000,0.033919,0.069045,-0.006602,0.996707,0.001181,-0.081006,0.003329,0.045077,0.018292,-0.000464,-0.006686,-0.133021,0.154254,24.018725,24.018725,24.040420,0.510542,3.862255,-0.249746,0.210770,0.938043
16.900000,1,0,0,2.400000,9.810000,0.900000,30.000000,60.000000,6.000000,0.000000,0.000000,1.500000,0.066208,-0.001915,1.483939,0.000000,0.000000,0.000000,0.030651,0.061558,-0.002303,0.996747,0.002295,-0.080484,0.003406,0.044154,0.022984,-0.000627,-0.058756,-0.229438,0.121246,24.040420,24.040420,24.060379,0.510966,3.715759,-0.427469,0.106274,0.937085
16.950000,1,0,0,2.400000,9.810000,0.900000,30.000000,60.000000,6.000000,0.000000,0.000000,1.500000,0.067621,0.000917,1.483921,0.000000,0.000000,0.000000,0.025598,0.051332,0.001465,0.996794,0.003368,-0.079868,0.003477,0.041782,0.025845,-0.000797,-0.101872,-0.237691,0.111925,24.060379,24.060379,24.078905,0.511360,3.585923,-0.395532,0.059743,0.936429
17.000000,1,0,0,2.400000,9.810000,0.900000,30.000000,60.000000,6.000000,0.000000,0.000000,1.500000,0.068744,0.003184,1.484074,0.000000,0.000000,0.000000,0.019120,0.039095,0.004556,0.996843,0.004365,-0.079205,0.003537,0.038082,0.026767,-0.000959,-0.110738,-0.248449,0.136319,24.078905,24.078905,24.096310,0.511729,3.535763,-0.373221,0.095290,0.936065
17.050000,1,0,0,2.400000,9.810000,0.900000,30.000000,60.000000,6.000000,0.000000,0.000000,1.500000,0.069517,0.004808,1.484363,0.000000,0.000000,0.000000,0.011649,0.025731,0.006852,0.996890,0.005256,-0.078543,0.003585,0.033250,0.025749,-0.001098,-0.141664,-0.242792,0.104389,24.096310,24.096310,24.112899,0.512082,3.432519,-0.316617,-0.003144,0.935974
17.100000,1,0,0,2.400000,9.810000,0.900000,30.000000,60.000000,6.000000,0.000000,0.000000,1.500000,0.069901,0.005755,1.484745,0.000000,0.000000,0.000000,0.003670,0.012204,0.008274,0.996934,0.006015,-0.077930,0.003619,0.027545,0.022898,-0.001205,-0.146762,-0.237721,0.088966,24.112899,24.112899,24.128944,0.512422,3.393446,-0.267731,-0.060756,0.936128
17.150000,1,0,0,2.400000,9.810000,0.900000,30.000000,60.000000,6.000000,0.000000,0.000000,1.500000,0.069884,0.006042,1.485175,0.000000,0.000000,0.000000,-0.004305,-0.000518,0.008781,0.996971,0.006625,-0.077410,0.003639,0.021276,0.018424,-0.001277,-0.154912,-0.198052,0.059576,24.128944,24.128944,24.144674,0.512756,3.351362,-0.142992,-0.150670,0.936489
17.200000,1,0,0,2.400000,9.810000,0.900000,30.000000,60.000000,6.000000,0.000000,0.000000,1.500000,0.069479,0.005731,1.485608,0.000000,0.000000,0.000000,-0.011766,-0.011541,0.008375,0.996998,0.007075,-0.077019,0.003644,0.014775,0.012629,-0.001313,-0.159802,-0.142558,0.020082,24.144674,24.144674,24.160264,0.513087,3.323238,0.012058,-0.263615,0.937013
17.250000,1,0,0,2.400000,9.810000,0.900000,30.000000,60.000000,6.000000,0.000000,0.000000,1.500000,0.068724,0.004928,1.485998,0.000000,0.000000,0.000000,-0.018230,-0.020115,0.007099,0.997014,0.007365,-0.076785,0.003635,0.008384,0.005886,-0.001323,-0.141667,-0.085462,0.029243,24.160264,24.160264,24.175827,0.513418,3.357916,0.163203,-0.258565,0.937651
17.300000,1,0,0,2.400000,9.810000,0.900000,30.000000,60.000000,6.000000,0.000000,0.000000,1.500000,0.067680,0.003770,1.486305,0.000000,0.000000,0.000000,-0.023268,-0.025699,0.005037,0.997017,0.007501,-0.076727,0.003613,0.002429,-0.001377,-0.001316,-0.082504,-0.011349,-0.007815,24.175827,24.175827,24.191413,0.513749,3.499512,0.347771,-0.363213,0.938348
17.350000,1,0,0,2.400000,9.810000,0.900000,30.000000,60.000000,6.000000,0.000000,0.000000,1.500000,0.066427,0.002413,1.486491,0.000000,0.000000,0.000000,-0.026527,-0.027998,0.002307,0.997008,0.007498,-0.076853,0.003579,-0.002799,-0.008702,-0.001305,-0.047830,0.066712,-0.036471,24.191413,24.191413,24.207000,0.514080,3.591156,0.535084,-0.446454,0.939051
17.400000,1,0,0,2.400000,9.810000,0.900000,30.000000,60.000000,6.000000,0.000000,0.000000,1.500000,0.065061,0.001025,1.486527,0.000000,0.000000,0.000000,-0.027749,-0.026992,-0.000941,0.996985,0.007376,-0.077158,0.003535,-0.007062,-0.015630,-0.001303,-0.020064,0.157317,-0.031487,24.207000,24.207000,24.222496,0.514409,3.674845,0.746791,-0.447710,0.939706
17.450000,1,0,0,2.400000,9.810000,0.900000,30.000000,60.000000,6.000000,0.000000,0.000000,1.500000,0.063688,-0.000235,1.486391,0.000000,0.000000,0.000000,-0.026784,-0.022933,-0.004534,0.996951,0.007163,-0.077626,0.003482,-0.010191,-0.021720,-0.001318,0.056344,0.196758,-0.041647,24.222496,24.222496,24.237733,0.514733,3.883142,0.831254,-0.484043,0.940260
17.500000,1,0,0,2.400000,9.810000,0.900000,30.000000,60.000000,6.000000,0.000000,0.000000,1.500000,0.062420,-0.001226,1.486071,0.000000,0.000000,0.000000,-0.023600,-0.016326,-0.008282,0.996906,0.006887,-0.078232,0.003422,-0.012093,-0.026581,-0.001358,0.091334,0.226682,-0.004842,24.237733,24.237733,24.252468,0.515046,3.998638,0.889839,-0.406376,0.940668
17.550000,1,0,0,2.400000,9.810000,0.900000,30.000000,60.000000,6.000000,0.000000,0.000000,1.500000,0.061364,-0.001837,1.485564,0.000000,0.000000,0.000000,-0.018284,-0.007884,-0.011988,0.996852,0.006580,-0.078940,0.003358,-0.012759,-0.029888,-0.001423,0.115515,0.236652,-0.004804,24.252468,24.252468,24.266390,0.515341,4.093070,0.898985,-0.415642,0.940888
17.600000,1,0,0,2.400000,9.810000,0.900000,30.000000,60.000000,6.000000,0.000000,0.000000,1.500000,0.060624,-0.001998,1.484876,0.000000,0.000000,0.000000,-0.011036,0.001528,-0.015455,0.996793,0.006271,-0.079708,0.003292,-0.012265,-0.031401,-0.001512,0.123783,0.249902,-0.002642,24.266390,24.266390,24.279120,0.515612,4.152121,0.915894,-0.418476,0.940887
17.650000,1,0,0,2.400000,9.810000,0.900000,30.000000,60.000000,6.000000,0.000000,0.000000,1.500000,0.060288,-0.001684,1.484025,0.000000,0.000000,0.000000,-0.002161,0.010962,-0.018498,0.996732,0.005988,-0.080490,0.003225,-0.010762,-0.030982,-0.001622,0.140550,0.208170,-0.018259,24.279120,24.279120,24.290234,0.515848,4.232064,0.802045,-0.462608,0.940643
17.700000,1,0,0,2.400000,9.810000,0.900000,30.000000,60.000000,6.000000,0.000000,0.000000,1.500000,0.060428,-0.000917,1.483036,0.000000,0.000000,0.000000,0.007947,0.019470,-0.020947,0.996673,0.005753,-0.081237,0.003159,-0.008468,-0.028599,-0.001749,0.180829,0.148304,-0.044069,24.290234,24.290234,24.299274,0.516040,4.366505,0.646959,-0.529787,0.940140
17.750000,1,0,0,2.400000,9.810000,0.900000,30.000000,60.000000,6.000000,0.000000,0.000000,1.500000,0.061095,0.000233,1.481943,0.000000,0.000000,0.000000,0.018826,0.026180,-0.022659,0.996620,0.005582,-0.081900,0.003095,-0.005653,-0.024330,-0.001889,0.165407,0.087487,-0.080605,24.299274,24.299274,24.305781,0.516178,4.362924,0.492660,-0.621229,0.939376
17.800000,1,0,0,2.400000,9.810000,0.900000,30.000000,60.000000,6.000000,0.000000,0.000000,1.500000,0.062315,0.001659,1.480784,0.000000,0.000000,0.000000,0.029970,0.030365,-0.023525,0.996577,0.005485,-0.082435,0.003035,-0.002621,-0.018356,-0.002040,0.151845,0.020836,-0.090827,24.305781,24.305781,24.309317,0.516253,4.357217,0.327877,-0.647959,0.938358
17.850000,1,0,0,2.400000,9.810000,0.900000,30.000000,60.000000,6.000000,0.000000,0.000000,1.500000,0.064088,0.003219,1.479606,0.000000,0.000000,0.000000,0.040856,0.031506,-0.023470,0.996547,0.005462,-0.082803,0.002978,0.000312,-0.010956,-0.002199,0.139534,-0.050891,-0.034689,24.309317,24.309317,24.309498,0.516257,4.345957,0.154486,-0.513775,0.937103
17.900000,1,0,0,2.400000,9.810000,0.900000,30.000000,60.000000,6.000000,0.000000,0.000000,1.500000,0.066388,0.004754,1.478453,0.000000,0.000000,0.000000,0.050969,0.029334,-0.022461,0.996532,0.005508,-0.082972,0.002923,0.002837,-0.002487,-0.002368,0.168410,-0.086715,-0.030816,24.309498,24.309498,24.306021,0.516183,4.423419,0.070521,-0.503274,0.935640
17.950000,1,0,0,2.400000,9.810000,0.900000,30.000000,60.000000,6.000000,0.000000,0.000000,1.500000,0.069164,0.006097,1.477375,0.000000,0.000000,0.000000,0.059830,0.023851,-0.020506,0.996536,0.005608,-0.082920,0.002870,0.004675,0.006632,-0.002544,0.132448,-0.177647,-0.035868,24.306021,24.306021,24.298689,0.516027,4.334065,-0.143120,-0.512330,0.934005
18.000000,1,0,0,2.400000,9.810000,0.900000,30.000000,60.000000,6.000000,0.000000,0.000000,1.500000,0.072343,0.007088,1.476418,0.000000,0.000000,0.000000,0.067022,0.015335,-0.017656,0.996559,0.005742,-0.082638,0.002817,0.005594,0.015945,-0.002725,0.075217,-0.200459,-0.008356,24.298689,24.298689,24.287420,0.515788,4.181926,-0.191680,-0.441264,0.932241
18.050000,1,0,0,2.400000,9.810000,0.900000,30.000000,60.000000,6.000000,0.000000,0.000000,1.500000,0.075833,0.007589,1.475623,0.000000,0.000000,0.000000,0.072211,0.004312,-0.014000,0.996601,0.005887,-0.082127,0.002761,0.005427,0.024986,-0.002907,0.045572,-0.283821,0.007334,24.287420,24.287420,24.272266,0.515466,4.084312,-0.385189,-0.396509,0.930399
18.100000,1,0,0,2.400000,9.810000,0.900000,30.000000,60.000000,6.000000,0.000000,0.000000,1.500000,0.079527,0.007490,1.475029,0.000000,0.000000,0.000000,0.075161,-0.008479,-0.009663,0.996660,0.006012,-0.081398,0.002701,0.004079,0.033300,-0.003083,-0.029127,-0.314740,0.050211,24.272266,24.272266,24.253400,0.515065,3.867526,-0.453848,-0.284369,0.928533
18.150000,1,0,0,2.400000,9.810000,0.900000,30.000000,60.000000,6.000000,0.000000,0.000000,1.500000,0.083309,0.006726,1.474666,0.000000,0.000000,0.000000,0.075751,-0.022151,-0.004800,0.996735,0.006088,-0.080475,0.002634,0.001539,0.040470,-0.003244,-0.043463,-0.278005,0.066962,24.253400,24.253400,24.231112,0.514592,3.785761,-0.362589,-0.232749,0.926698
18.200000,1,0,0,2.400000,9.810000,0.900000,30.000000,60.000000,6.000000,0.000000,0.000000,1.500000,0.087062,0.005276,1.474555,0.000000,0.000000,0.000000,0.073976,-0.035738,0.000408,0.996822,0.006087,-0.079392,0.002557,-0.002120,0.046141,-0.003380,-0.096892,-0.250256,0.100048,24.231112,24.231112,24.205791,0.514054,3.602000,-0.296739,-0.139737,0.924952
18.250000,1,0,0,2.400000,9.810000,0.900000,30.000000,60.000000,6.000000,0.000000,0.000000,1.500000,0.090669,0.003170,1.474709,0.000000,0.000000,0.000000,0.069953,-0.048271,0.005768,0.996918,0.005982,-0.078190,0.002470,-0.006748,0.050041,-0.003483,-0.126228,-0.230496,0.071397,24.205791,24.205791,24.177899,0.513462,3.469950,-0.255147,-0.192736,0.923349
18.300000,1,0,0,2.400000,9.810000,0.900000,30.000000,60.000000,6.000000,0.000000,0.000000,1.500000,0.094024,0.000482,1.475131,0.000000,0.000000,0.000000,0.063907,-0.058860,0.011078,0.997018,0.005752,-0.076914,0.002372,-0.012123,0.051990,-0.003546,-0.178696,-0.212753,0.089302,24.177899,24.177899,24.147950,0.512826,3.278615,-0.224494,-0.131914,0.921940
18.350000,1,0,0,2.400000,9.810000,0.900000,30.000000,60.000000,6.000000,0.000000,0.000000,1.500000,0.097032,-0.002671,1.475813,0.000000,0.000000,0.000000,0.056168,-0.066761,0.016139,0.997120,0.005381,-0.075615,0.002262,-0.017967,0.051915,-0.003569,-0.158239,-0.152824,0.105194,24.147950,24.147950,24.116481,0.512158,3.261021,-0.099387,-0.073949,0.920768
18.400000,1,0,0,2.400000,9.810000,0.900000,30.000000,60.000000,6.000000,0.000000,0.000000,1.500000,0.099619,-0.006141,1.476737,0.000000,0.000000,0.000000,0.047146,-0.071440,0.020760,0.997219,0.004862,-0.074343,0.002140,-0.023963,0.049852,-0.003555,-0.202653,-0.103670,0.057077,24.116481,24.116481,24.084026,0.511468,3.088953,-0.007268,-0.167776,0.919873
18.450000,1,0,0,2.400000,9.810000,0.900000,30.000000,60.000000,6.000000,0.000000,0.000000,1.500000,0.101733,-0.009757,1.477878,0.000000,0.000000,0.000000,0.037316,-0.072614,0.024771,0.997310,0.004196,-0.073146,0.002008,-0.029776,0.045947,-0.003514,-0.167724,-0.083259,0.057671,24.084026,24.084026,24.051096,0.510769,3.110901,0.008803,-0.143049,0.919282
18.500000,1,0,0,2.400000,9.810000,0.900000,30.000000,60.000000,6.000000,0.000000,0.000000,1.500000,0.103346,-0.013343,1.479202,0.000000,0.000000,0.000000,0.027188,-0.070272,0.028026,0.997392,0.003390,-0.072068,0.001866,-0.035072,0.040440,-0.003458,-0.169906,-0.012948,0.019629,24.051096,24.051096,24.018160,0.510070,3.049496,0.138033,-0.209602,0.919015
18.550000,1,0,0,2.400000,9.810000,0.900000,30.000000,60.000000,6.000000,0.000000,0.000000,1.500000,0.104455,-0.016730,1.480667,0.000000,0.000000,0.000000,0.017282,-0.064678,0.030415,0.997462,0.002462,-0.071143,0.001717,-0.039540,0.033662,-0.003403,-0.159412,0.046297,0.017620,24.018160,24.018160,23.985626,0.509379,3.025979,0.234950,-0.188453,0.919081
18.600000,1,0,0,2.400000,9.810000,0.900000,30.000000,60.000000,6.000000,0.000000,0.000000,1.500000,0.105086,-0.019765,1.482228,0.000000,0.000000,0.000000,0.008103,-0.056350,0.031862,0.997517,0.001436,-0.070399,0.001561,-0.042915,0.026009,-0.003362,-0.128597,0.177156,0.015415,23.985626,23.985626,23.953829,0.508703,3.060007,0.499173,-0.166783,0.919477
18.650000,1,0,0,2.400000,9.810000,0.900000,30.000000,60.000000,6.000000,0.000000,0.000000,1.500000,0.105286,-0.022331,1.483836,0.000000,0.000000,0.000000,0.000110,-0.046013,0.032332,0.997556,0.000342,-0.069852,0.001400,-0.044988,0.017921,-0.003347,-0.114282,0.211319,0.003394,23.953829,23.953829,23.923023,0.508049,3.063990,0.528215,-0.167918,0.920190
18.700000,1,0,0,2.400000,9.810000,0.900000,30.000000,60.000000,6.000000,0.000000,0.000000,1.500000,0.105124,-0.024348,1.485445,0.000000,0.000000,0.000000,-0.006302,-0.034544,0.031834,0.997580,-0.000785,-0.069508,0.001238,-0.045626,0.009864,-0.003364,-0.084395,0.228696,-0.044267,23.923023,23.923023,23.893374,0.507420,3.115137,0.515506,-0.254072,0.921198
18.750000,1,0,0,2.400000,9.810000,0.900000,30.000000,60.000000,6.000000,0.000000,0.000000,1.500000,0.104687,-0.025782,1.487005,0.000000,0.000000,0.000000,-0.010828,-0.022900,0.030416,0.997589,-0.001910,-0.069359,0.001074,-0.044779,0.002294,-0.003412,-0.045185,0.275548,-0.065896,23.893374,23.893374,23.864958,0.506816,3.198122,0.573824,-0.277463,0.922467
18.800000,1,0,0,2.400000,9.810000,0.900000,30.000000,60.000000,6.000000,0.000000,0.000000,1.500000,0.104076,-0.026651,1.488472,0.000000,0.000000,0.000000,-0.013267,-0.012039,0.028168,0.997585,-0.002995,-0.069389,0.000913,-0.042480,-0.004358,-0.003485,0.012731,0.239137,-0.063784,23.864958,23.864958,23.837759,0.506239,3.334603,0.434347,-0.243801,0.923958
18.850000,1,0,0,2.400000,9.810000,0.900000,30.000000,60.000000,6.000000,0.000000,0.000000,1.500000,0.103396,-0.027014,1.489810,0.000000,0.000000,0.000000,-0.013531,-0.002843,0.025213,0.997569,-0.004005,-0.069568,0.000754,-0.038848,-0.009720,-0.003572,0.006849,0.149578,-0.086472,23.837759,23.837759,23.811679,0.505685,3.325230,0.170992,-0.269789,0.925623
18.900000,1,0,0,2.400000,9.810000,0.900000,30.000000,60.000000,6.000000,0.000000,0.000000,1.500000,0.102758,-0.026975,1.490984,0.000000,0.000000,0.000000,-0.011651,0.003954,0.021706,0.997544,-0.004910,-0.069862,0.000602,-0.034075,-0.013488,-0.003659,0.051869,0.113072,-0.092122,23.811679,23.811679,23.786543,0.505151,3.443540,0.040101,-0.255184,0.927409
18.950000,1,0,0,2.400000,9.810000,0.900000,30.000000,60.000000,6.000000,0.000000,0.000000,1.500000,0.102265,-0.026668,1.491974,0.000000,0.000000,0.000000,-0.007775,0.007824,0.017823,0.997515,-0.005684,-0.070228,0.000457,-0.028419,-0.015456,-0.003731,0.086050,0.039558,-0.090880,23.786543,23.786543,23.762118,0.504632,3.539308,-0.173291,-0.224487,0.929260
19.000000,1,0,0,2.400000,9.810000,0.900000,30.000000,60.000000,6.000000,0.000000,0.000000,1.500000,0.102010,-0.026246,1.492764,0.000000,0.000000,0.000000,-0.002160,0.008490,0.013756,0.997483,-0.006310,-0.070619,0.000321,-0.022185,-0.015514,-0.003776,0.112960,-0.018141,-0.102864,23.762118,23.762118,23.738131,0.504123,3.618872,-0.341564,-0.226095,0.931122
19.050000,1,0,0,2.400000,9.810000,0.900000,30.000000,60.000000,6.000000,0.000000,0.000000,1.500000,0.102072,-0.025872,1.493350,0.000000,0.000000,0.000000,0.004842,0.005949,0.009703,0.997454,-0.006775,-0.070988,0.000195,-0.015707,-0.013666,-0.003788,0.117271,-0.121560,-0.115927,23.738131,23.738131,23.714288,0.503616,3.643158,-0.611936,-0.230933,0.932936
19.100000,1,0,0,2.400000,9.810000,0.900000,30.000000,60.000000,6.000000,0.000000,0.000000,1.500000,0.102510,-0.025701,1.493738,0.000000,0.000000,0.000000,0.012803,0.000468,0.005861,0.997431,-0.007080,-0.071287,0.000081,-0.009326,-0.010021,-0.003764,0.176590,-0.187573,-0.142984,23.714288,23.714288,23.690303,0.503107,3.796204,-0.784843,-0.270047,0.934652
19.150000,1,0,0,2.400000,9.810000,0.900000,30.000000,60.000000,6.000000,0.000000,0.000000,1.500000,0.103360,-0.025866,1.493942,0.000000,0.000000,0.000000,0.021239,-0.007436,0.002416,0.997416,-0.007231,-0.071475,-0.000022,-0.003368,-0.004790,-0.003708,0.138171,-0.213703,-0.145250,23.690303,23.690303,23.665918,0.502589,3.709404,-0.854665,-0.250371,0.936222
19.200000,1,0,0,2.400000,9.810000,0.900000,30.000000,60.000000,6.000000,0.000000,0.000000,1.500000,0.104633,-0.026472,1.493989,0.000000,0.000000,0.000000,0.029638,-0.017035,-0.000466,0.997413,-0.007241,-0.071517,-0.000115,0.001874,0.001722,-0.003627,0.156997,-0.234494,-0.106897,23.665918,23.665918,23.640933,0.502059,3.753014,-0.905012,-0.133903,0.937603
19.250000,1,0,0,2.400000,9.810000,0.900000,30.000000,60.000000,6.000000,0.000000,0.000000,1.500000,0.106315,-0.027583,1.493908,0.000000,0.000000,0.000000,0.037488,-0.027455,-0.002646,0.997423,-0.007132,-0.071383,-0.000197,0.006160,0.009140,-0.003533,0.075453,-0.189343,-0.111977,23.640933,23.640933,23.615219,0.501512,3.547465,-0.791441,-0.122343,0.938764
19.300000,1,0,0,2.400000,9.810000,0.900000,30.000000,60.000000,6.000000,0.000000,0.000000,1.500000,0.108365,-0.029216,1.493737,0.000000,0.000000,0.000000,0.044301,-0.037744,-0.004017,0.997448,-0.006930,-0.071058,-0.000273,0.009317,0.017036,-0.003435,0.088254,-0.162438,-0.088114,23.615219,23.615219,23.588736,0.500950,3.559265,-0.717258,-0.041945,0.939680
19.350000,1,0,0,2.400000,9.810000,0.900000,30.000000,60.000000,6.000000,0.000000,0.000000,1.500000,0.110720,-0.031339,1.493521,0.000000,0.000000,0.000000,0.049641,-0.046950,-0.004508,0.997487,-0.006665,-0.070535,-0.000342,0.011252,0.024949,-0.003345,0.093456,-0.133681,-0.081504,23.588736,23.588736,23.561540,0.500372,3.543485,-0.635630,-0.003533,0.940338
19.400000,1,0,0,2.400000,9.810000,0.900000,30.000000,60.000000,6.000000,0.000000,0.000000,1.500000,0.113298,-0.033878,1.493302,0.000000,0.000000,0.000000,0.053147,-0.054202,-0.004092,0.997539,-0.006367,-0.069819,-0.000409,0.011951,0.032418,-0.003268,0.023766,-0.067013,-0.054829,23.561540,23.561540,23.533782,0.499783,3.338902,-0.461483,0.082490,0.940735
19.450000,1,0,0,2.400000,9.810000,0.900000,30.000000,60.000000,6.000000,0.000000,0.000000,1.500000,0.116000,-0.036715,1.493126,0.000000,0.000000,0.000000,0.054549,-0.058775,-0.002781,0.997603,-0.006067,-0.068927,-0.000475,0.011488,0.039004,-0.003209,-0.001658,-0.057037,-0.036717,23.533782,23.533782,23.505702,0.499187,3.232320,-0.423288,0.147442,0.940878
19.500000,1,0,0,2.400000,9.810000,0.900000,30.000000,60.000000,6.000000,0.000000,0.000000,1.500000,0.118715,-0.039702,1.493038,0.000000,0.000000,0.000000,0.053689,-0.060156,-0.000628,0.997676,-0.005791,-0.067885,-0.000542,0.010009,0.044310,-0.003167,-0.089888,0.017343,-0.024066,23.505702,23.505702,23.477618,0.498590,2.968086,-0.231704,0.198762,0.940785
19.550000,1,0,0,2.400000,9.810000,0.900000,30.000000,60.000000,6.000000,0.000000,0.000000,1.500000,0.121330,-0.042673,1.493076,0.000000,0.000000,0.000000,0.050523,-0.058082,0.002271,0.997755,-0.005562,-0.066731,-0.000612,0.007732,0.048012,-0.003142,-0.146175,0.139612,0.001429,23.477618,23.477618,23.449902,0.498002,2.775350,0.072567,0.280358,0.940484
19.600000,1,0,0,2.400000,9.810000,0.900000,30.000000,60.000000,6.000000,0.000000,0.000000,1.500000,0.123730,-0.045453,1.493275,0.000000,0.000000,0.000000,0.045125,-0.052564,0.005791,0.997837,-0.005397,-0.065507,-0.000686,0.004924,0.049870,-0.003130,-0.194628,0.168689,0.038195,23.449902,23.449902,23.422968,0.497430,2.598317,0.150153,0.388384,0.940011
19.650000,1,0,0,2.400000,9.810000,0.900000,30.000000,60.000000,6.000000,0.000000,0.000000,1.500000,0.125809,-0.047876,1.493663,0.000000,0.000000,0.000000,0.037688,-0.043889,0.009773,0.997919,-0.005306,-0.064260,-0.000766,0.001889,0.049743,-0.003130,-0.234094,0.254514,0.045143,23.422968,23.422968,23.397241,0.496883,2.442052,0.360465,0.424139,0.939409
19.700000,1,0,0,2.400000,9.810000,0.900000,30.000000,60.000000,6.000000,0.000000,0.000000,1.500000,0.127470,-0.049798,1.494257,0.000000,0.000000,0.000000,0.028508,-0.032590,0.014038,0.997996,-0.005291,-0.063042,-0.000850,-0.001057,0.047600,-0.003141,-0.230246,0.286889,0.042344,23.397241,23.397241,23.373141,0.496372,2.391318,0.438956,0.435670,0.938727
19.750000,1,0,0,2.400000,9.810000,0.900000,30.000000,60.000000,6.000000,0.000000,0.000000,1.500000,0.128637,-0.051104,1.495068,0.000000,0.000000,0.000000,0.017973,-0.019413,0.018392,0.998067,-0.005344,-0.061902,-0.000938,-0.003607,0.043515,-0.003163,-0.281651,0.331158,0.023732,23.373141,23.373141,23.351066,0.495903,2.211902,0.542741,0.408275,0.938018
19.800000,1,0,0,2.400000,9.810000,0.900000,30.000000,60.000000,6.000000,0.000000,0.000000,1.500000,0.129252,-0.051723,1.496095,0.000000,0.000000,0.000000,0.006540,-0.005251,0.022637,0.998129,-0.005453,-0.060886,-0.001030,-0.005478,0.037672,-0.003198,-0.267945,0.325639,0.032624,23.351066,23.351066,23.331369,0.495484,2.194858,0.524414,0.445751,0.937337
19.850000,1,0,0,2.400000,9.810000,0.900000,30.000000,60.000000,6.000000,0.000000,0.000000,1.500000,0.129284,-0.051629,1.497327,0.000000,0.000000,0.000000,-0.005286,0.008926,0.026575,0.998180,-0.005598,-0.060035,-0.001124,-0.006437,0.030348,-0.003246,-0.284619,0.324654,0.038375,23.331369,23.331369,23.314356,0.495123,2.112915,0.515278,0.474374,0.936738
19.900000,1,0,0,2.400000,9.810000,0.900000,30.000000,60.000000,6.000000,0.000000,0.000000,1.500000,0.128726,-0.050846,1.498744,0.000000,0.000000,0.000000,-0.016979,0.022149,0.030022,0.998218,-0.005754,-0.059381,-0.001219,-0.006313,0.021900,-0.003307,-0.235422,0.291129,0.033488,23.314356,23.314356,23.300273,0.494824,2.198602,0.427519,0.475979,0.936273
19.950000,1,0,0,2.400000,9.810000,0.900000,30.000000,60.000000,6.000000,0.000000,0.000000,1.500000,0.127597,-0.049445,1.500318,0.000000,0.000000,0.000000,-0.028019,0.033527,0.032814,0.998243,-0.005892,-0.058948,-0.001314,-0.005011,0.012745,-0.003379,-0.191715,0.244847,0.008395,23.300273,23.300273,23.289303,0.494591,2.281722,0.309932,0.427425,0.935989
20.000000,1,0,0,2.400000,9.810000,0.900000,30.000000,60.000000,6.000000,0.000000,0.000000,1.500000,0.125943,-0.047537,1.502012,0.000000,0.000000,0.000000,-0.037923,0.042318,0.034814,0.998254,-0.005983,-0.058748,-0.001406,-0.002516,0.003340,-0.003456,-0.158784,0.182585,-0.048805,23.289303,23.289303,23.281565,0.494427,2.350146,0.156155,0.299989,0.935928
20.050000,1,0,0,2.400000,9.810000,0.900000,30.000000,60.000000,6.000000,0.000000,0.000000,1.500000,0.123831,-0.045265,1.503784,0.000000,0.000000,0.000000,-0.046262,0.047992,0.035916,0.998252,-0.005998,-0.058781,-0.001494,0.001103,-0.005848,-0.003530,-0.111483,0.081347,-0.049792,23.281565,23.281565,23.277113,0.494332,2.464250,-0.087650,0.305493,0.936124
20.100000,1,0,0,2.400000,9.810000,0.900000,30.000000,60.000000,6.000000,0.000000,0.000000,1.500000,0.121349,-0.042794,1.505588,0.000000,0.000000,0.000000,-0.052689,0.050267,0.036055,0.998237,-0.005910,-0.059035,-0.001577,0.005698,-0.014363,-0.003591,-0.102960,0.007401,-0.053143,23.277113,23.277113,23.275939,0.494307,2.495964,-0.261222,0.303220,0.936603
20.150000,1,0,0,2.400000,9.810000,0.900000,30.000000,60.000000,6.000000,0.000000,0.000000,1.500000,0.118598,-0.040295,1.507373,0.000000,0.000000,0.000000,-0.056957,0.049139,0.035206,0.998211,-0.005698,-0.059490,-0.001652,0.011049,-0.021790,-0.003627,-0.033175,-0.045077,-0.086540,23.275939,23.275939,23.277976,0.494350,2.684361,-0.377525,0.226626,0.937379
20.200000,1,0,0,2.400000,9.810000,0.900000,30.000000,60.000000,6.000000,0.000000,0.000000,1.500000,0.115691,-0.037933,1.509092,0.000000,0.000000,0.000000,-0.058929,0.044872,0.033387,0.998176,-0.005346,-0.060113,-0.001718,0.016881,-0.027772,-0.003631,-0.033091,-0.059455,-0.077435,23.277976,23.277976,23.283096,0.494459,2.713659,-0.395913,0.249743,0.938458
20.250000,1,0,0,2.400000,9.810000,0.900000,30.000000,60.000000,6.000000,0.000000,0.000000,1.500000,0.112744,-0.035852,1.510697,0.000000,0.000000,0.000000,-0.058586,0.037984,0.030654,0.998133,-0.004845,-0.060864,-0.001774,0.022877,-0.032035,-0.003597,-0.023619,-0.110621,-0.084575,23.283096,23.283096,23.291116,0.494630,2.771835,-0.495728,0.231519,0.939832
20.300000,1,0,0,2.400000,9.810000,0.900000,30.000000,60.000000,6.000000,0.000000,0.000000,1.500000,0.109870,-0.034166,1.512144,0.000000,0.000000,0.000000,-0.056027,0.029201,0.027106,0.998084,-0.004197,-0.061699,-0.001820,0.028703,-0.034399,-0.003525,0.056915,-0.148520,-0.096558,23.291116,23.291116,23.301802,0.494856,3.004797,-0.556818,0.199293,0.941487
20.350000,1,0,0,2.400000,9.810000,0.900000,30.000000,60.000000,6.000000,0.000000,0.000000,1.500000,0.107175,-0.032949,1.513396,0.000000,0.000000,0.000000,-0.051466,0.019395,0.022874,0.998033,-0.003409,-0.062568,-0.001855,0.034023,-0.034788,-0.003421,0.063644,-0.114520,-0.127302,23.301802,23.301802,23.314878,0.495134,3.062597,-0.438834,0.119655,0.943394
20.400000,1,0,0,2.400000,9.810000,0.900000,30.000000,60.000000,6.000000,0.000000,0.000000,1.500000,0.104751,-0.032228,1.514423,0.000000,0.000000,0.000000,-0.045218,0.009516,0.018119,0.997982,-0.002499,-0.063422,-0.001879,0.038528,-0.033239,-0.003295,0.133499,-0.083671,-0.102604,23.314878,23.314878,23.330029,0.495456,3.271574,-0.322643,0.170725,0.945518
20.450000,1,0,0,2.400000,9.810000,0.900000,30.000000,60.000000,6.000000,0.000000,0.000000,1.500000,0.102674,-0.031983,1.515202,0.000000,0.000000,0.000000,-0.037683,0.000514,0.013024,0.997933,-0.001489,-0.064215,-0.001893,0.041947,-0.029893,-0.003162,0.158114,-0.080238,-0.062673,23.330029,23.330029,23.346918,0.495815,3.369440,-0.267560,0.256067,0.947816
20.500000,1,0,0,2.400000,9.810000,0.900000,30.000000,60.000000,6.000000,0.000000,0.000000,1.500000,0.100997,-0.032147,1.515722,0.000000,0.000000,0.000000,-0.029325,-0.006743,0.007785,0.997890,-0.000409,-0.064905,-0.001900,0.044072,-0.024991,-0.003035,0.170477,-0.036717,-0.083870,23.346918,23.346918,23.365202,0.496203,3.433376,-0.112942,0.192507,0.950238
20.550000,1,0,0,2.400000,9.810000,0.900000,30.000000,60.000000,6.000000,0.000000,0.000000,1.500000,0.099747,-0.032616,1.515982,0.000000,0.000000,0.000000,-0.020648,-0.011535,0.002603,0.997853,0.000706,-0.065456,-0.001902,0.044766,-0.018860,-0.002927,0.194646,-0.027903,-0.098478,23.365202,23.365202,23.384543,0.496614,3.519445,-0.039868,0.142692,0.952730
20.600000,1,0,0,2.400000,9.810000,0.900000,30.000000,60.000000,6.000000,0.000000,0.000000,1.500000,0.098929,-0.033251,1.515987,0.000000,0.000000,0.000000,-0.012168,-0.013352,-0.002322,0.997827,0.001820,-0.065843,-0.001901,0.043975,-0.011895,-0.002849,0.200393,0.050858,-0.086548,23.384543,23.384543,23.404631,0.497040,3.553837,0.201132,0.154655,0.955233
20.650000,1,0,0,2.400000,9.810000,0.900000,30.000000,60.000000,6.000000,0.000000,0.000000,1.500000,0.098519,-0.033897,1.515757,0.000000,0.000000,0.000000,-0.004386,-0.011935,-0.006805,0.997810,0.002896,-0.066050,-0.001901,0.041731,-0.004536,-0.002802,0.157754,0.117853,-0.101670,23.404631,23.404631,23.425202,0.497477,3.463863,0.412233,0.099965,0.957691
20.700000,1,0,0,2.400000,9.810000,0.900000,30.000000,60.000000,6.000000,0.000000,0.000000,1.500000,0.098471,-0.034391,1.515317,0.000000,0.000000,0.000000,0.002236,-0.007298,-0.010681,0.997805,0.003899,-0.066074,-0.001905,0.038147,0.002756,-0.002784,0.135446,0.201766,-0.090904,23.425202,23.425202,23.446047,0.497920,3.414199,0.660634,0.105877,0.960048
20.750000,1,0,0,2.400000,9.810000,0.900000,30.000000,60.000000,6.000000,0.000000,0.000000,1.500000,0.098716,-0.034578,1.514701,0.000000,0.000000,0.000000,0.007302,0.000272,-0.013811,0.997812,0.004799,-0.065920,-0.001915,0.033416,0.009525,-0.002786,0.093916,0.312171,-0.065088,23.446047,23.446047,23.467027,0.498365,3.310202,0.967840,0.146590,0.962251
20.800000,1,0,0,2.400000,9.810000,0.900000,30.000000,60.000000,6.000000,0.000000,0.000000,1.500000,0.099170,-0.034323,1.513950,0.000000,0.000000,0.000000,0.010502,0.010242,-0.016091,0.997828,0.005569,-0.065609,-0.001932,0.027792,0.015344,-0.002796,0.020732,0.339497,0.001293,23.467027,23.467027,23.488077,0.498812,3.122859,1.069665,0.283560,0.964252
20.850000,1,0,0,2.400000,9.810000,0.900000,30.000000,60.000000,6.000000,0.000000,0.000000,1.500000,0.099732,-0.033526,1.513107,0.000000,0.000000,0.000000,0.011629,0.021868,-0.017455,0.997853,0.006191,-0.065168,-0.001959,0.021580,0.019841,-0.002798,-0.006092,0.313178,-0.006667,23.488077,23.488077,23.509201,0.499261,3.040700,1.035856,0.241222,0.966011
20.900000,1,0,0,2.400000,9.810000,0.900000,30.000000,60.000000,6.000000,0.000000,0.000000,1.500000,0.100297,-0.032124,1.512220,0.000000,0.000000,0.000000,0.010590,0.034263,-0.017878,0.997885,0.006655,-0.064634,-0.001995,0.015112,0.022717,-0.002780,-0.066581,0.295836,0.012311,23.509201,23.509201,23.530472,0.499713,2.873370,1.016183,0.262847,0.967497
20.950000,1,0,0,2.400000,9.810000,0.900000,30.000000,60.000000,6.000000,0.000000,0.000000,1.500000,0.100755,-0.030103,1.511335,0.000000,0.000000,0.000000,0.007407,0.046465,-0.017377,0.997920,0.006957,-0.064050,-0.002041,0.008729,0.023766,-0.002731,-0.083890,0.298515,0.058586,23.530472,23.530472,23.552014,0.500170,2.807316,1.037021,0.349474,0.968687
21.000000,1,0,0,2.400000,9.810000,0.900000,30.000000,60.000000,6.000000,0.000000,0.000000,1.500000,0.101004,-0.027496,1.510497,0.000000,0.000000,0.000000,0.002225,0.057514,-0.016008,0.997957,0.007105,-0.063464,-0.002095,0.002759,0.022882,-0.002645,-0.124388,0.244355,0.083696,23.552014,23.552014,23.573990,0.500637,2.685465,0.914176,0.384952,0.969569
21.050000,1,0,0,2.400000,9.810000,0.900000,30.000000,60.000000,6.000000,0.000000,0.000000,1.500000,0.100948,-0.024385,1.509747,0.000000,0.000000,0.000000,-0.004707,0.066531,-0.013869,0.997991,0.007112,-0.062924,-0.002155,-0.002504,0.020070,-0.002522,-0.214688,0.154802,0.071969,23.573990,23.573990,23.596583,0.501117,2.446231,0.699754,0.331796,0.970142
21.100000,1,0,0,2.400000,9.810000,0.900000,30.000000,60.000000,6.000000,0.000000,0.000000,1.500000,0.100510,-0.020889,1.509121,0.000000,0.000000,0.000000,-0.013040,0.072792,-0.011090,0.998019,0.006998,-0.062476,-0.002221,-0.006817,0.015443,-0.002368,-0.257031,0.116160,0.082140,23.596583,23.596583,23.619979,0.501614,2.326474,0.601840,0.331073,0.970415
21.150000,1,0,0,2.400000,9.810000,0.900000,30.000000,60.000000,6.000000,0.000000,0.000000,1.500000,0.099628,-0.017161,1.508646,0.000000,0.000000,0.000000,-0.022346,0.075781,-0.007830,0.998040,0.006790,-0.062165,-0.002289,-0.010005,0.009214,-0.002189,-0.264561,0.021220,0.088913,23.619979,23.619979,23.644354,0.502131,2.296696,0.364333,0.322146,0.970408
21.200000,1,0,0,2.400000,9.810000,0.900000,30.000000,60.000000,6.000000,0.000000,0.000000,1.500000,0.098267,-0.013370,1.508343,0.000000,0.000000,0.000000,-0.032142,0.075237,-0.004269,0.998051,0.006517,-0.062025,-0.002357,-0.011971,0.001689,-0.001996,-0.266631,-0.018776,0.098332,23.644354,23.644354,23.669856,0.502673,2.288199,0.255590,0.319579,0.970150
21.250000,1,0,0,2.400000,9.810000,0.900000,30.000000,60.000000,6.000000,0.000000,0.000000,1.500000,0.096414,-0.009696,1.508221,0.000000,0.000000,0.000000,-0.041914,0.071172,-0.000601,0.998049,0.006209,-0.062086,-0.002424,-0.012700,-0.006752,-0.001798,-0.227821,-0.141286,0.067174,23.669856,23.669856,23.696597,0.503241,2.387346,-0.052846,0.219668,0.969680
21.300000,1,0,0,2.400000,9.810000,0.900000,30.000000,60.000000,6.000000,0.000000,0.000000,1.500000,0.094085,-0.006307,1.508281,0.000000,0.000000,0.000000,-0.051143,0.063873,0.002978,0.998033,0.005897,-0.062364,-0.002488,-0.012260,-0.015678,-0.001603,-0.240456,-0.178900,0.103195,23.696597,23.696597,23.724646,0.503836,2.373436,-0.157765,0.281045,0.969041
21.350000,1,0,0,2.400000,9.810000,0.900000,30.000000,60.000000,6.000000,0.000000,0.000000,1.500000,0.091317,-0.003354,1.508514,0.000000,0.000000,0.000000,-0.059334,0.053875,0.006273,0.998003,0.005609,-0.062867,-0.002547,-0.010798,-0.024626,-0.001416,-0.204703,-0.227864,0.113206,23.724646,23.724646,23.754019,0.504460,2.486413,-0.288862,0.280070,0.968284
21.400000,1,0,0,2.400000,9.810000,0.900000,30.000000,60.000000,6.000000,0.000000,0.000000,1.500000,0.088176,-0.000952,1.508901,0.000000,0.000000,0.000000,-0.066042,0.041923,0.009104,0.997958,0.005367,-0.063588,-0.002599,-0.008527,-0.033132,-0.001239,-0.181730,-0.224490,0.121304,23.754019,23.754019,23.784675,0.505111,2.579275,-0.292188,0.274574,0.967461
21.450000,1,0,0,2.400000,9.810000,0.900000,30.000000,60.000000,6.000000,0.000000,0.000000,1.500000,0.084744,0.000821,1.509414,0.000000,0.000000,0.000000,-0.070891,0.028906,0.011311,0.997900,0.005188,-0.064511,-0.002644,-0.005715,-0.040751,-0.001074,-0.120892,-0.251367,0.086813,23.784675,23.784675,23.816511,0.505787,2.772819,-0.365143,0.166926,0.966629
21.500000,1,0,0,2.400000,9.810000,0.900000,30.000000,60.000000,6.000000,0.000000,0.000000,1.500000,0.081123,0.001937,1.510019,0.000000,0.000000,0.000000,-0.073602,0.015792,0.012763,0.997829,0.005082,-0.065609,-0.002681,-0.002662,-0.047087,-0.000919,-0.067610,-0.241750,0.034459,23.816511,23.816511,23.849360,0.506485,2.956772,-0.347053,0.016461,0.965841
21.550000,1,0,0,2.400000,9.810000,0.900000,30.000000,60.000000,6.000000,0.000000,0.000000,1.500000,0.077423,0.002415,1.510676,0.000000,0.000000,0.000000,-0.073999,0.003543,0.013361,0.997747,0.005051,-0.066846,-0.002711,0.000313,-0.051811,-0.000774,0.023211,-0.214806,-0.008841,23.849360,23.849360,23.882988,0.507199,3.237660,-0.283801,-0.112223,0.965148
21.600000,1,0,0,2.400000,9.810000,0.900000,30.000000,60.000000,6.000000,0.000000,0.000000,1.500000,0.073762,0.002320,1.511340,0.000000,0.000000,0.000000,-0.072025,-0.006958,0.013048,0.997656,0.005090,-0.068178,-0.002732,0.002903,-0.054678,-0.000640,0.084186,-0.138788,-0.047359,23.882988,23.882988,23.917095,0.507923,3.451687,-0.099448,-0.229383,0.964598
21.650000,1,0,0,2.400000,9.810000,0.900000,30.000000,60.000000,6.000000,0.000000,0.000000,1.500000,0.070259,0.001760,1.511965,0.000000,0.000000,0.000000,-0.067740,-0.014980,0.011804,0.997561,0.005185,-0.069557,-0.002747,0.004824,-0.055547,-0.000521,0.092876,-0.045496,-0.056371,23.917095,23.917095,23.951316,0.508650,3.542690,0.129079,-0.275666,0.964231
21.700000,1,0,0,2.400000,9.810000,0.900000,30.000000,60.000000,6.000000,0.000000,0.000000,1.500000,0.067024,0.000872,1.512505,0.000000,0.000000,0.000000,-0.061321,-0.020002,0.009654,0.997463,0.005317,-0.070933,-0.002756,0.005841,-0.054382,-0.000418,0.163765,0.020136,-0.090511,23.951316,23.951316,23.985238,0.509370,3.782975,0.293009,-0.382170,0.964081
21.750000,1,0,0,2.400000,9.810000,0.900000,30.000000,60.000000,6.000000,0.000000,0.000000,1.500000,0.064158,-0.000185,1.512916,0.000000,0.000000,0.000000,-0.053054,-0.021757,0.006662,0.997367,0.005461,-0.072254,-0.002762,0.005779,-0.051256,-0.000337,0.207658,0.046887,-0.127791,23.985238,23.985238,24.018405,0.510075,3.956036,0.364241,-0.496069,0.964170
21.800000,1,0,0,2.400000,9.810000,0.900000,30.000000,60.000000,6.000000,0.000000,0.000000,1.500000,0.061743,-0.001249,1.513159,0.000000,0.000000,0.000000,-0.043316,-0.020247,0.002931,0.997278,0.005590,-0.073475,-0.002767,0.004541,-0.046350,-0.000279,0.193114,0.082161,-0.146864,24.018405,24.018405,24.050347,0.510753,3.984090,0.455192,-0.566050,0.964513
21.850000,1,0,0,2.400000,9.810000,0.900000,30.000000,60.000000,6.000000,0.000000,0.000000,1.500000,0.059843,-0.002160,1.513199,0.000000,0.000000,0.000000,-0.032556,-0.015750,-0.001401,0.997197,0.005672,-0.074553,-0.002773,0.002108,-0.039937,-0.000245,0.189478,0.100067,-0.158114,24.050347,24.050347,24.080603,0.511396,4.031509,0.502294,-0.616922,0.965113
21.900000,1,0,0,2.400000,9.810000,0.900000,30.000000,60.000000,6.000000,0.000000,0.000000,1.500000,0.058496,-0.002783,1.513012,0.000000,0.000000,0.000000,-0.021274,-0.008792,-0.006170,0.997129,0.005681,-0.075456,-0.002784,-0.001454,-0.032372,-0.000231,0.227123,0.129265,-0.163333,24.080603,24.080603,24.108743,0.511993,4.169494,0.572920,-0.652835,0.965962
21.950000,1,0,0,2.400000,9.810000,0.900000,30.000000,60.000000,6.000000,0.000000,0.000000,1.500000,0.057716,-0.003010,1.512578,0.000000,0.000000,0.000000,-0.009993,-0.000102,-0.011192,0.997076,0.005588,-0.076161,-0.002800,-0.005998,-0.024071,-0.000231,0.210992,0.164368,-0.193976,24.108743,24.108743,24.134403,0.512538,4.168673,0.652854,-0.749096,0.967044
22.000000,1,0,0,2.400000,9.810000,0.900000,30.000000,60.000000,6.000000,0.000000,0.000000,1.500000,0.057488,-0.002779,1.511892,0.000000,0.000000,0.000000,0.000767,0.009441,-0.016268,0.997039,0.005373,-0.076653,-0.002825,-0.011309,-0.015488,-0.000235,0.175938,0.198202,-0.175122,24.134403,24.134403,24.157301,0.513025,4.111985,0.723801,-0.725688,0.968329
22.050000,1,0,0,2.400000,9.810000,0.900000,30.000000,60.000000,6.000000,0.000000,0.000000,1.500000,0.057775,-0.002068,1.510954,0.000000,0.000000,0.000000,0.010519,0.018890,-0.021198,0.997020,0.005019,-0.076933,-0.002860,-0.017111,-0.007087,-0.000232,0.134535,0.222399,-0.175057,24.157301,24.157301,24.177260,0.513448,4.029467,0.764893,-0.746265,0.969782
22.100000,1,0,0,2.400000,9.810000,0.900000,30.000000,60.000000,6.000000,0.000000,0.000000,1.500000,0.058516,-0.000907,1.509777,0.000000,0.000000,0.000000,0.018828,0.027298,-0.025785,0.997016,0.004518,-0.077009,-0.002904,-0.023090,0.000677,-0.000209,0.128605,0.197352,-0.184746,24.177260,24.177260,24.194210,0.513808,4.021920,0.680649,-0.788900,0.971359
22.150000,1,0,0,2.400000,9.810000,0.900000,30.000000,60.000000,6.000000,0.000000,0.000000,1.500000,0.059628,0.000630,1.508384,0.000000,0.000000,0.000000,0.025340,0.033803,-0.029846,0.997027,0.003870,-0.076904,-0.002959,-0.028912,0.007391,-0.000160,0.060383,0.135190,-0.113874,24.194210,24.194210,24.208191,0.514105,3.855680,0.500153,-0.636602,0.973010
22.200000,1,0,0,2.400000,9.810000,0.900000,30.000000,60.000000,6.000000,0.000000,0.000000,1.500000,0.061016,0.002430,1.506804,0.000000,0.000000,0.000000,0.029798,0.037694,-0.033220,0.997049,0.003083,-0.076648,-0.003022,-0.034240,0.012701,-0.000080,0.057167,0.079504,-0.068784,24.208191,24.208191,24.219339,0.514342,3.837726,0.328405,-0.544369,0.974681
22.250000,1,0,0,2.400000,9.810000,0.900000,30.000000,60.000000,6.000000,0.000000,0.000000,1.500000,0.062571,0.004347,1.505076,0.000000,0.000000,0.000000,0.032054,0.038473,-0.035775,0.997079,0.002172,-0.076280,-0.003091,-0.038762,0.016332,0.000029,-0.005456,0.026676,-0.032266,24.219339,24.219339,24.227869,0.514523,3.671332,0.157500,-0.470703,0.976317
22.300000,1,0,0,2.400000,9.810000,0.900000,30.000000,60.000000,6.000000,0.000000,0.000000,1.500000,0.064184,0.006221,1.503242,0.000000,0.000000,0.000000,0.032077,0.035894,-0.037414,0.997114,0.001161,-0.075843,-0.003165,-0.042208,0.018108,0.000161,-0.040817,-0.110805,-0.005506,24.227869,24.227869,24.234049,0.514654,3.566660,-0.221448,-0.418289,0.977860
22.350000,1,0,0,2.400000,9.810000,0.900000,30.000000,60.000000,6.000000,0.000000,0.000000,1.500000,0.065743,0.007881,1.501351,0.000000,0.000000,0.000000,0.029954,0.029986,-0.038077,0.997149,0.000081,-0.075386,-0.003241,-0.044364,0.017954,0.000304,-0.046327,-0.189171,-0.004819,24.234049,24.234049,24.238176,0.514742,3.532250,-0.461960,-0.426164,0.979258
22.400000,1,0,0,2.400000,9.810000,0.900000,30.000000,60.000000,6.000000,0.000000,0.000000,1.500000,0.067147,0.009169,1.499451,0.000000,0.000000,0.000000,0.025890,0.021048,-0.037747,0.997181,-0.001037,-0.074957,-0.003317,-0.045093,0.015909,0.000445,-0.041620,-0.221203,0.060280,24.238176,24.238176,24.240548,0.514792,3.523338,-0.593058,-0.277085,0.980460
22.450000,1,0,0,2.400000,9.810000,0.900000,30.000000,60.000000,6.000000,0.000000,0.000000,1.500000,0.068305,0.009945,1.497592,0.000000,0.000000,0.000000,0.020187,0.009629,-0.036448,0.997205,-0.002154,-0.074600,-0.003388,-0.044336,0.012116,0.000569,-0.091076,-0.289628,0.062917,24.240548,24.240548,24.241447,0.514812,3.387664,-0.811517,-0.275513,0.981421
22.500000,1,0,0,2.400000,9.810000,0.900000,30.000000,60.000000,6.000000,0.000000,0.000000,1.500000,0.069145,0.010103,1.495821,0.000000,0.000000,0.000000,0.013238,-0.003515,-0.034245,0.997220,-0.003235,-0.074358,-0.003454,-0.042121,0.006817,0.000667,-0.082196,-0.296082,0.071195,24.241447,24.241447,24.241121,0.514805,3.397249,-0.879474,-0.258005,0.982106
22.550000,1,0,0,2.400000,9.810000,0.900000,30.000000,60.000000,6.000000,0.000000,0.000000,1.500000,0.069615,0.009579,1.494181,0.000000,0.000000,0.000000,0.005499,-0.017487,-0.031243,0.997223,-0.004245,-0.074263,-0.003512,-0.038561,0.000341,0.000731,-0.085308,-0.307339,0.057380,24.241121,24.241121,24.239775,0.514776,3.384974,-0.955481,-0.291156,0.982485
22.600000,1,0,0,2.400000,9.810000,0.900000,30.000000,60.000000,6.000000,0.000000,0.000000,1.500000,0.069690,0.008356,1.492708,0.000000,0.000000,0.000000,-0.002529,-0.031315,-0.027578,0.997213,-0.005151,-0.074340,-0.003560,-0.033842,-0.006916,0.000761,-0.148966,-0.276707,0.073014,24.239775,24.239775,24.237562,0.514729,3.235540,-0.925955,-0.251332,0.982540
22.650000,1,0,0,2.400000,9.810000,0.900000,30.000000,60.000000,6.000000,0.000000,0.000000,1.500000,0.069366,0.006466,1.491431,0.000000,0.000000,0.000000,-0.010332,-0.044034,-0.023415,0.997189,-0.005929,-0.074604,-0.003598,-0.028219,-0.014513,0.000765,-0.150414,-0.232990,0.122540,24.237562,24.237562,24.234589,0.514666,3.244267,-0.858771,-0.127959,0.982263
22.700000,1,0,0,2.400000,9.810000,0.900000,30.000000,60.000000,6.000000,0.000000,0.000000,1.500000,0.068669,0.003986,1.490372,0.000000,0.000000,0.000000,-0.017409,-0.054762,-0.018939,0.997151,-0.006559,-0.075058,-0.003623,-0.021995,-0.021988,0.000752,-0.138418,-0.150635,0.074833,24.234589,24.234589,24.230913,0.514588,3.294269,-0.691685,-0.235846,0.981657
22.750000,1,0,0,2.400000,9.810000,0.900000,30.000000,60.000000,6.000000,0.000000,0.000000,1.500000,0.067645,0.001035,1.489540,0.000000,0.000000,0.000000,-0.023297,-0.062769,-0.014346,0.997100,-0.007030,-0.075692,-0.003635,-0.015501,-0.028884,0.000736,-0.069930,-0.142695,0.093472,24.230913,24.230913,24.226541,0.514495,3.488448,-0.695492,-0.182536,0.980736
22.800000,1,0,0,2.400000,9.810000,0.900000,30.000000,60.000000,6.000000,0.000000,0.000000,1.500000,0.066366,-0.002236,1.488936,0.000000,0.000000,0.000000,-0.027593,-0.067540,-0.009836,0.997037,-0.007340,-0.076486,-0.003635,-0.009079,-0.034775,0.000732,-0.014738,-0.138445,0.067722,24.226541,24.226541,24.221434,0.514387,3.658354,-0.700327,-0.233938,0.979523
22.850000,1,0,0,2.400000,9.810000,0.900000,30.000000,60.000000,6.000000,0.000000,0.000000,1.500000,0.064918,-0.005660,1.488551,0.000000,0.000000,0.000000,-0.029984,-0.068813,-0.005604,0.996964,-0.007495,-0.077412,-0.003621,-0.003057,-0.039286,0.000753,-0.000038,-0.066085,0.043430,24.221434,24.221434,24.215509,0.514261,3.737263,-0.534152,-0.280183,0.978051
22.900000,1,0,0,2.400000,9.810000,0.900000,30.000000,60.000000,6.000000,0.000000,0.000000,1.500000,0.063403,-0.009060,1.488368,0.000000,0.000000,0.000000,-0.030253,-0.066602,-0.001830,0.996885,-0.007508,-0.078430,-0.003595,0.002267,-0.042121,0.000806,0.031771,0.030891,0.021430,24.215509,24.215509,24.208634,0.514115,3.861549,-0.302010,-0.319435,0.976363
22.950000,1,0,0,2.400000,9.810000,0.900000,30.000000,60.000000,6.000000,0.000000,0.000000,1.500000,0.061929,-0.012267,1.488358,0.000000,0.000000,0.000000,-0.028300,-0.061190,0.001327,0.996801,-0.007400,-0.079496,-0.003556,0.006650,-0.043072,0.000896,0.063999,0.098143,-0.005907,24.208634,24.208634,24.200635,0.513945,3.988979,-0.135305,-0.370183,0.974504
23.000000,1,0,0,2.400000,9.810000,0.900000,30.000000,60.000000,6.000000,0.000000,0.000000,1.500000,0.060609,-0.015134,1.488488,0.000000,0.000000,0.000000,-0.024141,-0.053113,0.003737,0.996718,-0.007197,-0.080561,-0.003508,0.009912,-0.042034,0.001022,0.068151,0.147183,-0.019370,24.200635,24.200635,24.191300,0.513747,4.048789,-0.007652,-0.386488,0.972529
23.050000,1,0,0,2.400000,9.810000,0.900000,30.000000,60.000000,6.000000,0.000000,0.000000,1.500000,0.059550,-0.017546,1.488718,0.000000,0.000000,0.000000,-0.017910,-0.043110,0.005306,0.996637,-0.006928,-0.081575,-0.003451,0.011955,-0.039013,0.001177,0.107949,0.212791,-0.047823,24.191300,24.191300,24.180393,0.513515,4.191478,0.163009,-0.437788,0.970494
23.100000,1,0,0,2.400000,9.810000,0.900000,30.000000,60.000000,6.000000,0.000000,0.000000,1.500000,0.058849,-0.019428,1.489004,0.000000,0.000000,0.000000,-0.009854,-0.032068,0.005979,0.996564,-0.006623,-0.082491,-0.003388,0.012758,-0.034121,0.001354,0.157773,0.212774,-0.035426,24.180393,24.180393,24.167665,0.513245,4.353191,0.177932,-0.390210,0.968455
23.150000,1,0,0,2.400000,9.810000,0.900000,30.000000,60.000000,6.000000,0.000000,0.000000,1.500000,0.058589,-0.020751,1.489300,0.000000,0.000000,0.000000,-0.000315,-0.020942,0.005739,0.996502,-0.006313,-0.083263,-0.003321,0.012387,-0.027574,0.001544,0.198942,0.197261,-0.082540,24.167665,24.167665,24.152875,0.512931,4.486937,0.155968,-0.484735,0.966467
23.200000,1,0,0,2.400000,9.810000,0.900000,30.000000,60.000000,6.000000,0.000000,0.000000,1.500000,0.058835,-0.021536,1.489563,0.000000,0.000000,0.000000,0.010280,-0.010686,0.004614,0.996454,-0.006026,-0.083855,-0.003251,0.010986,-0.019678,0.001740,0.203051,0.166987,-0.050044,24.152875,24.152875,24.135815,0.512568,4.522701,0.097553,-0.387554,0.964585
23.250000,1,0,0,2.400000,9.810000,0.900000,30.000000,60.000000,6.000000,0.000000,0.000000,1.500000,0.059627,-0.021849,1.489748,0.000000,0.000000,0.000000,0.021450,-0.002168,0.002673,0.996424,-0.005783,-0.084237,-0.003182,0.008767,-0.010815,0.001934,0.206206,0.127227,-0.026409,24.135815,24.135815,24.116335,0.512155,4.545727,0.014233,-0.311053,0.962855
23.300000,1,0,0,2.400000,9.810000,0.900000,30.000000,60.000000,6.000000,0.000000,0.000000,1.500000,0.060981,-0.021794,1.489818,0.000000,0.000000,0.000000,0.032676,0.003894,0.000021,0.996412,-0.005603,-0.084390,-0.003115,0.005994,-0.001418,0.002124,0.188760,0.074165,-0.092409,24.116335,24.116335,24.094357,0.511688,4.507954,-0.103982,-0.449100,0.961318
23.350000,1,0,0,2.400000,9.810000,0.900000,30.000000,60.000000,6.000000,0.000000,0.000000,1.500000,0.062887,-0.021509,1.489741,0.000000,0.000000,0.000000,0.043436,0.006999,-0.003205,0.996420,-0.005496,-0.084308,-0.003051,0.002968,0.008050,0.002308,0.153721,-0.015890,-0.082690,24.094357,24.094357,24.069898,0.511168,4.416249,-0.314429,-0.404844,0.960009
23.400000,1,0,0,2.400000,9.810000,0.900000,30.000000,60.000000,6.000000,0.000000,0.000000,1.500000,0.065308,-0.021148,1.489491,0.000000,0.000000,0.000000,0.053225,0.006893,-0.006838,0.996447,-0.005464,-0.083992,-0.002990,0.000005,0.017122,0.002485,0.115036,-0.084708,-0.062049,24.069898,24.069898,24.043074,0.510599,4.304313,-0.477467,-0.333765,0.958950
23.450000,1,0,0,2.400000,9.810000,0.900000,30.000000,60.000000,6.000000,0.000000,0.000000,1.500000,0.068185,-0.020873,1.489053,0.000000,0.000000,0.000000,0.061588,0.003599,-0.010696,0.996492,-0.005501,-0.083461,-0.002932,-0.002583,0.025352,0.002654,0.068535,-0.113661,-0.039501,24.043074,24.043074,24.014094,0.509983,4.162936,-0.548124,-0.257468,0.958155
23.500000,1,0,0,2.400000,9.810000,0.900000,30.000000,60.000000,6.000000,0.000000,0.000000,1.500000,0.071437,-0.020837,1.488421,0.000000,0.000000,0.000000,0.068137,-0.002590,-0.014580,0.996551,-0.005594,-0.082739,-0.002875,-0.004514,0.032342,0.002813,0.026025,-0.171416,-0.041616,24.014094,24.014094,23.983258,0.509328,4.021766,-0.690574,-0.239684,0.957628
23.550000,1,0,0,2.400000,9.810000,0.900000,30.000000,60.000000,6.000000,0.000000,0.000000,1.500000,0.074964,-0.021171,1.487598,0.000000,0.000000,0.000000,0.072578,-0.011132,-0.018295,0.996623,-0.005725,-0.081861,-0.002819,-0.005548,0.037761,0.002959,-0.005756,-0.212204,0.000610,23.983258,23.983258,23.950930,0.508642,3.898736,-0.794039,-0.114787,0.957359
23.600000,1,0,0,2.400000,9.810000,0.900000,30.000000,60.000000,6.000000,0.000000,0.000000,1.500000,0.078656,-0.021977,1.486597,0.000000,0.000000,0.000000,0.074719,-0.021285,-0.021647,0.996704,-0.005868,-0.080870,-0.002761,-0.005509,0.041364,0.003086,-0.051918,-0.225531,-0.007019,23.950930,23.950930,23.917523,0.507932,3.735691,-0.832153,-0.108848,0.957332
23.650000,1,0,0,2.400000,9.810000,0.900000,30.000000,60.000000,6.000000,0.000000,0.000000,1.500000,0.082396,-0.023312,1.485442,0.000000,0.000000,0.000000,0.074487,-0.032160,-0.024460,0.996788,-0.005997,-0.079814,-0.002699,-0.004297,0.043007,0.003189,-0.134990,-0.245117,0.012443,23.917523,23.917523,23.883468,0.507209,3.480901,-0.884510,-0.037216,0.957519
23.700000,1,0,0,2.400000,9.810000,0.900000,30.000000,60.000000,6.000000,0.000000,0.000000,1.500000,0.086066,-0.025189,1.484163,0.000000,0.000000,0.000000,0.071927,-0.042802,-0.026580,0.996873,-0.006080,-0.078742,-0.002631,-0.001889,0.042651,0.003264,-0.152271,-0.245151,-0.009817,23.883468,23.883468,23.849197,0.506481,3.383289,-0.887756,-0.065095,0.957883
23.750000,1,0,0,2.400000,9.810000,0.900000,30.000000,60.000000,6.000000,0.000000,0.000000,1.500000,0.089553,-0.027572,1.482798,0.000000,0.000000,0.000000,0.067200,-0.052261,-0.027882,0.996955,-0.006089,-0.077703,-0.002556,0.001652,0.040369,0.003306,-0.152352,-0.199440,0.032690,23.849197,23.849197,23.815121,0.505758,3.328639,-0.777658,0.063018,0.958381
23.800000,1,0,0,2.400000,9.810000,0.900000,30.000000,60.000000,6.000000,0.000000,0.000000,1.500000,0.092754,-0.030381,1.481390,0.000000,0.000000,0.000000,0.060576,-0.059672,-0.028277,0.997030,-0.005997,-0.076744,-0.002472,0.006183,0.036337,0.003318,-0.160891,-0.148073,0.020759,23.815121,23.815121,23.781614,0.505046,3.257613,-0.649187,0.060935,0.958964
23.850000,1,0,0,2.400000,9.810000,0.900000,30.000000,60.000000,6.000000,0.000000,0.000000,1.500000,0.095585,-0.033493,1.479986,0.000000,0.000000,0.000000,0.052419,-0.064326,-0.027714,0.997096,-0.005782,-0.075904,-0.002377,0.011490,0.030828,0.003304,-0.138218,-0.109536,0.018185,23.781614,23.781614,23.749010,0.504354,3.267365,-0.545685,0.081651,0.959580
23.900000,1,0,0,2.400000,9.810000,0.900000,30.000000,60.000000,6.000000,0.000000,0.000000,1.500000,0.097978,-0.036759,1.478635,0.000000,0.000000,0.000000,0.043170,-0.065729,-0.026184,0.997150,-0.005429,-0.075216,-0.002272,0.017301,0.024194,0.003274,-0.161305,-0.055756,0.007719,23.749010,23.749010,23.717593,0.503687,3.174731,-0.399043,0.083637,0.960173
23.950000,1,0,0,2.400000,9.810000,0.900000,30.000000,60.000000,6.000000,0.000000,0.000000,1.500000,0.099892,-0.040008,1.477383,0.000000,0.000000,0.000000,0.033318,-0.063641,-0.023723,0.997191,-0.004928,-0.074705,-0.002155,0.023301,0.016849,0.003238,-0.188445,0.008798,0.008773,23.717593,23.717593,23.687598,0.503050,3.080896,-0.219605,0.113340,0.960691
24.000000,1,0,0,2.400000,9.810000,0.900000,30.000000,60.000000,6.000000,0.000000,0.000000,1.500000,0.101309,-0.043065,1.476277,0.000000,0.000000,0.000000,0.023383,-0.058095,-0.020402,0.997219,-0.004278,-0.074380,-0.002028,0.029157,0.009242,0.003209,-0.171792,0.097382,0.072886,23.687598,23.687598,23.659209,0.502447,3.101264,0.024450,0.294294,0.961081
24.050000,1,0,0,2.400000,9.810000,0.900000,30.000000,60.000000,6.000000,0.000000,0.000000,1.500000,0.102237,-0.045765,1.475356,0.000000,0.000000,0.000000,0.013879,-0.049399,-0.016334,0.997232,-0.003489,-0.074244,-0.001889,0.034532,0.001837,0.003198,-0.170521,0.116671,0.098859,23.659209,23.659209,23.632557,0.501881,3.093835,0.108749,0.383459,0.961295
24.100000,1,0,0,2.400000,9.810000,0.900000,30.000000,60.000000,6.000000,0.000000,0.000000,1.500000,0.102712,-0.047962,1.474653,0.000000,0.000000,0.000000,0.005296,-0.038108,-0.011663,0.997232,-0.002575,-0.074286,-0.001741,0.039113,-0.004916,0.003212,-0.147967,0.179125,0.098175,23.632557,23.632557,23.607720,0.501353,3.146078,0.302428,0.408203,0.961294
24.150000,1,0,0,2.400000,9.810000,0.900000,30.000000,60.000000,6.000000,0.000000,0.000000,1.500000,0.102789,-0.049545,1.474197,0.000000,0.000000,0.000000,-0.001931,-0.024980,-0.006558,0.997220,-0.001560,-0.074483,-0.001584,0.042627,-0.010606,0.003253,-0.149754,0.247215,0.092628,23.607720,23.607720,23.584717,0.500865,3.147466,0.514310,0.420642,0.961042
24.200000,1,0,0,2.400000,9.810000,0.900000,30.000000,60.000000,6.000000,0.000000,0.000000,1.500000,0.102547,-0.050444,1.474002,0.000000,0.000000,0.000000,-0.007443,-0.010917,-0.001210,0.997197,-0.000473,-0.074806,-0.001420,0.044859,-0.014882,0.003318,-0.142983,0.253919,0.048477,23.584717,23.584717,23.563509,0.500414,3.175474,0.582149,0.339595,0.960515
24.250000,1,0,0,2.400000,9.810000,0.900000,30.000000,60.000000,6.000000,0.000000,0.000000,1.500000,0.102078,-0.050637,1.474076,0.000000,0.000000,0.000000,-0.010976,0.003107,0.004181,0.997166,0.000652,-0.075215,-0.001251,0.045667,-0.017473,0.003398,-0.053101,0.276008,0.053075,23.563509,23.563509,23.543996,0.500000,3.407190,0.688609,0.374500,0.959698
24.300000,1,0,0,2.400000,9.810000,0.900000,30.000000,60.000000,6.000000,0.000000,0.000000,1.500000,0.101485,-0.050150,1.474417,0.000000,0.000000,0.000000,-0.012375,0.016128,0.009415,0.997131,0.001778,-0.075665,-0.001080,0.044989,-0.018205,0.003479,-0.038396,0.280632,0.043020,23.543996,23.543996,23.526024,0.499618,3.460614,0.753138,0.372987,0.958587
24.350000,1,0,0,2.400000,9.810000,0.900000,30.000000,60.000000,6.000000,0.000000,0.000000,1.500000,0.100877,-0.049056,1.475012,0.000000,0.000000,0.000000,-0.011602,0.027265,0.014296,0.997095,0.002868,-0.076109,-0.000910,0.042851,-0.017009,0.003549,0.014728,0.281455,0.069082,23.526024,23.526024,23.509393,0.499265,3.606145,0.806805,0.456711,0.957189
24.400000,1,0,0,2.400000,9.810000,0.900000,30.000000,60.000000,6.000000,0.000000,0.000000,1.500000,0.100360,-0.047467,1.475838,0.000000,0.000000,0.000000,-0.008736,0.035795,0.018645,0.997062,0.003889,-0.076499,-0.000744,0.039360,-0.013924,0.003593,0.053061,0.199167,0.077525,23.509393,23.509393,23.493877,0.498936,3.713819,0.657623,0.496539,0.955520
24.450000,1,0,0,2.400000,9.810000,0.900000,30.000000,60.000000,6.000000,0.000000,0.000000,1.500000,0.100035,-0.045529,1.476865,0.000000,0.000000,0.000000,-0.003972,0.041205,0.022305,0.997035,0.004807,-0.076791,-0.000584,0.034703,-0.009097,0.003603,0.104202,0.078717,0.073488,23.493877,23.493877,23.479239,0.498625,3.847741,0.411999,0.504657,0.953607
24.500000,1,0,0,2.400000,9.810000,0.900000,30.000000,60.000000,6.000000,0.000000,0.000000,1.500000,0.099990,-0.043403,1.478055,0.000000,0.000000,0.000000,0.002392,0.043240,0.025150,0.997020,0.005597,-0.076942,-0.000434,0.029130,-0.002776,0.003574,0.135270,0.023718,0.061785,23.479239,23.479239,23.465260,0.498328,3.927088,0.317392,0.492516,0.951486
24.550000,1,0,0,2.400000,9.810000,0.900000,30.000000,60.000000,6.000000,0.000000,0.000000,1.500000,0.100294,-0.041261,1.479365,0.000000,0.000000,0.000000,0.009969,0.041917,0.027089,0.997018,0.006240,-0.076921,-0.000295,0.022942,0.004710,0.003509,0.144484,-0.077220,0.019867,23.465260,23.465260,23.451767,0.498041,3.946023,0.105575,0.405928,0.949202
24.600000,1,0,0,2.400000,9.810000,0.900000,30.000000,60.000000,6.000000,0.000000,0.000000,1.500000,0.100999,-0.039263,1.480748,0.000000,0.000000,0.000000,0.018304,0.037525,0.028072,0.997031,0.006725,-0.076703,-0.000169,0.016470,0.012961,0.003416,0.162325,-0.110406,-0.003036,23.451767,23.451767,23.438651,0.497763,3.976576,0.048894,0.363015,0.946804
24.650000,1,0,0,2.400000,9.810000,0.900000,30.000000,60.000000,6.000000,0.000000,0.000000,1.500000,0.102129,-0.037551,1.482156,0.000000,0.000000,0.000000,0.026900,0.030601,0.028089,0.997062,0.007048,-0.076273,-0.000057,0.010056,0.021534,0.003307,0.211611,-0.137811,0.007878,23.438651,23.438651,23.425884,0.497492,4.072875,-0.001509,0.399301,0.944346
24.700000,1,0,0,2.400000,9.810000,0.900000,30.000000,60.000000,6.000000,0.000000,0.000000,1.500000,0.103685,-0.036233,1.483541,0.000000,0.000000,0.000000,0.035240,0.021885,0.027172,0.997110,0.007217,-0.075631,0.000042,0.004030,0.029964,0.003196,0.180468,-0.172241,0.001214,23.425884,23.425884,23.413530,0.497229,3.966333,-0.076090,0.391468,0.941886
24.750000,1,0,0,2.400000,9.810000,0.900000,30.000000,60.000000,6.000000,0.000000,0.000000,1.500000,0.105640,-0.035377,1.484859,0.000000,0.000000,0.000000,0.042818,0.012259,0.025394,0.997173,0.007243,-0.074786,0.000129,-0.001311,0.037792,0.003096,0.171180,-0.185785,-0.020002,23.413530,23.413530,23.401743,0.496979,3.902886,-0.107226,0.346821,0.939481
24.800000,1,0,0,2.400000,9.810000,0.900000,30.000000,60.000000,6.000000,0.000000,0.000000,1.500000,0.107946,-0.035006,1.486068,0.000000,0.000000,0.000000,0.049166,0.002675,0.022866,0.997251,0.007147,-0.073757,0.000206,-0.005719,0.044588,0.003019,0.109442,-0.200237,-0.032628,23.401743,23.401743,23.390753,0.496746,3.705179,-0.146260,0.320956,0.937188
24.850000,1,0,0,2.400000,9.810000,0.900000,30.000000,60.000000,6.000000,0.000000,0.000000,1.500000,0.110530,-0.035093,1.487135,0.000000,0.000000,0.000000,0.053874,-0.005924,0.019728,0.997339,0.006955,-0.072575,0.000275,-0.009015,0.049977,0.002971,0.025948,-0.201167,-0.055274,23.390753,23.390753,23.380846,0.496535,3.448332,-0.157349,0.269259,0.935058
24.900000,1,0,0,2.400000,9.810000,0.900000,30.000000,60.000000,6.000000,0.000000,0.000000,1.500000,0.113301,-0.035568,1.488033,0.000000,0.000000,0.000000,0.056616,-0.012680,0.016150,0.997434,0.006696,-0.071280,0.000339,-0.011093,0.053659,0.002956,0.014067,-0.137921,-0.036436,23.380846,23.380846,23.372346,0.496355,3.358275,-0.017547,0.315392,0.933138
24.950000,1,0,0,2.400000,9.810000,0.900000,30.000000,60.000000,6.000000,0.000000,0.000000,1.500000,0.116155,-0.036319,1.488746,0.000000,0.000000,0.000000,0.057168,-0.016891,0.012317,0.997532,0.006401,-0.069916,0.000402,-0.011933,0.055424,0.002970,-0.021670,-0.080798,-0.001648,23.372346,23.372346,23.365580,0.496211,3.208025,0.105873,0.398116,0.931470
25.000000,1,0,0,2.400000,9.810000,0.900000,30.000000,60.000000,6.000000,0.000000,0.000000,1.500000,0.118979,-0.037206,1.489264,0.000000,0.000000,0.000000,0.055416,-0.018069,0.008427,0.997630,0.006100,-0.068534,0.000464,-0.011596,0.055166,0.003009,-0.059699,-0.034709,0.011534,23.365580,23.365580,23.360859,0.496111,3.051658,0.202548,0.427331,0.930083
25.050000,1,0,0,2.400000,9.810000,0.900000,30.000000,60.000000,6.000000,0.000000,0.000000,1.500000,0.121658,-0.038071,1.489591,0.000000,0.000000,0.000000,0.051365,-0.015982,0.004676,0.997724,0.005820,-0.067183,0.000529,-0.010223,0.052886,0.003066,-0.145040,0.006179,0.037347,23.360859,23.360859,23.358456,0.496060,2.783501,0.287775,0.485234,0.929000
25.100000,1,0,0,2.400000,9.810000,0.900000,30.000000,60.000000,6.000000,0.000000,0.000000,1.500000,0.124079,-0.038750,1.489737,0.000000,0.000000,0.000000,0.045140,-0.010668,0.001256,0.997810,0.005585,-0.065912,0.000599,-0.008023,0.048697,0.003133,-0.142692,0.101988,0.065255,23.358456,23.358456,23.358587,0.496062,2.729865,0.506944,0.546573,0.928232
25.150000,1,0,0,2.400000,9.810000,0.900000,30.000000,60.000000,6.000000,0.000000,0.000000,1.500000,0.126139,-0.039089,1.489725,0.000000,0.000000,0.000000,0.036975,-0.002439,-0.001659,0.997885,0.005412,-0.064768,0.000673,-0.005260,0.042812,0.003207,-0.136398,0.158167,0.048905,23.358587,23.358587,23.361409,0.496122,2.691871,0.633950,0.500129,0.927780
25.200000,1,0,0,2.400000,9.810000,0.900000,30.000000,60.000000,6.000000,0.000000,0.000000,1.500000,0.127750,-0.038955,1.489582,0.000000,0.000000,0.000000,0.027208,0.008148,-0.003918,0.997949,0.005313,-0.063789,0.000753,-0.002232,0.035536,0.003282,-0.192421,0.217649,0.063118,23.361409,23.361409,23.367008,0.496241,2.512292,0.772318,0.525511,0.927634
25.250000,1,0,0,2.400000,9.810000,0.900000,30.000000,60.000000,6.000000,0.000000,0.000000,1.500000,0.128841,-0.038248,1.489346,0.000000,0.000000,0.000000,0.016258,0.020333,-0.005402,0.997999,0.005289,-0.063005,0.000839,0.000743,0.027247,0.003358,-0.254483,0.276679,0.040766,23.367008,23.367008,23.375408,0.496420,2.327599,0.913166,0.461651,0.927774
25.300000,1,0,0,2.400000,9.810000,0.900000,30.000000,60.000000,6.000000,0.000000,0.000000,1.500000,0.129364,-0.036910,1.489057,0.000000,0.000000,0.000000,0.004603,0.033217,-0.006026,0.998034,0.005335,-0.062435,0.000930,0.003355,0.018378,0.003432,-0.220294,0.324128,0.030509,23.375408,23.375408,23.386569,0.496657,2.384214,1.029548,0.425385,0.928169
25.350000,1,0,0,2.400000,9.810000,0.900000,30.000000,60.000000,6.000000,0.000000,0.000000,1.500000,0.129298,-0.034930,1.488758,0.000000,0.000000,0.000000,-0.007238,0.045831,-0.005744,0.998055,0.005439,-0.062089,0.001026,0.005319,0.009390,0.003506,-0.192040,0.315803,0.064384,23.386569,23.386569,23.400392,0.496950,2.437303,1.014816,0.493651,0.928783
25.400000,1,0,0,2.400000,9.810000,0.900000,30.000000,60.000000,6.000000,0.000000,0.000000,1.500000,0.128646,-0.032347,1.488497,0.000000,0.000000,0.000000,-0.018740,0.057220,-0.004554,0.998062,0.005582,-0.061964,0.001124,0.006394,0.000749,0.003576,-0.166956,0.237606,0.055918,23.400392,23.400392,23.416725,0.497297,2.493368,0.834235,0.458964,0.929569
25.450000,1,0,0,2.400000,9.810000,0.900000,30.000000,60.000000,6.000000,0.000000,0.000000,1.500000,0.127438,-0.029243,1.488318,0.000000,0.000000,0.000000,-0.029394,0.066511,-0.002493,0.998056,0.005738,-0.062046,0.001223,0.006402,-0.007103,0.003639,-0.158032,0.202743,0.080041,23.416725,23.416725,23.435368,0.497693,2.520570,0.758355,0.501210,0.930478
25.500000,1,0,0,2.400000,9.810000,0.900000,30.000000,60.000000,6.000000,0.000000,0.000000,1.500000,0.125728,-0.025743,1.488261,0.000000,0.000000,0.000000,-0.038736,0.072995,0.000360,0.998039,0.005881,-0.062309,0.001323,0.005238,-0.013766,0.003689,-0.138400,0.119452,0.104922,23.435368,23.435368,23.456075,0.498133,2.582239,0.565633,0.544039,0.931455
25.550000,1,0,0,2.400000,9.810000,0.900000,30.000000,60.000000,6.000000,0.000000,0.000000,1.500000,0.123593,-0.021999,1.488365,0.000000,0.000000,0.000000,-0.046369,0.076175,0.003889,0.998012,0.005979,-0.062721,0.001419,0.002878,-0.018912,0.003720,-0.124553,0.071348,0.122398,23.456075,23.456075,23.478558,0.498610,2.637202,0.455341,0.567907,0.932446
25.600000,1,0,0,2.400000,9.810000,0.900000,30.000000,60.000000,6.000000,0.000000,0.000000,1.500000,0.121125,-0.018185,1.488659,0.000000,0.000000,0.000000,-0.051985,0.075810,0.007949,0.997979,0.006004,-0.063239,0.001511,-0.000619,-0.022297,0.003726,-0.046048,0.011672,0.138337,23.478558,23.478558,23.502499,0.499119,2.852599,0.313877,0.586935,0.933396
25.650000,1,0,0,2.400000,9.810000,0.900000,30.000000,60.000000,6.000000,0.000000,0.000000,1.500000,0.118431,-0.014477,1.489166,0.000000,0.000000,0.000000,-0.055380,0.071934,0.012366,0.997943,0.005930,-0.063819,0.001596,-0.005113,-0.023776,0.003702,0.006148,-0.051842,0.145093,23.502499,23.502499,23.527556,0.499651,3.007946,0.158520,0.582822,0.934254
25.700000,1,0,0,2.400000,9.810000,0.900000,30.000000,60.000000,6.000000,0.000000,0.000000,1.500000,0.115626,-0.011045,1.489898,0.000000,0.000000,0.000000,-0.056465,0.064856,0.016952,0.997906,0.005733,-0.064411,0.001672,-0.010392,-0.023312,0.003646,0.032179,-0.127911,0.131014,23.527556,23.527556,23.553377,0.500199,3.101302,-0.032727,0.527646,0.934971
25.750000,1,0,0,2.400000,9.810000,0.900000,30.000000,60.000000,6.000000,0.000000,0.000000,1.500000,0.112823,-0.008035,1.490860,0.000000,0.000000,0.000000,-0.055270,0.055128,0.021508,0.997871,0.005397,-0.064968,0.001737,-0.016186,-0.020977,0.003562,0.027037,-0.185940,0.095414,23.553377,23.553377,23.579616,0.500756,3.118381,-0.187238,0.419821,0.935508
25.800000,1,0,0,2.400000,9.810000,0.900000,30.000000,60.000000,6.000000,0.000000,0.000000,1.500000,0.110134,-0.005563,1.492045,0.000000,0.000000,0.000000,-0.051942,0.043509,0.025834,0.997842,0.004914,-0.065446,0.001791,-0.022182,-0.016948,0.003457,0.117294,-0.208033,0.052846,23.579616,23.579616,23.605954,0.501316,3.360814,-0.262522,0.294344,0.935832
25.850000,1,0,0,2.400000,9.810000,0.900000,30.000000,60.000000,6.000000,0.000000,0.000000,1.500000,0.107660,-0.003701,1.493437,0.000000,0.000000,0.000000,-0.046738,0.030896,0.029740,0.997822,0.004282,-0.065805,0.001833,-0.028047,-0.011497,0.003341,0.174664,-0.228203,0.074932,23.605954,23.605954,23.632109,0.501871,3.518830,-0.340285,0.323189,0.935919
25.900000,1,0,0,2.400000,9.810000,0.900000,30.000000,60.000000,6.000000,0.000000,0.000000,1.500000,0.105486,-0.002474,1.495009,0.000000,0.000000,0.000000,-0.040009,0.018256,0.033051,0.997811,0.003508,-0.066014,0.001863,-0.033444,-0.004977,0.003228,0.204765,-0.233397,0.044901,23.632109,23.632109,23.657858,0.502418,3.604393,-0.388879,0.226205,0.935755
25.950000,1,0,0,2.400000,9.810000,0.900000,30.000000,60.000000,6.000000,0.000000,0.000000,1.500000,0.103677,-0.001860,1.496730,0.000000,0.000000,0.000000,-0.032185,0.006546,0.035618,0.997811,0.002609,-0.066051,0.001883,-0.038059,0.002201,0.003129,0.201403,-0.191416,0.033912,23.657858,23.657858,23.683042,0.502953,3.601564,-0.330315,0.174282,0.935337
26.000000,1,0,0,2.400000,9.810000,0.900000,30.000000,60.000000,6.000000,0.000000,0.000000,1.500000,0.102278,-0.001790,1.498557,0.000000,0.000000,0.000000,-0.023749,-0.003364,0.037322,0.997823,0.001608,-0.065906,0.001894,-0.041617,0.009587,0.003056,0.240561,-0.124881,-0.023804,23.683042,23.683042,23.707574,0.503474,3.692132,-0.217807,0.009693,0.934673
26.050000,1,0,0,2.400000,9.810000,0.900000,30.000000,60.000000,6.000000,0.000000,0.000000,1.500000,0.101304,-0.002154,1.500446,0.000000,0.000000,0.000000,-0.015211,-0.010761,0.038080,0.997845,0.000533,-0.065579,0.001900,-0.043900,0.016717,0.003013,0.213998,-0.023663,0.015081,23.707574,23.707574,23.731435,0.503981,3.616305,-0.025675,0.076550,0.933779
26.100000,1,0,0,2.400000,9.810000,0.900000,30.000000,60.000000,6.000000,0.000000,0.000000,1.500000,0.100750,-0.002815,1.502348,0.000000,0.000000,0.000000,-0.007086,-0.015147,0.037850,0.997878,-0.000582,-0.065082,0.001902,-0.044764,0.023144,0.002999,0.234189,0.040462,-0.016282,23.731435,23.731435,23.754667,0.504474,3.644549,0.075419,-0.025457,0.932685
26.150000,1,0,0,2.400000,9.810000,0.900000,30.000000,60.000000,6.000000,0.000000,0.000000,1.500000,0.100581,-0.003615,1.504214,0.000000,0.000000,0.000000,0.000138,-0.016279,0.036632,0.997918,-0.001700,-0.064438,0.001904,-0.044144,0.028457,0.003008,0.232173,0.107103,-0.046951,23.754667,23.754667,23.777358,0.504956,3.612405,0.182269,-0.125941,0.931426
26.200000,1,0,0,2.400000,9.810000,0.900000,30.000000,60.000000,6.000000,0.000000,0.000000,1.500000,0.100741,-0.004389,1.505996,0.000000,0.000000,0.000000,0.006026,-0.014187,0.034466,0.997965,-0.002785,-0.063679,0.001909,-0.042063,0.032305,0.003028,0.156848,0.212017,-0.046747,23.777358,23.777358,23.799628,0.505429,3.398744,0.382458,-0.152348,0.930045
26.250000,1,0,0,2.400000,9.810000,0.900000,30.000000,60.000000,6.000000,0.000000,0.000000,1.500000,0.101155,-0.004984,1.507647,0.000000,0.000000,0.000000,0.010214,-0.009171,0.031435,0.998014,-0.003800,-0.062844,0.001918,-0.038624,0.034420,0.003043,0.100722,0.257958,-0.047478,23.799628,23.799628,23.821610,0.505896,3.227473,0.444296,-0.180899,0.928594
26.300000,1,0,0,2.400000,9.810000,0.900000,30.000000,60.000000,6.000000,0.000000,0.000000,1.500000,0.101730,-0.005267,1.509127,0.000000,0.000000,0.000000,0.012434,-0.001780,0.027656,0.998064,-0.004715,-0.061980,0.001933,-0.034013,0.034628,0.003039,0.035506,0.260422,-0.058920,23.821610,23.821610,23.843435,0.506359,3.032862,0.406505,-0.234936,0.927124
26.350000,1,0,0,2.400000,9.810000,0.900000,30.000000,60.000000,6.000000,0.000000,0.000000,1.500000,0.102363,-0.005135,1.510402,0.000000,0.000000,0.000000,0.012524,0.007239,0.023279,0.998112,-0.005503,-0.061135,0.001956,-0.028476,0.032862,0.003003,0.008378,0.301280,-0.083752,23.843435,23.843435,23.865219,0.506822,2.930457,0.466858,-0.320766,0.925692
26.400000,1,0,0,2.400000,9.810000,0.900000,30.000000,60.000000,6.000000,0.000000,0.000000,1.500000,0.102946,-0.004530,1.511447,0.000000,0.000000,0.000000,0.010439,0.017001,0.018477,0.998156,-0.006143,-0.060358,0.001987,-0.022314,0.029164,0.002925,-0.034092,0.306210,-0.085019,23.865219,23.865219,23.887054,0.507285,2.794367,0.447938,-0.349577,0.924354
26.450000,1,0,0,2.400000,9.810000,0.900000,30.000000,60.000000,6.000000,0.000000,0.000000,1.500000,0.103371,-0.003439,1.512246,0.000000,0.000000,0.000000,0.006254,0.026551,0.013443,0.998193,-0.006626,-0.059696,0.002025,-0.015857,0.023681,0.002803,-0.057470,0.278145,-0.108247,23.887054,23.887054,23.908998,0.507751,2.709471,0.357363,-0.430502,0.923163
26.500000,1,0,0,2.400000,9.810000,0.900000,30.000000,60.000000,6.000000,0.000000,0.000000,1.500000,0.103539,-0.001895,1.512791,0.000000,0.000000,0.000000,0.000156,0.034947,0.008376,0.998220,-0.006946,-0.059190,0.002071,-0.009447,0.016661,0.002640,-0.154787,0.243157,-0.083472,23.908998,23.908998,23.931081,0.508220,2.454494,0.257887,-0.395498,0.922168
26.550000,1,0,0,2.400000,9.810000,0.900000,30.000000,60.000000,6.000000,0.000000,0.000000,1.500000,0.103360,0.000022,1.513086,0.000000,0.000000,0.000000,-0.007560,0.041337,0.003478,0.998238,-0.007110,-0.058874,0.002123,-0.003414,0.008437,0.002446,-0.140382,0.193628,-0.137785,23.931081,23.931081,23.953294,0.508692,2.476691,0.130998,-0.549445,0.921415
26.600000,1,0,0,2.400000,9.810000,0.900000,30.000000,60.000000,6.000000,0.000000,0.000000,1.500000,0.102762,0.002194,1.513145,0.000000,0.000000,0.000000,-0.016512,0.045026,-0.001062,0.998243,-0.007130,-0.058775,0.002180,0.001943,-0.000589,0.002233,-0.142635,0.153348,-0.117472,23.953294,23.953294,23.975597,0.509166,2.469173,0.033194,-0.523299,0.920938
26.650000,1,0,0,2.400000,9.810000,0.900000,30.000000,60.000000,6.000000,0.000000,0.000000,1.500000,0.101696,0.004472,1.512989,0.000000,0.000000,0.000000,-0.026244,0.045537,-0.005068,0.998236,-0.007027,-0.058906,0.002240,0.006375,-0.009974,0.002014,-0.164548,0.100065,-0.163489,23.975597,23.975597,23.997917,0.509640,2.425458,-0.089875,-0.655219,0.920765
26.700000,1,0,0,2.400000,9.810000,0.900000,30.000000,60.000000,6.000000,0.000000,0.000000,1.500000,0.100133,0.006691,1.512650,0.000000,0.000000,0.000000,-0.036257,0.042648,-0.008390,0.998216,-0.006826,-0.059270,0.002302,0.009698,-0.019249,0.001802,-0.168520,0.039736,-0.117355,23.997917,23.997917,24.020144,0.510112,2.435957,-0.225119,-0.564725,0.920915
26.750000,1,0,0,2.400000,9.810000,0.900000,30.000000,60.000000,6.000000,0.000000,0.000000,1.500000,0.098074,0.008681,1.512164,0.000000,0.000000,0.000000,-0.046032,0.036410,-0.010912,0.998182,-0.006556,-0.059860,0.002365,0.011806,-0.027954,0.001607,-0.145171,-0.049782,-0.113843,24.020144,24.020144,24.042131,0.510579,2.522800,-0.427068,-0.575164,0.921394
26.800000,1,0,0,2.400000,9.810000,0.900000,30.000000,60.000000,6.000000,0.000000,0.000000,1.500000,0.095543,0.010281,1.511573,0.000000,0.000000,0.000000,-0.055056,0.027148,-0.012550,0.998136,-0.006249,-0.060655,0.002426,0.012674,-0.035656,0.001436,-0.134758,-0.165585,-0.095968,24.042131,24.042131,24.063695,0.511037,2.588435,-0.690228,-0.549673,0.922199
26.850000,1,0,0,2.400000,9.810000,0.900000,30.000000,60.000000,6.000000,0.000000,0.000000,1.500000,0.092589,0.011354,1.510924,0.000000,0.000000,0.000000,-0.062850,0.015431,-0.013263,0.998079,-0.005934,-0.061626,0.002485,0.012361,-0.041977,0.001290,-0.139447,-0.215306,-0.061445,24.063695,24.063695,24.084611,0.511481,2.626236,-0.794384,-0.482692,0.923316
26.900000,1,0,0,2.400000,9.810000,0.900000,30.000000,60.000000,6.000000,0.000000,0.000000,1.500000,0.089285,0.011796,1.510262,0.000000,0.000000,0.000000,-0.068995,0.002029,-0.013052,0.998011,-0.005639,-0.062734,0.002541,0.011005,-0.046614,0.001168,-0.129348,-0.272424,-0.061614,24.084611,24.084611,24.104617,0.511906,2.706096,-0.917240,-0.497380,0.924720
26.950000,1,0,0,2.400000,9.810000,0.900000,30.000000,60.000000,6.000000,0.000000,0.000000,1.500000,0.085723,0.011544,1.509634,0.000000,0.000000,0.000000,-0.073152,-0.012150,-0.011957,0.997936,-0.005389,-0.063935,0.002591,0.008813,-0.049354,0.001066,-0.104550,-0.331408,-0.006396,24.104617,24.104617,24.123413,0.512305,2.825627,-1.046669,-0.377505,0.926378
27.000000,1,0,0,2.400000,9.810000,0.900000,30.000000,60.000000,6.000000,0.000000,0.000000,1.500000,0.082007,0.010584,1.509080,0.000000,0.000000,0.000000,-0.075081,-0.026129,-0.010060,0.997857,-0.005201,-0.065179,0.002635,0.006047,-0.050089,0.000982,-0.015231,-0.327015,0.047341,24.123413,24.123413,24.140677,0.512672,3.102026,-1.026962,-0.259526,0.928248
27.050000,1,0,0,2.400000,9.810000,0.900000,30.000000,60.000000,6.000000,0.000000,0.000000,1.500000,0.078254,0.008951,1.508639,0.000000,0.000000,0.000000,-0.074656,-0.038948,-0.007479,0.997775,-0.005086,-0.066416,0.002673,0.003006,-0.048817,0.000910,0.065742,-0.342190,0.074629,24.140677,24.140677,24.156072,0.512998,3.357952,-1.057722,-0.203345,0.930281
27.100000,1,0,0,2.400000,9.810000,0.900000,30.000000,60.000000,6.000000,0.000000,0.000000,1.500000,0.074581,0.006724,1.508341,0.000000,0.000000,0.000000,-0.071866,-0.049733,-0.004362,0.997696,-0.005048,-0.067598,0.002703,0.000006,-0.045647,0.000849,0.117464,-0.269987,0.043971,24.156072,24.156072,24.169263,0.513279,3.540830,-0.882441,-0.284552,0.932424
27.150000,1,0,0,2.400000,9.810000,0.900000,30.000000,60.000000,6.000000,0.000000,0.000000,1.500000,0.071105,0.004023,1.508209,0.000000,0.000000,0.000000,-0.066820,-0.057771,-0.000882,0.997622,-0.005080,-0.068679,0.002727,-0.002642,-0.040789,0.000799,0.127663,-0.156122,0.009377,24.169263,24.169263,24.179939,0.513505,3.618992,-0.610615,-0.373510,0.934622
27.200000,1,0,0,2.400000,9.810000,0.900000,30.000000,60.000000,6.000000,0.000000,0.000000,1.500000,0.067933,0.001001,1.508256,0.000000,0.000000,0.000000,-0.059741,-0.062567,0.002773,0.997556,-0.005171,-0.069621,0.002744,-0.004651,-0.034546,0.000760,0.167763,-0.083505,0.014295,24.179939,24.179939,24.187831,0.513673,3.761942,-0.440643,-0.365935,0.936816
27.250000,1,0,0,2.400000,9.810000,0.900000,30.000000,60.000000,6.000000,0.000000,0.000000,1.500000,0.065159,-0.002175,1.508486,0.000000,0.000000,0.000000,-0.050953,-0.063879,0.006405,0.997501,-0.005303,-0.070394,0.002758,-0.005779,-0.027292,0.000731,0.222749,0.018271,0.004640,24.187831,24.187831,24.192735,0.513777,3.932142,-0.202633,-0.391621,0.938952
27.300000,1,0,0,2.400000,9.810000,0.900000,30.000000,60.000000,6.000000,0.000000,0.000000,1.500000,0.062860,-0.005330,1.508893,0.000000,0.000000,0.000000,-0.040865,-0.061744,0.009818,0.997459,-0.005450,-0.070978,0.002769,-0.005845,-0.019458,0.000712,0.222932,0.087854,0.009292,24.192735,24.192735,24.194522,0.513815,3.961332,-0.042650,-0.381240,0.940975
27.350000,1,0,0,2.400000,9.810000,0.900000,30.000000,60.000000,6.000000,0.000000,0.000000,1.500000,0.061087,-0.008297,1.509461,0.000000,0.000000,0.000000,-0.029951,-0.056468,0.012826,0.997431,-0.005584,-0.071364,0.002779,-0.004741,-0.011501,0.000698,0.199141,0.157732,-0.022878,24.194522,24.194522,24.193156,0.513786,3.923042,0.118635,-0.457485,0.942838
27.400000,1,0,0,2.400000,9.810000,0.900000,30.000000,60.000000,6.000000,0.000000,0.000000,1.500000,0.059870,-0.010933,1.510166,0.000000,0.000000,0.000000,-0.018722,-0.048604,0.015259,0.997417,-0.005677,-0.071555,0.002790,-0.002440,-0.003883,0.000684,0.202269,0.202517,-0.063582,24.193156,24.193156,24.188698,0.513691,3.939527,0.221729,-0.552452,0.944501
27.450000,1,0,0,2.400000,9.810000,0.900000,30.000000,60.000000,6.000000,0.000000,0.000000,1.500000,0.059211,-0.013127,1.510975,0.000000,0.000000,0.000000,-0.007702,-0.038905,0.016973,0.997416,-0.005698,-0.071564,0.002806,0.001001,0.002953,0.000663,0.160422,0.231815,-0.027298,24.188698,24.188698,24.181301,0.513534,3.838922,0.291117,-0.460881,0.945929
27.500000,1,0,0,2.400000,9.810000,0.900000,30.000000,60.000000,6.000000,0.000000,0.000000,1.500000,0.059087,-0.014808,1.511849,0.000000,0.000000,0.000000,0.002598,-0.028263,0.017858,0.997427,-0.005621,-0.071417,0.002827,0.005446,0.008613,0.000626,0.144605,0.260734,-0.046065,24.181301,24.181301,24.171209,0.513320,3.792831,0.364364,-0.499663,0.947100
27.550000,1,0,0,2.400000,9.810000,0.900000,30.000000,60.000000,6.000000,0.000000,0.000000,1.500000,0.059451,-0.015953,1.512745,0.000000,0.000000,0.000000,0.011710,-0.017638,0.017838,0.997447,-0.005423,-0.071146,0.002854,0.010684,0.012771,0.000567,0.087923,0.234879,-0.089599,24.171209,24.171209,24.158738,0.513055,3.642354,0.312015,-0.596127,0.947999
27.600000,1,0,0,2.400000,9.810000,0.900000,30.000000,60.000000,6.000000,0.000000,0.000000,1.500000,0.060232,-0.016588,1.513617,0.000000,0.000000,0.000000,0.019231,-0.007973,0.016878,0.997474,-0.005088,-0.070793,0.002890,0.016448,0.015184,0.000481,0.051456,0.169670,-0.050964,24.158738,24.158738,24.144261,0.512748,3.536086,0.171881,-0.493653,0.948625
27.650000,1,0,0,2.400000,9.810000,0.900000,30.000000,60.000000,6.000000,0.000000,0.000000,1.500000,0.061342,-0.016781,1.514418,0.000000,0.000000,0.000000,0.024846,-0.000127,0.014987,0.997504,-0.004605,-0.070402,0.002933,0.022425,0.015711,0.000367,0.016689,0.070406,-0.074331,24.144261,24.144261,24.128186,0.512406,3.431827,-0.042879,-0.538293,0.948985
27.700000,1,0,0,2.400000,9.810000,0.900000,30.000000,60.000000,6.000000,0.000000,0.000000,1.500000,0.062681,-0.016642,1.515101,0.000000,0.000000,0.000000,0.028339,0.005205,0.012211,0.997533,-0.003974,-0.070022,0.002983,0.028282,0.014317,0.000232,-0.033120,0.053635,-0.083114,24.128186,24.128186,24.110937,0.512040,3.291741,-0.052491,-0.546296,0.949097
27.750000,1,0,0,2.400000,9.810000,0.900000,30.000000,60.000000,6.000000,0.000000,0.000000,1.500000,0.064139,-0.016311,1.515626,0.000000,0.000000,0.000000,0.029612,0.007540,0.008641,0.997558,-0.003201,-0.069699,0.003040,0.033682,0.011076,0.000083,-0.069222,0.004474,-0.094784,24.110937,24.110937,24.092924,0.511657,3.187147,-0.133040,-0.559664,0.948989
27.800000,1,0,0,2.400000,9.810000,0.900000,30.000000,60.000000,6.000000,0.000000,0.000000,1.500000,0.065605,-0.015942,1.515954,0.000000,0.000000,0.000000,0.028682,0.006655,0.004399,0.997576,-0.002302,-0.069478,0.003102,0.038310,0.006169,-0.000066,-0.148067,-0.070047,-0.115934,24.092924,24.092924,24.074533,0.511267,2.984724,-0.268397,-0.594308,0.948697
27.850000,1,0,0,2.400000,9.810000,0.900000,30.000000,60.000000,6.000000,0.000000,0.000000,1.500000,0.066973,-0.015698,1.516057,0.000000,0.000000,0.000000,0.025687,0.002597,-0.000359,0.997583,-0.001300,-0.069397,0.003169,0.041888,-0.000131,-0.000202,-0.131542,-0.110993,-0.101129,24.074533,24.074533,24.056102,0.510875,3.017823,-0.318231,-0.541280,0.948265
27.900000,1,0,0,2.400000,9.810000,0.900000,30.000000,60.000000,6.000000,0.000000,0.000000,1.500000,0.068144,-0.015730,1.515912,0.000000,0.000000,0.000000,0.020871,-0.004314,-0.005456,0.997578,-0.000223,-0.069487,0.003237,0.044197,-0.007468,-0.000312,-0.128009,-0.146457,-0.122611,24.056102,24.056102,24.037905,0.510489,3.027867,-0.351371,-0.574061,0.947742
27.950000,1,0,0,2.400000,9.810000,0.900000,30.000000,60.000000,6.000000,0.000000,0.000000,1.500000,0.069035,-0.016168,1.515509,0.000000,0.000000,0.000000,0.014577,-0.013517,-0.010697,0.997557,0.000895,-0.069768,0.003306,0.045089,-0.015429,-0.000388,-0.135337,-0.216338,-0.120787,24.037905,24.037905,24.020149,0.510112,3.020988,-0.465194,-0.549745,0.947180
28.000000,1,0,0,2.400000,9.810000,0.900000,30.000000,60.000000,6.000000,0.000000,0.000000,1.500000,0.069584,-0.017107,1.514844,0.000000,0.000000,0.000000,0.007228,-0.024249,-0.015882,0.997522,0.002018,-0.070250,0.003374,0.044498,-0.023560,-0.000428,-0.214519,-0.225280,-0.132028,24.020149,24.020149,24.002956,0.509747,2.851299,-0.432597,-0.555738,0.946635
28.050000,1,0,0,2.400000,9.810000,0.900000,30.000000,60.000000,6.000000,0.000000,0.000000,1.500000,0.069748,-0.018603,1.513925,0.000000,0.000000,0.000000,-0.000699,-0.035612,-0.020810,0.997470,0.003108,-0.070933,0.003438,0.042441,-0.031397,-0.000434,-0.213054,-0.264860,-0.081275,24.002956,24.002956,23.986371,0.509395,2.884732,-0.475144,-0.412014,0.946158
28.100000,1,0,0,2.400000,9.810000,0.900000,30.000000,60.000000,6.000000,0.000000,0.000000,1.500000,0.069513,-0.020663,1.512770,0.000000,0.000000,0.000000,-0.008696,-0.046644,-0.025291,0.997404,0.004130,-0.071802,0.003497,0.039021,-0.038488,-0.000416,-0.153013,-0.248010,-0.114071,23.986371,23.986371,23.970354,0.509054,3.067695,-0.385569,-0.467996,0.945804
28.150000,1,0,0,2.400000,9.810000,0.900000,30.000000,60.000000,6.000000,0.000000,0.000000,1.500000,0.068886,-0.023246,1.511406,0.000000,0.000000,0.000000,-0.016250,-0.056399,-0.029156,0.997325,0.005052,-0.072836,0.003549,0.034419,-0.044421,-0.000389,-0.169956,-0.188941,-0.097034,23.970354,23.970354,23.954787,0.508724,3.073694,-0.199513,-0.403687,0.945617
28.200000,1,0,0,2.400000,9.810000,0.900000,30.000000,60.000000,6.000000,0.000000,0.000000,1.500000,0.067903,-0.026267,1.509867,0.000000,0.000000,0.000000,-0.022871,-0.064020,-0.032258,0.997235,0.005848,-0.073999,0.003591,0.028881,-0.048843,-0.000370,-0.127410,-0.141229,-0.060038,23.954787,23.954787,23.939483,0.508399,3.228656,-0.046832,-0.290896,0.945640
28.250000,1,0,0,2.400000,9.810000,0.900000,30.000000,60.000000,6.000000,0.000000,0.000000,1.500000,0.066622,-0.029601,1.508195,0.000000,0.000000,0.000000,-0.028120,-0.068814,-0.034485,0.997137,0.006497,-0.075251,0.003622,0.022706,-0.051485,-0.000373,-0.120179,-0.083566,-0.069694,23.939483,23.939483,23.924197,0.508074,3.303063,0.122668,-0.289604,0.945907
28.300000,1,0,0,2.400000,9.810000,0.900000,30.000000,60.000000,6.000000,0.000000,0.000000,1.500000,0.065120,-0.033094,1.506435,0.000000,0.000000,0.000000,-0.031628,-0.070304,-0.035761,0.997035,0.006988,-0.076545,0.003641,0.016223,-0.052172,-0.000412,-0.114576,-0.046937,-0.056235,23.924197,23.924197,23.908640,0.507744,3.375505,0.234054,-0.232473,0.946440
28.350000,1,0,0,2.400000,9.810000,0.900000,30.000000,60.000000,6.000000,0.000000,0.000000,1.500000,0.063493,-0.036573,1.504635,0.000000,0.000000,0.000000,-0.033119,-0.068273,-0.036051,0.996933,0.007317,-0.077832,0.003645,0.009775,-0.050833,-0.000495,-0.063421,0.068425,-0.010910,23.908640,23.908640,23.892501,0.507401,3.556805,0.526592,-0.098597,0.947255
28.400000,1,0,0,2.400000,9.810000,0.900000,30.000000,60.000000,6.000000,0.000000,0.000000,1.500000,0.061845,-0.039863,1.502846,0.000000,0.000000,0.000000,-0.032425,-0.062777,-0.035363,0.996835,0.007489,-0.079061,0.003635,0.003692,-0.047509,-0.000623,-0.002392,0.124020,0.050896,23.892501,23.892501,23.875465,0.507039,3.758909,0.668126,0.075013,0.948357
28.450000,1,0,0,2.400000,9.810000,0.900000,30.000000,60.000000,6.000000,0.000000,0.000000,1.500000,0.060288,-0.042798,1.501114,0.000000,0.000000,0.000000,-0.029492,-0.054144,-0.033744,0.996745,0.007518,-0.080184,0.003611,-0.001723,-0.042347,-0.000791,0.063386,0.182458,0.088271,23.875465,23.875465,23.857241,0.506652,3.967205,0.809533,0.190095,0.949737
28.500000,1,0,0,2.400000,9.810000,0.900000,30.000000,60.000000,6.000000,0.000000,0.000000,1.500000,0.058932,-0.045235,1.499485,0.000000,0.000000,0.000000,-0.024386,-0.042949,-0.031283,0.996667,0.007422,-0.081158,0.003574,-0.006221,-0.035594,-0.000991,0.145677,0.228214,0.076436,23.857241,23.857241,23.837580,0.506235,4.207854,0.914502,0.187110,0.951379
28.550000,1,0,0,2.400000,9.810000,0.900000,30.000000,60.000000,6.000000,0.000000,0.000000,1.500000,0.057882,-0.047063,1.497998,0.000000,0.000000,0.000000,-0.017288,-0.029963,-0.028104,0.996604,0.007227,-0.081948,0.003524,-0.009614,-0.027583,-0.001211,0.168715,0.251521,0.071986,23.837580,23.837580,23.816306,0.505783,4.297297,0.960808,0.201833,0.953255
28.600000,1,0,0,2.400000,9.810000,0.900000,30.000000,60.000000,6.000000,0.000000,0.000000,1.500000,0.057232,-0.048216,1.496685,0.000000,0.000000,0.000000,-0.008487,-0.016097,-0.024360,0.996559,0.006963,-0.082526,0.003465,-0.011793,-0.018712,-0.001438,0.155067,0.249703,0.078502,23.816306,23.816306,23.793327,0.505295,4.288425,0.943419,0.242815,0.955330
28.650000,1,0,0,2.400000,9.810000,0.900000,30.000000,60.000000,6.000000,0.000000,0.000000,1.500000,0.057056,-0.048674,1.495569,0.000000,0.000000,0.000000,0.001638,-0.002324,-0.020228,0.996532,0.006659,-0.082878,0.003398,-0.012730,-0.009427,-0.001660,0.153568,0.260593,0.063038,23.793327,23.793327,23.768656,0.504771,4.297693,0.954611,0.230937,0.957560
28.700000,1,0,0,2.400000,9.810000,0.900000,30.000000,60.000000,6.000000,0.000000,0.000000,1.500000,0.057410,-0.048466,1.494665,0.000000,0.000000,0.000000,0.012635,0.010395,-0.015901,0.996524,0.006347,-0.082998,0.003327,-0.012482,-0.000196,-0.001869,0.158819,0.221646,0.060329,23.768656,23.768656,23.742419,0.504214,4.311952,0.845739,0.249517,0.959893
28.750000,1,0,0,2.400000,9.810000,0.900000,30.000000,60.000000,6.000000,0.000000,0.000000,1.500000,0.058325,-0.047667,1.493978,0.000000,0.000000,0.000000,0.024002,0.021191,-0.011577,0.996535,0.006054,-0.082894,0.003254,-0.011183,0.008519,-0.002059,0.154586,0.169635,0.084059,23.742419,23.742419,23.714852,0.503628,4.292615,0.706397,0.331347,0.962277
28.800000,1,0,0,2.400000,9.810000,0.900000,30.000000,60.000000,6.000000,0.000000,0.000000,1.500000,0.059808,-0.046391,1.493504,0.000000,0.000000,0.000000,0.035217,0.029359,-0.007455,0.996562,0.005804,-0.082583,0.003181,-0.009039,0.016288,-0.002229,0.129902,0.104234,0.077898,23.714852,23.714852,23.686294,0.503022,4.214293,0.536948,0.341166,0.964653
28.850000,1,0,0,2.400000,9.810000,0.900000,30.000000,60.000000,6.000000,0.000000,0.000000,1.500000,0.061836,-0.044783,1.493226,0.000000,0.000000,0.000000,0.045761,0.034409,-0.003719,0.996604,0.005615,-0.082094,0.003111,-0.006310,0.022730,-0.002378,0.133675,0.036069,0.079180,23.686294,23.686294,23.657172,0.502403,4.195778,0.363750,0.368493,0.966965
28.900000,1,0,0,2.400000,9.810000,0.900000,30.000000,60.000000,6.000000,0.000000,0.000000,1.500000,0.064364,-0.043006,1.493123,0.000000,0.000000,0.000000,0.055145,0.036107,-0.000539,0.996656,0.005498,-0.081464,0.003044,-0.003294,0.027542,-0.002508,0.112711,-0.023270,0.087220,23.657172,23.657172,23.627982,0.501784,4.111235,0.215147,0.411581,0.969157
28.950000,1,0,0,2.400000,9.810000,0.900000,30.000000,60.000000,6.000000,0.000000,0.000000,1.500000,0.067324,-0.041228,1.493161,0.000000,0.000000,0.000000,0.062940,0.034496,0.001945,0.996716,0.005457,-0.080736,0.002980,-0.000306,0.030512,-0.002620,0.086915,-0.046389,0.081845,23.627982,23.627982,23.599255,0.501173,4.010575,0.157042,0.421884,0.971176
29.000000,1,0,0,2.400000,9.810000,0.900000,30.000000,60.000000,6.000000,0.000000,0.000000,1.500000,0.070626,-0.039607,1.493304,0.000000,0.000000,0.000000,0.068794,0.029888,0.003624,0.996779,0.005486,-0.079959,0.002920,0.002340,0.031528,-0.002713,0.009315,-0.143355,0.043379,23.599255,23.599255,23.571535,0.500585,3.783383,-0.074938,0.352035,0.972977
29.050000,1,0,0,2.400000,9.810000,0.900000,30.000000,60.000000,6.000000,0.000000,0.000000,1.500000,0.074167,-0.038280,1.493509,0.000000,0.000000,0.000000,0.072451,0.022839,0.004427,0.996841,0.005574,-0.079180,0.002862,0.004357,0.030591,-0.002788,-0.045223,-0.179590,0.034385,23.571535,23.571535,23.545346,0.500029,3.611718,-0.158377,0.352018,0.974518
29.100000,1,0,0,2.400000,9.810000,0.900000,30.000000,60.000000,6.000000,0.000000,0.000000,1.500000,0.077832,-0.037351,1.493731,0.000000,0.000000,0.000000,0.073769,0.014106,0.004322,0.996898,0.005703,-0.078448,0.002806,0.005501,0.027807,-0.002842,-0.079717,-0.222607,-0.004099,23.545346,23.545346,23.521169,0.499515,3.490644,-0.256186,0.280149,0.975771
29.150000,1,0,0,2.400000,9.810000,0.900000,30.000000,60.000000,6.000000,0.000000,0.000000,1.500000,0.081504,-0.036882,1.493926,0.000000,0.000000,0.000000,0.072720,0.004577,0.003320,0.996948,0.005847,-0.077806,0.002750,0.005587,0.023385,-0.002875,-0.124821,-0.217830,-0.006039,23.521169,23.521169,23.499422,0.499053,3.348692,-0.238518,0.294732,0.976713
29.200000,1,0,0,2.400000,9.810000,0.900000,30.000000,60.000000,6.000000,0.000000,0.000000,1.500000,0.085066,-0.036890,1.494049,0.000000,0.000000,0.000000,0.069399,-0.004793,0.001475,0.996987,0.005979,-0.077292,0.002691,0.004505,0.017628,-0.002887,-0.187715,-0.262342,-0.020075,23.499422,23.499422,23.480441,0.498650,3.170417,-0.339672,0.278851,0.977333
29.250000,1,0,0,2.400000,9.810000,0.900000,30.000000,60.000000,6.000000,0.000000,0.000000,1.500000,0.088410,-0.037343,1.494061,0.000000,0.000000,0.000000,0.064013,-0.013065,-0.001124,0.997014,0.006070,-0.076934,0.002628,0.002225,0.010909,-0.002881,-0.203875,-0.201310,0.012544,23.480441,23.480441,23.464474,0.498311,3.112058,-0.189438,0.373349,0.977631
29.300000,1,0,0,2.400000,9.810000,0.900000,30.000000,60.000000,6.000000,0.000000,0.000000,1.500000,0.091438,-0.038164,1.493926,0.000000,0.000000,0.000000,0.056871,-0.019395,-0.004349,0.997028,0.006090,-0.076751,0.002558,-0.001201,0.003656,-0.002863,-0.234217,-0.095976,0.009556,23.464474,23.464474,23.451673,0.498039,3.028311,0.063835,0.380650,0.977619
29.350000,1,0,0,2.400000,9.810000,0.900000,30.000000,60.000000,6.000000,0.000000,0.000000,1.500000,0.094074,-0.039239,1.493618,0.000000,0.000000,0.000000,0.048371,-0.023098,-0.008045,0.997029,0.006012,-0.076752,0.002481,-0.005636,-0.003675,-0.002842,-0.233319,-0.040395,0.017402,23.451673,23.451673,23.442099,0.497836,3.028558,0.193151,0.412086,0.977316
29.400000,1,0,0,2.400000,9.810000,0.900000,30.000000,60.000000,6.000000,0.000000,0.000000,1.500000,0.096260,-0.040423,1.493117,0.000000,0.000000,0.000000,0.038976,-0.023709,-0.012034,0.997017,0.005814,-0.076931,0.002393,-0.010876,-0.010621,-0.002828,-0.281627,0.043650,-0.029394,23.442099,23.442099,23.435722,0.497701,2.919546,0.385165,0.310421,0.976753
29.450000,1,0,0,2.400000,9.810000,0.900000,30.000000,60.000000,6.000000,0.000000,0.000000,1.500000,0.097965,-0.041555,1.492413,0.000000,0.000000,0.000000,0.029191,-0.021019,-0.016123,0.996992,0.005478,-0.077275,0.002295,-0.016652,-0.016744,-0.002830,-0.277355,0.149277,-0.055626,23.435722,23.435722,23.432425,0.497630,2.944850,0.622566,0.256072,0.975968
29.500000,1,0,0,2.400000,9.810000,0.900000,30.000000,60.000000,6.000000,0.000000,0.000000,1.500000,0.099182,-0.042470,1.491506,0.000000,0.000000,0.000000,0.019536,-0.015094,-0.020114,0.996957,0.004995,-0.077757,0.002183,-0.022654,-0.021651,-0.002856,-0.241539,0.140324,-0.045252,23.432425,23.432425,23.432016,0.497622,3.052779,0.578105,0.287493,0.975008
29.550000,1,0,0,2.400000,9.810000,0.900000,30.000000,60.000000,6.000000,0.000000,0.000000,1.500000,0.099929,-0.043016,1.490407,0.000000,0.000000,0.000000,0.010518,-0.006269,-0.023810,0.996915,0.004363,-0.078343,0.002059,-0.028548,-0.025017,-0.002910,-0.177929,0.207652,-0.095697,23.432016,23.432016,23.434231,0.497669,3.232696,0.709765,0.170838,0.973923
29.600000,1,0,0,2.400000,9.810000,0.900000,30.000000,60.000000,6.000000,0.000000,0.000000,1.500000,0.100252,-0.043059,1.489133,0.000000,0.000000,0.000000,0.002606,0.004876,-0.027027,0.996867,0.003590,-0.078992,0.001921,-0.033999,-0.026603,-0.002990,-0.150715,0.278795,-0.057802,23.434231,23.434231,23.438749,0.497765,3.328572,0.843927,0.264092,0.972767
29.650000,1,0,0,2.400000,9.810000,0.900000,30.000000,60.000000,6.000000,0.000000,0.000000,1.500000,0.100215,-0.042502,1.487715,0.000000,0.000000,0.000000,-0.003793,0.017566,-0.029600,0.996817,0.002689,-0.079656,0.001771,-0.038687,-0.026269,-0.003090,-0.112603,0.308721,-0.035245,23.438749,23.438749,23.445197,0.497902,3.451710,0.873205,0.318442,0.971596
29.700000,1,0,0,2.400000,9.810000,0.900000,30.000000,60.000000,6.000000,0.000000,0.000000,1.500000,0.099903,-0.041291,1.486186,0.000000,0.000000,0.000000,-0.008359,0.030889,-0.031393,0.996769,0.001685,-0.080288,0.001610,-0.042335,-0.023983,-0.003197,-0.065361,0.259986,-0.018783,23.445197,23.445197,23.453172,0.498071,3.595556,0.708763,0.356117,0.970463
29.750000,1,0,0,2.400000,9.810000,0.900000,30.000000,60.000000,6.000000,0.000000,0.000000,1.500000,0.099414,-0.039419,1.484590,0.000000,0.000000,0.000000,-0.010870,0.043874,-0.032299,0.996726,0.000605,-0.080839,0.001441,-0.044720,-0.019823,-0.003298,-0.027411,0.247337,0.019382,23.453172,23.453172,23.462255,0.498264,3.713601,0.627335,0.443889,0.969422
29.800000,1,0,0,2.400000,9.810000,0.900000,30.000000,60.000000,6.000000,0.000000,0.000000,1.500000,0.098852,-0.036926,1.482972,0.000000,0.000000,0.000000,-0.011221,0.055566,-0.032253,0.996692,-0.000518,-0.081264,0.001265,-0.045691,-0.013970,-0.003378,0.002577,0.238262,0.017934,23.462255,23.462255,23.472034,0.498472,3.806892,0.552447,0.434685,0.968519
29.850000,1,0,0,2.400000,9.810000,0.900000,30.000000,60.000000,6.000000,0.000000,0.000000,1.500000,0.098327,-0.033898,1.481381,0.000000,0.000000,0.000000,-0.009421,0.065105,-0.031229,0.996669,-0.001646,-0.081526,0.001088,-0.045178,-0.006703,-0.003424,0.028452,0.194748,0.032218,23.472034,23.472034,23.482126,0.498686,3.882783,0.394567,0.461429,0.967795
29.900000,1,0,0,2.400000,9.810000,0.900000,30.000000,60.000000,6.000000,0.000000,0.000000,1.500000,0.097944,-0.030463,1.479865,0.000000,0.000000,0.000000,-0.005599,0.071792,-0.029242,0.996662,-0.002742,-0.081592,0.000912,-0.043196,0.001620,-0.003429,0.088543,0.154268,0.062170,23.482126,23.482126,23.492203,0.498900,4.031755,0.245371,0.524092,0.967284
29.950000,1,0,0,2.400000,9.810000,0.900000,30.000000,60.000000,6.000000,0.000000,0.000000,1.500000,0.097797,-0.026775,1.478472,0.000000,0.000000,0.000000,0.000006,0.075151,-0.026352,0.996671,-0.003773,-0.081442,0.000742,-0.039845,0.010582,-0.003391,0.127824,0.087536,0.074673,23.492203,23.492203,23.502015,0.499108,4.120691,0.036250,0.543323,0.967008
30.000000,1,0,0,2.400000,9.810000,0.900000,30.000000,60.000000,6.000000,0.000000,0.000000,1.500000,0.097969,-0.023007,1.477244,0.000000,0.000000,0.000000,0.007057,0.074962,-0.022653,0.996697,-0.004705,-0.081066,0.000580,-0.035301,0.019728,-0.003316,0.179275,0.008706,0.073456,23.502015,23.502015,23.511408,0.499308,4.228216,-0.197306,0.528213,0.966981
