t,flight_active,online_update_configured,online_update_enabled,mass_kg,gravity_m_s2,anomaly_similarity_threshold,force_clip_norm_n,force_reject_norm_n,residual_consistency_threshold_n,pd_x,pd_y,pd_z,p_x,p_y,p_z,vd_x,vd_y,vd_z,v_x,v_y,v_z,q_w,q_x,q_y,q_z,omega_x,omega_y,omega_z,accel_world_x,accel_world_y,accel_world_z,previous_commanded_thrust_n,residual_model_thrust_n,thrust_n,thrust_norm,residual_x,residual_y,residual_z,max_similarity
0.000000,1,0,0,2.400000,9.810000,0.900000,30.000000,60.000000,6.000000,0.000000,0.000000,1.500000,0.088437,-0.015006,1.512509,0.000000,0.000000,0.000000,-0.009240,-0.003209,-0.013377,0.997355,0.007240,-0.072284,-0.002192,0.027288,-0.046171,0.001657,-0.060866,-0.216068,-0.093267,24.189461,24.189461,24.193202,0.513787,3.342452,-0.176874,-0.613988,0.967363
0.050000,1,0,0,2.400000,9.810000,0.900000,30.000000,60.000000,6.000000,0.000000,0.000000,1.500000,0.087918,-0.015444,1.511719,0.000000,0.000000,0.000000,-0.011131,-0.014618,-0.018174,0.997271,0.007870,-0.073381,-0.002112,0.023447,-0.041414,0.001724,-0.011494,-0.241539,-0.119749,24.193202,24.193202,24.194797,0.513821,3.514148,-0.207438,-0.673058,0.966906
0.100000,1,0,0,2.400000,9.810000,0.900000,30.000000,60.000000,6.000000,0.000000,0.000000,1.500000,0.087366,-0.016491,1.510695,0.000000,0.000000,0.000000,-0.010524,-0.027389,-0.022759,0.997196,0.008390,-0.074340,-0.002037,0.018515,-0.035276,0.001747,0.063345,-0.276216,-0.113662,24.194797,24.194797,24.193876,0.513801,3.740073,-0.265409,-0.652754,0.966681
0.150000,1,0,0,2.400000,9.810000,0.900000,30.000000,60.000000,6.000000,0.000000,0.000000,1.500000,0.086907,-0.018189,1.509450,0.000000,0.000000,0.000000,-0.007456,-0.040478,-0.026945,0.997133,0.008776,-0.075133,-0.001971,0.012694,-0.028114,0.001729,0.061111,-0.268589,-0.100531,24.193876,24.193876,24.190123,0.513722,3.772619,-0.228369,-0.614273,0.966704
0.200000,1,0,0,2.400000,9.810000,0.900000,30.000000,60.000000,6.000000,0.000000,0.000000,1.500000,0.086659,-0.020526,1.508010,0.000000,0.000000,0.000000,-0.002099,-0.052805,-0.030566,0.997085,0.009008,-0.075739,-0.001916,0.006236,-0.020341,0.001682,0.096794,-0.220739,-0.087240,24.190123,24.190123,24.183299,0.513577,3.886733,-0.102251,-0.574045,0.966980
0.250000,1,0,0,2.400000,9.810000,0.900000,30.000000,60.000000,6.000000,0.000000,0.000000,1.500000,0.086730,-0.023439,1.506405,0.000000,0.000000,0.000000,0.005249,-0.063340,-0.033474,0.997054,0.009075,-0.076148,-0.001873,-0.000565,-0.012401,0.001619,0.143294,-0.170454,-0.030340,24.183299,24.183299,24.173269,0.513364,4.016872,0.021656,-0.427680,0.967505
0.300000,1,0,0,2.400000,9.810000,0.900000,30.000000,60.000000,6.000000,0.000000,0.000000,1.500000,0.087210,-0.026815,1.504676,0.000000,0.000000,0.000000,0.014179,-0.071185,-0.035555,0.997038,0.008972,-0.076360,-0.001843,-0.007392,-0.004743,0.001557,0.203424,-0.085904,-0.006793,24.173269,24.173269,24.160015,0.513082,4.169839,0.219523,-0.359778,0.968261
0.350000,1,0,0,2.400000,9.810000,0.900000,30.000000,60.000000,6.000000,0.000000,0.000000,1.500000,0.088166,-0.030501,1.502865,0.000000,0.000000,0.000000,0.024193,-0.075650,-0.036727,0.997038,0.008703,-0.076390,-0.001826,-0.013929,0.002201,0.001511,0.239520,0.028511,-0.024240,24.160015,24.160015,24.143640,0.512734,4.255848,0.480958,-0.388564,0.969224
0.400000,1,0,0,2.400000,9.810000,0.900000,30.000000,60.000000,6.000000,0.000000,0.000000,1.500000,0.089638,-0.034317,1.501019,0.000000,0.000000,0.000000,0.034731,-0.076307,-0.036950,0.997052,0.008277,-0.076259,-0.001820,-0.019874,0.008041,0.001492,0.195242,0.074317,-0.028511,24.143640,24.143640,24.124361,0.512325,4.140800,0.570171,-0.383945,0.970358
0.450000,1,0,0,2.400000,9.810000,0.900000,30.000000,60.000000,6.000000,0.000000,0.000000,1.500000,0.091638,-0.038066,1.499186,0.000000,0.000000,0.000000,0.045201,-0.073026,-0.036220,0.997076,0.007714,-0.076000,-0.001823,-0.024962,0.012452,0.001509,0.211592,0.142690,-0.018068,24.124361,24.124361,24.102500,0.511861,4.164672,0.706880,-0.342170,0.971621
0.500000,1,0,0,2.400000,9.810000,0.900000,30.000000,60.000000,6.000000,0.000000,0.000000,1.500000,0.094147,-0.041556,1.497412,0.000000,0.000000,0.000000,0.055007,-0.065988,-0.034577,0.997108,0.007037,-0.075651,-0.001834,-0.028982,0.015190,0.001563,0.188348,0.181227,-0.004603,24.102500,24.102500,24.078454,0.511350,4.088850,0.766501,-0.291282,0.972965
0.550000,1,0,0,2.400000,9.810000,0.900000,30.000000,60.000000,6.000000,0.000000,0.000000,1.500000,0.097118,-0.044610,1.495742,0.000000,0.000000,0.000000,0.063583,-0.055666,-0.032097,0.997143,0.006275,-0.075256,-0.001849,-0.031784,0.016106,0.001649,0.191772,0.221981,0.007199,24.078454,24.078454,24.052675,0.510803,4.074531,0.827365,-0.242548,0.974336
0.600000,1,0,0,2.400000,9.810000,0.900000,30.000000,60.000000,6.000000,0.000000,0.000000,1.500000,0.100476,-0.047080,1.494215,0.000000,0.000000,0.000000,0.070422,-0.042790,-0.028892,0.997177,0.005458,-0.074861,-0.001865,-0.033296,0.015156,0.001760,0.092930,0.272845,0.028152,24.052675,24.052675,24.025642,0.510229,3.814561,0.909950,-0.170087,0.975680
0.650000,1,0,0,2.400000,9.810000,0.900000,30.000000,60.000000,6.000000,0.000000,0.000000,1.500000,0.104124,-0.048862,1.492863,0.000000,0.000000,0.000000,0.075104,-0.028289,-0.025104,0.997208,0.004620,-0.074512,-0.001881,-0.033519,0.012399,0.001884,0.053250,0.308446,0.084875,24.025642,24.025642,23.997834,0.509638,3.698634,0.954926,-0.010132,0.976940
0.700000,1,0,0,2.400000,9.810000,0.900000,30.000000,60.000000,6.000000,0.000000,0.000000,1.500000,0.107946,-0.049900,1.491711,0.000000,0.000000,0.000000,0.077316,-0.013215,-0.020901,0.997230,0.003791,-0.074254,-0.001893,-0.032534,0.007999,0.002010,0.001946,0.320427,0.090522,23.997834,23.997834,23.969711,0.509041,3.558992,0.943744,0.028737,0.978062
0.750000,1,0,0,2.400000,9.810000,0.900000,30.000000,60.000000,6.000000,0.000000,0.000000,1.500000,0.111811,-0.050192,1.490777,0.000000,0.000000,0.000000,0.076869,0.001342,-0.016465,0.997243,0.003000,-0.074122,-0.001899,-0.030492,0.002213,0.002128,-0.045789,0.299091,0.120908,23.969711,23.969711,23.941697,0.508446,3.433966,0.854498,0.128285,0.978997
0.800000,1,0,0,2.400000,9.810000,0.900000,30.000000,60.000000,6.000000,0.000000,0.000000,1.500000,0.115587,-0.049791,1.490066,0.000000,0.000000,0.000000,0.073711,0.014343,-0.011987,0.997243,0.002270,-0.074149,-0.001899,-0.027604,-0.004623,0.002231,-0.131637,0.283431,0.143069,23.941697,23.941697,23.914168,0.507861,3.225014,0.781904,0.209184,0.979700
0.850000,1,0,0,2.400000,9.810000,0.900000,30.000000,60.000000,6.000000,0.000000,0.000000,1.500000,0.119139,-0.048799,1.489575,0.000000,0.000000,0.000000,0.067925,0.024879,-0.007660,0.997229,0.001620,-0.074356,-0.001890,-0.024127,-0.012112,0.002317,-0.185281,0.221177,0.118722,23.914168,23.914168,23.887442,0.507294,3.101941,0.601365,0.179325,0.980132
0.900000,1,0,0,2.400000,9.810000,0.900000,30.000000,60.000000,6.000000,0.000000,0.000000,1.500000,0.122339,-0.047356,1.489294,0.000000,0.000000,0.000000,0.059729,0.032250,-0.003666,0.997200,0.001060,-0.074753,-0.001874,-0.020348,-0.019819,0.002385,-0.227662,0.154991,0.084514,23.887442,23.887442,23.861780,0.506749,3.015025,0.415792,0.126413,0.980266
0.950000,1,0,0,2.400000,9.810000,0.900000,30.000000,60.000000,6.000000,0.000000,0.000000,1.500000,0.125077,-0.045634,1.489200,0.000000,0.000000,0.000000,0.049465,0.036018,-0.000172,0.997156,0.000595,-0.075340,-0.001849,-0.016565,-0.027293,0.002438,-0.200841,0.060947,0.093554,23.861780,23.861780,23.837372,0.506230,3.103323,0.167923,0.177655,0.980082
1.000000,1,0,0,2.400000,9.810000,0.900000,30.000000,60.000000,6.000000,0.000000,0.000000,1.500000,0.127259,-0.043817,1.489266,0.000000,0.000000,0.000000,0.037578,0.036042,0.002679,0.997098,0.000220,-0.076107,-0.001816,-0.013064,-0.034095,0.002481,-0.237643,-0.028291,0.063541,23.837372,23.837372,23.814342,0.505741,3.047516,-0.064019,0.135272,0.979570
1.050000,1,0,0,2.400000,9.810000,0.900000,30.000000,60.000000,6.000000,0.000000,0.000000,1.500000,0.128817,-0.042090,1.489456,0.000000,0.000000,0.000000,0.024594,0.032487,0.004773,0.997027,-0.000074,-0.077030,-0.001776,-0.010106,-0.039819,0.002518,-0.254812,-0.095388,0.059486,23.814342,23.814342,23.792738,0.505282,3.046381,-0.238945,0.155037,0.978733
1.100000,1,0,0,2.400000,9.810000,0.900000,30.000000,60.000000,6.000000,0.000000,0.000000,1.500000,0.129710,-0.040620,1.489729,0.000000,0.000000,0.000000,0.011097,0.025814,0.006032,0.996946,-0.000303,-0.078079,-0.001729,-0.007906,-0.044119,0.002553,-0.292117,-0.130733,0.008429,23.792738,23.792738,23.772536,0.504853,3.002974,-0.334567,0.061593,0.977583
1.150000,1,0,0,2.400000,9.810000,0.900000,30.000000,60.000000,6.000000,0.000000,0.000000,1.500000,0.129928,-0.039548,1.490044,0.000000,0.000000,0.000000,-0.002307,0.016739,0.006418,0.996856,-0.000489,-0.079214,-0.001679,-0.006619,-0.046724,0.002586,-0.288915,-0.195910,0.014220,23.772536,23.772536,23.753638,0.504452,3.060982,-0.499692,0.103946,0.976142
1.200000,1,0,0,2.400000,9.810000,0.900000,30.000000,60.000000,6.000000,0.000000,0.000000,1.500000,0.129491,-0.038971,1.490357,0.000000,0.000000,0.000000,-0.015019,0.006174,0.005930,0.996762,-0.000656,-0.080392,-0.001626,-0.006331,-0.047453,0.002620,-0.275189,-0.232206,0.035190,23.753638,23.753638,23.735874,0.504075,3.146317,-0.594548,0.181870,0.974445
1.250000,1,0,0,2.400000,9.810000,0.900000,30.000000,60.000000,6.000000,0.000000,0.000000,1.500000,0.128447,-0.038939,1.490623,0.000000,0.000000,0.000000,-0.026478,-0.004847,0.004608,0.996667,-0.000827,-0.081563,-0.001573,-0.007054,-0.046229,0.002653,-0.229330,-0.231844,0.005022,23.735874,23.735874,23.719019,0.503717,3.308557,-0.601665,0.136015,0.972530
1.300000,1,0,0,2.400000,9.810000,0.900000,30.000000,60.000000,6.000000,0.000000,0.000000,1.500000,0.126872,-0.039446,1.490805,0.000000,0.000000,0.000000,-0.036189,-0.015255,0.002533,0.996575,-0.001029,-0.082679,-0.001522,-0.008724,-0.043080,0.002686,-0.161888,-0.164442,-0.032649,23.719019,23.719019,23.702807,0.503373,3.520075,-0.449292,0.070949,0.970445
1.350000,1,0,0,2.400000,9.810000,0.900000,30.000000,60.000000,6.000000,0.000000,0.000000,1.500000,0.124864,-0.040437,1.490866,0.000000,0.000000,0.000000,-0.043751,-0.024029,-0.000184,0.996490,-0.001283,-0.083693,-0.001474,-0.011206,-0.038139,0.002718,-0.181171,-0.121437,-0.015524,23.702807,23.702807,23.686948,0.503036,3.518712,-0.357916,0.136072,0.968244
1.400000,1,0,0,2.400000,9.810000,0.900000,30.000000,60.000000,6.000000,0.000000,0.000000,1.500000,0.122538,-0.041807,1.490778,0.000000,0.000000,0.000000,-0.048875,-0.030285,-0.003398,0.996416,-0.001607,-0.084565,-0.001431,-0.014302,-0.031636,0.002754,-0.120390,-0.023806,-0.066687,23.686948,23.686948,23.671160,0.502700,3.702767,-0.138722,0.035907,0.965981
1.450000,1,0,0,2.400000,9.810000,0.900000,30.000000,60.000000,6.000000,0.000000,0.000000,1.500000,0.120020,-0.043412,1.490521,0.000000,0.000000,0.000000,-0.051402,-0.033344,-0.006944,0.996356,-0.002013,-0.085258,-0.001395,-0.017766,-0.023886,0.002797,-0.086431,0.026104,-0.081177,23.671160,23.671160,23.655195,0.502361,3.814035,-0.037920,0.022333,0.963715
1.500000,1,0,0,2.400000,9.810000,0.900000,30.000000,60.000000,6.000000,0.000000,0.000000,1.500000,0.117441,-0.045081,1.490081,0.000000,0.000000,0.000000,-0.051307,-0.032791,-0.010639,0.996313,-0.002506,-0.085746,-0.001365,-0.021318,-0.015271,0.002852,-0.029746,0.117858,-0.110755,23.655195,23.655195,23.638859,0.502015,3.970174,0.159182,-0.028865,0.961502
1.550000,1,0,0,2.400000,9.810000,0.900000,30.000000,60.000000,6.000000,0.000000,0.000000,1.500000,0.114931,-0.046629,1.489457,0.000000,0.000000,0.000000,-0.048704,-0.028510,-0.014294,0.996288,-0.003086,-0.086013,-0.001342,-0.024662,-0.006220,0.002924,0.052246,0.163142,-0.045780,23.638859,23.638859,23.622039,0.501657,4.176611,0.240715,0.145492,0.959395
1.600000,1,0,0,2.400000,9.810000,0.900000,30.000000,60.000000,6.000000,0.000000,0.000000,1.500000,0.112609,-0.047873,1.488656,0.000000,0.000000,0.000000,-0.043836,-0.020689,-0.017719,0.996283,-0.003744,-0.086054,-0.001324,-0.027510,0.002815,0.003015,0.042152,0.211318,-0.052508,23.622039,23.622039,23.604713,0.501289,4.151361,0.325566,0.146460,0.957443
1.650000,1,0,0,2.400000,9.810000,0.900000,30.000000,60.000000,6.000000,0.000000,0.000000,1.500000,0.110579,-0.048647,1.487692,0.000000,0.000000,0.000000,-0.037065,-0.009814,-0.020734,0.996295,-0.004463,-0.085875,-0.001310,-0.029596,0.011384,0.003125,0.110304,0.306748,-0.035714,23.604713,23.604713,23.586955,0.500912,4.303520,0.520965,0.202657,0.955690
1.700000,1,0,0,2.400000,9.810000,0.900000,30.000000,60.000000,6.000000,0.000000,0.000000,1.500000,0.108926,-0.048815,1.486592,0.000000,0.000000,0.000000,-0.028851,0.003379,-0.023176,0.996324,-0.005223,-0.085492,-0.001297,-0.030694,0.019064,0.003251,0.124963,0.316055,0.014333,23.586955,23.586955,23.568931,0.500529,4.317746,0.507839,0.337516,0.954169
1.750000,1,0,0,2.400000,9.810000,0.900000,30.000000,60.000000,6.000000,0.000000,0.000000,1.500000,0.107709,-0.048285,1.485387,0.000000,0.000000,0.000000,-0.019728,0.017956,-0.024907,0.996368,-0.005995,-0.084933,-0.001283,-0.030638,0.025481,0.003384,0.129417,0.258290,0.011331,23.568931,23.568931,23.550888,0.500146,4.299233,0.333183,0.343989,0.952905
1.800000,1,0,0,2.400000,9.810000,0.900000,30.000000,60.000000,6.000000,0.000000,0.000000,1.500000,0.106959,-0.047014,1.484115,0.000000,0.000000,0.000000,-0.010275,0.032863,-0.025819,0.996422,-0.006751,-0.084232,-0.001265,-0.029328,0.030333,0.003512,0.125172,0.276425,0.019737,23.550888,23.550888,23.533133,0.499769,4.253308,0.341545,0.376819,0.951915
1.850000,1,0,0,2.400000,9.810000,0.900000,30.000000,60.000000,6.000000,0.000000,0.000000,1.500000,0.106677,-0.045012,1.482820,0.000000,0.000000,0.000000,-0.001087,0.047010,-0.025839,0.996485,-0.007459,-0.083433,-0.001241,-0.026740,0.033404,0.003623,0.156895,0.267286,0.021443,23.533133,23.533133,23.516014,0.499406,4.289190,0.286797,0.392579,0.951203
1.900000,1,0,0,2.400000,9.810000,0.900000,30.000000,60.000000,6.000000,0.000000,0.000000,1.500000,0.106836,-0.042343,1.481547,0.000000,0.000000,0.000000,0.007257,0.059363,-0.024934,0.996551,-0.008086,-0.082581,-0.001208,-0.022929,0.034577,0.003704,0.159502,0.218287,0.043601,23.516014,23.516014,23.499897,0.499063,4.252890,0.140191,0.456443,0.950762
1.950000,1,0,0,2.400000,9.810000,0.900000,30.000000,60.000000,6.000000,0.000000,0.000000,1.500000,0.107380,-0.039121,1.480342,0.000000,0.000000,0.000000,0.014227,0.069020,-0.023110,0.996617,-0.008605,-0.081723,-0.001165,-0.018023,0.033839,0.003744,0.101826,0.134999,0.083113,23.499897,23.499897,23.485146,0.498750,4.071892,-0.083552,0.560951,0.950577
2.000000,1,0,0,2.400000,9.810000,0.900000,30.000000,60.000000,6.000000,0.000000,0.000000,1.500000,0.108228,-0.035498,1.479250,0.000000,0.000000,0.000000,0.019367,0.075290,-0.020414,0.996680,-0.008990,-0.080907,-0.001109,-0.012218,0.031284,0.003739,0.058963,0.017706,0.106282,23.485146,23.485146,23.472109,0.498473,3.928655,-0.382597,0.625191,0.950622
2.050000,1,0,0,2.400000,9.810000,0.900000,30.000000,60.000000,6.000000,0.000000,0.000000,1.500000,0.109280,-0.031655,1.478313,0.000000,0.000000,0.000000,0.022319,0.077745,-0.016930,0.996738,-0.009222,-0.080175,-0.001042,-0.005768,0.027106,0.003689,0.064384,-0.011070,0.101609,23.472109,23.472109,23.461102,0.498240,3.905562,-0.462002,0.621506,0.950860
2.100000,1,0,0,2.400000,9.810000,0.900000,30.000000,60.000000,6.000000,0.000000,0.000000,1.500000,0.110420,-0.027789,1.477568,0.000000,0.000000,0.000000,0.022847,0.076256,-0.012779,0.996786,-0.009288,-0.079565,-0.000961,0.001037,0.021588,0.003599,0.005836,-0.056770,0.130197,23.461102,23.461102,23.452399,0.498055,3.734968,-0.574255,0.696466,0.951251
2.150000,1,0,0,2.400000,9.810000,0.900000,30.000000,60.000000,6.000000,0.000000,0.000000,1.500000,0.111522,-0.024093,1.477044,0.000000,0.000000,0.000000,0.020841,0.071005,-0.008108,0.996824,-0.009183,-0.079106,-0.000868,0.007880,0.015086,0.003481,-0.030468,-0.156812,0.123119,23.452399,23.452399,23.446232,0.497924,3.625168,-0.808946,0.684562,0.951746
2.200000,1,0,0,2.400000,9.810000,0.900000,30.000000,60.000000,6.000000,0.000000,0.000000,1.500000,0.112462,-0.020744,1.476763,0.000000,0.000000,0.000000,0.016332,0.062464,-0.003089,0.996849,-0.008911,-0.078817,-0.000764,0.014444,0.008011,0.003350,-0.107249,-0.234898,0.134781,23.446232,23.446232,23.442775,0.497850,3.426557,-0.983112,0.716267,0.952292
2.250000,1,0,0,2.400000,9.810000,0.900000,30.000000,60.000000,6.000000,0.000000,0.000000,1.500000,0.113117,-0.017889,1.476738,0.000000,0.000000,0.000000,0.009485,0.051363,0.002091,0.996862,-0.008481,-0.078707,-0.000648,0.020427,0.000804,0.003221,-0.150549,-0.270682,0.163859,23.442775,23.442775,23.442150,0.497837,3.317058,-1.048427,0.788304,0.952836
2.300000,1,0,0,2.400000,9.810000,0.900000,30.000000,60.000000,6.000000,0.000000,0.000000,1.500000,0.113376,-0.015635,1.476972,0.000000,0.000000,0.000000,0.000592,0.038627,0.007239,0.996861,-0.007912,-0.078773,-0.000524,0.025563,-0.006087,0.003109,-0.154646,-0.306030,0.173560,23.442150,23.442150,23.444411,0.497885,3.310303,-1.106208,0.812258,0.953324
2.350000,1,0,0,2.400000,9.810000,0.900000,30.000000,60.000000,6.000000,0.000000,0.000000,1.500000,0.113148,-0.014036,1.477458,0.000000,0.000000,0.000000,-0.009942,0.025303,0.012161,0.996848,-0.007228,-0.079003,-0.000391,0.029636,-0.012233,0.003023,-0.202724,-0.288015,0.171306,23.444411,23.444411,23.449545,0.497994,3.206035,-1.030544,0.805832,0.953703
2.400000,1,0,0,2.400000,9.810000,0.900000,30.000000,60.000000,6.000000,0.000000,0.000000,1.500000,0.112363,-0.013096,1.478181,0.000000,0.000000,0.000000,-0.021622,0.012470,0.016676,0.996824,-0.006458,-0.079373,-0.000252,0.032497,-0.017248,0.002969,-0.220293,-0.264901,0.154761,23.449545,23.449545,23.457466,0.498162,3.181931,-0.938593,0.763308,0.953925
2.450000,1,0,0,2.400000,9.810000,0.900000,30.000000,60.000000,6.000000,0.000000,0.000000,1.500000,0.110976,-0.012764,1.479116,0.000000,0.000000,0.000000,-0.033888,0.001158,0.020617,0.996791,-0.005631,-0.079850,-0.000109,0.034067,-0.020807,0.002947,-0.251031,-0.225217,0.116639,23.457466,23.457466,23.468011,0.498386,3.131653,-0.804278,0.667089,0.953948
2.500000,1,0,0,2.400000,9.810000,0.900000,30.000000,60.000000,6.000000,0.000000,0.000000,1.500000,0.108974,-0.012940,1.480231,0.000000,0.000000,0.000000,-0.046141,-0.007738,0.023845,0.996752,-0.004782,-0.080396,0.000036,0.034348,-0.022670,0.002951,-0.275708,-0.174492,0.115734,23.468011,23.468011,23.480942,0.498661,3.099498,-0.642377,0.658193,0.953737
2.550000,1,0,0,2.400000,9.810000,0.900000,30.000000,60.000000,6.000000,0.000000,0.000000,1.500000,0.106373,-0.013486,1.481487,0.000000,0.000000,0.000000,-0.057781,-0.013534,0.026250,0.996709,-0.003941,-0.080964,0.000181,0.033417,-0.022690,0.002974,-0.221928,-0.078104,0.087561,23.480942,23.480942,23.495955,0.498980,3.257124,-0.371252,0.581779,0.953267
2.600000,1,0,0,2.400000,9.810000,0.900000,30.000000,60.000000,6.000000,0.000000,0.000000,1.500000,0.103216,-0.014234,1.482841,0.000000,0.000000,0.000000,-0.068232,-0.015807,0.027758,0.996668,-0.003138,-0.081510,0.000323,0.031420,-0.020825,0.003004,-0.222982,-0.025394,0.054924,23.495955,23.495955,23.512694,0.499335,3.282425,-0.206660,0.492531,0.952521
2.650000,1,0,0,2.400000,9.810000,0.900000,30.000000,60.000000,6.000000,0.000000,0.000000,1.500000,0.099578,-0.015005,1.484247,0.000000,0.000000,0.000000,-0.076973,-0.014433,0.028335,0.996631,-0.002395,-0.081986,0.000461,0.028569,-0.017138,0.003033,-0.168871,0.050686,-0.033713,23.512694,23.512694,23.530765,0.499719,3.437187,0.011191,0.266754,0.951492
2.700000,1,0,0,2.400000,9.810000,0.900000,30.000000,60.000000,6.000000,0.000000,0.000000,1.500000,0.095555,-0.015620,1.485659,0.000000,0.000000,0.000000,-0.083571,-0.009594,0.027986,0.996602,-0.001731,-0.082349,0.000593,0.025118,-0.011796,0.003052,-0.110842,0.131487,-0.054820,23.530765,23.530765,23.549768,0.500122,3.596329,0.236677,0.200950,0.950187
2.750000,1,0,0,2.400000,9.810000,0.900000,30.000000,60.000000,6.000000,0.000000,0.000000,1.500000,0.091262,-0.015915,1.487031,0.000000,0.000000,0.000000,-0.087695,-0.001766,0.026758,0.996585,-0.001158,-0.082561,0.000717,0.021354,-0.005057,0.003057,-0.103276,0.165544,-0.069078,23.549768,23.549768,23.569315,0.500538,3.627483,0.345743,0.149554,0.948620
2.800000,1,0,0,2.400000,9.810000,0.900000,30.000000,60.000000,6.000000,0.000000,0.000000,1.500000,0.086830,-0.015759,1.488321,0.000000,0.000000,0.000000,-0.089139,0.008323,0.024734,0.996583,-0.000680,-0.082591,0.000834,0.017573,0.002740,0.003046,-0.070766,0.155218,-0.115925,23.569315,23.569315,23.589063,0.500957,3.710124,0.343844,0.018033,0.946817
2.850000,1,0,0,2.400000,9.810000,0.900000,30.000000,60.000000,6.000000,0.000000,0.000000,1.500000,0.082394,-0.015060,1.489493,0.000000,0.000000,0.000000,-0.087832,0.019752,0.022031,0.996597,-0.000293,-0.082418,0.000942,0.014064,0.011194,0.003021,-0.067175,0.149377,-0.092838,23.589063,23.589063,23.608731,0.501375,3.713899,0.348403,0.052600,0.944812
2.900000,1,0,0,2.400000,9.810000,0.900000,30.000000,60.000000,6.000000,0.000000,0.000000,1.500000,0.078091,-0.013778,1.490516,0.000000,0.000000,0.000000,-0.083839,0.031481,0.018797,0.996629,0.000013,-0.082031,0.001042,0.011088,0.019868,0.002984,-0.010194,0.132346,-0.076537,23.608731,23.608731,23.628120,0.501786,3.835770,0.322266,0.069308,0.942649
2.950000,1,0,0,2.400000,9.810000,0.900000,30.000000,60.000000,6.000000,0.000000,0.000000,1.500000,0.074052,-0.011925,1.491367,0.000000,0.000000,0.000000,-0.077362,0.042435,0.015200,0.996678,0.000253,-0.081430,0.001136,0.008861,0.028309,0.002938,0.072358,0.105683,-0.119738,23.628120,23.628120,23.647117,0.502190,4.008915,0.269918,-0.058143,0.940376
3.000000,1,0,0,2.400000,9.810000,0.900000,30.000000,60.000000,6.000000,0.000000,0.000000,1.500000,0.070391,-0.009565,1.492033,0.000000,0.000000,0.000000,-0.068726,0.051596,0.011424,0.996744,0.000448,-0.080625,0.001226,0.007542,0.036075,0.002886,0.176234,0.046452,-0.117361,23.647117,23.647117,23.665701,0.502585,4.223630,0.137291,-0.077340,0.938048
3.050000,1,0,0,2.400000,9.810000,0.900000,30.000000,60.000000,6.000000,0.000000,0.000000,1.500000,0.067208,-0.006810,1.492509,0.000000,0.000000,0.000000,-0.058361,0.058081,0.007661,0.996823,0.000623,-0.079640,0.001312,0.007218,0.042759,0.002829,0.182573,-0.021699,-0.148836,23.665701,23.665701,23.683928,0.502972,4.195643,-0.017734,-0.178685,0.935720
3.100000,1,0,0,2.400000,9.810000,0.900000,30.000000,60.000000,6.000000,0.000000,0.000000,1.500000,0.064575,-0.003813,1.492802,0.000000,0.000000,0.000000,-0.046784,0.061220,0.004098,0.996912,0.000802,-0.078506,0.001397,0.007906,0.048010,0.002766,0.183290,-0.098602,-0.163851,23.683928,23.683928,23.701924,0.503354,4.147006,-0.193558,-0.241207,0.933450
3.150000,1,0,0,2.400000,9.810000,0.900000,30.000000,60.000000,6.000000,0.000000,0.000000,1.500000,0.062540,-0.000751,1.492925,0.000000,0.000000,0.000000,-0.034569,0.060605,0.000914,0.997009,0.001011,-0.077261,0.001483,0.009543,0.051554,0.002697,0.202657,-0.147021,-0.113291,23.701924,23.701924,23.719856,0.503735,4.137815,-0.299642,-0.146809,0.931294
3.200000,1,0,0,2.400000,9.810000,0.900000,30.000000,60.000000,6.000000,0.000000,0.000000,1.500000,0.061119,0.002183,1.492903,0.000000,0.000000,0.000000,-0.022318,0.056130,-0.001730,0.997110,0.001271,-0.075951,0.001572,0.011997,0.053210,0.002622,0.242862,-0.241431,-0.083988,23.719856,23.719856,23.737920,0.504118,4.175443,-0.513663,-0.103694,0.929306
3.250000,1,0,0,2.400000,9.810000,0.900000,30.000000,60.000000,6.000000,0.000000,0.000000,1.500000,0.060299,0.004801,1.492764,0.000000,0.000000,0.000000,-0.010628,0.047994,-0.003700,0.997209,0.001600,-0.074624,0.001663,0.015072,0.052896,0.002541,0.226754,-0.303023,-0.025340,23.737920,23.737920,23.756314,0.504509,4.077018,-0.645610,0.009765,0.927532
3.300000,1,0,0,2.400000,9.810000,0.900000,30.000000,60.000000,6.000000,0.000000,0.000000,1.500000,0.060038,0.006930,1.492546,0.000000,0.000000,0.000000,-0.000061,0.036692,-0.004891,0.997304,0.002011,-0.073329,0.001759,0.018524,0.050639,0.002457,0.164592,-0.371425,-0.023394,23.756314,23.756314,23.775221,0.504910,3.869491,-0.789977,-0.012789,0.926013
3.350000,1,0,0,2.400000,9.810000,0.900000,30.000000,60.000000,6.000000,0.000000,0.000000,1.500000,0.060266,0.008430,1.492289,0.000000,0.000000,0.000000,0.008883,0.022971,-0.005236,0.997392,0.002511,-0.072112,0.001859,0.022073,0.046568,0.002375,0.136804,-0.378923,-0.015580,23.775221,23.775221,23.794796,0.505326,3.748135,-0.783947,-0.021042,0.924781
3.400000,1,0,0,2.400000,9.810000,0.900000,30.000000,60.000000,6.000000,0.000000,0.000000,1.500000,0.060892,0.009202,1.492036,0.000000,0.000000,0.000000,0.015796,0.007771,-0.004707,0.997468,0.003098,-0.071018,0.001963,0.025425,0.040910,0.002300,0.123029,-0.400695,0.018953,23.794796,23.794796,23.815149,0.505758,3.666125,-0.807986,0.035166,0.923861
3.450000,1,0,0,2.400000,9.810000,0.900000,30.000000,60.000000,6.000000,0.000000,0.000000,1.500000,0.061807,0.009200,1.491832,0.000000,0.000000,0.000000,0.020381,-0.007849,-0.003313,0.997532,0.003763,-0.070080,0.002070,0.028289,0.033979,0.002241,0.089362,-0.351266,0.035607,23.815149,23.815149,23.836345,0.506208,3.543812,-0.657342,0.048907,0.923263
3.500000,1,0,0,2.400000,9.810000,0.900000,30.000000,60.000000,6.000000,0.000000,0.000000,1.500000,0.062888,0.008429,1.491719,0.000000,0.000000,0.000000,0.022468,-0.022796,-0.001107,0.997581,0.004491,-0.069328,0.002180,0.030399,0.026154,0.002202,0.020256,-0.333107,0.020091,23.836345,23.836345,23.858392,0.506677,3.345200,-0.578669,-0.014033,0.922990
3.550000,1,0,0,2.400000,9.810000,0.900000,30.000000,60.000000,6.000000,0.000000,0.000000,1.500000,0.064011,0.006949,1.491734,0.000000,0.000000,0.000000,0.022022,-0.036033,0.001823,0.997616,0.005261,-0.068777,0.002291,0.031529,0.017862,0.002186,-0.047106,-0.287918,0.042291,23.858392,23.858392,23.881242,0.507162,3.160362,-0.433068,0.014140,0.923034
3.600000,1,0,0,2.400000,9.810000,0.900000,30.000000,60.000000,6.000000,0.000000,0.000000,1.500000,0.065050,0.004869,1.491911,0.000000,0.000000,0.000000,0.019145,-0.046661,0.005355,0.997634,0.006045,-0.068434,0.002401,0.031509,0.009552,0.002195,-0.093205,-0.260169,0.041743,23.881242,23.881242,23.904790,0.507662,3.036461,-0.328534,-0.011632,0.923374
3.650000,1,0,0,2.400000,9.810000,0.900000,30.000000,60.000000,6.000000,0.000000,0.000000,1.500000,0.065889,0.002338,1.492277,0.000000,0.000000,0.000000,0.014070,-0.053991,0.009338,0.997639,0.006813,-0.068294,0.002510,0.030236,0.001672,0.002221,-0.151256,-0.159220,0.068293,23.904790,23.904790,23.928875,0.508174,2.893557,-0.048966,0.028319,0.923982
3.700000,1,0,0,2.400000,9.810000,0.900000,30.000000,60.000000,6.000000,0.000000,0.000000,1.500000,0.066426,-0.000468,1.492850,0.000000,0.000000,0.000000,0.007150,-0.057600,0.013599,0.997630,0.007534,-0.068341,0.002615,0.027685,-0.005357,0.002257,-0.188741,-0.118631,0.122226,23.928875,23.928875,23.953281,0.508692,2.808950,0.083565,0.134700,0.924820
3.750000,1,0,0,2.400000,9.810000,0.900000,30.000000,60.000000,6.000000,0.000000,0.000000,1.500000,0.066581,-0.003358,1.493638,0.000000,0.000000,0.000000,-0.001163,-0.057363,0.017954,0.997611,0.008177,-0.068548,0.002715,0.023907,-0.011163,0.002289,-0.239144,-0.047553,0.152901,23.953281,23.953281,23.977747,0.509211,2.701050,0.285578,0.185991,0.925844
3.800000,1,0,0,2.400000,9.810000,0.900000,30.000000,60.000000,6.000000,0.000000,0.000000,1.500000,0.066295,-0.006143,1.494643,0.000000,0.000000,0.000000,-0.010341,-0.053463,0.022208,0.997583,0.008711,-0.068882,0.002806,0.019027,-0.015446,0.002305,-0.263507,0.037939,0.108229,23.977747,23.977747,24.001965,0.509726,2.661715,0.517072,0.057181,0.927004
3.850000,1,0,0,2.400000,9.810000,0.900000,30.000000,60.000000,6.000000,0.000000,0.000000,1.500000,0.065542,-0.008651,1.495854,0.000000,0.000000,0.000000,-0.019805,-0.046377,0.026173,0.997550,0.009113,-0.069302,0.002888,0.013241,-0.017991,0.002292,-0.268107,0.071551,0.093655,24.001965,24.001965,24.025602,0.510228,2.673919,0.617700,0.001348,0.928246
3.900000,1,0,0,2.400000,9.810000,0.900000,30.000000,60.000000,6.000000,0.000000,0.000000,1.500000,0.064320,-0.010740,1.497253,0.000000,0.000000,0.000000,-0.028963,-0.036834,0.029671,0.997515,0.009361,-0.069763,0.002958,0.006798,-0.018681,0.002240,-0.228704,0.129804,0.090236,24.025602,24.025602,24.048301,0.510710,2.793667,0.770132,-0.026963,0.929514
3.950000,1,0,0,2.400000,9.810000,0.900000,30.000000,60.000000,6.000000,0.000000,0.000000,1.500000,0.062660,-0.012309,1.498811,0.000000,0.000000,0.000000,-0.037232,-0.025757,0.032541,0.997482,0.009444,-0.070219,0.003014,-0.000011,-0.017507,0.002147,-0.190139,0.136503,0.102867,24.048301,24.048301,24.069708,0.511164,2.911077,0.790847,-0.015982,0.930753
4.000000,1,0,0,2.400000,9.810000,0.900000,30.000000,60.000000,6.000000,0.000000,0.000000,1.500000,0.060621,-0.013307,1.500494,0.000000,0.000000,0.000000,-0.044076,-0.014185,0.034651,0.997455,0.009355,-0.070623,0.003056,-0.006870,-0.014563,0.002014,-0.131334,0.171770,0.080396,24.069708,24.069708,24.089481,0.511584,3.074512,0.871840,-0.088446,0.931910
4.050000,1,0,0,2.400000,9.810000,0.900000,30.000000,60.000000,6.000000,0.000000,0.000000,1.500000,0.058284,-0.013737,1.502262,0.000000,0.000000,0.000000,-0.049033,-0.003192,0.035898,0.997435,0.009098,-0.070934,0.003083,-0.013461,-0.010042,0.001848,-0.140750,0.182845,0.091242,24.089481,24.089481,24.107312,0.511963,3.069602,0.886587,-0.080094,0.932938
4.100000,1,0,0,2.400000,9.810000,0.900000,30.000000,60.000000,6.000000,0.000000,0.000000,1.500000,0.055755,-0.013653,1.504069,0.000000,0.000000,0.000000,-0.051736,0.006205,0.036217,0.997425,0.008684,-0.071116,0.003096,-0.019481,-0.004229,0.001662,-0.063995,0.149092,0.089519,24.107312,24.107312,24.122945,0.512295,3.265109,0.786032,-0.100987,0.933794
4.150000,1,0,0,2.400000,9.810000,0.900000,30.000000,60.000000,6.000000,0.000000,0.000000,1.500000,0.053152,-0.013158,1.505868,0.000000,0.000000,0.000000,-0.051936,0.013128,0.035583,0.997428,0.008128,-0.071141,0.003096,-0.024664,0.002520,0.001470,-0.016885,0.106162,0.097947,24.122945,24.122945,24.136188,0.512576,3.381680,0.656568,-0.096512,0.934443
4.200000,1,0,0,2.400000,9.810000,0.900000,30.000000,60.000000,6.000000,0.000000,0.000000,1.500000,0.050605,-0.012393,1.507611,0.000000,0.000000,0.000000,-0.049515,0.016907,0.034009,0.997444,0.007457,-0.070990,0.003083,-0.028791,0.009792,0.001286,0.024053,0.073206,0.065600,24.136188,24.136188,24.146919,0.512804,3.474724,0.545292,-0.188789,0.934861
4.250000,1,0,0,2.400000,9.810000,0.900000,30.000000,60.000000,6.000000,0.000000,0.000000,1.500000,0.048244,-0.011526,1.509254,0.000000,0.000000,0.000000,-0.044491,0.017139,0.031549,0.997474,0.006697,-0.070657,0.003062,-0.031710,0.017147,0.001123,0.100975,-0.036099,0.036504,24.146919,24.146919,24.155098,0.512978,3.645004,0.246396,-0.272044,0.935030
4.300000,1,0,0,2.400000,9.810000,0.900000,30.000000,60.000000,6.000000,0.000000,0.000000,1.500000,0.046197,-0.010740,1.510753,0.000000,0.000000,0.000000,-0.037019,0.013719,0.028297,0.997515,0.005879,-0.070143,0.003034,-0.033340,0.024136,0.000989,0.160273,-0.156808,0.022763,24.155098,24.155098,24.160756,0.513098,3.764004,-0.082733,-0.317108,0.934947
4.350000,1,0,0,2.400000,9.810000,0.900000,30.000000,60.000000,6.000000,0.000000,0.000000,1.500000,0.044578,-0.010212,1.512072,0.000000,0.000000,0.000000,-0.027383,0.006848,0.024376,0.997567,0.005037,-0.069465,0.003003,-0.033680,0.030329,0.000886,0.221922,-0.243577,0.036875,24.160756,24.160756,24.163995,0.513167,3.880354,-0.331689,-0.293864,0.934616
4.400000,1,0,0,2.400000,9.810000,0.900000,30.000000,60.000000,6.000000,0.000000,0.000000,1.500000,0.043488,-0.010105,1.513182,0.000000,0.000000,0.000000,-0.015979,-0.002980,0.019940,0.997628,0.004202,-0.068646,0.002970,-0.032804,0.035340,0.000811,0.287865,-0.274794,0.041034,24.163995,24.163995,24.164970,0.513187,3.999904,-0.447066,-0.292929,0.934053
4.450000,1,0,0,2.400000,9.810000,0.900000,30.000000,60.000000,6.000000,0.000000,0.000000,1.500000,0.043002,-0.010547,1.514060,0.000000,0.000000,0.000000,-0.003299,-0.015021,0.015165,0.997694,0.003402,-0.067719,0.002939,-0.030857,0.038844,0.000760,0.324660,-0.300998,0.000387,24.164970,24.164970,24.163877,0.513164,4.044029,-0.548743,-0.397845,0.933285
4.500000,1,0,0,2.400000,9.810000,0.900000,30.000000,60.000000,6.000000,0.000000,0.000000,1.500000,0.043170,-0.011628,1.514696,0.000000,0.000000,0.000000,0.010098,-0.028338,0.010238,0.997763,0.002662,-0.066727,0.002910,-0.028046,0.040600,0.000722,0.356645,-0.258484,-0.058259,24.163877,24.163877,24.160939,0.513102,4.073129,-0.482637,-0.544178,0.932346
4.550000,1,0,0,2.400000,9.810000,0.900000,30.000000,60.000000,6.000000,0.000000,0.000000,1.500000,0.044014,-0.013385,1.515085,0.000000,0.000000,0.000000,0.023613,-0.041880,0.005353,0.997832,0.002000,-0.065714,0.002887,-0.024628,0.040463,0.000689,0.330808,-0.278384,-0.082776,24.160939,24.160939,24.156383,0.513005,3.962196,-0.562544,-0.606740,0.931278
4.600000,1,0,0,2.400000,9.810000,0.900000,30.000000,60.000000,6.000000,0.000000,0.000000,1.500000,0.045523,-0.015802,1.515235,0.000000,0.000000,0.000000,0.036640,-0.054564,0.000700,0.997898,0.001427,-0.064728,0.002868,-0.020886,0.038390,0.000652,0.278631,-0.254775,-0.061470,24.156383,24.156383,24.150435,0.512879,3.789132,-0.533669,-0.557397,0.930130
4.650000,1,0,0,2.400000,9.810000,0.900000,30.000000,60.000000,6.000000,0.000000,0.000000,1.500000,0.047660,-0.018810,1.515162,0.000000,0.000000,0.000000,0.048594,-0.065367,-0.003541,0.997957,0.000950,-0.063817,0.002854,-0.017117,0.034444,0.000606,0.218324,-0.186048,-0.051782,24.150435,24.150435,24.143300,0.512727,3.599970,-0.391923,-0.533958,0.928954
4.700000,1,0,0,2.400000,9.810000,0.900000,30.000000,60.000000,6.000000,0.000000,0.000000,1.500000,0.050356,-0.022292,1.514890,0.000000,0.000000,0.000000,0.058947,-0.073405,-0.007210,0.998008,0.000564,-0.063026,0.002845,-0.013612,0.028793,0.000548,0.180986,-0.119068,-0.038450,24.143300,24.143300,24.135163,0.512554,3.471537,-0.249908,-0.499757,0.927805
4.750000,1,0,0,2.400000,9.810000,0.900000,30.000000,60.000000,6.000000,0.000000,0.000000,1.500000,0.053520,-0.026093,1.514453,0.000000,0.000000,0.000000,0.067248,-0.078006,-0.010174,0.998048,0.000261,-0.062394,0.002839,-0.010631,0.021698,0.000477,0.155406,-0.025224,-0.012283,24.135163,24.135163,24.126175,0.512364,3.378851,-0.039428,-0.432720,0.926739
4.800000,1,0,0,2.400000,9.810000,0.900000,30.000000,60.000000,6.000000,0.000000,0.000000,1.500000,0.057041,-0.030029,1.513886,0.000000,0.000000,0.000000,0.073152,-0.078765,-0.012332,0.998075,0.000023,-0.061954,0.002835,-0.008394,0.013497,0.000394,0.074233,0.045027,0.016172,24.126175,24.126175,24.116459,0.512157,3.161828,0.117655,-0.358155,0.925809
4.850000,1,0,0,2.400000,9.810000,0.900000,30.000000,60.000000,6.000000,0.000000,0.000000,1.500000,0.060792,-0.033903,1.513234,0.000000,0.000000,0.000000,0.076436,-0.075578,-0.013618,0.998089,-0.000169,-0.061728,0.002832,-0.007061,0.004591,0.000303,0.016158,0.128187,-0.000473,24.116459,24.116459,24.106105,0.511937,3.010427,0.307952,-0.389810,0.925065
4.900000,1,0,0,2.400000,9.810000,0.900000,30.000000,60.000000,6.000000,0.000000,0.000000,1.500000,0.064639,-0.037524,1.512540,0.000000,0.000000,0.000000,0.077011,-0.068648,-0.014007,0.998089,-0.000339,-0.061728,0.002828,-0.006724,-0.004580,0.000204,-0.034299,0.247751,0.027957,24.106105,24.106105,24.095170,0.511705,2.888092,0.586700,-0.311296,0.924552
4.950000,1,0,0,2.400000,9.810000,0.900000,30.000000,60.000000,6.000000,0.000000,0.000000,1.500000,0.068448,-0.040714,1.511848,0.000000,0.000000,0.000000,0.074923,-0.058473,-0.013513,0.998075,-0.000513,-0.061956,0.002821,-0.007399,-0.013563,0.000099,-0.109730,0.313741,0.025132,24.095170,24.095170,24.083683,0.511461,2.716643,0.736734,-0.305860,0.924306
5.000000,1,0,0,2.400000,9.810000,0.900000,30.000000,60.000000,6.000000,0.000000,0.000000,1.500000,0.072090,-0.043329,1.511202,0.000000,0.000000,0.000000,0.070356,-0.045801,-0.012192,0.998047,-0.000715,-0.062401,0.002810,-0.009028,-0.021912,-0.000013,-0.162384,0.334607,0.036270,24.083683,24.083683,24.071640,0.511205,2.610186,0.777144,-0.265054,0.924355
5.050000,1,0,0,2.400000,9.810000,0.900000,30.000000,60.000000,6.000000,0.000000,0.000000,1.500000,0.075448,-0.045268,1.510641,0.000000,0.000000,0.000000,0.063618,-0.031572,-0.010133,0.998007,-0.000967,-0.063042,0.002793,-0.011480,-0.029219,-0.000132,-0.194068,0.336953,0.052683,24.071640,24.071640,24.059010,0.510937,2.563361,0.770695,-0.209820,0.924719
5.100000,1,0,0,2.400000,9.810000,0.900000,30.000000,60.000000,6.000000,0.000000,0.000000,1.500000,0.078422,-0.046478,1.510199,0.000000,0.000000,0.000000,0.055125,-0.016843,-0.007462,0.997955,-0.001288,-0.063849,0.002768,-0.014563,-0.035132,-0.000259,-0.233296,0.343699,0.071392,24.059010,24.059010,24.045733,0.510655,2.506257,0.771515,-0.147429,0.925405
5.150000,1,0,0,2.400000,9.810000,0.900000,30.000000,60.000000,6.000000,0.000000,0.000000,1.500000,0.080939,-0.046962,1.509903,0.000000,0.000000,0.000000,0.045382,-0.002703,-0.004331,0.997894,-0.001691,-0.064783,0.002735,-0.018032,-0.039375,-0.000394,-0.260097,0.333821,0.049050,24.045733,24.045733,24.031721,0.510358,2.484941,0.728523,-0.182043,0.926412
5.200000,1,0,0,2.400000,9.810000,0.900000,30.000000,60.000000,6.000000,0.000000,0.000000,1.500000,0.082949,-0.046776,1.509771,0.000000,0.000000,0.000000,0.034952,0.009820,-0.000912,0.997827,-0.002182,-0.065800,0.002693,-0.021609,-0.041764,-0.000535,-0.303719,0.276898,0.111431,24.031721,24.031721,24.016862,0.510042,2.427082,0.568408,-0.011957,0.927726
5.250000,1,0,0,2.400000,9.810000,0.900000,30.000000,60.000000,6.000000,0.000000,0.000000,1.500000,0.084433,-0.046022,1.509813,0.000000,0.000000,0.000000,0.024430,0.019834,0.002609,0.997755,-0.002761,-0.066854,0.002642,-0.025000,-0.042215,-0.000677,-0.296431,0.224420,0.107678,24.016862,24.016862,24.001027,0.509706,2.492932,0.414790,0.000612,0.929323
5.300000,1,0,0,2.400000,9.810000,0.900000,30.000000,60.000000,6.000000,0.000000,0.000000,1.500000,0.085400,-0.044845,1.510030,0.000000,0.000000,0.000000,0.014410,0.026662,0.006042,0.997683,-0.003418,-0.067894,0.002582,-0.027914,-0.040752,-0.000812,-0.258165,0.168154,0.079418,24.001027,24.001027,23.984074,0.509346,2.632325,0.248303,-0.044593,0.931172
5.350000,1,0,0,2.400000,9.810000,0.900000,30.000000,60.000000,6.000000,0.000000,0.000000,1.500000,0.085892,-0.043416,1.510413,0.000000,0.000000,0.000000,0.005454,0.029890,0.009201,0.997614,-0.004139,-0.068875,0.002514,-0.030082,-0.037503,-0.000932,-0.227681,0.094041,0.077239,23.984074,23.984074,23.965864,0.508959,2.749999,0.035946,-0.026328,0.933230
5.400000,1,0,0,2.400000,9.810000,0.900000,30.000000,60.000000,6.000000,0.000000,0.000000,1.500000,0.085972,-0.041918,1.510943,0.000000,0.000000,0.000000,-0.001939,0.029406,0.011911,0.997549,-0.004902,-0.069756,0.002440,-0.031276,-0.032693,-0.001030,-0.183736,-0.022075,0.109573,23.965864,23.965864,23.946269,0.508543,2.894917,-0.279221,0.075491,0.935450
5.450000,1,0,0,2.400000,9.810000,0.900000,30.000000,60.000000,6.000000,0.000000,0.000000,1.500000,0.085731,-0.040534,1.511594,0.000000,0.000000,0.000000,-0.007355,0.025404,0.014019,0.997493,-0.005682,-0.070500,0.002363,-0.031324,-0.026632,-0.001098,-0.099791,-0.080849,0.053767,23.946269,23.946269,23.925193,0.508095,3.129080,-0.457490,-0.033648,0.937778
5.500000,1,0,0,2.400000,9.810000,0.900000,30.000000,60.000000,6.000000,0.000000,0.000000,1.500000,0.085275,-0.039429,1.512332,0.000000,0.000000,0.000000,-0.010492,0.018369,0.015396,0.997447,-0.006447,-0.071081,0.002284,-0.030122,-0.019698,-0.001134,-0.063386,-0.144571,0.004251,23.925193,23.925193,23.902581,0.507615,3.241128,-0.646917,-0.127240,0.940159
5.550000,1,0,0,2.400000,9.810000,0.900000,30.000000,60.000000,6.000000,0.000000,0.000000,1.500000,0.084723,-0.038736,1.513120,0.000000,0.000000,0.000000,-0.011171,0.009037,0.015948,0.997414,-0.007167,-0.071482,0.002206,-0.027640,-0.012315,-0.001140,-0.039532,-0.208854,0.008562,23.902581,23.902581,23.878438,0.507102,3.314248,-0.835448,-0.091307,0.942535
5.600000,1,0,0,2.400000,9.810000,0.900000,30.000000,60.000000,6.000000,0.000000,0.000000,1.500000,0.084199,-0.038548,1.513912,0.000000,0.000000,0.000000,-0.009351,-0.001665,0.015616,0.997394,-0.007810,-0.071698,0.002133,-0.023927,-0.004930,-0.001124,-0.020085,-0.188711,-0.039316,23.878438,23.878438,23.852834,0.506559,3.367746,-0.817609,-0.180383,0.944850
5.650000,1,0,0,2.400000,9.810000,0.900000,30.000000,60.000000,6.000000,0.000000,0.000000,1.500000,0.083828,-0.038908,1.514666,0.000000,0.000000,0.000000,-0.005124,-0.012697,0.014381,0.997387,-0.008347,-0.071735,0.002067,-0.019106,0.002012,-0.001096,0.074582,-0.181240,-0.023639,23.852834,23.852834,23.825914,0.505987,3.593020,-0.825037,-0.116759,0.947049
5.700000,1,0,0,2.400000,9.810000,0.900000,30.000000,60.000000,6.000000,0.000000,0.000000,1.500000,0.083723,-0.039805,1.515336,0.000000,0.000000,0.000000,0.001281,-0.022990,0.012266,0.997392,-0.008751,-0.071607,0.002010,-0.013369,0.008092,-0.001070,0.151843,-0.177700,-0.039504,23.825914,23.825914,23.797897,0.505392,3.768589,-0.835553,-0.128733,0.949084
5.750000,1,0,0,2.400000,9.810000,0.900000,30.000000,60.000000,6.000000,0.000000,0.000000,1.500000,0.083986,-0.041178,1.515879,0.000000,0.000000,0.000000,0.009520,-0.031531,0.009331,0.997409,-0.009005,-0.071343,0.001963,-0.006965,0.012941,-0.001060,0.170589,-0.135242,-0.058611,23.797897,23.797897,23.769070,0.504780,3.797087,-0.745386,-0.148449,0.950913
5.800000,1,0,0,2.400000,9.810000,0.900000,30.000000,60.000000,6.000000,0.000000,0.000000,1.500000,0.084698,-0.042915,1.516257,0.000000,0.000000,0.000000,0.019143,-0.037452,0.005675,0.997435,-0.009093,-0.070976,0.001926,-0.000184,0.016260,-0.001079,0.189538,-0.055636,-0.036675,23.769070,23.769070,23.739777,0.504158,3.821133,-0.558183,-0.069683,0.952500
5.850000,1,0,0,2.400000,9.810000,0.900000,30.000000,60.000000,6.000000,0.000000,0.000000,1.500000,0.085915,-0.044868,1.516437,0.000000,0.000000,0.000000,0.029623,-0.040097,0.001427,0.997466,-0.009011,-0.070547,0.001901,0.006659,0.017839,-0.001135,0.191992,0.009076,-0.063942,23.739777,23.739777,23.710404,0.503534,3.802651,-0.398601,-0.109082,0.953821
5.900000,1,0,0,2.400000,9.810000,0.900000,30.000000,60.000000,6.000000,0.000000,0.000000,1.500000,0.087665,-0.046863,1.516392,0.000000,0.000000,0.000000,0.040383,-0.039076,-0.003254,0.997500,-0.008761,-0.070102,0.001885,0.013246,0.017562,-0.001229,0.193866,0.050785,-0.110283,23.710404,23.710404,23.681359,0.502917,3.782024,-0.286249,-0.194407,0.954861
5.950000,1,0,0,2.400000,9.810000,0.900000,30.000000,60.000000,6.000000,0.000000,0.000000,1.500000,0.089948,-0.048713,1.516107,0.000000,0.000000,0.000000,0.050823,-0.034299,-0.008190,0.997532,-0.008352,-0.069686,0.001878,0.019272,0.015423,-0.001360,0.220474,0.102294,-0.105159,23.681359,23.681359,23.653057,0.502316,3.822255,-0.142908,-0.156437,0.955615
6.000000,1,0,0,2.400000,9.810000,0.900000,30.000000,60.000000,6.000000,0.000000,0.000000,1.500000,0.092732,-0.050234,1.515572,0.000000,0.000000,0.000000,0.060357,-0.025985,-0.013193,0.997560,-0.007803,-0.069346,0.001877,0.024469,0.011518,-0.001517,0.204820,0.179794,-0.105491,23.653057,23.653057,23.625893,0.501739,3.764740,0.069435,-0.131867,0.956090
6.050000,1,0,0,2.400000,9.810000,0.900000,30.000000,60.000000,6.000000,0.000000,0.000000,1.500000,0.095959,-0.051261,1.514790,0.000000,0.000000,0.000000,0.068439,-0.014641,-0.018067,0.997581,-0.007136,-0.069123,0.001882,0.028617,0.006045,-0.001689,0.171708,0.189790,-0.122726,23.625893,23.625893,23.600231,0.501194,3.671013,0.125254,-0.148260,0.956302
6.100000,1,0,0,2.400000,9.810000,0.900000,30.000000,60.000000,6.000000,0.000000,0.000000,1.500000,0.099544,-0.051660,1.513771,0.000000,0.000000,0.000000,0.074594,-0.001027,-0.022623,0.997591,-0.006380,-0.069053,0.001889,0.031559,-0.000711,-0.001862,0.163970,0.211920,-0.107508,23.600231,23.600231,23.576386,0.500688,3.645575,0.214333,-0.087261,0.956277
6.150000,1,0,0,2.400000,9.810000,0.900000,30.000000,60.000000,6.000000,0.000000,0.000000,1.500000,0.103380,-0.051341,1.512536,0.000000,0.000000,0.000000,0.078442,0.013909,-0.026686,0.997588,-0.005566,-0.069164,0.001897,0.033214,-0.008388,-0.002023,0.099097,0.240090,-0.098240,23.576386,23.576386,23.554617,0.500225,3.491722,0.320567,-0.041140,0.956052
6.200000,1,0,0,2.400000,9.810000,0.900000,30.000000,60.000000,6.000000,0.000000,0.000000,1.500000,0.107345,-0.050265,1.511113,0.000000,0.000000,0.000000,0.079720,0.029105,-0.030098,0.997571,-0.004727,-0.069473,0.001905,0.033576,-0.016574,-0.002160,0.032257,0.229183,-0.093238,23.554617,23.554617,23.535113,0.499811,3.342711,0.334143,-0.005964,0.955667
6.250000,1,0,0,2.400000,9.810000,0.900000,30.000000,60.000000,6.000000,0.000000,0.000000,1.500000,0.111307,-0.048445,1.509539,0.000000,0.000000,0.000000,0.078294,0.043471,-0.032731,0.997538,-0.003893,-0.069988,0.001910,0.032717,-0.024822,-0.002270,-0.019891,0.192254,-0.074143,23.535113,23.535113,23.517994,0.499448,3.238861,0.284919,0.062224,0.955172
6.300000,1,0,0,2.400000,9.810000,0.900000,30.000000,60.000000,6.000000,0.000000,0.000000,1.500000,0.115130,-0.045949,1.507855,0.000000,0.000000,0.000000,0.074166,0.055979,-0.034490,0.997491,-0.003094,-0.070705,0.001910,0.030780,-0.032683,-0.002349,-0.096299,0.152216,-0.080004,23.517994,23.517994,23.503310,0.499136,3.086502,0.226529,0.069588,0.954619
6.350000,1,0,0,2.400000,9.810000,0.900000,30.000000,60.000000,6.000000,0.000000,0.000000,1.500000,0.118681,-0.042893,1.506106,0.000000,0.000000,0.000000,0.067477,0.065743,-0.035315,0.997428,-0.002354,-0.071609,0.001906,0.027970,-0.039723,-0.002402,-0.148041,0.118175,-0.061064,23.503310,23.503310,23.491036,0.498875,3.002344,0.179690,0.135439,0.954061
6.400000,1,0,0,2.400000,9.810000,0.900000,30.000000,60.000000,6.000000,0.000000,0.000000,1.500000,0.121839,-0.039432,1.504339,0.000000,0.000000,0.000000,0.058496,0.072089,-0.035188,0.997353,-0.001691,-0.072674,0.001895,0.024541,-0.045552,-0.002436,-0.190743,0.059163,-0.014272,23.491036,23.491036,23.481082,0.498664,2.947689,0.069205,0.266980,0.953554
6.450000,1,0,0,2.400000,9.810000,0.900000,30.000000,60.000000,6.000000,0.000000,0.000000,1.500000,0.124499,-0.035748,1.502602,0.000000,0.000000,0.000000,0.047609,0.074613,-0.034131,0.997266,-0.001119,-0.073865,0.001877,0.020777,-0.049846,-0.002457,-0.234720,-0.023825,-0.037547,23.481082,23.481082,23.473293,0.498498,2.896169,-0.103091,0.229095,0.953149
6.500000,1,0,0,2.400000,9.810000,0.900000,30.000000,60.000000,6.000000,0.000000,0.000000,1.500000,0.126576,-0.032036,1.500941,0.000000,0.000000,0.000000,0.035298,0.073213,-0.032204,0.997171,-0.000642,-0.075143,0.001852,0.016977,-0.052359,-0.002473,-0.249661,-0.091631,-0.007913,23.473293,23.473293,23.467457,0.498374,2.918577,-0.243435,0.316815,0.952894
6.550000,1,0,0,2.400000,9.810000,0.900000,30.000000,60.000000,6.000000,0.000000,0.000000,1.500000,0.128014,-0.028489,1.499395,0.000000,0.000000,0.000000,0.022116,0.068093,-0.029506,0.997071,-0.000257,-0.076459,0.001819,0.013429,-0.052945,-0.002492,-0.269439,-0.164391,0.036836,23.467457,23.467457,23.463319,0.498287,2.931430,-0.400023,0.439330,0.952831
6.600000,1,0,0,2.400000,9.810000,0.900000,30.000000,60.000000,6.000000,0.000000,0.000000,1.500000,0.128783,-0.025280,1.498001,0.000000,0.000000,0.000000,0.008659,0.059749,-0.026167,0.996970,0.000046,-0.077764,0.001780,0.010397,-0.051558,-0.002516,-0.250487,-0.214493,0.035559,23.463319,23.463319,23.460593,0.498229,3.036996,-0.506132,0.449802,0.952995
6.650000,1,0,0,2.400000,9.810000,0.900000,30.000000,60.000000,6.000000,0.000000,0.000000,1.500000,0.128885,-0.022555,1.496786,0.000000,0.000000,0.000000,-0.004467,0.048929,-0.022344,0.996872,0.000282,-0.079012,0.001735,0.008102,-0.048262,-0.002547,-0.204084,-0.244631,0.039851,23.460593,23.460593,23.458976,0.498194,3.205905,-0.567491,0.471975,0.953411
6.700000,1,0,0,2.400000,9.810000,0.900000,30.000000,60.000000,6.000000,0.000000,0.000000,1.500000,0.128352,-0.020413,1.495771,0.000000,0.000000,0.000000,-0.016674,0.036568,-0.018214,0.996781,0.000472,-0.080155,0.001685,0.006708,-0.043220,-0.002584,-0.201207,-0.252292,0.056432,23.458976,23.458976,23.458173,0.498177,3.265656,-0.577106,0.521908,0.954097
6.750000,1,0,0,2.400000,9.810000,0.900000,30.000000,60.000000,6.000000,0.000000,0.000000,1.500000,0.127242,-0.018906,1.494967,0.000000,0.000000,0.000000,-0.027425,0.023718,-0.013964,0.996700,0.000639,-0.081153,0.001632,0.006308,-0.036691,-0.002627,-0.193636,-0.243208,0.069367,23.458173,23.458173,23.457919,0.498172,3.330055,-0.547620,0.561308,0.955056
6.800000,1,0,0,2.400000,9.810000,0.900000,30.000000,60.000000,6.000000,0.000000,0.000000,1.500000,0.125641,-0.018032,1.494374,0.000000,0.000000,0.000000,-0.036261,0.011455,-0.009788,0.996633,0.000808,-0.081973,0.001579,0.006922,-0.029015,-0.002673,-0.191706,-0.163849,0.078026,23.457919,23.457919,23.457997,0.498174,3.372734,-0.349379,0.588628,0.956285
6.850000,1,0,0,2.400000,9.810000,0.900000,30.000000,60.000000,6.000000,0.000000,0.000000,1.500000,0.123654,-0.017734,1.493984,0.000000,0.000000,0.000000,-0.042826,0.000799,-0.005871,0.996582,0.001005,-0.082592,0.001527,0.008495,-0.020589,-0.002723,-0.144318,-0.129746,0.087861,23.457997,23.457997,23.458262,0.498179,3.515195,-0.258495,0.616948,0.957767
6.900000,1,0,0,2.400000,9.810000,0.900000,30.000000,60.000000,6.000000,0.000000,0.000000,1.500000,0.121401,-0.017910,1.493779,0.000000,0.000000,0.000000,-0.046881,-0.007375,-0.002389,0.996548,0.001251,-0.082996,0.001478,0.010899,-0.011853,-0.002777,-0.093115,-0.093588,0.092771,23.458262,23.458262,23.458656,0.498188,3.656864,-0.160359,0.631636,0.959477
6.950000,1,0,0,2.400000,9.810000,0.900000,30.000000,60.000000,6.000000,0.000000,0.000000,1.500000,0.119010,-0.018419,1.493735,0.000000,0.000000,0.000000,-0.048324,-0.012406,0.000507,0.996532,0.001566,-0.083183,0.001434,0.013942,-0.003260,-0.002837,-0.041857,-0.033771,0.065304,23.458656,23.458656,23.459214,0.498199,3.788609,-0.002257,0.566826,0.961380
7.000000,1,0,0,2.400000,9.810000,0.900000,30.000000,60.000000,6.000000,0.000000,0.000000,1.500000,0.116611,-0.019092,1.493818,0.000000,0.000000,0.000000,-0.047185,-0.013897,0.002691,0.996533,0.001961,-0.083162,0.001395,0.017383,0.004749,-0.002904,0.072935,0.034920,0.055201,23.459214,23.459214,23.460069,0.498218,4.063206,0.180947,0.541931,0.963433
7.050000,1,0,0,2.400000,9.810000,0.900000,30.000000,60.000000,6.000000,0.000000,0.000000,1.500000,0.114331,-0.019748,1.493991,0.000000,0.000000,0.000000,-0.043634,-0.011754,0.004071,0.996550,0.002444,-0.082953,0.001362,0.020944,0.011764,-0.002980,0.094226,0.128268,0.033485,23.460069,23.460069,23.461441,0.498247,4.104711,0.427443,0.487439,0.965588
7.100000,1,0,0,2.400000,9.810000,0.900000,30.000000,60.000000,6.000000,0.000000,0.000000,1.500000,0.112283,-0.020210,1.494211,0.000000,0.000000,0.000000,-0.037964,-0.006189,0.004591,0.996579,0.003015,-0.082585,0.001334,0.024330,0.017433,-0.003063,0.115715,0.179681,0.004426,23.461441,23.461441,23.463621,0.498293,4.139395,0.577390,0.413633,0.967791
7.150000,1,0,0,2.400000,9.810000,0.900000,30.000000,60.000000,6.000000,0.000000,0.000000,1.500000,0.110564,-0.020318,1.494435,0.000000,0.000000,0.000000,-0.030580,0.002298,0.004238,0.996617,0.003664,-0.082095,0.001312,0.027251,0.021483,-0.003149,0.178464,0.252364,-0.034813,23.463621,23.463621,23.466946,0.498364,4.267568,0.782109,0.313732,0.969984
7.200000,1,0,0,2.400000,9.810000,0.900000,30.000000,60.000000,6.000000,0.000000,0.000000,1.500000,0.109246,-0.019944,1.494620,0.000000,0.000000,0.000000,-0.021975,0.012957,0.003035,0.996661,0.004378,-0.081527,0.001293,0.029436,0.023728,-0.003231,0.145487,0.266260,-0.067183,23.466946,23.466946,23.471775,0.498466,4.162512,0.848773,0.228668,0.972111
7.250000,1,0,0,2.400000,9.810000,0.900000,30.000000,60.000000,6.000000,0.000000,0.000000,1.500000,0.108377,-0.019002,1.494726,0.000000,0.000000,0.000000,-0.012706,0.024850,0.001048,0.996706,0.005135,-0.080926,0.001275,0.030655,0.024088,-0.003300,0.156022,0.249803,-0.044144,23.471775,23.471775,23.478460,0.498608,4.160592,0.844631,0.274953,0.974117
7.300000,1,0,0,2.400000,9.810000,0.900000,30.000000,60.000000,6.000000,0.000000,0.000000,1.500000,0.107977,-0.017456,1.494714,0.000000,0.000000,0.000000,-0.003361,0.036928,-0.001624,0.996749,0.005908,-0.080339,0.001258,0.030733,0.022586,-0.003347,0.166781,0.233210,-0.052421,23.478460,23.478460,23.487316,0.498796,4.160153,0.840980,0.244448,0.975948
7.350000,1,0,0,2.400000,9.810000,0.900000,30.000000,60.000000,6.000000,0.000000,0.000000,1.500000,0.108033,-0.015324,1.494554,0.000000,0.000000,0.000000,0.005467,0.048118,-0.004848,0.996787,0.006668,-0.079812,0.001238,0.029565,0.019349,-0.003363,0.173577,0.159232,-0.097499,23.487316,23.487316,23.498603,0.499036,4.153292,0.699031,0.124003,0.977558
7.400000,1,0,0,2.400000,9.810000,0.900000,30.000000,60.000000,6.000000,0.000000,0.000000,1.500000,0.108505,-0.012676,1.494222,0.000000,0.000000,0.000000,0.013217,0.057407,-0.008466,0.996816,0.007383,-0.079385,0.001214,0.027116,0.014604,-0.003343,0.135940,0.124765,-0.162638,23.498603,23.498603,23.512508,0.499331,4.044814,0.649854,-0.046199,0.978906
7.450000,1,0,0,2.400000,9.810000,0.900000,30.000000,60.000000,6.000000,0.000000,0.000000,1.500000,0.109328,-0.009629,1.493704,0.000000,0.000000,0.000000,0.019385,0.063928,-0.012301,0.996834,0.008022,-0.079091,0.001184,0.023432,0.008661,-0.003286,0.087415,0.102890,-0.140544,23.512508,23.512508,23.529134,0.499684,3.916843,0.627370,-0.008626,0.979961
7.500000,1,0,0,2.400000,9.810000,0.900000,30.000000,60.000000,6.000000,0.000000,0.000000,1.500000,0.110410,-0.006340,1.492992,0.000000,0.000000,0.000000,0.023554,0.067029,-0.016163,0.996841,0.008554,-0.078957,0.001146,0.018635,0.001897,-0.003196,0.031557,0.050113,-0.178986,23.529134,23.529134,23.548501,0.500096,3.779122,0.525810,-0.117885,0.980701
7.550000,1,0,0,2.400000,9.810000,0.900000,30.000000,60.000000,6.000000,0.000000,0.000000,1.500000,0.111645,-0.002990,1.492090,0.000000,0.000000,0.000000,0.025414,0.066329,-0.019864,0.996834,0.008955,-0.078998,0.001098,0.012913,-0.005265,-0.003083,-0.063488,-0.024762,-0.144893,23.548501,23.548501,23.570540,0.500564,3.555936,0.365094,-0.054552,0.981113
7.600000,1,0,0,2.400000,9.810000,0.900000,30.000000,60.000000,6.000000,0.000000,0.000000,1.500000,0.112910,0.000228,1.491011,0.000000,0.000000,0.000000,0.024780,0.061744,-0.023216,0.996814,0.009205,-0.079217,0.001040,0.006514,-0.012378,-0.002960,-0.140290,-0.130603,-0.130185,23.570540,23.570540,23.595103,0.501085,3.385334,0.122981,-0.039163,0.981196
7.650000,1,0,0,2.400000,9.810000,0.900000,30.000000,60.000000,6.000000,0.000000,0.000000,1.500000,0.114080,0.003123,1.489777,0.000000,0.000000,0.000000,0.021601,0.053502,-0.026050,0.996782,0.009289,-0.079609,0.000971,-0.000273,-0.018997,-0.002843,-0.207808,-0.192472,-0.100508,23.595103,23.595103,23.621969,0.501656,3.245500,-0.021336,0.010820,0.980960
7.700000,1,0,0,2.400000,9.810000,0.900000,30.000000,60.000000,6.000000,0.000000,0.000000,1.500000,0.115029,0.005526,1.488417,0.000000,0.000000,0.000000,0.015963,0.042119,-0.028216,0.996740,0.009203,-0.080155,0.000889,-0.007134,-0.024706,-0.002746,-0.218988,-0.259598,-0.032013,23.621969,23.621969,23.650849,0.502269,3.248531,-0.186310,0.152734,0.980425
7.750000,1,0,0,2.400000,9.810000,0.900000,30.000000,60.000000,6.000000,0.000000,0.000000,1.500000,0.115639,0.007296,1.486969,0.000000,0.000000,0.000000,0.008085,0.028361,-0.029592,0.996688,0.008948,-0.080828,0.000794,-0.013751,-0.029136,-0.002682,-0.260322,-0.299058,-0.040176,23.650849,23.650849,23.681397,0.502918,3.185546,-0.292858,0.109549,0.979620
7.800000,1,0,0,2.400000,9.810000,0.900000,30.000000,60.000000,6.000000,0.000000,0.000000,1.500000,0.115806,0.008338,1.485473,0.000000,0.000000,0.000000,-0.001691,0.013182,-0.030090,0.996629,0.008534,-0.081593,0.000686,-0.019818,-0.031990,-0.002657,-0.288206,-0.304684,-0.046419,23.681397,23.681397,23.713215,0.503594,3.159480,-0.325749,0.069961,0.978583
7.850000,1,0,0,2.400000,9.810000,0.900000,30.000000,60.000000,6.000000,0.000000,0.000000,1.500000,0.115446,0.008608,1.483975,0.000000,0.000000,0.000000,-0.012921,-0.002353,-0.029662,0.996567,0.007979,-0.082407,0.000567,-0.025064,-0.033057,-0.002672,-0.291932,-0.333654,-0.023985,23.713215,23.713215,23.745863,0.504287,3.194007,-0.421434,0.098309,0.977360
7.900000,1,0,0,2.400000,9.810000,0.900000,30.000000,60.000000,6.000000,0.000000,0.000000,1.500000,0.114498,0.008115,1.482522,0.000000,0.000000,0.000000,-0.025078,-0.017153,-0.028296,0.996504,0.007306,-0.083224,0.000437,-0.029268,-0.032226,-0.002724,-0.309155,-0.280332,-0.009386,23.745863,23.745863,23.778870,0.504988,3.196516,-0.325313,0.107087,0.976000
7.950000,1,0,0,2.400000,9.810000,0.900000,30.000000,60.000000,6.000000,0.000000,0.000000,1.500000,0.112932,0.006922,1.481161,0.000000,0.000000,0.000000,-0.037583,-0.030191,-0.026024,0.996445,0.006543,-0.083997,0.000299,-0.032272,-0.029491,-0.002801,-0.290420,-0.201277,0.015987,23.778870,23.778870,23.811750,0.505686,3.283383,-0.171818,0.141076,0.974559
8.000000,1,0,0,2.400000,9.810000,0.900000,30.000000,60.000000,6.000000,0.000000,0.000000,1.500000,0.110744,0.005140,1.479934,0.000000,0.000000,0.000000,-0.049831,-0.040582,-0.022915,0.996392,0.005721,-0.084678,0.000153,-0.033988,-0.024950,-0.002891,-0.291024,-0.128958,0.034879,23.811750,23.811750,23.844019,0.506371,3.319614,-0.037412,0.158995,0.973092
8.050000,1,0,0,2.400000,9.810000,0.900000,30.000000,60.000000,6.000000,0.000000,0.000000,1.500000,0.107963,0.002919,1.478881,0.000000,0.000000,0.000000,-0.061228,-0.047660,-0.019075,0.996350,0.004873,-0.085226,0.000005,-0.034410,-0.018801,-0.002981,-0.265972,-0.104959,0.059898,23.844019,23.844019,23.875220,0.507034,3.411075,-0.020360,0.191246,0.971654
8.100000,1,0,0,2.400000,9.810000,0.900000,30.000000,60.000000,6.000000,0.000000,0.000000,1.500000,0.104645,0.000436,1.478036,0.000000,0.000000,0.000000,-0.071217,-0.051026,-0.014641,0.996321,0.004030,-0.085603,-0.000145,-0.033606,-0.011335,-0.003059,-0.202709,-0.019615,0.084107,23.875220,23.875220,23.904941,0.507665,3.586067,0.144039,0.221322,0.970299
8.150000,1,0,0,2.400000,9.810000,0.900000,30.000000,60.000000,6.000000,0.000000,0.000000,1.500000,0.100873,-0.002120,1.477425,0.000000,0.000000,0.000000,-0.079310,-0.050582,-0.009775,0.996309,0.003221,-0.085782,-0.000293,-0.031716,-0.002914,-0.003116,-0.116702,0.053193,0.093201,23.904941,23.904941,23.932844,0.508258,3.806027,0.279871,0.215045,0.969075
8.200000,1,0,0,2.400000,9.810000,0.900000,30.000000,60.000000,6.000000,0.000000,0.000000,1.500000,0.096752,-0.004562,1.477063,0.000000,0.000000,0.000000,-0.085111,-0.046537,-0.004660,0.996314,0.002470,-0.085743,-0.000436,-0.028944,0.006047,-0.003146,-0.106539,0.105613,0.074291,23.932844,23.932844,23.958680,0.508806,3.833363,0.369489,0.141646,0.968024
8.250000,1,0,0,2.400000,9.810000,0.900000,30.000000,60.000000,6.000000,0.000000,0.000000,1.500000,0.092405,-0.006722,1.476959,0.000000,0.000000,0.000000,-0.088339,-0.039391,0.000512,0.996338,0.001798,-0.085479,-0.000572,-0.025542,0.015100,-0.003150,-0.030489,0.184924,0.100638,23.958680,23.958680,23.982310,0.509308,4.007783,0.527296,0.177117,0.967181
8.300000,1,0,0,2.400000,9.810000,0.900000,30.000000,60.000000,6.000000,0.000000,0.000000,1.500000,0.087964,-0.008462,1.477112,0.000000,0.000000,0.000000,-0.088843,-0.029892,0.005548,0.996381,0.001215,-0.084992,-0.000701,-0.021793,0.023792,-0.003131,0.013736,0.234081,0.106241,23.982310,23.982310,24.003706,0.509763,4.094882,0.616989,0.163222,0.966571
8.350000,1,0,0,2.400000,9.810000,0.900000,30.000000,60.000000,6.000000,0.000000,0.000000,1.500000,0.083566,-0.009687,1.477509,0.000000,0.000000,0.000000,-0.086606,-0.018976,0.010260,0.996440,0.000726,-0.084299,-0.000820,-0.017995,0.031688,-0.003095,0.120556,0.234029,0.095512,24.003706,24.003706,24.022951,0.510171,4.321926,0.593103,0.110703,0.966210
8.400000,1,0,0,2.400000,9.810000,0.900000,30.000000,60.000000,6.000000,0.000000,0.000000,1.500000,0.079347,-0.010353,1.478130,0.000000,0.000000,0.000000,-0.081750,-0.007687,0.014475,0.996514,0.000330,-0.083423,-0.000930,-0.014438,0.038397,-0.003047,0.167431,0.209831,0.094346,24.022951,24.022951,24.040228,0.510538,4.395994,0.515690,0.081852,0.966103
8.450000,1,0,0,2.400000,9.810000,0.900000,30.000000,60.000000,6.000000,0.000000,0.000000,1.500000,0.075431,-0.010468,1.478946,0.000000,0.000000,0.000000,-0.074528,0.002905,0.018041,0.996599,0.000017,-0.082398,-0.001031,-0.011387,0.043589,-0.002994,0.207795,0.182784,0.136440,24.040228,24.040228,24.055799,0.510869,4.446952,0.435428,0.157665,0.966245
8.500000,1,0,0,2.400000,9.810000,0.900000,30.000000,60.000000,6.000000,0.000000,0.000000,1.500000,0.071927,-0.010091,1.479921,0.000000,0.000000,0.000000,-0.065311,0.011792,0.020835,0.996692,-0.000228,-0.081265,-0.001126,-0.009065,0.047019,-0.002939,0.222406,0.174552,0.125330,24.055799,24.055799,24.069976,0.511170,4.430604,0.403568,0.106724,0.966619
8.550000,1,0,0,2.400000,9.810000,0.900000,30.000000,60.000000,6.000000,0.000000,0.000000,1.500000,0.068925,-0.009331,1.481015,0.000000,0.000000,0.000000,-0.054566,0.018112,0.022770,0.996788,-0.000427,-0.080070,-0.001216,-0.007636,0.048536,-0.002884,0.246578,0.112066,0.085078,24.069976,24.069976,24.083099,0.511449,4.433944,0.243771,-0.013146,0.967201
8.600000,1,0,0,2.400000,9.810000,0.900000,30.000000,60.000000,6.000000,0.000000,0.000000,1.500000,0.066487,-0.008334,1.482183,0.000000,0.000000,0.000000,-0.042837,0.021221,0.023793,0.996885,-0.000603,-0.078862,-0.001302,-0.007199,0.048095,-0.002830,0.272144,0.040916,0.096391,24.083099,24.083099,24.095501,0.511712,4.439736,0.064308,-0.008191,0.967955
8.650000,1,0,0,2.400000,9.810000,0.900000,30.000000,60.000000,6.000000,0.000000,0.000000,1.500000,0.064648,-0.007269,1.483379,0.000000,0.000000,0.000000,-0.030713,0.020742,0.023896,0.996976,-0.000780,-0.077688,-0.001387,-0.007775,0.045753,-0.002776,0.332958,-0.051563,0.051972,24.095501,24.095501,24.107489,0.511967,4.531594,-0.166432,-0.135885,0.968839
8.700000,1,0,0,2.400000,9.810000,0.900000,30.000000,60.000000,6.000000,0.000000,0.000000,1.500000,0.063412,-0.006321,1.484557,0.000000,0.000000,0.000000,-0.018796,0.016597,0.023106,0.997061,-0.000984,-0.076595,-0.001473,-0.009313,0.041673,-0.002723,0.332248,-0.112944,0.019245,24.107489,24.107489,24.119319,0.512218,4.479491,-0.323833,-0.234389,0.969805
8.750000,1,0,0,2.400000,9.810000,0.900000,30.000000,60.000000,6.000000,0.000000,0.000000,1.500000,0.062755,-0.005667,1.485676,0.000000,0.000000,0.000000,-0.007673,0.009018,0.021493,0.997135,-0.001238,-0.075622,-0.001561,-0.011687,0.036112,-0.002670,0.305066,-0.202196,-0.007292,24.119319,24.119319,24.131183,0.512470,4.369530,-0.550516,-0.316881,0.970801
8.800000,1,0,0,2.400000,9.810000,0.900000,30.000000,60.000000,6.000000,0.000000,0.000000,1.500000,0.062623,-0.005467,1.486695,0.000000,0.000000,0.000000,0.002117,-0.001475,0.019161,0.997196,-0.001560,-0.074803,-0.001653,-0.014707,0.029404,-0.002619,0.272899,-0.261155,0.024282,24.131183,24.131183,24.143202,0.512725,4.254892,-0.707799,-0.258734,0.971771
8.850000,1,0,0,2.400000,9.810000,0.900000,30.000000,60.000000,6.000000,0.000000,0.000000,1.500000,0.062937,-0.005850,1.487582,0.000000,0.000000,0.000000,0.010110,-0.014118,0.016245,0.997243,-0.001962,-0.074161,-0.001749,-0.018134,0.021947,-0.002573,0.215465,-0.279008,-0.007290,24.143202,24.143202,24.155424,0.512985,4.088068,-0.770384,-0.350941,0.972661
8.900000,1,0,0,2.400000,9.810000,0.900000,30.000000,60.000000,6.000000,0.000000,0.000000,1.500000,0.063598,-0.006899,1.488312,0.000000,0.000000,0.000000,0.015941,-0.027958,0.012906,0.997275,-0.002453,-0.073710,-0.001851,-0.021690,0.014175,-0.002536,0.180809,-0.291205,0.006012,24.155424,24.155424,24.167817,0.513248,3.985022,-0.823686,-0.334222,0.973417
8.950000,1,0,0,2.400000,9.810000,0.900000,30.000000,60.000000,6.000000,0.000000,0.000000,1.500000,0.064491,-0.008648,1.488868,0.000000,0.000000,0.000000,0.019365,-0.041935,0.009323,0.997292,-0.003032,-0.073452,-0.001957,-0.025083,0.006539,-0.002510,0.119131,-0.288306,-0.030093,24.167817,24.167817,24.180278,0.513513,3.826355,-0.845042,-0.434817,0.973990
9.000000,1,0,0,2.400000,9.810000,0.900000,30.000000,60.000000,6.000000,0.000000,0.000000,1.500000,0.065492,-0.011077,1.489243,0.000000,0.000000,0.000000,0.020267,-0.054966,0.005683,0.997295,-0.003691,-0.073377,-0.002069,-0.028020,-0.000522,-0.002496,0.058123,-0.275276,-0.045051,24.180278,24.180278,24.192631,0.513775,3.678095,-0.845997,-0.483358,0.974337
9.050000,1,0,0,2.400000,9.810000,0.900000,30.000000,60.000000,6.000000,0.000000,0.000000,1.500000,0.066476,-0.014112,1.489439,0.000000,0.000000,0.000000,0.018669,-0.066035,0.002178,0.997285,-0.004414,-0.073467,-0.002184,-0.030230,-0.006601,-0.002491,-0.019696,-0.225693,-0.044607,24.192631,24.192631,24.204632,0.514030,3.497344,-0.762423,-0.493589,0.974420
9.100000,1,0,0,2.400000,9.810000,0.900000,30.000000,60.000000,6.000000,0.000000,0.000000,1.500000,0.067320,-0.017633,1.489466,0.000000,0.000000,0.000000,0.014728,-0.074270,-0.001010,0.997265,-0.005181,-0.073693,-0.002302,-0.031481,-0.011350,-0.002488,-0.052681,-0.163473,-0.024073,24.204632,24.204632,24.215977,0.514271,3.430638,-0.650693,-0.454215,0.974213
9.150000,1,0,0,2.400000,9.810000,0.900000,30.000000,60.000000,6.000000,0.000000,0.000000,1.500000,0.067914,-0.021481,1.489346,0.000000,0.000000,0.000000,0.008729,-0.079020,-0.003712,0.997236,-0.005966,-0.074017,-0.002421,-0.031597,-0.014497,-0.002480,-0.089186,-0.128012,-0.026551,24.215977,24.215977,24.226306,0.514490,3.360128,-0.604076,-0.468641,0.973696
9.200000,1,0,0,2.400000,9.810000,0.900000,30.000000,60.000000,6.000000,0.000000,0.000000,1.500000,0.068165,-0.025471,1.489106,0.000000,0.000000,0.000000,0.001068,-0.079903,-0.005783,0.997203,-0.006739,-0.074398,-0.002538,-0.030469,-0.015861,-0.002457,-0.140931,-0.041849,-0.040612,24.226306,24.226306,24.235214,0.514679,3.255609,-0.435202,-0.509390,0.972863
9.250000,1,0,0,2.400000,9.810000,0.900000,30.000000,60.000000,6.000000,0.000000,0.000000,1.500000,0.068001,-0.029405,1.488780,0.000000,0.000000,0.000000,-0.007767,-0.076840,-0.007107,0.997168,-0.007468,-0.074789,-0.002650,-0.028059,-0.015362,-0.002406,-0.205058,0.034585,-0.041347,24.235214,24.235214,24.242274,0.514829,3.121697,-0.287547,-0.516628,0.971716
9.300000,1,0,0,2.400000,9.810000,0.900000,30.000000,60.000000,6.000000,0.000000,0.000000,1.500000,0.067378,-0.033092,1.488409,0.000000,0.000000,0.000000,-0.017224,-0.070058,-0.007601,0.997136,-0.008121,-0.075145,-0.002756,-0.024412,-0.013027,-0.002321,-0.208876,0.115519,-0.034398,24.242274,24.242274,24.247048,0.514931,3.130569,-0.125404,-0.503847,0.970269
9.350000,1,0,0,2.400000,9.810000,0.900000,30.000000,60.000000,6.000000,0.000000,0.000000,1.500000,0.066278,-0.036358,1.488035,0.000000,0.000000,0.000000,-0.026715,-0.060076,-0.007220,0.997110,-0.008669,-0.075422,-0.002851,-0.019646,-0.008986,-0.002197,-0.158968,0.158710,0.002872,24.247048,24.247048,24.249122,0.514975,3.264232,-0.048690,-0.416653,0.968545
9.400000,1,0,0,2.400000,9.810000,0.900000,30.000000,60.000000,6.000000,0.000000,0.000000,1.500000,0.064716,-0.039059,1.487702,0.000000,0.000000,0.000000,-0.035646,-0.047661,-0.005961,0.997094,-0.009086,-0.075579,-0.002935,-0.013946,-0.003467,-0.002035,-0.117709,0.179873,-0.020246,24.249122,24.249122,24.248128,0.514953,3.371017,-0.018413,-0.472675,0.966579
9.450000,1,0,0,2.400000,9.810000,0.900000,30.000000,60.000000,6.000000,0.000000,0.000000,1.500000,0.062733,-0.041099,1.487453,0.000000,0.000000,0.000000,-0.043452,-0.033764,-0.003859,0.997091,-0.009351,-0.075584,-0.003003,-0.007560,0.003218,-0.001841,-0.097945,0.256347,0.000294,24.248128,24.248128,24.243772,0.514861,3.418452,0.152051,-0.422123,0.964412
9.500000,1,0,0,2.400000,9.810000,0.900000,30.000000,60.000000,6.000000,0.000000,0.000000,1.500000,0.060398,-0.042429,1.487328,0.000000,0.000000,0.000000,-0.049622,-0.019447,-0.000988,0.997103,-0.009452,-0.075412,-0.003056,-0.000773,0.010691,-0.001628,-0.076983,0.283439,0.039531,24.243772,24.243772,24.235864,0.514693,3.459792,0.212121,-0.324818,0.962091
9.550000,1,0,0,2.400000,9.810000,0.900000,30.000000,60.000000,6.000000,0.000000,0.000000,1.500000,0.057805,-0.043055,1.487365,0.000000,0.000000,0.000000,-0.053731,-0.005792,0.002541,0.997131,-0.009381,-0.075049,-0.003093,0.006099,0.018526,-0.001410,-0.047078,0.226503,0.060588,24.235864,24.235864,24.224331,0.514448,3.512910,0.078943,-0.269179,0.959671
9.600000,1,0,0,2.400000,9.810000,0.900000,30.000000,60.000000,6.000000,0.000000,0.000000,1.500000,0.055065,-0.043036,1.487591,0.000000,0.000000,0.000000,-0.055457,0.006179,0.006589,0.997175,-0.009141,-0.074491,-0.003113,0.012739,0.026275,-0.001203,0.003480,0.176465,0.096209,24.224331,24.224331,24.209227,0.514127,3.605753,-0.029350,-0.176545,0.957208
9.650000,1,0,0,2.400000,9.810000,0.900000,30.000000,60.000000,6.000000,0.000000,0.000000,1.500000,0.052302,-0.042479,1.488030,0.000000,0.000000,0.000000,-0.054606,0.015595,0.010989,0.997234,-0.008742,-0.073746,-0.003118,0.018841,0.033491,-0.001022,0.040352,0.099126,0.107414,24.209227,24.209227,24.190734,0.513735,3.656297,-0.195325,-0.140413,0.954759
9.700000,1,0,0,2.400000,9.810000,0.900000,30.000000,60.000000,6.000000,0.000000,0.000000,1.500000,0.049648,-0.041530,1.488693,0.000000,0.000000,0.000000,-0.051113,0.021801,0.015561,0.997306,-0.008200,-0.072832,-0.003110,0.024132,0.039757,-0.000879,0.093434,0.001406,0.118705,24.190734,24.190734,24.169150,0.513276,3.737235,-0.403223,-0.101949,0.952381
9.750000,1,0,0,2.400000,9.810000,0.900000,30.000000,60.000000,6.000000,0.000000,0.000000,1.500000,0.047234,-0.040359,1.489585,0.000000,0.000000,0.000000,-0.045054,0.024411,0.020111,0.997387,-0.007538,-0.071778,-0.003091,0.028388,0.044702,-0.000779,0.117181,-0.060573,0.101204,24.169150,24.169150,24.144865,0.512760,3.740679,-0.519509,-0.130470,0.950128
9.800000,1,0,0,2.400000,9.810000,0.900000,30.000000,60.000000,6.000000,0.000000,0.000000,1.500000,0.045182,-0.039151,1.490701,0.000000,0.000000,0.000000,-0.036638,0.023339,0.024450,0.997475,-0.006784,-0.070621,-0.003064,0.031449,0.048027,-0.000721,0.189909,-0.127546,0.073215,24.144865,24.144865,24.118340,0.512197,3.856433,-0.643343,-0.182091,0.948049
9.850000,1,0,0,2.400000,9.810000,0.900000,30.000000,60.000000,6.000000,0.000000,0.000000,1.500000,0.043604,-0.038083,1.492024,0.000000,0.000000,0.000000,-0.026198,0.018809,0.028391,0.997566,-0.005970,-0.069403,-0.003033,0.033226,0.049520,-0.000699,0.253839,-0.158430,0.075142,24.118340,24.118340,24.090071,0.511597,3.947972,-0.677663,-0.159934,0.946186
9.900000,1,0,0,2.400000,9.810000,0.900000,30.000000,60.000000,6.000000,0.000000,0.000000,1.500000,0.042589,-0.037319,1.493530,0.000000,0.000000,0.000000,-0.014171,0.011330,0.031766,0.997656,-0.005128,-0.068172,-0.003000,0.033708,0.049069,-0.000704,0.348483,-0.235596,0.021847,24.090071,24.090071,24.060563,0.510970,4.112472,-0.821766,-0.268456,0.944572
9.950000,1,0,0,2.400000,9.810000,0.900000,30.000000,60.000000,6.000000,0.000000,0.000000,1.500000,0.042204,-0.036987,1.495188,0.000000,0.000000,0.000000,-0.001081,0.001660,0.034431,0.997741,-0.004289,-0.066977,-0.002966,0.032961,0.046666,-0.000721,0.334751,-0.261901,-0.022678,24.060563,24.060563,24.030303,0.510328,4.018517,-0.844058,-0.354238,0.943234
10.000000,1,0,0,2.400000,9.810000,0.900000,30.000000,60.000000,6.000000,0.000000,0.000000,1.500000,0.042489,-0.037174,1.496960,0.000000,0.000000,0.000000,0.012494,-0.009262,0.036268,0.997818,-0.003483,-0.065865,-0.002936,0.031124,0.042409,-0.000739,0.340254,-0.282356,-0.041964,24.030303,24.030303,23.999737,0.509678,3.974711,-0.853994,-0.377939,0.942186
10.050000,1,0,0,2.400000,9.810000,0.900000,30.000000,60.000000,6.000000,0.000000,0.000000,1.500000,0.043452,-0.037917,1.498800,0.000000,0.000000,0.000000,0.025946,-0.020388,0.037197,0.997885,-0.002735,-0.064880,-0.002909,0.028397,0.036495,-0.000747,0.384261,-0.264598,-0.075623,23.999737,23.999737,23.969260,0.509031,4.029447,-0.775103,-0.434826,0.941431
10.100000,1,0,0,2.400000,9.810000,0.900000,30.000000,60.000000,6.000000,0.000000,0.000000,1.500000,0.045071,-0.039198,1.500663,0.000000,0.000000,0.000000,0.038676,-0.030649,0.037175,0.997940,-0.002064,-0.064060,-0.002886,0.025032,0.029213,-0.000736,0.328061,-0.233503,-0.034058,23.969260,23.969260,23.939203,0.508393,3.851652,-0.668015,-0.310072,0.940964
10.150000,1,0,0,2.400000,9.810000,0.900000,30.000000,60.000000,6.000000,0.000000,0.000000,1.500000,0.047298,-0.040950,1.502502,0.000000,0.000000,0.000000,0.050118,-0.039044,0.036200,0.997981,-0.001483,-0.063434,-0.002868,0.021310,0.020925,-0.000704,0.285176,-0.148690,-0.073036,23.939203,23.939203,23.909831,0.507769,3.715208,-0.436408,-0.377727,0.940767
10.200000,1,0,0,2.400000,9.810000,0.900000,30.000000,60.000000,6.000000,0.000000,0.000000,1.500000,0.050053,-0.043057,1.504268,0.000000,0.000000,0.000000,0.059771,-0.044719,0.034310,0.998007,-0.000996,-0.063023,-0.002855,0.017529,0.012046,-0.000650,0.263717,-0.055538,-0.089784,23.909831,23.909831,23.881344,0.507164,3.640537,-0.189429,-0.391327,0.940814
10.250000,1,0,0,2.400000,9.810000,0.900000,30.000000,60.000000,6.000000,0.000000,0.000000,1.500000,0.053238,-0.045366,1.505919,0.000000,0.000000,0.000000,0.067226,-0.047039,0.031580,0.998020,-0.000602,-0.062837,-0.002846,0.013980,0.003023,-0.000578,0.191140,-0.003407,-0.084480,23.881344,23.881344,23.853879,0.506581,3.453962,-0.045422,-0.351491,0.941069
10.300000,1,0,0,2.400000,9.810000,0.900000,30.000000,60.000000,6.000000,0.000000,0.000000,1.500000,0.056734,-0.047699,1.507414,0.000000,0.000000,0.000000,0.072186,-0.045639,0.028124,0.998018,-0.000292,-0.062872,-0.002840,0.010929,-0.005691,-0.000492,0.166516,0.084843,-0.078082,23.853879,23.853879,23.827508,0.506021,3.393134,0.181202,-0.308688,0.941489
10.350000,1,0,0,2.400000,9.810000,0.900000,30.000000,60.000000,6.000000,0.000000,0.000000,1.500000,0.060412,-0.049867,1.508721,0.000000,0.000000,0.000000,0.074481,-0.040459,0.024083,0.998002,-0.000050,-0.063116,-0.002835,0.008600,-0.013661,-0.000397,0.045151,0.206428,-0.064854,23.827508,23.827508,23.802244,0.505484,3.110144,0.484518,-0.249317,0.942026
10.400000,1,0,0,2.400000,9.810000,0.900000,30.000000,60.000000,6.000000,0.000000,0.000000,1.500000,0.064137,-0.051686,1.509815,0.000000,0.000000,0.000000,0.074076,-0.031741,0.019624,0.997975,0.000144,-0.063545,-0.002832,0.007160,-0.020495,-0.000296,-0.004483,0.249808,-0.092684,23.802244,23.802244,23.778040,0.504970,3.008182,0.597810,-0.288457,0.942628
10.450000,1,0,0,2.400000,9.810000,0.900000,30.000000,60.000000,6.000000,0.000000,0.000000,1.500000,0.067777,-0.052991,1.510680,0.000000,0.000000,0.000000,0.071077,-0.020021,0.014930,0.997938,0.000314,-0.064128,-0.002827,0.006710,-0.025865,-0.000193,-0.088252,0.268621,-0.106269,23.778040,23.778040,23.754795,0.504477,2.831603,0.650948,-0.293515,0.943240
10.500000,1,0,0,2.400000,9.810000,0.900000,30.000000,60.000000,6.000000,0.000000,0.000000,1.500000,0.071206,-0.053651,1.511308,0.000000,0.000000,0.000000,0.065718,-0.006076,0.010192,0.997893,0.000484,-0.064823,-0.002820,0.007274,-0.029523,-0.000088,-0.082877,0.287737,-0.060913,23.754795,23.754795,23.732356,0.504000,2.874370,0.704839,-0.157341,0.943808
10.550000,1,0,0,2.400000,9.810000,0.900000,30.000000,60.000000,6.000000,0.000000,0.000000,1.500000,0.074315,-0.053577,1.511701,0.000000,0.000000,0.000000,0.058353,0.009132,0.005604,0.997843,0.000681,-0.065586,-0.002808,0.008803,-0.031319,0.000018,-0.094613,0.281131,-0.043184,23.732356,23.732356,23.710527,0.503537,2.879330,0.698211,-0.087805,0.944280
10.600000,1,0,0,2.400000,9.810000,0.900000,30.000000,60.000000,6.000000,0.000000,0.000000,1.500000,0.077015,-0.052734,1.511874,0.000000,0.000000,0.000000,0.049438,0.024532,0.001350,0.997791,0.000926,-0.066371,-0.002791,0.011173,-0.031205,0.000124,-0.120101,0.283054,-0.073759,23.710527,23.710527,23.689083,0.503081,2.852292,0.714359,-0.134615,0.944608
10.650000,1,0,0,2.400000,9.810000,0.900000,30.000000,60.000000,6.000000,0.000000,0.000000,1.500000,0.079242,-0.051139,1.511845,0.000000,0.000000,0.000000,0.039505,0.039038,-0.002403,0.997740,0.001239,-0.067129,-0.002766,0.014198,-0.029239,0.000229,-0.150347,0.261277,-0.032307,23.689083,23.689083,23.667786,0.502629,2.812593,0.676829,-0.009046,0.944750
10.700000,1,0,0,2.400000,9.810000,0.900000,30.000000,60.000000,6.000000,0.000000,0.000000,1.500000,0.080958,-0.048862,1.511644,0.000000,0.000000,0.000000,0.029133,0.051626,-0.005509,0.997693,0.001633,-0.067817,-0.002733,0.017638,-0.025581,0.000330,-0.179100,0.189485,-0.032915,23.667786,23.667786,23.646402,0.502175,2.773127,0.523107,0.015049,0.944672
10.750000,1,0,0,2.400000,9.810000,0.900000,30.000000,60.000000,6.000000,0.000000,0.000000,1.500000,0.082158,-0.046023,1.511307,0.000000,0.000000,0.000000,0.018919,0.061427,-0.007854,0.997652,0.002115,-0.068396,-0.002692,0.021218,-0.020488,0.000421,-0.170343,0.128589,-0.035699,23.646402,23.646402,23.624727,0.501714,2.818475,0.399708,0.033367,0.944348
10.800000,1,0,0,2.400000,9.810000,0.900000,30.000000,60.000000,6.000000,0.000000,0.000000,1.500000,0.082863,-0.042777,1.510873,0.000000,0.000000,0.000000,0.009448,0.067788,-0.009359,0.997621,0.002686,-0.068833,-0.002642,0.024644,-0.014292,0.000499,-0.157726,0.081667,0.033068,23.624727,23.624727,23.602606,0.501245,2.866371,0.314012,0.222842,0.943761
10.850000,1,0,0,2.400000,9.810000,0.900000,30.000000,60.000000,6.000000,0.000000,0.000000,1.500000,0.083124,-0.039308,1.510385,0.000000,0.000000,0.000000,0.001258,0.070328,-0.009982,0.997600,0.003337,-0.069106,-0.002584,0.027624,-0.007389,0.000559,-0.126422,-0.026307,0.056554,23.602606,23.602606,23.579951,0.500763,2.951330,0.085589,0.303085,0.942907
10.900000,1,0,0,2.400000,9.810000,0.900000,30.000000,60.000000,6.000000,0.000000,0.000000,1.500000,0.083018,-0.035810,1.509889,0.000000,0.000000,0.000000,-0.005183,0.068969,-0.009722,0.997591,0.004055,-0.069203,-0.002520,0.029886,-0.000213,0.000598,-0.086809,-0.106464,0.057127,23.579951,23.579951,23.556750,0.500271,3.047875,-0.072972,0.327780,0.941791
10.950000,1,0,0,2.400000,9.810000,0.900000,30.000000,60.000000,6.000000,0.000000,0.000000,1.500000,0.082641,-0.032472,1.509427,0.000000,0.000000,0.000000,-0.009506,0.063942,-0.008617,0.997594,0.004818,-0.069122,-0.002452,0.031196,0.006789,0.000617,-0.052018,-0.165453,0.101303,23.556750,23.556750,23.533081,0.499768,3.124454,-0.178629,0.456571,0.940429
11.000000,1,0,0,2.400000,9.810000,0.900000,30.000000,60.000000,6.000000,0.000000,0.000000,1.500000,0.082107,-0.029468,1.509040,0.000000,0.000000,0.000000,-0.011459,0.055765,-0.006745,0.997607,0.005600,-0.068873,-0.002381,0.031377,0.013177,0.000621,-0.009742,-0.225974,0.106594,23.533081,23.533081,23.509101,0.499259,3.211088,-0.287105,0.491480,0.938846
11.050000,1,0,0,2.400000,9.810000,0.900000,30.000000,60.000000,6.000000,0.000000,0.000000,1.500000,0.081537,-0.026936,1.508764,0.000000,0.000000,0.000000,-0.010920,0.045202,-0.004218,0.997630,0.006372,-0.068477,-0.002310,0.030315,0.018548,0.000618,0.029149,-0.269853,0.132680,23.509101,23.509101,23.485049,0.498748,3.282683,-0.356191,0.575714,0.937078
11.100000,1,0,0,2.400000,9.810000,0.900000,30.000000,60.000000,6.000000,0.000000,0.000000,1.500000,0.081056,-0.024972,1.508627,0.000000,0.000000,0.000000,-0.007902,0.033200,-0.001178,0.997660,0.007102,-0.067963,-0.002241,0.027972,0.022556,0.000620,0.098683,-0.243411,0.096849,23.485049,23.485049,23.461225,0.498242,3.422347,-0.258553,0.510710,0.935166
11.150000,1,0,0,2.400000,9.810000,0.900000,30.000000,60.000000,6.000000,0.000000,0.000000,1.500000,0.080785,-0.023622,1.508652,0.000000,0.000000,0.000000,-0.002556,0.020814,0.002211,0.997696,0.007757,-0.067369,-0.002176,0.024388,0.024930,0.000640,0.138741,-0.238227,0.050411,23.461225,23.461225,23.437977,0.497748,3.487595,-0.215467,0.419545,0.933160
11.200000,1,0,0,2.400000,9.810000,0.900000,30.000000,60.000000,6.000000,0.000000,0.000000,1.500000,0.080835,-0.022879,1.508851,0.000000,0.000000,0.000000,0.004840,0.009117,0.005766,0.997734,0.008309,-0.066737,-0.002118,0.019679,0.025491,0.000689,0.156041,-0.228658,0.065077,23.437977,23.437977,23.415685,0.497275,3.496614,-0.166775,0.474223,0.931114
11.250000,1,0,0,2.400000,9.810000,0.900000,30.000000,60.000000,6.000000,0.000000,0.000000,1.500000,0.081297,-0.022682,1.509228,0.000000,0.000000,0.000000,0.013895,-0.000883,0.009299,0.997772,0.008732,-0.066115,-0.002066,0.014031,0.024162,0.000776,0.211791,-0.210991,0.044797,23.415685,23.415685,23.394741,0.496830,3.598512,-0.104772,0.444109,0.929084
11.300000,1,0,0,2.400000,9.810000,0.900000,30.000000,60.000000,6.000000,0.000000,0.000000,1.500000,0.082244,-0.022925,1.509777,0.000000,0.000000,0.000000,0.024124,-0.008329,0.012619,0.997807,0.009003,-0.065549,-0.002022,0.007685,0.020970,0.000906,0.265043,-0.118451,0.045246,23.394741,23.394741,23.375535,0.496422,3.697247,0.129859,0.462684,0.927126
11.350000,1,0,0,2.400000,9.810000,0.900000,30.000000,60.000000,6.000000,0.000000,0.000000,1.500000,0.083720,-0.023462,1.510483,0.000000,0.000000,0.000000,0.034974,-0.012584,0.015548,0.997836,0.009111,-0.065085,-0.001986,0.000930,0.016050,0.001076,0.323129,-0.033976,0.017310,23.375535,23.375535,23.358443,0.496059,3.812546,0.337430,0.411929,0.925297
11.400000,1,0,0,2.400000,9.810000,0.900000,30.000000,60.000000,6.000000,0.000000,0.000000,1.500000,0.085742,-0.024123,1.511323,0.000000,0.000000,0.000000,0.045856,-0.013279,0.017921,0.997858,0.009047,-0.064762,-0.001958,-0.005923,0.009630,0.001279,0.279773,0.013402,-0.001462,23.358443,23.358443,23.343814,0.495749,3.691262,0.447986,0.381805,0.923647
11.450000,1,0,0,2.400000,9.810000,0.900000,30.000000,60.000000,6.000000,0.000000,0.000000,1.500000,0.088296,-0.024729,1.512264,0.000000,0.000000,0.000000,0.056170,-0.010349,0.019599,0.997870,0.008814,-0.064614,-0.001937,-0.012553,0.002025,0.001501,0.250036,0.067978,-0.025704,23.343814,23.343814,23.331962,0.495497,3.611132,0.567925,0.337042,0.922224
11.500000,1,0,0,2.400000,9.810000,0.900000,30.000000,60.000000,6.000000,0.000000,0.000000,1.500000,0.091340,-0.025102,1.513269,0.000000,0.000000,0.000000,0.065343,-0.004035,0.020475,0.997870,0.008420,-0.064667,-0.001922,-0.018655,-0.006384,0.001726,0.228079,0.126106,-0.033480,23.331962,23.331962,23.323155,0.495310,3.559320,0.688949,0.330133,0.921068
11.550000,1,0,0,2.400000,9.810000,0.900000,30.000000,60.000000,6.000000,0.000000,0.000000,1.500000,0.094802,-0.025085,1.514297,0.000000,0.000000,0.000000,0.072854,0.005137,0.020474,0.997857,0.007884,-0.064935,-0.001913,-0.023955,-0.015168,0.001939,0.240494,0.171720,-0.035647,23.323155,23.323155,23.317605,0.495192,3.600358,0.773283,0.334876,0.920209
11.600000,1,0,0,2.400000,9.810000,0.900000,30.000000,60.000000,6.000000,0.000000,0.000000,1.500000,0.098590,-0.024553,1.515301,0.000000,0.000000,0.000000,0.078263,0.016396,0.019561,0.997830,0.007226,-0.065421,-0.001909,-0.028226,-0.023877,0.002124,0.216969,0.214887,-0.035555,23.317605,23.317605,23.315462,0.495147,3.565689,0.846166,0.343095,0.919669
11.650000,1,0,0,2.400000,9.810000,0.900000,30.000000,60.000000,6.000000,0.000000,0.000000,1.500000,0.102588,-0.023426,1.516238,0.000000,0.000000,0.000000,0.081238,0.028788,0.017743,0.997789,0.006476,-0.066120,-0.001908,-0.031306,-0.032062,0.002272,0.108514,0.216282,-0.064934,23.315462,23.315462,23.316801,0.495175,3.337411,0.814510,0.278514,0.919460
11.700000,1,0,0,2.400000,9.810000,0.900000,30.000000,60.000000,6.000000,0.000000,0.000000,1.500000,0.106669,-0.021673,1.517061,0.000000,0.000000,0.000000,0.081564,0.041257,0.015065,0.997734,0.005664,-0.067011,-0.001909,-0.033103,-0.039300,0.002378,0.031123,0.166992,-0.058919,23.316801,23.316801,23.321615,0.495277,3.193075,0.658370,0.296695,0.919581
11.750000,1,0,0,2.400000,9.810000,0.900000,30.000000,60.000000,6.000000,0.000000,0.000000,1.500000,0.110699,-0.019317,1.517731,0.000000,0.000000,0.000000,0.079164,0.052729,0.011610,0.997667,0.004824,-0.068067,-0.001911,-0.033604,-0.045219,0.002442,-0.068548,0.143684,-0.078076,23.321615,23.321615,23.329806,0.495451,3.003359,0.563245,0.252189,0.920024
11.800000,1,0,0,2.400000,9.810000,0.900000,30.000000,60.000000,6.000000,0.000000,0.000000,1.500000,0.114541,-0.016434,1.518211,0.000000,0.000000,0.000000,0.074096,0.062199,0.007496,0.997590,0.003986,-0.069250,-0.001912,-0.032872,-0.049517,0.002472,-0.143769,0.113711,-0.060338,23.329806,23.329806,23.341187,0.495693,2.878719,0.452259,0.293887,0.920766
11.850000,1,0,0,2.400000,9.810000,0.900000,30.000000,60.000000,6.000000,0.000000,0.000000,1.500000,0.118067,-0.013145,1.518472,0.000000,0.000000,0.000000,0.066555,0.068816,0.002872,0.997504,0.003180,-0.070519,-0.001911,-0.031043,-0.051979,0.002476,-0.168269,0.061083,-0.076003,23.341187,23.341187,23.355483,0.495997,2.880198,0.288390,0.253025,0.921779
11.900000,1,0,0,2.400000,9.810000,0.900000,30.000000,60.000000,6.000000,0.000000,0.000000,1.500000,0.121161,-0.009610,1.518493,0.000000,0.000000,0.000000,0.056860,0.071946,-0.002092,0.997413,0.002431,-0.071824,-0.001906,-0.028316,-0.052489,0.002467,-0.199173,-0.034998,-0.066419,23.355483,23.355483,23.372342,0.496355,2.868492,0.022893,0.270354,0.923023
11.950000,1,0,0,2.400000,9.810000,0.900000,30.000000,60.000000,6.000000,0.000000,0.000000,1.500000,0.123724,-0.006015,1.518261,0.000000,0.000000,0.000000,0.045438,0.071231,-0.007209,0.997320,0.001759,-0.073118,-0.001895,-0.024941,-0.051036,0.002456,-0.287761,-0.122100,-0.097926,23.372342,23.372342,23.391348,0.496758,2.718229,-0.217492,0.186687,0.924453
12.000000,1,0,0,2.400000,9.810000,0.900000,30.000000,60.000000,6.000000,0.000000,0.000000,1.500000,0.125684,-0.002553,1.517773,0.000000,0.000000,0.000000,0.032804,0.066616,-0.012287,0.997230,0.001177,-0.074351,-0.001879,-0.021200,-0.047716,0.002450,-0.301305,-0.203035,-0.101355,23.391348,23.391348,23.412048,0.497198,2.745691,-0.438908,0.168086,0.926017
12.050000,1,0,0,2.400000,9.810000,0.900000,30.000000,60.000000,6.000000,0.000000,0.000000,1.500000,0.126994,0.000586,1.517036,0.000000,0.000000,0.000000,0.019530,0.058351,-0.017132,0.997145,0.000689,-0.075481,-0.001855,-0.017389,-0.042724,0.002455,-0.315165,-0.266251,-0.087947,23.412048,23.412048,23.433977,0.497663,2.767905,-0.613369,0.187676,0.927662
12.100000,1,0,0,2.400000,9.810000,0.900000,30.000000,60.000000,6.000000,0.000000,0.000000,1.500000,0.127637,0.003231,1.516066,0.000000,0.000000,0.000000,0.006222,0.046976,-0.021561,0.997070,0.000295,-0.076468,-0.001823,-0.013801,-0.036345,0.002475,-0.315896,-0.309006,-0.051701,23.433977,23.433977,23.456686,0.498146,2.815291,-0.734367,0.260000,0.929330
12.150000,1,0,0,2.400000,9.810000,0.900000,30.000000,60.000000,6.000000,0.000000,0.000000,1.500000,0.127626,0.005245,1.514889,0.000000,0.000000,0.000000,-0.006519,0.033275,-0.025409,0.997008,-0.000015,-0.077283,-0.001785,-0.010703,-0.028940,0.002507,-0.294858,-0.345572,-0.079377,23.456686,23.456686,23.479769,0.498636,2.907104,-0.836567,0.177007,0.930966
12.200000,1,0,0,2.400000,9.810000,0.900000,30.000000,60.000000,6.000000,0.000000,0.000000,1.500000,0.127004,0.006535,1.513538,0.000000,0.000000,0.000000,-0.018123,0.018214,-0.028534,0.996959,-0.000257,-0.077905,-0.001740,-0.008320,-0.020920,0.002551,-0.235425,-0.297695,-0.051332,23.479769,23.479769,23.502889,0.499127,3.082214,-0.732859,0.226043,0.932518
12.250000,1,0,0,2.400000,9.810000,0.900000,30.000000,60.000000,6.000000,0.000000,0.000000,1.500000,0.125841,0.007061,1.512050,0.000000,0.000000,0.000000,-0.028081,0.002862,-0.030828,0.996926,-0.000449,-0.078324,-0.001690,-0.006824,-0.012730,0.002601,-0.191861,-0.251114,-0.011344,23.502889,23.502889,23.525800,0.499613,3.209853,-0.629953,0.302258,0.933935
12.300000,1,0,0,2.400000,9.810000,0.900000,30.000000,60.000000,6.000000,0.000000,0.000000,1.500000,0.124230,0.006835,1.510470,0.000000,0.000000,0.000000,-0.035974,-0.011692,-0.032215,0.996909,-0.000616,-0.078541,-0.001637,-0.006315,-0.004821,0.002656,-0.185232,-0.238132,0.016834,23.525800,23.525800,23.548350,0.500092,3.239461,-0.606486,0.348868,0.935177
12.350000,1,0,0,2.400000,9.810000,0.900000,30.000000,60.000000,6.000000,0.000000,0.000000,1.500000,0.122283,0.005922,1.508844,0.000000,0.000000,0.000000,-0.041494,-0.024431,-0.032659,0.996907,-0.000783,-0.078569,-0.001583,-0.006823,0.002374,0.002713,-0.098667,-0.213440,0.044814,23.548350,23.548350,23.570491,0.500563,3.452058,-0.554899,0.393969,0.936208
12.400000,1,0,0,2.400000,9.810000,0.900000,30.000000,60.000000,6.000000,0.000000,0.000000,1.500000,0.120124,0.004437,1.507220,0.000000,0.000000,0.000000,-0.044456,-0.034488,-0.032167,0.996918,-0.000975,-0.078431,-0.001530,-0.008299,0.008465,0.002772,-0.061811,-0.159887,0.045273,23.570491,23.570491,23.592274,0.501025,3.537521,-0.435212,0.372195,0.937002
12.450000,1,0,0,2.400000,9.810000,0.900000,30.000000,60.000000,6.000000,0.000000,0.000000,1.500000,0.117881,0.002529,1.505642,0.000000,0.000000,0.000000,-0.044811,-0.041218,-0.030782,0.996939,-0.001214,-0.078159,-0.001479,-0.010623,0.013125,0.002832,0.015098,-0.082326,0.046427,23.592274,23.592274,23.613832,0.501483,3.712744,-0.260161,0.351461,0.937545
12.500000,1,0,0,2.400000,9.810000,0.900000,30.000000,60.000000,6.000000,0.000000,0.000000,1.500000,0.115684,0.000377,1.504155,0.000000,0.000000,0.000000,-0.042650,-0.044248,-0.028588,0.996968,-0.001520,-0.077790,-0.001431,-0.013610,0.016111,0.002892,0.056251,-0.030602,0.070444,23.613832,23.613832,23.635369,0.501940,3.797604,-0.150286,0.385130,0.937830
12.550000,1,0,0,2.400000,9.810000,0.900000,30.000000,60.000000,6.000000,0.000000,0.000000,1.500000,0.113654,-0.001833,1.502795,0.000000,0.000000,0.000000,-0.038193,-0.043506,-0.025703,0.997000,-0.001907,-0.077370,-0.001389,-0.017023,0.017272,0.002950,0.075907,0.010520,0.036152,23.635369,23.635369,23.657133,0.502403,3.828393,-0.069683,0.278532,0.937864
12.600000,1,0,0,2.400000,9.810000,0.900000,30.000000,60.000000,6.000000,0.000000,0.000000,1.500000,0.111898,-0.003915,1.501594,0.000000,0.000000,0.000000,-0.031782,-0.039229,-0.022271,0.997032,-0.002380,-0.076943,-0.001352,-0.020587,0.016562,0.003002,0.171243,0.077897,0.053894,23.657133,23.657133,23.679397,0.502875,4.040536,0.069740,0.296595,0.937662
12.650000,1,0,0,2.400000,9.810000,0.900000,30.000000,60.000000,6.000000,0.000000,0.000000,1.500000,0.110501,-0.005705,1.500574,0.000000,0.000000,0.000000,-0.023861,-0.031941,-0.018464,0.997060,-0.002942,-0.076557,-0.001320,-0.024008,0.014041,0.003043,0.191396,0.135752,0.062282,23.679397,23.679397,23.702438,0.503365,4.074166,0.182094,0.292059,0.937251
12.700000,1,0,0,2.400000,9.810000,0.900000,30.000000,60.000000,6.000000,0.000000,0.000000,1.500000,0.109528,-0.007071,1.499751,0.000000,0.000000,0.000000,-0.014953,-0.022407,-0.014464,0.997081,-0.003584,-0.076255,-0.001294,-0.026993,0.009872,0.003066,0.194855,0.178895,0.081480,23.702438,23.702438,23.726512,0.503876,4.071736,0.255250,0.313372,0.936664
12.750000,1,0,0,2.400000,9.810000,0.900000,30.000000,60.000000,6.000000,0.000000,0.000000,1.500000,0.109013,-0.007924,1.499128,0.000000,0.000000,0.000000,-0.005630,-0.011576,-0.010464,0.997092,-0.004293,-0.076074,-0.001272,-0.029270,0.004312,0.003065,0.184984,0.163934,0.046671,23.726512,23.726512,23.751837,0.504414,4.043163,0.185728,0.204997,0.935944
12.800000,1,0,0,2.400000,9.810000,0.900000,30.000000,60.000000,6.000000,0.000000,0.000000,1.500000,0.108962,-0.008225,1.498701,0.000000,0.000000,0.000000,0.003513,-0.000497,-0.006651,0.997091,-0.005047,-0.076046,-0.001253,-0.030603,-0.002304,0.003034,0.183950,0.116193,0.052458,23.751837,23.751837,23.778577,0.504982,4.043145,0.035276,0.193987,0.935140
12.850000,1,0,0,2.400000,9.810000,0.900000,30.000000,60.000000,6.000000,0.000000,0.000000,1.500000,0.109352,-0.007988,1.498457,0.000000,0.000000,0.000000,0.011893,0.009762,-0.003206,0.997075,-0.005821,-0.076192,-0.001236,-0.030811,-0.009581,0.002973,0.159387,0.090852,0.054536,23.778577,23.778577,23.806829,0.505582,3.995068,-0.062453,0.174000,0.934303
12.900000,1,0,0,2.400000,9.810000,0.900000,30.000000,60.000000,6.000000,0.000000,0.000000,1.500000,0.110130,-0.007279,1.498372,0.000000,0.000000,0.000000,0.018970,0.018206,-0.000291,0.997045,-0.006585,-0.076523,-0.001219,-0.029779,-0.017082,0.002884,0.132281,0.077470,0.045508,23.806829,23.806829,23.836614,0.506214,3.949865,-0.131110,0.127268,0.933487
12.950000,1,0,0,2.400000,9.810000,0.900000,30.000000,60.000000,6.000000,0.000000,0.000000,1.500000,0.111219,-0.006212,1.498416,0.000000,0.000000,0.000000,0.024272,0.023989,0.001958,0.997001,-0.007307,-0.077039,-0.001200,-0.027465,-0.024358,0.002774,0.097995,0.037503,0.011467,23.836614,23.836614,23.867870,0.506878,3.896452,-0.261697,0.020392,0.932749
13.000000,1,0,0,2.400000,9.810000,0.900000,30.000000,60.000000,6.000000,0.000000,0.000000,1.500000,0.112521,-0.004935,1.498555,0.000000,0.000000,0.000000,0.027424,0.026491,0.003436,0.996942,-0.007956,-0.077729,-0.001177,-0.023908,-0.030970,0.002655,0.012006,-0.023294,0.013966,23.867870,23.867870,23.900447,0.507570,3.727475,-0.438880,0.001081,0.932139
13.050000,1,0,0,2.400000,9.810000,0.900000,30.000000,60.000000,6.000000,0.000000,0.000000,1.500000,0.113921,-0.003623,1.498746,0.000000,0.000000,0.000000,0.028166,0.025360,0.004073,0.996872,-0.008501,-0.078571,-0.001147,-0.019220,-0.036514,0.002542,0.004545,-0.120807,-0.019174,23.900447,23.900447,23.934111,0.508285,3.754476,-0.699345,-0.103913,0.931709
13.100000,1,0,0,2.400000,9.810000,0.900000,30.000000,60.000000,6.000000,0.000000,0.000000,1.500000,0.115295,-0.002460,1.498947,0.000000,0.000000,0.000000,0.026368,0.020549,0.003838,0.996792,-0.008918,-0.079535,-0.001109,-0.013584,-0.040642,0.002451,-0.057679,-0.195317,-0.056068,23.934111,23.934111,23.968546,0.509016,3.656082,-0.898496,-0.218062,0.931500
13.150000,1,0,0,2.400000,9.810000,0.900000,30.000000,60.000000,6.000000,0.000000,0.000000,1.500000,0.116516,-0.001625,1.499115,0.000000,0.000000,0.000000,0.022036,0.012316,0.002740,0.996705,-0.009184,-0.080581,-0.001060,-0.007241,-0.043084,0.002394,-0.116757,-0.292850,-0.061258,23.968546,23.968546,24.003366,0.509755,3.569414,-1.145761,-0.256252,0.931548
13.200000,1,0,0,2.400000,9.810000,0.900000,30.000000,60.000000,6.000000,0.000000,0.000000,1.500000,0.117459,-0.001277,1.499208,0.000000,0.000000,0.000000,0.015311,0.001208,0.000829,0.996616,-0.009287,-0.081665,-0.000999,-0.000477,-0.043661,0.002382,-0.189951,-0.319309,-0.089982,24.003366,24.003366,24.038122,0.510494,3.450882,-1.214593,-0.351015,0.931882
13.250000,1,0,0,2.400000,9.810000,0.900000,30.000000,60.000000,6.000000,0.000000,0.000000,1.500000,0.118011,-0.001540,1.499186,0.000000,0.000000,0.000000,0.006465,-0.011990,-0.001807,0.996528,-0.009219,-0.082739,-0.000923,0.006395,-0.042295,0.002417,-0.240909,-0.345486,-0.094333,24.038122,24.038122,24.072325,0.511220,3.385403,-1.274527,-0.387314,0.932519
13.300000,1,0,0,2.400000,9.810000,0.900000,30.000000,60.000000,6.000000,0.000000,0.000000,1.500000,0.118076,-0.002495,1.499017,0.000000,0.000000,0.000000,-0.004115,-0.026311,-0.005050,0.996445,-0.008982,-0.083756,-0.000832,0.013057,-0.039015,0.002498,-0.238246,-0.379904,-0.117454,24.072325,24.072325,24.105466,0.511924,3.445912,-1.346034,-0.468595,0.933466
13.350000,1,0,0,2.400000,9.810000,0.900000,30.000000,60.000000,6.000000,0.000000,0.000000,1.500000,0.117579,-0.004172,1.498673,0.000000,0.000000,0.000000,-0.015946,-0.040687,-0.008749,0.996372,-0.008585,-0.084668,-0.000726,0.019200,-0.033954,0.002616,-0.274261,-0.348364,-0.090109,24.105466,24.105466,24.137037,0.512594,3.408582,-1.251436,-0.428567,0.934718
13.400000,1,0,0,2.400000,9.810000,0.900000,30.000000,60.000000,6.000000,0.000000,0.000000,1.500000,0.116470,-0.006546,1.498137,0.000000,0.000000,0.000000,-0.028478,-0.054037,-0.012733,0.996311,-0.008045,-0.085434,-0.000606,0.024549,-0.027341,0.002757,-0.266908,-0.337206,-0.039652,24.137037,24.137037,24.166555,0.513221,3.468220,-1.198711,-0.332727,0.936263
13.450000,1,0,0,2.400000,9.810000,0.900000,30.000000,60.000000,6.000000,0.000000,0.000000,1.500000,0.114729,-0.009541,1.497398,0.000000,0.000000,0.000000,-0.041116,-0.065349,-0.016817,0.996266,-0.007383,-0.086019,-0.000474,0.028877,-0.019492,0.002905,-0.294564,-0.305348,-0.032591,24.166555,24.166555,24.193589,0.513795,3.434930,-1.090334,-0.340506,0.938076
13.500000,1,0,0,2.400000,9.810000,0.900000,30.000000,60.000000,6.000000,0.000000,0.000000,1.500000,0.112367,-0.013033,1.496457,0.000000,0.000000,0.000000,-0.053255,-0.073768,-0.020810,0.996239,-0.006629,-0.086397,-0.000331,0.032016,-0.010790,0.003044,-0.338902,-0.217296,-0.038608,24.193589,24.193589,24.217781,0.514309,3.351336,-0.842448,-0.378934,0.940123
13.550000,1,0,0,2.400000,9.810000,0.900000,30.000000,60.000000,6.000000,0.000000,0.000000,1.500000,0.109422,-0.016859,1.495322,0.000000,0.000000,0.000000,-0.064312,-0.078662,-0.024522,0.996230,-0.005813,-0.086553,-0.000181,0.033874,-0.001663,0.003159,-0.264578,-0.114013,0.017957,24.217781,24.217781,24.238861,0.514757,3.541388,-0.554864,-0.266199,0.942362
13.600000,1,0,0,2.400000,9.810000,0.900000,30.000000,60.000000,6.000000,0.000000,0.000000,1.500000,0.105963,-0.020834,1.494012,0.000000,0.000000,0.000000,-0.073754,-0.079673,-0.027776,0.996241,-0.004966,-0.086480,-0.000028,0.034434,0.007436,0.003241,-0.248018,-0.012178,0.013203,24.238861,24.238861,24.256660,0.515135,3.581343,-0.269188,-0.299424,0.944744
13.650000,1,0,0,2.400000,9.810000,0.900000,30.000000,60.000000,6.000000,0.000000,0.000000,1.500000,0.102081,-0.024761,1.492555,0.000000,0.000000,0.000000,-0.081129,-0.076745,-0.030411,0.996271,-0.004122,-0.086186,0.000126,0.033756,0.016056,0.003287,-0.214590,0.071851,-0.007372,24.256660,24.256660,24.271115,0.515442,3.650563,-0.026238,-0.369174,0.947216
13.700000,1,0,0,2.400000,9.810000,0.900000,30.000000,60.000000,6.000000,0.000000,0.000000,1.500000,0.097890,-0.028447,1.490984,0.000000,0.000000,0.000000,-0.086084,-0.070132,-0.032295,0.996317,-0.003308,-0.085687,0.000277,0.031973,0.023775,0.003297,-0.152954,0.132356,-0.053655,24.271115,24.271115,24.282265,0.515678,3.777060,0.158816,-0.498947,0.949722
13.750000,1,0,0,2.400000,9.810000,0.900000,30.000000,60.000000,6.000000,0.000000,0.000000,1.500000,0.093517,-0.031721,1.489340,0.000000,0.000000,0.000000,-0.088390,-0.060373,-0.033324,0.996377,-0.002551,-0.085011,0.000423,0.029284,0.030218,0.003276,-0.099736,0.197182,-0.032546,24.282265,24.282265,24.290244,0.515848,3.874235,0.351551,-0.465092,0.952203
13.800000,1,0,0,2.400000,9.810000,0.900000,30.000000,60.000000,6.000000,0.000000,0.000000,1.500000,0.089097,-0.034445,1.487667,0.000000,0.000000,0.000000,-0.087950,-0.048252,-0.033433,0.996448,-0.001869,-0.084193,0.000560,0.025934,0.035082,0.003233,-0.077163,0.258058,0.002827,24.290244,24.290244,24.295264,0.515954,3.890486,0.531144,-0.394925,0.954602
13.850000,1,0,0,2.400000,9.810000,0.900000,30.000000,60.000000,6.000000,0.000000,0.000000,1.500000,0.084767,-0.036523,1.486012,0.000000,0.000000,0.000000,-0.084804,-0.034731,-0.032596,0.996525,-0.001276,-0.083277,0.000689,0.022207,0.038151,0.003177,-0.026277,0.291191,0.038570,24.295264,24.295264,24.297600,0.516004,3.969382,0.639840,-0.321641,0.956868
13.900000,1,0,0,2.400000,9.810000,0.900000,30.000000,60.000000,6.000000,0.000000,0.000000,1.500000,0.080659,-0.037912,1.484423,0.000000,0.000000,0.000000,-0.079128,-0.020874,-0.030826,0.996606,-0.000778,-0.082307,0.000809,0.018398,0.039306,0.003116,0.081548,0.322970,0.063351,24.297600,24.297600,24.297564,0.516003,4.181919,0.740683,-0.272319,0.958950
13.950000,1,0,0,2.400000,9.810000,0.900000,30.000000,60.000000,6.000000,0.000000,0.000000,1.500000,0.076891,-0.038623,1.482944,0.000000,0.000000,0.000000,-0.071224,-0.007761,-0.028176,0.996686,-0.000372,-0.081333,0.000919,0.014799,0.038536,0.003056,0.194304,0.245909,0.070105,24.297564,24.297564,24.295486,0.515959,4.405655,0.575781,-0.263843,0.960806
14.000000,1,0,0,2.400000,9.810000,0.900000,30.000000,60.000000,6.000000,0.000000,0.000000,1.500000,0.073567,-0.038718,1.481618,0.000000,0.000000,0.000000,-0.061506,0.003601,-0.024739,0.996762,-0.000051,-0.080402,0.001021,0.011681,0.035934,0.003000,0.217215,0.177314,0.074698,24.295486,24.295486,24.291695,0.515879,4.415458,0.427086,-0.258098,0.962403
14.050000,1,0,0,2.400000,9.810000,0.900000,30.000000,60.000000,6.000000,0.000000,0.000000,1.500000,0.070763,-0.038306,1.480481,0.000000,0.000000,0.000000,-0.050475,0.012356,-0.020638,0.996830,0.000202,-0.079556,0.001116,0.009270,0.031693,0.002950,0.261823,0.107027,0.068251,24.291695,24.291695,24.286499,0.515768,4.481187,0.270953,-0.276402,0.963717
14.100000,1,0,0,2.400000,9.810000,0.900000,30.000000,60.000000,6.000000,0.000000,0.000000,1.500000,0.068532,-0.037536,1.479563,0.000000,0.000000,0.000000,-0.038696,0.017875,-0.016028,0.996887,0.000405,-0.078833,0.001206,0.007739,0.026098,0.002905,0.230249,0.032070,0.076668,24.286499,24.286499,24.280174,0.515634,4.369796,0.101204,-0.256627,0.964732
14.150000,1,0,0,2.400000,9.810000,0.900000,30.000000,60.000000,6.000000,0.000000,0.000000,1.500000,0.066896,-0.036579,1.478884,0.000000,0.000000,0.000000,-0.026766,0.019798,-0.011083,0.996932,0.000583,-0.078263,0.001292,0.007193,0.019505,0.002865,0.224534,-0.063734,0.088311,24.280174,24.280174,24.272951,0.515481,4.327643,-0.119838,-0.226779,0.965445
14.200000,1,0,0,2.400000,9.810000,0.900000,30.000000,60.000000,6.000000,0.000000,0.000000,1.500000,0.065848,-0.035617,1.478457,0.000000,0.000000,0.000000,-0.015286,0.018069,-0.005991,0.996963,0.000760,-0.077865,0.001378,0.007663,0.012325,0.002827,0.237892,-0.107886,0.093098,24.272951,24.272951,24.265007,0.515312,4.339433,-0.216948,-0.211156,0.965863
14.250000,1,0,0,2.400000,9.810000,0.900000,30.000000,60.000000,6.000000,0.000000,0.000000,1.500000,0.065350,-0.034829,1.478284,0.000000,0.000000,0.000000,-0.004824,0.012940,-0.000946,0.996979,0.000961,-0.077649,0.001464,0.009103,0.005000,0.002791,0.178048,-0.177216,0.061977,24.265007,24.265007,24.256467,0.515131,4.184170,-0.373306,-0.279612,0.966003
14.300000,1,0,0,2.400000,9.810000,0.900000,30.000000,60.000000,6.000000,0.000000,0.000000,1.500000,0.065340,-0.034371,1.478359,0.000000,0.000000,0.000000,0.004107,0.004945,0.003861,0.996982,0.001209,-0.077613,0.001553,0.011397,-0.002022,0.002759,0.154767,-0.202654,0.051414,24.256467,24.256467,24.247392,0.514938,4.125203,-0.422026,-0.296774,0.965893
14.350000,1,0,0,2.400000,9.810000,0.900000,30.000000,60.000000,6.000000,0.000000,0.000000,1.500000,0.065728,-0.034369,1.478663,0.000000,0.000000,0.000000,0.011083,-0.005139,0.008248,0.996971,0.001524,-0.077743,0.001646,0.014362,-0.008310,0.002730,0.093134,-0.192058,0.035670,24.247392,24.247392,24.237790,0.514734,3.982106,-0.381044,-0.324571,0.965568
14.400000,1,0,0,2.400000,9.810000,0.900000,30.000000,60.000000,6.000000,0.000000,0.000000,1.500000,0.066410,-0.034904,1.479174,0.000000,0.000000,0.000000,0.015788,-0.016357,0.012057,0.996949,0.001919,-0.078017,0.001745,0.017762,-0.013477,0.002705,0.100587,-0.187326,-0.001568,24.237790,24.237790,24.227605,0.514518,4.011606,-0.350242,-0.402324,0.965071
14.450000,1,0,0,2.400000,9.810000,0.900000,30.000000,60.000000,6.000000,0.000000,0.000000,1.500000,0.067266,-0.036006,1.479857,0.000000,0.000000,0.000000,0.018027,-0.027655,0.015152,0.996917,0.002401,-0.078401,0.001849,0.021322,-0.017200,0.002683,0.038941,-0.244983,0.005865,24.227605,24.227605,24.216729,0.514287,3.880490,-0.464929,-0.371406,0.964452
14.500000,1,0,0,2.400000,9.810000,0.900000,30.000000,60.000000,6.000000,0.000000,0.000000,1.500000,0.068170,-0.037653,1.480675,0.000000,0.000000,0.000000,0.017742,-0.037967,0.017429,0.996879,0.002972,-0.078858,0.001960,0.024751,-0.019235,0.002660,-0.005309,-0.228712,-0.020122,24.216729,24.216729,24.205003,0.514038,3.794434,-0.397936,-0.419405,0.963762
14.550000,1,0,0,2.400000,9.810000,0.900000,30.000000,60.000000,6.000000,0.000000,0.000000,1.500000,0.068999,-0.039770,1.481585,0.000000,0.000000,0.000000,0.015013,-0.046300,0.018824,0.996839,0.003623,-0.079343,0.002076,0.027754,-0.019437,0.002630,-0.078569,-0.164059,-0.032531,24.205003,24.205003,24.192223,0.513766,3.639919,-0.210932,-0.433687,0.963057
14.600000,1,0,0,2.400000,9.810000,0.900000,30.000000,60.000000,6.000000,0.000000,0.000000,1.500000,0.069635,-0.042236,1.482542,0.000000,0.000000,0.000000,0.010052,-0.051815,0.019308,0.996798,0.004341,-0.079809,0.002197,0.030059,-0.017763,0.002585,-0.102135,-0.066602,-0.024512,24.192223,24.192223,24.178155,0.513467,3.603565,0.057998,-0.397958,0.962390
14.650000,1,0,0,2.400000,9.810000,0.900000,30.000000,60.000000,6.000000,0.000000,0.000000,1.500000,0.069973,-0.044894,1.483501,0.000000,0.000000,0.000000,0.003190,-0.053899,0.018896,0.996762,0.005105,-0.080210,0.002321,0.031427,-0.014275,0.002517,-0.177942,0.011404,-0.055402,24.178155,24.178155,24.162545,0.513136,3.438486,0.282426,-0.454748,0.961813
14.700000,1,0,0,2.400000,9.810000,0.900000,30.000000,60.000000,6.000000,0.000000,0.000000,1.500000,0.069929,-0.047563,1.484418,0.000000,0.000000,0.000000,-0.005135,-0.052214,0.017639,0.996734,0.005889,-0.080504,0.002444,0.031675,-0.009140,0.002419,-0.186106,0.103834,-0.060662,24.162545,24.162545,24.145142,0.512766,3.430296,0.542384,-0.449270,0.961376
14.750000,1,0,0,2.400000,9.810000,0.900000,30.000000,60.000000,6.000000,0.000000,0.000000,1.500000,0.069443,-0.050052,1.485253,0.000000,0.000000,0.000000,-0.014405,-0.046723,0.015629,0.996717,0.006665,-0.080651,0.002565,0.030686,-0.002615,0.002284,-0.161360,0.185902,-0.064175,24.145142,24.145142,24.125715,0.512354,3.493792,0.776932,-0.438908,0.961118
14.800000,1,0,0,2.400000,9.810000,0.900000,30.000000,60.000000,6.000000,0.000000,0.000000,1.500000,0.068482,-0.052176,1.485970,0.000000,0.000000,0.000000,-0.024048,-0.037699,0.012989,0.996714,0.007399,-0.080622,0.002680,0.028415,0.004960,0.002112,-0.114383,0.235384,-0.110475,24.125715,24.125715,24.104076,0.511894,3.601878,0.931188,-0.530581,0.961076
14.850000,1,0,0,2.400000,9.810000,0.900000,30.000000,60.000000,6.000000,0.000000,0.000000,1.500000,0.067042,-0.053772,1.486543,0.000000,0.000000,0.000000,-0.033471,-0.025699,0.009870,0.996727,0.008061,-0.080396,0.002785,0.024898,0.013186,0.001909,-0.118089,0.265280,-0.093585,24.104076,24.104076,24.080098,0.511385,3.578539,1.034807,-0.469955,0.961274
14.900000,1,0,0,2.400000,9.810000,0.900000,30.000000,60.000000,6.000000,0.000000,0.000000,1.500000,0.065149,-0.054710,1.486952,0.000000,0.000000,0.000000,-0.042088,-0.011519,0.006444,0.996757,0.008621,-0.079961,0.002879,0.020244,0.021626,0.001682,-0.140826,0.271668,-0.078669,24.080098,24.080098,24.053739,0.510825,3.499251,1.076929,-0.413403,0.961729
14.950000,1,0,0,2.400000,9.810000,0.900000,30.000000,60.000000,6.000000,0.000000,0.000000,1.500000,0.062856,-0.054904,1.487186,0.000000,0.000000,0.000000,-0.049351,0.003864,0.002896,0.996804,0.009052,-0.079318,0.002959,0.014633,0.029828,0.001448,-0.112721,0.312236,-0.070130,24.053739,24.053739,24.025046,0.510216,3.531756,1.194746,-0.371452,0.962445
15.000000,1,0,0,2.400000,9.810000,0.900000,30.000000,60.000000,6.000000,0.000000,0.000000,1.500000,0.060244,-0.054321,1.487243,0.000000,0.000000,0.000000,-0.054781,0.019375,-0.000583,0.996868,0.009334,-0.078478,0.003023,0.008306,0.037350,0.001221,-0.093592,0.339019,-0.059791,24.025046,24.025046,23.994165,0.509560,3.533092,1.272143,-0.324426,0.963417
15.050000,1,0,0,2.400000,9.810000,0.900000,30.000000,60.000000,6.000000,0.000000,0.000000,1.500000,0.057415,-0.052982,1.487132,0.000000,0.000000,0.000000,-0.057994,0.033929,-0.003807,0.996946,0.009452,-0.077464,0.003070,0.001545,0.043786,0.001020,-0.062473,0.284946,-0.043495,23.994165,23.994165,23.961337,0.508863,3.554702,1.147491,-0.262301,0.964630
15.100000,1,0,0,2.400000,9.810000,0.900000,30.000000,60.000000,6.000000,0.000000,0.000000,1.500000,0.054486,-0.050961,1.486869,0.000000,0.000000,0.000000,-0.058719,0.046513,-0.006600,0.997035,0.009399,-0.076308,0.003100,-0.005337,0.048786,0.000857,-0.020366,0.265766,-0.050062,23.961337,23.961337,23.926884,0.508131,3.595753,1.098288,-0.254203,0.966058
15.150000,1,0,0,2.400000,9.810000,0.900000,30.000000,60.000000,6.000000,0.000000,0.000000,1.500000,0.051587,-0.048378,1.486482,0.000000,0.000000,0.000000,-0.056813,0.056270,-0.008808,0.997133,0.009177,-0.075048,0.003115,-0.012021,0.052077,0.000744,0.083140,0.199062,-0.049956,23.926884,23.926884,23.891196,0.507373,3.779185,0.926831,-0.229229,0.967665
15.200000,1,0,0,2.400000,9.810000,0.900000,30.000000,60.000000,6.000000,0.000000,0.000000,1.500000,0.048849,-0.045392,1.486001,0.000000,0.000000,0.000000,-0.052268,0.062571,-0.010302,0.997235,0.008793,-0.073729,0.003117,-0.018199,0.053478,0.000683,0.118845,0.130870,-0.007059,23.891196,23.891196,23.854707,0.506598,3.797135,0.744078,-0.100698,0.969409
15.250000,1,0,0,2.400000,9.810000,0.900000,30.000000,60.000000,6.000000,0.000000,0.000000,1.500000,0.046402,-0.042185,1.485465,0.000000,0.000000,0.000000,-0.045218,0.065058,-0.010986,0.997337,0.008265,-0.072401,0.003107,-0.023593,0.052909,0.000670,0.179845,0.065327,0.010461,23.854707,23.854707,23.817867,0.505816,3.875396,0.560794,-0.032255,0.971241
15.300000,1,0,0,2.400000,9.810000,0.900000,30.000000,60.000000,6.000000,0.000000,0.000000,1.500000,0.044365,-0.038951,1.484916,0.000000,0.000000,0.000000,-0.035922,0.063681,-0.010800,0.997435,0.007615,-0.071111,0.003088,-0.027974,0.050397,0.000696,0.265158,-0.066252,-0.002835,23.817867,23.817867,23.781125,0.505036,4.013990,0.213259,-0.037026,0.973108
15.350000,1,0,0,2.400000,9.810000,0.900000,30.000000,60.000000,6.000000,0.000000,0.000000,1.500000,0.042841,-0.035877,1.484400,0.000000,0.000000,0.000000,-0.024759,0.058692,-0.009723,0.997525,0.006870,-0.069907,0.003062,-0.031173,0.046070,0.000748,0.273167,-0.082180,0.012313,23.781125,23.781125,23.744904,0.504267,3.971305,0.138881,0.027106,0.974954
15.400000,1,0,0,2.400000,9.810000,0.900000,30.000000,60.000000,6.000000,0.000000,0.000000,1.500000,0.041912,-0.033133,1.483959,0.000000,0.000000,0.000000,-0.012205,0.050634,-0.007777,0.997605,0.006061,-0.068831,0.003033,-0.033095,0.040159,0.000810,0.280116,-0.130807,-0.013225,23.744904,23.744904,23.709584,0.503516,3.932363,-0.016878,-0.005904,0.976722
15.450000,1,0,0,2.400000,9.810000,0.900000,30.000000,60.000000,6.000000,0.000000,0.000000,1.500000,0.041635,-0.030852,1.483636,0.000000,0.000000,0.000000,0.001190,0.040288,-0.005020,0.997673,0.005221,-0.067920,0.003001,-0.033718,0.032976,0.000867,0.294709,-0.188869,0.021053,23.709584,23.709584,23.675492,0.502792,3.919756,-0.196622,0.104984,0.978357
15.500000,1,0,0,2.400000,9.810000,0.900000,30.000000,60.000000,6.000000,0.000000,0.000000,1.500000,0.042035,-0.029126,1.483469,0.000000,0.000000,0.000000,0.014832,0.028611,-0.001549,0.997726,0.004381,-0.067199,0.002970,-0.033101,0.024901,0.000906,0.321821,-0.210563,0.070131,23.675492,23.675492,23.642897,0.502100,3.946458,-0.288903,0.251555,0.979808
15.550000,1,0,0,2.400000,9.810000,0.900000,30.000000,60.000000,6.000000,0.000000,0.000000,1.500000,0.043112,-0.027996,1.483490,0.000000,0.000000,0.000000,0.028114,0.016661,0.002506,0.997763,0.003572,-0.066686,0.002941,-0.031375,0.016363,0.000918,0.300847,-0.216181,0.046392,23.642897,23.642897,23.612006,0.501444,3.867802,-0.341024,0.223331,0.981028
15.600000,1,0,0,2.400000,9.810000,0.900000,30.000000,60.000000,6.000000,0.000000,0.000000,1.500000,0.044831,-0.027447,1.483726,0.000000,0.000000,0.000000,0.040444,0.005509,0.006990,0.997786,0.002818,-0.066388,0.002915,-0.028734,0.007811,0.000902,0.267926,-0.224144,0.065392,23.612006,23.612006,23.582965,0.500827,3.770782,-0.396003,0.297442,0.981979
15.650000,1,0,0,2.400000,9.810000,0.900000,30.000000,60.000000,6.000000,0.000000,0.000000,1.500000,0.047131,-0.027415,1.484194,0.000000,0.000000,0.000000,0.051281,-0.003853,0.011725,0.997793,0.002140,-0.066297,0.002892,-0.025425,-0.000306,0.000857,0.257561,-0.174195,0.065391,23.582965,23.582965,23.555863,0.500252,3.737933,-0.308306,0.325501,0.982629
15.700000,1,0,0,2.400000,9.810000,0.900000,30.000000,60.000000,6.000000,0.000000,0.000000,1.500000,0.049926,-0.027788,1.484900,0.000000,0.000000,0.000000,0.060158,-0.010584,0.016523,0.997788,0.001550,-0.066400,0.002873,-0.021728,-0.007566,0.000788,0.187703,-0.108808,0.071055,23.555863,23.555863,23.530739,0.499718,3.571553,-0.179269,0.366493,0.982959
15.750000,1,0,0,2.400000,9.810000,0.900000,30.000000,60.000000,6.000000,0.000000,0.000000,1.500000,0.053108,-0.028419,1.485844,0.000000,0.000000,0.000000,0.066711,-0.014071,0.021189,0.997771,0.001055,-0.066668,0.002859,-0.017938,-0.013596,0.000702,0.107824,0.019797,0.052132,23.530739,23.530739,23.507576,0.499226,3.389126,0.106037,0.347600,0.982957
15.800000,1,0,0,2.400000,9.810000,0.900000,30.000000,60.000000,6.000000,0.000000,0.000000,1.500000,0.056554,-0.029135,1.487013,0.000000,0.000000,0.000000,0.070691,-0.013975,0.025535,0.997744,0.000653,-0.067068,0.002848,-0.014349,-0.018095,0.000606,0.053774,0.070693,0.038067,23.507576,23.507576,23.486318,0.498775,3.275052,0.209293,0.339282,0.982624
15.850000,1,0,0,2.400000,9.810000,0.900000,30.000000,60.000000,6.000000,0.000000,0.000000,1.500000,0.060132,-0.029756,1.488389,0.000000,0.000000,0.000000,0.071984,-0.010259,0.029384,0.997711,0.000336,-0.067558,0.002840,-0.011231,-0.020847,0.000506,-0.023581,0.173783,0.084627,23.486318,23.486318,23.466865,0.498362,3.109476,0.441842,0.475180,0.981970
15.900000,1,0,0,2.400000,9.810000,0.900000,30.000000,60.000000,6.000000,0.000000,0.000000,1.500000,0.063708,-0.030105,1.489941,0.000000,0.000000,0.000000,0.070613,-0.003192,0.032580,0.997675,0.000088,-0.068094,0.002834,-0.008813,-0.021736,0.000405,-0.084163,0.262811,0.079122,23.466865,23.466865,23.449084,0.497984,2.986458,0.643948,0.484648,0.981016
15.950000,1,0,0,2.400000,9.810000,0.900000,30.000000,60.000000,6.000000,0.000000,0.000000,1.500000,0.067152,-0.030028,1.491634,0.000000,0.000000,0.000000,0.066736,0.006674,0.034993,0.997638,-0.000109,-0.068628,0.002830,-0.007269,-0.020750,0.000306,-0.156996,0.286074,0.048102,23.449084,23.449084,23.432818,0.497639,2.834149,0.690575,0.431242,0.979794
16.000000,1,0,0,2.400000,9.810000,0.900000,30.000000,60.000000,6.000000,0.000000,0.000000,1.500000,0.070345,-0.029404,1.493426,0.000000,0.000000,0.000000,0.060640,0.018545,0.036529,0.997605,-0.000280,-0.069115,0.002824,-0.006707,-0.017983,0.000211,-0.123907,0.281635,0.005963,23.432818,23.432818,23.417899,0.497322,2.934018,0.671961,0.349368,0.978343
16.050000,1,0,0,2.400000,9.810000,0.900000,30.000000,60.000000,6.000000,0.000000,0.000000,1.500000,0.073186,-0.028156,1.495271,0.000000,0.000000,0.000000,0.052721,0.031454,0.037127,0.997577,-0.000450,-0.069513,0.002817,-0.007161,-0.013630,0.000120,-0.177969,0.316650,-0.013559,23.417899,23.417899,23.404161,0.497030,2.820727,0.748085,0.319880,0.976708
16.100000,1,0,0,2.400000,9.810000,0.900000,30.000000,60.000000,6.000000,0.000000,0.000000,1.500000,0.075595,-0.026259,1.497122,0.000000,0.000000,0.000000,0.043470,0.044338,0.036769,0.997558,-0.000644,-0.069785,0.002805,-0.008588,-0.007973,0.000033,-0.156011,0.295510,-0.021807,23.404161,23.404161,23.391460,0.496761,2.884199,0.688302,0.315475,0.974942
16.150000,1,0,0,2.400000,9.810000,0.900000,30.000000,60.000000,6.000000,0.000000,0.000000,1.500000,0.077520,-0.023741,1.498932,0.000000,0.000000,0.000000,0.033441,0.056124,0.035475,0.997549,-0.000885,-0.069904,0.002788,-0.010874,-0.001371,-0.000047,-0.231329,0.270959,-0.052127,23.391460,23.391460,23.379686,0.496510,2.707212,0.618119,0.256079,0.973099
16.200000,1,0,0,2.400000,9.810000,0.900000,30.000000,60.000000,6.000000,0.000000,0.000000,1.500000,0.078936,-0.020682,1.500655,0.000000,0.000000,0.000000,0.023224,0.065814,0.033306,0.997553,-0.001192,-0.069850,0.002764,-0.013837,0.005767,-0.000119,-0.198802,0.230352,-0.088957,23.379686,23.379686,23.368781,0.496279,2.781198,0.506278,0.179027,0.971236
16.250000,1,0,0,2.400000,9.810000,0.900000,30.000000,60.000000,6.000000,0.000000,0.000000,1.500000,0.079849,-0.017209,1.502250,0.000000,0.000000,0.000000,0.013414,0.072570,0.030359,0.997569,-0.001579,-0.069617,0.002733,-0.017244,0.012999,-0.000179,-0.173040,0.141007,-0.093097,23.368781,23.368781,23.358750,0.496066,2.830735,0.273681,0.178419,0.969410
16.300000,1,0,0,2.400000,9.810000,0.900000,30.000000,60.000000,6.000000,0.000000,0.000000,1.500000,0.080293,-0.013484,1.503680,0.000000,0.000000,0.000000,0.004580,0.075781,0.026766,0.997597,-0.002055,-0.069207,0.002694,-0.020822,0.019876,-0.000227,-0.196728,0.120053,-0.088391,23.358750,23.358750,23.349659,0.495873,2.753536,0.201084,0.197070,0.967672
16.350000,1,0,0,2.400000,9.810000,0.900000,30.000000,60.000000,6.000000,0.000000,0.000000,1.500000,0.080332,-0.009695,1.504918,0.000000,0.000000,0.000000,-0.002766,0.075112,0.022682,0.997635,-0.002619,-0.068635,0.002648,-0.024280,0.025969,-0.000260,-0.140310,0.026214,-0.080515,23.349659,23.349659,23.341640,0.495703,2.861213,-0.050601,0.221415,0.966073
16.400000,1,0,0,2.400000,9.810000,0.900000,30.000000,60.000000,6.000000,0.000000,0.000000,1.500000,0.080049,-0.006038,1.505943,0.000000,0.000000,0.000000,-0.008196,0.070533,0.018284,0.997682,-0.003265,-0.067925,0.002595,-0.027322,0.030892,-0.000283,-0.106575,-0.049623,-0.113410,23.341640,23.341640,23.334873,0.495559,2.908224,-0.262925,0.146060,0.964654
16.450000,1,0,0,2.400000,9.810000,0.900000,30.000000,60.000000,6.000000,0.000000,0.000000,1.500000,0.079549,-0.002703,1.506745,0.000000,0.000000,0.000000,-0.011385,0.062319,0.013762,0.997734,-0.003979,-0.067110,0.002537,-0.029675,0.034321,-0.000300,-0.037430,-0.105456,-0.130113,23.334873,23.334873,23.329577,0.495446,3.035556,-0.430424,0.107784,0.963451
16.500000,1,0,0,2.400000,9.810000,0.900000,30.000000,60.000000,6.000000,0.000000,0.000000,1.500000,0.078951,0.000142,1.507321,0.000000,0.000000,0.000000,-0.012135,0.051032,0.009308,0.997790,-0.004741,-0.066231,0.002474,-0.031100,0.036014,-0.000321,0.043961,-0.153939,-0.130452,23.329577,23.329577,23.325984,0.495370,3.189510,-0.582520,0.107059,0.962488
16.550000,1,0,0,2.400000,9.810000,0.900000,30.000000,60.000000,6.000000,0.000000,0.000000,1.500000,0.078378,0.002362,1.507680,0.000000,0.000000,0.000000,-0.010380,0.037472,0.005110,0.997845,-0.005525,-0.065333,0.002410,-0.031411,0.035827,-0.000355,0.067829,-0.206539,-0.131116,23.325984,23.325984,23.324325,0.495335,3.204755,-0.745527,0.103890,0.961782
16.600000,1,0,0,2.400000,9.810000,0.900000,30.000000,60.000000,6.000000,0.000000,0.000000,1.500000,0.077954,0.003868,1.507839,0.000000,0.000000,0.000000,-0.006191,0.022617,0.001344,0.997897,-0.006301,-0.064463,0.002345,-0.030489,0.033718,-0.000416,0.135439,-0.189573,-0.123234,23.324325,23.324325,23.324810,0.495345,3.326552,-0.741229,0.119615,0.961338
16.650000,1,0,0,2.400000,9.810000,0.900000,30.000000,60.000000,6.000000,0.000000,0.000000,1.500000,0.077796,0.004620,1.507824,0.000000,0.000000,0.000000,0.000227,0.007541,-0.001837,0.997944,-0.007038,-0.063670,0.002281,-0.028287,0.029750,-0.000511,0.196047,-0.218206,-0.122914,23.324810,23.324810,23.327611,0.495405,3.435326,-0.844553,0.115618,0.961149
16.700000,1,0,0,2.400000,9.810000,0.900000,30.000000,60.000000,6.000000,0.000000,0.000000,1.500000,0.078008,0.004636,1.507667,0.000000,0.000000,0.000000,0.008548,-0.006673,-0.004306,0.997982,-0.007704,-0.062997,0.002219,-0.024836,0.024090,-0.000648,0.212293,-0.221682,-0.053192,23.327611,23.327611,23.332857,0.495516,3.443484,-0.884199,0.276652,0.961200
16.750000,1,0,0,2.400000,9.810000,0.900000,30.000000,60.000000,6.000000,0.000000,0.000000,1.500000,0.078675,0.003984,1.507407,0.000000,0.000000,0.000000,0.018337,-0.019019,-0.005969,0.998009,-0.008268,-0.062483,0.002161,-0.020243,0.016998,-0.000827,0.254759,-0.164247,-0.036984,23.332857,23.332857,23.340628,0.495681,3.522249,-0.772959,0.307759,0.961465
16.800000,1,0,0,2.400000,9.810000,0.900000,30.000000,60.000000,6.000000,0.000000,0.000000,1.500000,0.079858,0.002780,1.507084,0.000000,0.000000,0.000000,0.029079,-0.028646,-0.006769,0.998026,-0.008705,-0.062160,0.002108,-0.014688,0.008815,-0.001043,0.252317,-0.094832,-0.023641,23.340628,23.340628,23.350959,0.495900,3.502392,-0.627032,0.330540,0.961910
16.850000,1,0,0,2.400000,9.810000,0.900000,30.000000,60.000000,6.000000,0.000000,0.000000,1.500000,0.081589,0.001176,1.506744,0.000000,0.000000,0.000000,0.040201,-0.034934,-0.006689,0.998030,-0.008993,-0.062051,0.002060,-0.008407,-0.000059,-0.001285,0.304469,0.017290,0.010864,23.350959,23.350959,23.363842,0.496174,3.623761,-0.371681,0.402707,0.962492
16.900000,1,0,0,2.400000,9.810000,0.900000,30.000000,60.000000,6.000000,0.000000,0.000000,1.500000,0.083874,-0.000652,1.506430,0.000000,0.000000,0.000000,0.051105,-0.037534,-0.005753,0.998022,-0.009117,-0.062166,0.002018,-0.001683,-0.009185,-0.001537,0.267212,0.066616,0.040832,23.363842,23.363842,23.379234,0.496501,3.541315,-0.259419,0.462624,0.963163
16.950000,1,0,0,2.400000,9.810000,0.900000,30.000000,60.000000,6.000000,0.000000,0.000000,1.500000,0.086686,-0.002515,1.506182,0.000000,0.000000,0.000000,0.061199,-0.036404,-0.004023,0.998001,-0.009070,-0.062508,0.001982,0.005173,-0.018110,-0.001783,0.232423,0.134907,0.030202,23.379234,23.379234,23.397058,0.496879,3.475595,-0.093673,0.423795,0.963872
17.000000,1,0,0,2.400000,9.810000,0.900000,30.000000,60.000000,6.000000,0.000000,0.000000,1.500000,0.089971,-0.004234,1.506039,0.000000,0.000000,0.000000,0.069925,-0.031808,-0.001597,0.997968,-0.008853,-0.063065,0.001953,0.011842,-0.026390,-0.002006,0.198059,0.189131,0.036271,23.397058,23.397058,23.417206,0.497307,3.421226,0.046263,0.423769,0.964563
17.050000,1,0,0,2.400000,9.810000,0.900000,30.000000,60.000000,6.000000,0.000000,0.000000,1.500000,0.093648,-0.005647,1.506032,0.000000,0.000000,0.000000,0.076794,-0.024290,0.001393,0.997924,-0.008474,-0.063816,0.001931,0.018015,-0.033617,-0.002190,0.146990,0.263202,0.060369,23.417206,23.417206,23.439541,0.497782,3.336116,0.241398,0.465775,0.965182
17.100000,1,0,0,2.400000,9.810000,0.900000,30.000000,60.000000,6.000000,0.000000,0.000000,1.500000,0.097613,-0.006628,1.506185,0.000000,0.000000,0.000000,0.081405,-0.014638,0.004791,0.997869,-0.007950,-0.064730,0.001916,0.023414,-0.039438,-0.002327,0.055963,0.293146,0.056670,23.439541,23.439541,23.463890,0.498299,3.163036,0.337461,0.439850,0.965677
17.150000,1,0,0,2.400000,9.810000,0.900000,30.000000,60.000000,6.000000,0.000000,0.000000,1.500000,0.101746,-0.007092,1.506515,0.000000,0.000000,0.000000,0.083473,-0.003810,0.008419,0.997806,-0.007303,-0.065768,0.001906,0.027807,-0.043577,-0.002414,0.001107,0.289544,0.083378,23.463890,23.463890,23.490043,0.498854,3.082897,0.358823,0.485704,0.965999
17.200000,1,0,0,2.400000,9.810000,0.900000,30.000000,60.000000,6.000000,0.000000,0.000000,1.500000,0.105915,-0.007007,1.507028,0.000000,0.000000,0.000000,0.082839,0.007139,0.012092,0.997737,-0.006561,-0.066887,0.001902,0.031023,-0.045851,-0.002455,-0.038955,0.287392,0.115908,23.490043,23.490043,23.517753,0.499443,3.042324,0.388197,0.544338,0.966105
17.250000,1,0,0,2.400000,9.810000,0.900000,30.000000,60.000000,6.000000,0.000000,0.000000,1.500000,0.109984,-0.006393,1.507722,0.000000,0.000000,0.000000,0.079479,0.017145,0.015617,0.997664,-0.005754,-0.068037,0.001902,0.032963,-0.046178,-0.002458,-0.070525,0.206699,0.120651,23.517753,23.517753,23.546731,0.500058,3.023946,0.232173,0.535096,0.965959
17.300000,1,0,0,2.400000,9.810000,0.900000,30.000000,60.000000,6.000000,0.000000,0.000000,1.500000,0.113820,-0.005324,1.508584,0.000000,0.000000,0.000000,0.073510,0.025222,0.018810,0.997591,-0.004914,-0.069172,0.001904,0.033606,-0.044579,-0.002436,-0.125717,0.137626,0.079180,23.546731,23.546731,23.576660,0.500694,2.948404,0.105628,0.413767,0.965535
17.350000,1,0,0,2.400000,9.810000,0.900000,30.000000,60.000000,6.000000,0.000000,0.000000,1.500000,0.117296,-0.003917,1.509594,0.000000,0.000000,0.000000,0.065176,0.030544,0.021501,0.997520,-0.004075,-0.070243,0.001907,0.033005,-0.041184,-0.002402,-0.156608,0.040003,0.090560,23.576660,23.576660,23.607201,0.501342,2.928496,-0.089351,0.418127,0.964816
17.400000,1,0,0,2.400000,9.810000,0.900000,30.000000,60.000000,6.000000,0.000000,0.000000,1.500000,0.120304,-0.002326,1.510723,0.000000,0.000000,0.000000,0.054845,0.032512,0.023538,0.997454,-0.003265,-0.071210,0.001908,0.031291,-0.036218,-0.002369,-0.220029,-0.023587,0.036785,23.607201,23.607201,23.638012,0.501997,2.825804,-0.203965,0.265004,0.963794
17.450000,1,0,0,2.400000,9.810000,0.900000,30.000000,60.000000,6.000000,0.000000,0.000000,1.500000,0.122755,-0.000727,1.511935,0.000000,0.000000,0.000000,0.042981,0.030803,0.024801,0.997397,-0.002510,-0.072037,0.001906,0.028654,-0.029991,-0.002348,-0.218928,-0.051950,0.011810,23.638012,23.638012,23.668766,0.502650,2.871533,-0.236558,0.179957,0.962474
17.500000,1,0,0,2.400000,9.810000,0.900000,30.000000,60.000000,6.000000,0.000000,0.000000,1.500000,0.124585,0.000693,1.513189,0.000000,0.000000,0.000000,0.030126,0.025397,0.025200,0.997351,-0.001831,-0.072696,0.001898,0.025341,-0.022880,-0.002344,-0.218204,-0.127888,-0.018160,23.668766,23.668766,23.699176,0.503295,2.908602,-0.386824,0.081973,0.960871
17.550000,1,0,0,2.400000,9.810000,0.900000,30.000000,60.000000,6.000000,0.000000,0.000000,1.500000,0.125761,0.001755,1.514440,0.000000,0.000000,0.000000,0.016870,0.016581,0.024686,0.997317,-0.001239,-0.073171,0.001883,0.021629,-0.015311,-0.002359,-0.189091,-0.206663,-0.064651,23.699176,23.699176,23.729008,0.503929,3.005193,-0.548043,-0.056490,0.959009
17.600000,1,0,0,2.400000,9.810000,0.900000,30.000000,60.000000,6.000000,0.000000,0.000000,1.500000,0.126276,0.002303,1.515642,0.000000,0.000000,0.000000,0.003819,0.004924,0.023247,0.997296,-0.000743,-0.073457,0.001860,0.017816,-0.007731,-0.002392,-0.203921,-0.244551,-0.074828,23.729008,23.729008,23.758099,0.504547,2.987373,-0.615591,-0.108485,0.956922
17.650000,1,0,0,2.400000,9.810000,0.900000,30.000000,60.000000,6.000000,0.000000,0.000000,1.500000,0.126156,0.002214,1.516750,0.000000,0.000000,0.000000,-0.008433,-0.008767,0.020913,0.997289,-0.000340,-0.073559,0.001829,0.014194,-0.000586,-0.002439,-0.194267,-0.261948,-0.096708,23.758099,23.758099,23.786362,0.505147,3.019560,-0.638381,-0.189086,0.954653
17.700000,1,0,0,2.400000,9.810000,0.900000,30.000000,60.000000,6.000000,0.000000,0.000000,1.500000,0.125455,0.001409,1.517720,0.000000,0.000000,0.000000,-0.019340,-0.023510,0.017752,0.997294,-0.000022,-0.073492,0.001791,0.011034,0.005706,-0.002495,-0.174007,-0.324593,-0.125326,23.786362,23.786362,23.813786,0.505729,3.069163,-0.773808,-0.286198,0.952250
17.750000,1,0,0,2.400000,9.810000,0.900000,30.000000,60.000000,6.000000,0.000000,0.000000,1.500000,0.124252,-0.000137,1.518513,0.000000,0.000000,0.000000,-0.028428,-0.038233,0.013870,0.997310,0.000225,-0.073284,0.001745,0.008567,0.010773,-0.002555,-0.113018,-0.330956,-0.138587,23.813786,23.813786,23.840428,0.506295,3.209675,-0.777518,-0.346609,0.949768
17.800000,1,0,0,2.400000,9.810000,0.900000,30.000000,60.000000,6.000000,0.000000,0.000000,1.500000,0.122649,-0.002396,1.519097,0.000000,0.000000,0.000000,-0.035319,-0.051853,0.009402,0.997333,0.000421,-0.072967,0.001695,0.006970,0.014318,-0.002616,-0.063158,-0.329437,-0.116009,23.840428,23.840428,23.866396,0.506847,3.318243,-0.764737,-0.320978,0.947262
17.850000,1,0,0,2.400000,9.810000,0.900000,30.000000,60.000000,6.000000,0.000000,0.000000,1.500000,0.120761,-0.005287,1.519446,0.000000,0.000000,0.000000,-0.039755,-0.063369,0.004513,0.997361,0.000589,-0.072584,0.001641,0.006353,0.016127,-0.002675,0.035266,-0.233059,-0.134354,23.866396,23.866396,23.891836,0.507387,3.540063,-0.525614,-0.393355,0.944791
17.900000,1,0,0,2.400000,9.810000,0.900000,30.000000,60.000000,6.000000,0.000000,0.000000,1.500000,0.118716,-0.008684,1.519544,0.000000,0.000000,0.000000,-0.041607,-0.071941,-0.000619,0.997390,0.000755,-0.072178,0.001586,0.006752,0.016087,-0.002731,0.097552,-0.223699,-0.120886,23.891836,23.891836,23.916909,0.507919,3.673982,-0.495446,-0.389000,0.942411
17.950000,1,0,0,2.400000,9.810000,0.900000,30.000000,60.000000,6.000000,0.000000,0.000000,1.500000,0.116644,-0.012422,1.519383,0.000000,0.000000,0.000000,-0.040884,-0.076956,-0.005800,0.997418,0.000942,-0.071796,0.001531,0.008127,0.014188,-0.002782,0.143410,-0.124214,-0.161263,23.916909,23.916909,23.941772,0.508447,3.769530,-0.247890,-0.513330,0.940175
18.000000,1,0,0,2.400000,9.810000,0.900000,30.000000,60.000000,6.000000,0.000000,0.000000,1.500000,0.114669,-0.016314,1.518966,0.000000,0.000000,0.000000,-0.037730,-0.078079,-0.010837,0.997440,0.001176,-0.071484,0.001478,0.010366,0.010526,-0.002827,0.185736,-0.058565,-0.161245,23.941772,23.941772,23.966566,0.508974,3.859830,-0.079334,-0.540009,0.938132
18.050000,1,0,0,2.400000,9.810000,0.900000,30.000000,60.000000,6.000000,0.000000,0.000000,1.500000,0.112907,-0.020164,1.518305,0.000000,0.000000,0.000000,-0.032418,-0.075281,-0.015541,0.997454,0.001474,-0.071283,0.001428,0.013290,0.005299,-0.002862,0.214825,0.016916,-0.153605,23.966566,23.966566,23.991400,0.509501,3.923609,0.115975,-0.547552,0.936325
18.100000,1,0,0,2.400000,9.810000,0.900000,30.000000,60.000000,6.000000,0.000000,0.000000,1.500000,0.111456,-0.023781,1.517421,0.000000,0.000000,0.000000,-0.025334,-0.068839,-0.019740,0.997457,0.001852,-0.071229,0.001383,0.016667,-0.001208,-0.002884,0.224496,0.072607,-0.133226,23.991400,23.991400,24.016347,0.510031,3.947757,0.267640,-0.523531,0.934785
18.150000,1,0,0,2.400000,9.810000,0.900000,30.000000,60.000000,6.000000,0.000000,0.000000,1.500000,0.110395,-0.026997,1.516342,0.000000,0.000000,0.000000,-0.016957,-0.059314,-0.023279,0.997448,0.002318,-0.071350,0.001344,0.020226,-0.008635,-0.002888,0.197275,0.185021,-0.115873,24.016347,24.016347,24.041434,0.510564,3.891683,0.559691,-0.505660,0.933538
18.200000,1,0,0,2.400000,9.810000,0.900000,30.000000,60.000000,6.000000,0.000000,0.000000,1.500000,0.109773,-0.029675,1.515106,0.000000,0.000000,0.000000,-0.007835,-0.047506,-0.026037,0.997424,0.002871,-0.071662,0.001310,0.023673,-0.016570,-0.002871,0.155803,0.257193,-0.141167,24.041434,24.041434,24.066642,0.511099,3.810607,0.759469,-0.588908,0.932597
18.250000,1,0,0,2.400000,9.810000,0.900000,30.000000,60.000000,6.000000,0.000000,0.000000,1.500000,0.109614,-0.031725,1.513753,0.000000,0.000000,0.000000,0.001448,-0.034386,-0.027925,0.997385,0.003506,-0.072175,0.001283,0.026717,-0.024567,-0.002828,0.152656,0.264836,-0.090005,24.066642,24.066642,24.091900,0.511636,3.831076,0.808387,-0.487327,0.931966
18.300000,1,0,0,2.400000,9.810000,0.900000,30.000000,60.000000,6.000000,0.000000,0.000000,1.500000,0.109911,-0.033109,1.512329,0.000000,0.000000,0.000000,0.010298,-0.021022,-0.028889,0.997331,0.004209,-0.072882,0.001261,0.029079,-0.032178,-0.002761,0.125645,0.250151,-0.081230,24.091900,24.091900,24.117084,0.512170,3.803658,0.807077,-0.486054,0.931638
18.350000,1,0,0,2.400000,9.810000,0.900000,30.000000,60.000000,6.000000,0.000000,0.000000,1.500000,0.110627,-0.033841,1.510880,0.000000,0.000000,0.000000,0.018146,-0.008488,-0.028918,0.997262,0.004961,-0.073770,0.001244,0.030522,-0.038969,-0.002674,0.101175,0.202151,-0.046894,24.117084,24.117084,24.142014,0.512700,3.791013,0.728208,-0.421952,0.931593
18.400000,1,0,0,2.400000,9.810000,0.900000,30.000000,60.000000,6.000000,0.000000,0.000000,1.500000,0.111700,-0.033989,1.509452,0.000000,0.000000,0.000000,0.024476,0.002221,-0.028042,0.997180,0.005734,-0.074813,0.001230,0.030856,-0.044553,-0.002575,0.063604,0.216279,0.035969,24.142014,24.142014,24.166450,0.513219,3.754382,0.799612,-0.239859,0.931806
18.450000,1,0,0,2.400000,9.810000,0.900000,30.000000,60.000000,6.000000,0.000000,0.000000,1.500000,0.113042,-0.033664,1.508090,0.000000,0.000000,0.000000,0.028855,0.010269,-0.026327,0.997088,0.006501,-0.075976,0.001217,0.029960,-0.048604,-0.002477,0.019205,0.151111,0.053717,24.166450,24.166450,24.190096,0.513721,3.707154,0.680446,-0.212491,0.932239
18.500000,1,0,0,2.400000,9.810000,0.900000,30.000000,60.000000,6.000000,0.000000,0.000000,1.500000,0.114547,-0.033016,1.506832,0.000000,0.000000,0.000000,0.030953,0.015050,-0.023877,0.996987,0.007230,-0.077218,0.001204,0.027784,-0.050878,-0.002393,-0.046879,0.067149,0.058258,24.190096,24.190096,24.212601,0.514199,3.611654,0.514375,-0.215272,0.932849
18.550000,1,0,0,2.400000,9.810000,0.900000,30.000000,60.000000,6.000000,0.000000,0.000000,1.500000,0.116096,-0.032219,1.505712,0.000000,0.000000,0.000000,0.030561,0.016233,-0.020827,0.996883,0.007888,-0.078494,0.001186,0.024357,-0.051229,-0.002338,-0.086328,0.010073,0.097607,24.212601,24.212601,24.233573,0.514644,3.581582,0.409476,-0.132972,0.933587
18.600000,1,0,0,2.400000,9.810000,0.900000,30.000000,60.000000,6.000000,0.000000,0.000000,1.500000,0.117561,-0.031453,1.504756,0.000000,0.000000,0.000000,0.027607,0.013792,-0.017338,0.996778,0.008446,-0.079753,0.001162,0.019783,-0.049613,-0.002323,-0.134257,-0.047315,0.063826,24.233573,24.233573,24.252594,0.515048,3.530260,0.298989,-0.224655,0.934401
18.650000,1,0,0,2.400000,9.810000,0.900000,30.000000,60.000000,6.000000,0.000000,0.000000,1.500000,0.118815,-0.030896,1.503982,0.000000,0.000000,0.000000,0.022151,0.008005,-0.013588,0.996678,0.008878,-0.080948,0.001127,0.014240,-0.046092,-0.002355,-0.202901,-0.127865,0.070533,24.252594,24.252594,24.269238,0.515402,3.425924,0.126759,-0.217654,0.935235
18.700000,1,0,0,2.400000,9.810000,0.900000,30.000000,60.000000,6.000000,0.000000,0.000000,1.500000,0.119737,-0.030700,1.503399,0.000000,0.000000,0.000000,0.014391,-0.000567,-0.009766,0.996587,0.009162,-0.082034,0.001081,0.007962,-0.040833,-0.002435,-0.215244,-0.176626,0.086174,24.269238,24.269238,24.283104,0.515696,3.451138,0.023596,-0.187705,0.936035
18.750000,1,0,0,2.400000,9.810000,0.900000,30.000000,60.000000,6.000000,0.000000,0.000000,1.500000,0.120221,-0.030986,1.503004,0.000000,0.000000,0.000000,0.004648,-0.011129,-0.006063,0.996508,0.009283,-0.082969,0.001019,0.001231,-0.034093,-0.002558,-0.259984,-0.223706,0.088300,24.283104,24.283104,24.293838,0.515924,3.391008,-0.083503,-0.188674,0.936748
18.800000,1,0,0,2.400000,9.810000,0.900000,30.000000,60.000000,6.000000,0.000000,0.000000,1.500000,0.120176,-0.031829,1.502787,0.000000,0.000000,0.000000,-0.006648,-0.022710,-0.002662,0.996446,0.009235,-0.083722,0.000942,-0.005643,-0.026212,-0.002712,-0.298767,-0.254380,0.104557,24.293838,24.293838,24.301166,0.516080,3.335925,-0.159586,-0.154191,0.937328
18.850000,1,0,0,2.400000,9.810000,0.900000,30.000000,60.000000,6.000000,0.000000,0.000000,1.500000,0.119538,-0.033256,1.502730,0.000000,0.000000,0.000000,-0.018984,-0.034252,0.000268,0.996402,0.009016,-0.084268,0.000848,-0.012341,-0.017589,-0.002882,-0.330928,-0.207708,0.050431,24.301166,24.301166,24.304911,0.516159,3.286284,-0.058388,-0.287052,0.937731
18.900000,1,0,0,2.400000,9.810000,0.900000,30.000000,60.000000,6.000000,0.000000,0.000000,1.500000,0.118270,-0.035236,1.502804,0.000000,0.000000,0.000000,-0.031785,-0.044689,0.002579,0.996378,0.008637,-0.084595,0.000739,-0.018552,-0.008663,-0.003051,-0.288485,-0.172363,0.053464,24.304911,24.304911,24.305013,0.516162,3.404567,0.007676,-0.281108,0.937923
18.950000,1,0,0,2.400000,9.810000,0.900000,30.000000,60.000000,6.000000,0.000000,0.000000,1.500000,0.116362,-0.037690,1.502975,0.000000,0.000000,0.000000,-0.044449,-0.053037,0.004153,0.996373,0.008112,-0.084700,0.000615,-0.023998,0.000113,-0.003202,-0.315751,-0.116108,0.066234,24.305013,24.305013,24.301531,0.516088,3.344300,0.116748,-0.250120,0.937879
19.000000,1,0,0,2.400000,9.810000,0.900000,30.000000,60.000000,6.000000,0.000000,0.000000,1.500000,0.113837,-0.040491,1.503205,0.000000,0.000000,0.000000,-0.056377,-0.058475,0.004906,0.996387,0.007463,-0.084593,0.000479,-0.028443,0.008296,-0.003321,-0.256623,-0.067584,0.043718,24.301531,24.301531,24.294641,0.515941,3.480581,0.201186,-0.302094,0.937583
19.050000,1,0,0,2.400000,9.810000,0.900000,30.000000,60.000000,6.000000,0.000000,0.000000,1.500000,0.110746,-0.043479,1.503451,0.000000,0.000000,0.000000,-0.067001,-0.060410,0.004793,0.996418,0.006718,-0.084295,0.000333,-0.031717,0.015477,-0.003400,-0.246513,-0.003987,0.018591,24.294641,24.294641,24.284622,0.515728,3.489405,0.317058,-0.358573,0.937030
19.100000,1,0,0,2.400000,9.810000,0.900000,30.000000,60.000000,6.000000,0.000000,0.000000,1.500000,0.107167,-0.046469,1.503670,0.000000,0.000000,0.000000,-0.075817,-0.058530,0.003807,0.996462,0.005908,-0.083833,0.000182,-0.033715,0.021303,-0.003436,-0.255619,0.093939,0.020363,24.284622,24.284622,24.271834,0.515457,3.443767,0.512107,-0.348711,0.936226
19.150000,1,0,0,2.400000,9.810000,0.900000,30.000000,60.000000,6.000000,0.000000,0.000000,1.500000,0.103202,-0.049268,1.503818,0.000000,0.000000,0.000000,-0.082411,-0.052824,0.001982,0.996516,0.005063,-0.083246,0.000028,-0.034414,0.025499,-0.003433,-0.197804,0.180400,0.006796,24.271834,24.271834,24.256692,0.515135,3.552257,0.678013,-0.373877,0.935185
19.200000,1,0,0,2.400000,9.810000,0.900000,30.000000,60.000000,6.000000,0.000000,0.000000,1.500000,0.098968,-0.051692,1.503855,0.000000,0.000000,0.000000,-0.086480,-0.043590,-0.000610,0.996576,0.004217,-0.082577,-0.000125,-0.033866,0.027881,-0.003397,-0.132040,0.274903,-0.050240,24.256692,24.256692,24.239638,0.514773,3.675492,0.863171,-0.501597,0.933934
19.250000,1,0,0,2.400000,9.810000,0.900000,30.000000,60.000000,6.000000,0.000000,0.000000,1.500000,0.094599,-0.053578,1.503746,0.000000,0.000000,0.000000,-0.087845,-0.031409,-0.003859,0.996637,0.003399,-0.081872,-0.000274,-0.032196,0.028365,-0.003339,-0.040008,0.314481,-0.070824,24.239638,24.239638,24.221114,0.514380,3.859758,0.917914,-0.540101,0.932509
19.300000,1,0,0,2.400000,9.810000,0.900000,30.000000,60.000000,6.000000,0.000000,0.000000,1.500000,0.090230,-0.054797,1.503461,0.000000,0.000000,0.000000,-0.086467,-0.017095,-0.007628,0.996696,0.002635,-0.081178,-0.000418,-0.029595,0.026975,-0.003270,0.036944,0.366523,-0.082546,24.221114,24.221114,24.201537,0.513964,4.008165,1.005232,-0.555660,0.930950
19.350000,1,0,0,2.400000,9.810000,0.900000,30.000000,60.000000,6.000000,0.000000,0.000000,1.500000,0.085996,-0.055268,1.502977,0.000000,0.000000,0.000000,-0.082440,-0.001637,-0.011752,0.996749,0.001944,-0.080541,-0.000553,-0.026307,0.023837,-0.003200,0.100248,0.395076,-0.127554,24.201537,24.201537,24.181283,0.513534,4.126401,1.039820,-0.649501,0.929308
19.400000,1,0,0,2.400000,9.810000,0.900000,30.000000,60.000000,6.000000,0.000000,0.000000,1.500000,0.082026,-0.054960,1.502283,0.000000,0.000000,0.000000,-0.075994,0.013887,-0.016050,0.996794,0.001341,-0.080002,-0.000680,-0.022610,0.019177,-0.003135,0.139263,0.387021,-0.085715,24.181283,24.181283,24.160673,0.513096,4.190953,0.990852,-0.533378,0.927636
19.450000,1,0,0,2.400000,9.810000,0.900000,30.000000,60.000000,6.000000,0.000000,0.000000,1.500000,0.078431,-0.053896,1.501373,0.000000,0.000000,0.000000,-0.067479,0.028392,-0.020332,0.996827,0.000831,-0.079594,-0.000799,-0.018798,0.013304,-0.003079,0.185204,0.340420,-0.095146,24.160673,24.160673,24.139966,0.512656,4.278418,0.853984,-0.538863,0.925988
19.500000,1,0,0,2.400000,9.810000,0.900000,30.000000,60.000000,6.000000,0.000000,0.000000,1.500000,0.075305,-0.052154,1.500253,0.000000,0.000000,0.000000,-0.057346,0.040877,-0.024406,0.996847,0.000415,-0.079345,-0.000908,-0.015167,0.006595,-0.003033,0.226492,0.279802,-0.064667,24.139966,24.139966,24.119349,0.512219,4.362270,0.688024,-0.447209,0.924422
19.550000,1,0,0,2.400000,9.810000,0.900000,30.000000,60.000000,6.000000,0.000000,0.000000,1.500000,0.072715,-0.049857,1.498939,0.000000,0.000000,0.000000,-0.046125,0.050501,-0.028089,0.996853,0.000084,-0.079268,-0.001010,-0.011989,-0.000526,-0.002995,0.239007,0.219844,-0.072520,24.119349,24.119349,24.098943,0.511785,4.385383,0.527802,-0.446292,0.922991
19.600000,1,0,0,2.400000,9.810000,0.900000,30.000000,60.000000,6.000000,0.000000,0.000000,1.500000,0.070701,-0.047162,1.497454,0.000000,0.000000,0.000000,-0.034399,0.056657,-0.031210,0.996845,-0.000176,-0.079370,-0.001106,-0.009495,-0.007613,-0.002963,0.256427,0.078367,-0.059743,24.098943,24.098943,24.078800,0.511357,4.428807,0.175380,-0.394699,0.921748
19.650000,1,0,0,2.400000,9.810000,0.900000,30.000000,60.000000,6.000000,0.000000,0.000000,1.500000,0.069274,-0.044254,1.495829,0.000000,0.000000,0.000000,-0.022767,0.059012,-0.033625,0.996823,-0.000385,-0.079643,-0.001196,-0.007866,-0.014222,-0.002933,0.205109,-0.017003,-0.052885,24.078800,24.078800,24.058903,0.510935,4.315477,-0.063884,-0.356252,0.920737
19.700000,1,0,0,2.400000,9.810000,0.900000,30.000000,60.000000,6.000000,0.000000,0.000000,1.500000,0.068413,-0.041325,1.494105,0.000000,0.000000,0.000000,-0.011822,0.057542,-0.035219,0.996788,-0.000566,-0.080071,-0.001283,-0.007213,-0.019934,-0.002905,0.176171,-0.074351,-0.045875,24.058903,24.058903,24.039171,0.510516,4.263234,-0.210518,-0.316487,0.919997
19.750000,1,0,0,2.400000,9.810000,0.900000,30.000000,60.000000,6.000000,0.000000,0.000000,1.500000,0.068071,-0.038559,1.492323,0.000000,0.000000,0.000000,-0.002111,0.052526,-0.035908,0.996743,-0.000743,-0.080626,-0.001370,-0.007576,-0.024382,-0.002876,0.177698,-0.153701,-0.030763,24.039171,24.039171,24.019466,0.510097,4.290155,-0.409787,-0.256442,0.919558
19.800000,1,0,0,2.400000,9.810000,0.900000,30.000000,60.000000,6.000000,0.000000,0.000000,1.500000,0.068173,-0.036122,1.490530,0.000000,0.000000,0.000000,0.005886,0.044526,-0.035651,0.996690,-0.000941,-0.081273,-0.001457,-0.008919,-0.027268,-0.002847,0.139599,-0.213508,0.029825,24.019466,24.019466,23.999595,0.509675,4.226295,-0.563185,-0.086534,0.919441
19.850000,1,0,0,2.400000,9.810000,0.900000,30.000000,60.000000,6.000000,0.000000,0.000000,1.500000,0.068624,-0.034143,1.488773,0.000000,0.000000,0.000000,0.011789,0.034341,-0.034444,0.996633,-0.001185,-0.081969,-0.001547,-0.011130,-0.028381,-0.002817,0.070334,-0.275646,0.069195,23.999595,23.999595,23.979327,0.509245,4.089929,-0.724319,0.033046,0.919654
19.900000,1,0,0,2.400000,9.810000,0.900000,30.000000,60.000000,6.000000,0.000000,0.000000,1.500000,0.069313,-0.032708,1.487101,0.000000,0.000000,0.000000,0.015329,0.022940,-0.032324,0.996574,-0.001492,-0.082670,-0.001642,-0.014033,-0.027609,-0.002784,0.043933,-0.277861,0.075179,23.979327,23.979327,23.958404,0.508801,4.056501,-0.744707,0.072977,0.920198
19.950000,1,0,0,2.400000,9.810000,0.900000,30.000000,60.000000,6.000000,0.000000,0.000000,1.500000,0.070116,-0.031852,1.485555,0.000000,0.000000,0.000000,0.016370,0.011383,-0.029368,0.996519,-0.001879,-0.083328,-0.001742,-0.017399,-0.024945,-0.002745,-0.030609,-0.246179,0.060261,23.958404,23.958404,23.936561,0.508337,3.905312,-0.687494,0.063107,0.921060
20.000000,1,0,0,2.400000,9.810000,0.900000,30.000000,60.000000,6.000000,0.000000,0.000000,1.500000,0.070908,-0.031555,1.484176,0.000000,0.000000,0.000000,0.014908,0.000734,-0.025687,0.996470,-0.002352,-0.083897,-0.001849,-0.020957,-0.020488,-0.002697,-0.102856,-0.210584,0.117589,23.936561,23.936561,23.913550,0.507848,3.755177,-0.625015,0.226883,0.922219
20.050000,1,0,0,2.400000,9.810000,0.900000,30.000000,60.000000,6.000000,0.000000,0.000000,1.500000,0.071567,-0.031747,1.482996,0.000000,0.000000,0.000000,0.011080,-0.008023,-0.021422,0.996431,-0.002913,-0.084334,-0.001962,-0.024414,-0.014437,-0.002632,-0.187866,-0.126543,0.096491,23.913550,23.913550,23.889158,0.507330,3.567919,-0.450420,0.202593,0.923644
20.100000,1,0,0,2.400000,9.810000,0.900000,30.000000,60.000000,6.000000,0.000000,0.000000,1.500000,0.071981,-0.032312,1.482041,0.000000,0.000000,0.000000,0.005148,-0.014070,-0.016742,0.996406,-0.003555,-0.084604,-0.002080,-0.027477,-0.007081,-0.002544,-0.193308,-0.095353,0.141583,23.889158,23.889158,23.863234,0.506780,3.563397,-0.406502,0.337230,0.925295
20.150000,1,0,0,2.400000,9.810000,0.900000,30.000000,60.000000,6.000000,0.000000,0.000000,1.500000,0.072053,-0.033099,1.481326,0.000000,0.000000,0.000000,-0.002508,-0.016817,-0.011828,0.996397,-0.004266,-0.084677,-0.002203,-0.029869,0.001219,-0.002428,-0.185032,-0.014172,0.174169,23.863234,23.863234,23.835706,0.506195,3.582238,-0.245778,0.441846,0.927124
20.200000,1,0,0,2.400000,9.810000,0.900000,30.000000,60.000000,6.000000,0.000000,0.000000,1.500000,0.071709,-0.033933,1.480858,0.000000,0.000000,0.000000,-0.011414,-0.015952,-0.006874,0.996405,-0.005025,-0.084536,-0.002327,-0.031348,0.010047,-0.002281,-0.211749,0.071525,0.153416,23.835706,23.835706,23.806596,0.505577,3.506693,-0.076413,0.418369,0.929080
20.250000,1,0,0,2.400000,9.810000,0.900000,30.000000,60.000000,6.000000,0.000000,0.000000,1.500000,0.070900,-0.034633,1.480636,0.000000,0.000000,0.000000,-0.021027,-0.011469,-0.002072,0.996431,-0.005808,-0.084173,-0.002451,-0.031724,0.018956,-0.002103,-0.193716,0.139394,0.151837,23.806596,23.806596,23.776025,0.504927,3.527826,0.049189,0.440759,0.931108
20.300000,1,0,0,2.400000,9.810000,0.900000,30.000000,60.000000,6.000000,0.000000,0.000000,1.500000,0.069604,-0.035025,1.480646,0.000000,0.000000,0.000000,-0.030763,-0.003664,0.002392,0.996475,-0.006584,-0.083591,-0.002570,-0.030872,0.027492,-0.001901,-0.191617,0.210170,0.102555,23.776025,23.776025,23.744215,0.504252,3.500233,0.182198,0.348438,0.933150
20.350000,1,0,0,2.400000,9.810000,0.900000,30.000000,60.000000,6.000000,0.000000,0.000000,1.500000,0.067831,-0.034954,1.480867,0.000000,0.000000,0.000000,-0.040025,0.006883,0.006350,0.996535,-0.007324,-0.082806,-0.002683,-0.028740,0.035223,-0.001685,-0.193971,0.273607,0.071496,23.744215,23.744215,23.711481,0.503557,3.452246,0.299520,0.299543,0.935150
20.400000,1,0,0,2.400000,9.810000,0.900000,30.000000,60.000000,6.000000,0.000000,0.000000,1.500000,0.065619,-0.034304,1.481270,0.000000,0.000000,0.000000,-0.048241,0.019362,0.009655,0.996609,-0.007994,-0.081843,-0.002785,-0.025354,0.041755,-0.001469,-0.171852,0.285140,0.030120,23.711481,23.711481,23.678215,0.502850,3.454569,0.295701,0.225488,0.937055
20.450000,1,0,0,2.400000,9.810000,0.900000,30.000000,60.000000,6.000000,0.000000,0.000000,1.500000,0.063033,-0.033002,1.481819,0.000000,0.000000,0.000000,-0.054886,0.032789,0.012191,0.996695,-0.008566,-0.080735,-0.002875,-0.020815,0.046762,-0.001269,-0.132382,0.297180,0.026959,23.678215,23.678215,23.644866,0.502142,3.491812,0.297938,0.242640,0.938816
20.500000,1,0,0,2.400000,9.810000,0.900000,30.000000,60.000000,6.000000,0.000000,0.000000,1.500000,0.060164,-0.031027,1.482475,0.000000,0.000000,0.000000,-0.059519,0.046094,0.013877,0.996788,-0.009012,-0.079525,-0.002952,-0.015297,0.049998,-0.001100,-0.101718,0.235804,0.058177,23.644866,23.644866,23.611920,0.501442,3.503242,0.130044,0.341668,0.940391
20.550000,1,0,0,2.400000,9.810000,0.900000,30.000000,60.000000,6.000000,0.000000,0.000000,1.500000,0.057121,-0.028412,1.483192,0.000000,0.000000,0.000000,-0.061799,0.058206,0.014671,0.996885,-0.009310,-0.078258,-0.003013,-0.009034,0.051313,-0.000975,-0.051888,0.191903,-0.001695,23.611920,23.611920,23.579874,0.500762,3.558259,0.011137,0.221317,0.941744
20.600000,1,0,0,2.400000,9.810000,0.900000,30.000000,60.000000,6.000000,0.000000,0.000000,1.500000,0.054027,-0.025243,1.483927,0.000000,0.000000,0.000000,-0.061504,0.068136,0.014569,0.996983,-0.009446,-0.076983,-0.003060,-0.002306,0.050661,-0.000901,0.004056,0.161700,0.001874,23.579874,23.579874,23.549215,0.500111,3.627898,-0.067176,0.252314,0.942851
20.650000,1,0,0,2.400000,9.810000,0.900000,30.000000,60.000000,6.000000,0.000000,0.000000,1.500000,0.051015,-0.021649,1.484635,0.000000,0.000000,0.000000,-0.058549,0.075061,0.013609,0.997078,-0.009413,-0.075748,-0.003091,0.004579,0.048101,-0.000877,0.074755,0.119688,-0.063339,23.549215,23.549215,23.520399,0.499499,3.735238,-0.165801,0.117184,0.943695
20.700000,1,0,0,2.400000,9.810000,0.900000,30.000000,60.000000,6.000000,0.000000,0.000000,1.500000,0.048216,-0.017797,1.485275,0.000000,0.000000,0.000000,-0.052983,0.078389,0.011866,0.997166,-0.009209,-0.074600,-0.003109,0.011300,0.043797,-0.000899,0.145582,0.055532,-0.064694,23.520399,23.520399,23.493833,0.498935,3.847359,-0.309595,0.134116,0.944272
20.750000,1,0,0,2.400000,9.810000,0.900000,30.000000,60.000000,6.000000,0.000000,0.000000,1.500000,0.045757,-0.013875,1.485810,0.000000,0.000000,0.000000,-0.044992,0.077811,0.009451,0.997245,-0.008843,-0.073579,-0.003115,0.017547,0.038005,-0.000955,0.212732,-0.041008,-0.068123,23.493833,23.493833,23.469865,0.498426,3.957049,-0.523555,0.144732,0.944587
20.800000,1,0,0,2.400000,9.810000,0.900000,30.000000,60.000000,6.000000,0.000000,0.000000,1.500000,0.043752,-0.010081,1.486211,0.000000,0.000000,0.000000,-0.034887,0.073320,0.006506,0.997313,-0.008331,-0.072718,-0.003110,0.023039,0.031061,-0.001029,0.276349,-0.101980,-0.114299,23.469865,23.469865,23.448769,0.497978,4.066210,-0.645357,0.051287,0.944657
20.850000,1,0,0,2.400000,9.810000,0.900000,30.000000,60.000000,6.000000,0.000000,0.000000,1.500000,0.042296,-0.006604,1.486454,0.000000,0.000000,0.000000,-0.023090,0.065217,0.003193,0.997367,-0.007694,-0.072041,-0.003096,0.027541,0.023361,-0.001104,0.317039,-0.155151,-0.164000,23.448769,23.448769,23.430740,0.497595,4.129405,-0.742696,-0.052203,0.944508
20.900000,1,0,0,2.400000,9.810000,0.900000,30.000000,60.000000,6.000000,0.000000,0.000000,1.500000,0.041463,-0.003610,1.486527,0.000000,0.000000,0.000000,-0.010110,0.054084,-0.000304,0.997407,-0.006959,-0.071560,-0.003075,0.030876,0.015342,-0.001166,0.308263,-0.200626,-0.187655,23.430740,23.430740,23.415888,0.497279,4.083553,-0.817101,-0.094870,0.944173
20.950000,1,0,0,2.400000,9.810000,0.900000,30.000000,60.000000,6.000000,0.000000,0.000000,1.500000,0.041296,-0.001232,1.486424,0.000000,0.000000,0.000000,0.003481,0.040739,-0.003798,0.997433,-0.006158,-0.071279,-0.003050,0.032939,0.007456,-0.001203,0.342769,-0.241291,-0.194698,23.415888,23.415888,23.404239,0.497032,4.151339,-0.876934,-0.099446,0.943696
21.000000,1,0,0,2.400000,9.810000,0.900000,30.000000,60.000000,6.000000,0.000000,0.000000,1.500000,0.041811,0.000443,1.486150,0.000000,0.000000,0.000000,0.017081,0.026169,-0.007100,0.997444,-0.005322,-0.071189,-0.003021,0.033704,0.000141,-0.001207,0.319676,-0.253039,-0.164899,23.404239,23.404239,23.395731,0.496851,4.090202,-0.865842,-0.017452,0.943125
21.050000,1,0,0,2.400000,9.810000,0.900000,30.000000,60.000000,6.000000,0.000000,0.000000,1.500000,0.042994,0.001382,1.485720,0.000000,0.000000,0.000000,0.030083,0.011450,-0.010028,0.997443,-0.004483,-0.071270,-0.002990,0.033218,-0.006194,-0.001177,0.266202,-0.223034,-0.155799,23.395731,23.395731,23.390219,0.496734,3.964538,-0.754501,0.012962,0.942511
21.100000,1,0,0,2.400000,9.810000,0.900000,30.000000,60.000000,6.000000,0.000000,0.000000,1.500000,0.044800,0.001604,1.485157,0.000000,0.000000,0.000000,0.041915,-0.002339,-0.012419,0.997430,-0.003672,-0.071492,-0.002960,0.031606,-0.011200,-0.001116,0.263161,-0.188350,-0.119762,23.390219,23.390219,23.387482,0.496676,3.966914,-0.633256,0.106083,0.941908
21.150000,1,0,0,2.400000,9.810000,0.900000,30.000000,60.000000,6.000000,0.000000,0.000000,1.500000,0.047157,0.001180,1.484490,0.000000,0.000000,0.000000,0.052061,-0.014203,-0.014133,0.997409,-0.002913,-0.071820,-0.002931,0.029055,-0.014605,-0.001031,0.200441,-0.148530,-0.098509,23.387482,23.387482,23.387235,0.496671,3.831319,-0.502203,0.161761,0.941372
21.200000,1,0,0,2.400000,9.810000,0.900000,30.000000,60.000000,6.000000,0.000000,0.000000,1.500000,0.049971,0.000229,1.483756,0.000000,0.000000,0.000000,0.060094,-0.023313,-0.015061,0.997383,-0.002227,-0.072210,-0.002905,0.025807,-0.016225,-0.000930,0.194298,-0.095174,-0.078680,23.387235,23.387235,23.389138,0.496711,3.834755,-0.342114,0.212061,0.940954
21.250000,1,0,0,2.400000,9.810000,0.900000,30.000000,60.000000,6.000000,0.000000,0.000000,1.500000,0.053126,-0.001095,1.482998,0.000000,0.000000,0.000000,0.065695,-0.029069,-0.015127,0.997354,-0.001628,-0.072617,-0.002883,0.022139,-0.015981,-0.000822,0.126704,-0.057246,-0.062253,23.389138,23.389138,23.392821,0.496789,3.691789,-0.223140,0.252253,0.940703
21.300000,1,0,0,2.400000,9.810000,0.900000,30.000000,60.000000,6.000000,0.000000,0.000000,1.500000,0.056496,-0.002616,1.482259,0.000000,0.000000,0.000000,0.068670,-0.031152,-0.014296,0.997328,-0.001123,-0.072995,-0.002865,0.018346,-0.013898,-0.000713,0.053389,0.033690,-0.017036,23.392821,23.392821,23.397899,0.496897,3.533967,0.018668,0.359637,0.940661
21.350000,1,0,0,2.400000,9.810000,0.900000,30.000000,60.000000,6.000000,0.000000,0.000000,1.500000,0.059948,-0.004148,1.481583,0.000000,0.000000,0.000000,0.068960,-0.029546,-0.012572,0.997306,-0.000711,-0.073299,-0.002851,0.014722,-0.010105,-0.000609,0.011297,0.097709,-0.016929,23.397899,23.397899,23.404001,0.497027,3.447844,0.191535,0.356914,0.940864
21.400000,1,0,0,2.400000,9.810000,0.900000,30.000000,60.000000,6.000000,0.000000,0.000000,1.500000,0.063349,-0.005514,1.481016,0.000000,0.000000,0.000000,0.066643,-0.024542,-0.009999,0.997292,-0.000384,-0.073489,-0.002841,0.011541,-0.004830,-0.000511,-0.040606,0.171251,0.020331,23.404001,23.404001,23.410787,0.497171,3.333032,0.383285,0.441590,0.941338
21.450000,1,0,0,2.400000,9.810000,0.900000,30.000000,60.000000,6.000000,0.000000,0.000000,1.500000,0.066572,-0.006555,1.480596,0.000000,0.000000,0.000000,0.061932,-0.016709,-0.006659,0.997289,-0.000129,-0.073531,-0.002833,0.009037,0.001617,-0.000419,-0.100358,0.189874,0.035756,23.410787,23.410787,23.417979,0.497324,3.192644,0.439928,0.472186,0.942099
21.500000,1,0,0,2.400000,9.810000,0.900000,30.000000,60.000000,6.000000,0.000000,0.000000,1.500000,0.069507,-0.007151,1.480361,0.000000,0.000000,0.000000,0.055160,-0.006852,-0.002669,0.997298,0.000075,-0.073403,-0.002828,0.007390,0.008857,-0.000334,-0.099220,0.190325,0.043550,23.417979,23.417979,23.425369,0.497481,3.190474,0.450566,0.482891,0.943155
21.550000,1,0,0,2.400000,9.810000,0.900000,30.000000,60.000000,6.000000,0.000000,0.000000,1.500000,0.072061,-0.007223,1.480338,0.000000,0.000000,0.000000,0.046765,0.004057,0.001823,0.997321,0.000250,-0.073088,-0.002822,0.006718,0.016464,-0.000253,-0.124232,0.222826,0.081548,23.425369,23.425369,23.432844,0.497639,3.116919,0.536814,0.564617,0.944501
21.600000,1,0,0,2.400000,9.810000,0.900000,30.000000,60.000000,6.000000,0.000000,0.000000,1.500000,0.074166,-0.006745,1.480548,0.000000,0.000000,0.000000,0.037267,0.014960,0.006648,0.997358,0.000422,-0.072583,-0.002815,0.007060,0.023992,-0.000178,-0.198388,0.222464,0.097136,23.432844,23.432844,23.440382,0.497799,2.916601,0.544052,0.591193,0.946121
21.650000,1,0,0,2.400000,9.810000,0.900000,30.000000,60.000000,6.000000,0.000000,0.000000,1.500000,0.075779,-0.005745,1.481005,0.000000,0.000000,0.000000,0.027237,0.024795,0.011621,0.997408,0.000615,-0.071897,-0.002804,0.008384,0.030994,-0.000108,-0.231475,0.211456,0.113554,23.440382,23.440382,23.448058,0.497962,2.806375,0.526777,0.618498,0.947990
21.700000,1,0,0,2.400000,9.810000,0.900000,30.000000,60.000000,6.000000,0.000000,0.000000,1.500000,0.076890,-0.004300,1.481710,0.000000,0.000000,0.000000,0.017271,0.032590,0.016548,0.997469,0.000852,-0.071047,-0.002789,0.010582,0.037052,-0.000044,-0.206324,0.130056,0.185903,23.448058,23.448058,23.456031,0.498132,2.828310,0.342692,0.778857,0.950075
21.750000,1,0,0,2.400000,9.810000,0.900000,30.000000,60.000000,6.000000,0.000000,0.000000,1.500000,0.077517,-0.002533,1.482656,0.000000,0.000000,0.000000,0.007958,0.037534,0.021236,0.997538,0.001153,-0.070061,-0.002767,0.013481,0.041797,0.000011,-0.179149,0.077563,0.161359,23.456031,23.456031,23.464534,0.498312,2.848816,0.231036,0.705563,0.952333
21.800000,1,0,0,2.400000,9.810000,0.900000,30.000000,60.000000,6.000000,0.000000,0.000000,1.500000,0.077706,-0.000604,1.483826,0.000000,0.000000,0.000000,-0.000156,0.039052,0.025504,0.997613,0.001534,-0.068977,-0.002739,0.016851,0.044930,0.000060,-0.115887,0.045640,0.146284,23.464534,23.464534,23.473849,0.498510,2.951378,0.172486,0.653939,0.954714
21.850000,1,0,0,2.400000,9.810000,0.900000,30.000000,60.000000,6.000000,0.000000,0.000000,1.500000,0.077530,0.001310,1.485196,0.000000,0.000000,0.000000,-0.006589,0.036848,0.029185,0.997691,0.002002,-0.067838,-0.002703,0.020425,0.046240,0.000103,-0.084940,-0.054410,0.160169,23.473849,23.473849,23.484285,0.498732,2.973860,-0.045436,0.670796,0.957165
21.900000,1,0,0,2.400000,9.810000,0.900000,30.000000,60.000000,6.000000,0.000000,0.000000,1.500000,0.077082,0.003019,1.486733,0.000000,0.000000,0.000000,-0.010954,0.030929,0.032137,0.997767,0.002558,-0.066689,-0.002660,0.023909,0.045615,0.000146,0.017996,-0.079256,0.127796,23.484285,23.484285,23.496155,0.498984,3.168822,-0.078670,0.575624,0.959629
21.950000,1,0,0,2.400000,9.810000,0.900000,30.000000,60.000000,6.000000,0.000000,0.000000,1.500000,0.076473,0.004346,1.488396,0.000000,0.000000,0.000000,-0.012978,0.021610,0.034251,0.997839,0.003197,-0.065581,-0.002610,0.027011,0.043047,0.000195,0.085746,-0.161555,0.106523,23.496155,23.496155,23.509747,0.499273,3.281339,-0.245875,0.506091,0.962049
22.000000,1,0,0,2.400000,9.810000,0.900000,30.000000,60.000000,6.000000,0.000000,0.000000,1.500000,0.075825,0.005133,1.490142,0.000000,0.000000,0.000000,-0.012516,0.009485,0.035451,0.997903,0.003905,-0.064561,-0.002555,0.029452,0.038635,0.000261,0.143306,-0.245591,0.044313,23.509747,23.509747,23.525312,0.499603,3.373646,-0.413948,0.337301,0.964368
22.050000,1,0,0,2.400000,9.810000,0.900000,30.000000,60.000000,6.000000,0.000000,0.000000,1.500000,0.075263,0.005261,1.491925,0.000000,0.000000,0.000000,-0.009559,-0.004622,0.035701,0.997957,0.004663,-0.063671,-0.002495,0.030990,0.032579,0.000351,0.173061,-0.290693,0.022200,23.525312,23.525312,23.543036,0.499980,3.405539,-0.486195,0.263734,0.966533
22.100000,1,0,0,2.400000,9.810000,0.900000,30.000000,60.000000,6.000000,0.000000,0.000000,1.500000,0.074909,0.004654,1.493697,0.000000,0.000000,0.000000,-0.004234,-0.019715,0.035005,0.997999,0.005445,-0.062950,-0.002431,0.031432,0.025165,0.000472,0.201424,-0.318186,0.020066,23.543036,23.543036,23.563040,0.500404,3.442189,-0.514978,0.237107,0.968495
22.150000,1,0,0,2.400000,9.810000,0.900000,30.000000,60.000000,6.000000,0.000000,0.000000,1.500000,0.074875,0.003291,1.495411,0.000000,0.000000,0.000000,0.003201,-0.034715,0.033408,0.998027,0.006223,-0.062428,-0.002366,0.030651,0.016758,0.000629,0.214097,-0.294503,-0.016272,23.563040,23.563040,23.585361,0.500878,3.450688,-0.421096,0.127392,0.970215
22.200000,1,0,0,2.400000,9.810000,0.900000,30.000000,60.000000,6.000000,0.000000,0.000000,1.500000,0.075258,0.001203,1.497024,0.000000,0.000000,0.000000,0.012372,-0.048544,0.030993,0.998042,0.006964,-0.062123,-0.002300,0.028591,0.007772,0.000821,0.263144,-0.253464,-0.060034,23.585361,23.585361,23.609961,0.501401,3.556934,-0.287199,-0.001113,0.971657
22.250000,1,0,0,2.400000,9.810000,0.900000,30.000000,60.000000,6.000000,0.000000,0.000000,1.500000,0.076133,-0.001527,1.498498,0.000000,0.000000,0.000000,0.022809,-0.060208,0.027876,0.998042,0.007637,-0.062044,-0.002234,0.025276,-0.001346,0.001040,0.216665,-0.212904,-0.065525,23.609961,23.609961,23.636718,0.501969,3.444796,-0.157589,-0.038693,0.972799
22.300000,1,0,0,2.400000,9.810000,0.900000,30.000000,60.000000,6.000000,0.000000,0.000000,1.500000,0.077551,-0.004768,1.499802,0.000000,0.000000,0.000000,0.033967,-0.068883,0.024203,0.998028,0.008212,-0.062190,-0.002170,0.020804,-0.010143,0.001275,0.227541,-0.130546,-0.051943,23.636718,23.636718,23.665440,0.502579,3.481097,0.067766,-0.031356,0.973627
22.350000,1,0,0,2.400000,9.810000,0.900000,30.000000,60.000000,6.000000,0.000000,0.000000,1.500000,0.079532,-0.008356,1.500912,0.000000,0.000000,0.000000,0.045261,-0.073978,0.020145,0.998002,0.008662,-0.062547,-0.002110,0.015347,-0.018182,0.001512,0.220808,-0.061441,-0.064784,23.665440,23.665440,23.695865,0.503225,3.485295,0.255464,-0.088206,0.974138
22.400000,1,0,0,2.400000,9.810000,0.900000,30.000000,60.000000,6.000000,0.000000,0.000000,1.500000,0.082069,-0.012101,1.501813,0.000000,0.000000,0.000000,0.056089,-0.075181,0.015884,0.997965,0.008965,-0.063090,-0.002055,0.009135,-0.025074,0.001733,0.250692,0.009482,-0.073388,23.695865,23.695865,23.727672,0.503901,3.586412,0.440624,-0.135550,0.974341
22.450000,1,0,0,2.400000,9.810000,0.900000,30.000000,60.000000,6.000000,0.000000,0.000000,1.500000,0.085124,-0.015809,1.502500,0.000000,0.000000,0.000000,0.065869,-0.072489,0.011613,0.997920,0.009106,-0.063788,-0.002007,0.002447,-0.030488,0.001923,0.178061,0.077664,-0.081405,23.727672,23.727672,23.760488,0.504598,3.448976,0.611549,-0.182020,0.974254
22.500000,1,0,0,2.400000,9.810000,0.900000,30.000000,60.000000,6.000000,0.000000,0.000000,1.500000,0.088630,-0.019290,1.502978,0.000000,0.000000,0.000000,0.074068,-0.066203,0.007523,0.997868,0.009077,-0.064598,-0.001966,-0.004409,-0.034179,0.002072,0.171004,0.141959,-0.075452,23.760488,23.760488,23.793904,0.505307,3.474490,0.765084,-0.195355,0.973904
22.550000,1,0,0,2.400000,9.810000,0.900000,30.000000,60.000000,6.000000,0.000000,0.000000,1.500000,0.092497,-0.022379,1.503259,0.000000,0.000000,0.000000,0.080229,-0.056904,0.003793,0.997813,0.008877,-0.065478,-0.001933,-0.011113,-0.035996,0.002172,0.137960,0.215625,0.011221,23.793904,23.793904,23.827481,0.506020,3.441047,0.933005,-0.015199,0.973329
22.600000,1,0,0,2.400000,9.810000,0.900000,30.000000,60.000000,6.000000,0.000000,0.000000,1.500000,0.096613,-0.024944,1.503366,0.000000,0.000000,0.000000,0.083997,-0.045408,0.000587,0.997756,0.008516,-0.066378,-0.001910,-0.017354,-0.035890,0.002223,0.119242,0.246715,0.012186,23.827481,23.827481,23.860764,0.506727,3.443104,0.990978,-0.040810,0.972572
22.650000,1,0,0,2.400000,9.810000,0.900000,30.000000,60.000000,6.000000,0.000000,0.000000,1.500000,0.100852,-0.026899,1.503328,0.000000,0.000000,0.000000,0.085135,-0.032697,-0.001957,0.997702,0.008007,-0.067252,-0.001895,-0.022851,-0.033919,0.002232,0.057964,0.249569,0.026353,23.860764,23.860764,23.893301,0.507418,3.341829,0.974113,-0.034621,0.971684
22.700000,1,0,0,2.400000,9.810000,0.900000,30.000000,60.000000,6.000000,0.000000,0.000000,1.500000,0.105081,-0.028211,1.503183,0.000000,0.000000,0.000000,0.083540,-0.019840,-0.003733,0.997653,0.007373,-0.068055,-0.001888,-0.027366,-0.030245,0.002210,0.005907,0.206549,0.019276,23.893301,23.893301,23.924655,0.508084,3.259310,0.841092,-0.079119,0.970716
22.750000,1,0,0,2.400000,9.810000,0.900000,30.000000,60.000000,6.000000,0.000000,0.000000,1.500000,0.109161,-0.028899,1.502969,0.000000,0.000000,0.000000,0.079245,-0.007904,-0.004668,0.997610,0.006641,-0.068747,-0.001889,-0.030720,-0.025123,0.002171,-0.027611,0.213418,0.024356,23.924655,23.924655,23.954424,0.508716,3.215963,0.823011,-0.093948,0.969724
22.800000,1,0,0,2.400000,9.810000,0.900000,30.000000,60.000000,6.000000,0.000000,0.000000,1.500000,0.112963,-0.029033,1.502731,0.000000,0.000000,0.000000,0.072419,0.002127,-0.004730,0.997577,0.005842,-0.069296,-0.001893,-0.032807,-0.018885,0.002129,-0.082831,0.205672,0.092434,23.954424,23.954424,23.982258,0.509307,3.113603,0.766516,0.043109,0.968764
22.850000,1,0,0,2.400000,9.810000,0.900000,30.000000,60.000000,6.000000,0.000000,0.000000,1.500000,0.116366,-0.028731,1.502511,0.000000,0.000000,0.000000,0.063360,0.009439,-0.003926,0.997555,0.005007,-0.069680,-0.001901,-0.033595,-0.011927,0.002098,-0.171754,0.142894,0.090449,23.982258,23.982258,24.007874,0.509851,2.922260,0.576144,0.012907,0.967886
22.900000,1,0,0,2.400000,9.810000,0.900000,30.000000,60.000000,6.000000,0.000000,0.000000,1.500000,0.119268,-0.028145,1.502352,0.000000,0.000000,0.000000,0.052477,0.013449,-0.002304,0.997544,0.004168,-0.069886,-0.001908,-0.033131,-0.004683,0.002086,-0.201676,0.073109,0.108318,24.007874,24.007874,24.031071,0.510344,2.863762,0.368698,0.031436,0.967140
22.950000,1,0,0,2.400000,9.810000,0.900000,30.000000,60.000000,6.000000,0.000000,0.000000,1.500000,0.121591,-0.027447,1.502292,0.000000,0.000000,0.000000,0.040268,0.013856,0.000050,0.997546,0.003356,-0.069913,-0.001913,-0.031536,0.002398,0.002097,-0.263136,-0.019850,0.138052,24.031071,24.031071,24.051736,0.510783,2.720685,0.106822,0.079711,0.966567
23.000000,1,0,0,2.400000,9.810000,0.900000,30.000000,60.000000,6.000000,0.000000,0.000000,1.500000,0.123283,-0.026819,1.502367,0.000000,0.000000,0.000000,0.027299,0.010662,0.003018,0.997558,0.002596,-0.069769,-0.001912,-0.028995,0.008880,0.002133,-0.289553,-0.123030,0.139713,24.051736,24.051736,24.069849,0.511167,2.653248,-0.177128,0.062053,0.966202
23.050000,1,0,0,2.400000,9.810000,0.900000,30.000000,60.000000,6.000000,0.000000,0.000000,1.500000,0.124319,-0.026436,1.502602,0.000000,0.000000,0.000000,0.014169,0.004174,0.006453,0.997580,0.001909,-0.069476,-0.001906,-0.025748,0.014356,0.002189,-0.294208,-0.161529,0.146906,24.069849,24.069849,24.085482,0.511499,2.630516,-0.302377,0.059265,0.966070
23.100000,1,0,0,2.400000,9.810000,0.900000,30.000000,60.000000,6.000000,0.000000,0.000000,1.500000,0.124707,-0.026447,1.503017,0.000000,0.000000,0.000000,0.001483,-0.005024,0.010183,0.997610,0.001309,-0.069062,-0.001891,-0.022071,0.018481,0.002259,-0.259901,-0.200988,0.115961,24.085482,24.085482,24.098783,0.511782,2.695187,-0.425764,-0.033340,0.966188
23.150000,1,0,0,2.400000,9.810000,0.900000,30.000000,60.000000,6.000000,0.000000,0.000000,1.500000,0.124484,-0.026970,1.503622,0.000000,0.000000,0.000000,-0.010182,-0.016113,0.014026,0.997645,0.000803,-0.068565,-0.001868,-0.018259,0.020984,0.002336,-0.213728,-0.231545,0.113036,24.098783,24.098783,24.109971,0.512019,2.784022,-0.523272,-0.056879,0.966559
23.200000,1,0,0,2.400000,9.810000,0.900000,30.000000,60.000000,6.000000,0.000000,0.000000,1.500000,0.123714,-0.028074,1.504418,0.000000,0.000000,0.000000,-0.020306,-0.028113,0.017789,0.997682,0.000391,-0.068029,-0.001836,-0.014605,0.021685,0.002413,-0.178239,-0.242625,0.099119,24.109971,24.109971,24.119310,0.512218,2.844992,-0.569530,-0.104921,0.967180
23.250000,1,0,0,2.400000,9.810000,0.900000,30.000000,60.000000,6.000000,0.000000,0.000000,1.500000,0.122486,-0.029778,1.505397,0.000000,0.000000,0.000000,-0.028451,-0.039958,0.021285,0.997718,0.000065,-0.067498,-0.001797,-0.011385,0.020507,0.002487,-0.144480,-0.223544,0.047989,24.119310,24.119310,24.127092,0.512383,2.901830,-0.539251,-0.240361,0.968033
23.300000,1,0,0,2.400000,9.810000,0.900000,30.000000,60.000000,6.000000,0.000000,0.000000,1.500000,0.120908,-0.032049,1.506539,0.000000,0.000000,0.000000,-0.034289,-0.050584,0.024335,0.997750,-0.000189,-0.067020,-0.001751,-0.008833,0.017478,0.002554,-0.105026,-0.182008,0.069915,24.127092,24.127092,24.133620,0.512522,2.974641,-0.451602,-0.198553,0.969093
23.350000,1,0,0,2.400000,9.810000,0.900000,30.000000,60.000000,6.000000,0.000000,0.000000,1.500000,0.119099,-0.034800,1.507820,0.000000,0.000000,0.000000,-0.037613,-0.059017,0.026780,0.997776,-0.000390,-0.066640,-0.001700,-0.007134,0.012729,0.002613,-0.063077,-0.132363,0.076207,24.133620,24.133620,24.139185,0.512640,3.057934,-0.341937,-0.192369,0.970326
23.400000,1,0,0,2.400000,9.810000,0.900000,30.000000,60.000000,6.000000,0.000000,0.000000,1.500000,0.117190,-0.037901,1.509205,0.000000,0.000000,0.000000,-0.038350,-0.064453,0.028485,0.997792,-0.000561,-0.066397,-0.001645,-0.006405,0.006491,0.002665,0.023878,-0.080017,0.043942,24.139185,24.139185,24.144054,0.512743,3.255707,-0.224342,-0.276872,0.971688
23.450000,1,0,0,2.400000,9.810000,0.900000,30.000000,60.000000,6.000000,0.000000,0.000000,1.500000,0.115307,-0.041186,1.510655,0.000000,0.000000,0.000000,-0.036565,-0.066319,0.029349,0.997797,-0.000727,-0.066325,-0.001589,-0.006690,-0.000924,0.002708,0.068729,-0.027048,0.034830,24.144054,24.144054,24.148454,0.512837,3.360540,-0.105014,-0.304018,0.973131
23.500000,1,0,0,2.400000,9.810000,0.900000,30.000000,60.000000,6.000000,0.000000,0.000000,1.500000,0.113572,-0.044468,1.512125,0.000000,0.000000,0.000000,-0.032457,-0.064328,0.029303,0.997788,-0.000912,-0.066449,-0.001533,-0.007959,-0.009133,0.002742,0.097351,0.051825,0.018868,24.148454,24.148454,24.152567,0.512924,3.435745,0.075508,-0.345878,0.974603
23.550000,1,0,0,2.400000,9.810000,0.900000,30.000000,60.000000,6.000000,0.000000,0.000000,1.500000,0.112094,-0.047554,1.513569,0.000000,0.000000,0.000000,-0.026348,-0.058497,0.028322,0.997766,-0.001141,-0.066783,-0.001479,-0.010106,-0.017709,0.002765,0.116102,0.144469,-0.005556,24.152567,24.152567,24.156520,0.513008,3.497309,0.286973,-0.406401,0.976047
23.600000,1,0,0,2.400000,9.810000,0.900000,30.000000,60.000000,6.000000,0.000000,0.000000,1.500000,0.110963,-0.050259,1.514942,0.000000,0.000000,0.000000,-0.018664,-0.049147,0.026418,0.997729,-0.001433,-0.067331,-0.001428,-0.012961,-0.026203,0.002775,0.145892,0.196589,-0.029393,24.156520,24.156520,24.160383,0.513090,3.595600,0.398109,-0.463940,0.977408
23.650000,1,0,0,2.400000,9.810000,0.900000,30.000000,60.000000,6.000000,0.000000,0.000000,1.500000,0.110246,-0.052420,1.516196,0.000000,0.000000,0.000000,-0.009917,-0.036882,0.023643,0.997677,-0.001803,-0.068084,-0.001383,-0.016296,-0.034165,0.002769,0.175709,0.251991,-0.033780,24.160383,24.160383,24.164163,0.513170,3.703829,0.513332,-0.473309,0.978632
23.700000,1,0,0,2.400000,9.810000,0.900000,30.000000,60.000000,6.000000,0.000000,0.000000,1.500000,0.109980,-0.053912,1.517293,0.000000,0.000000,0.000000,-0.000672,-0.022533,0.020089,0.997611,-0.002259,-0.069026,-0.001343,-0.019844,-0.041174,0.002745,0.207811,0.279190,-0.043666,24.164163,24.164163,24.167800,0.513248,3.826521,0.556659,-0.494454,0.979668
23.750000,1,0,0,2.400000,9.810000,0.900000,30.000000,60.000000,6.000000,0.000000,0.000000,1.500000,0.110177,-0.054656,1.518194,0.000000,0.000000,0.000000,0.008477,-0.007101,0.015880,0.997533,-0.002804,-0.070126,-0.001310,-0.023314,-0.046858,0.002705,0.167569,0.288354,-0.057656,24.167800,24.167800,24.171170,0.513319,3.783185,0.552414,-0.524100,0.980471
23.800000,1,0,0,2.400000,9.810000,0.900000,30.000000,60.000000,6.000000,0.000000,0.000000,1.500000,0.110816,-0.054622,1.518872,0.000000,0.000000,0.000000,0.016945,0.008334,0.011169,0.997445,-0.003431,-0.071347,-0.001283,-0.026412,-0.050917,0.002651,0.202428,0.249013,-0.063723,24.171170,24.171170,24.174080,0.513381,3.925894,0.427750,-0.533452,0.981004
23.850000,1,0,0,2.400000,9.810000,0.900000,30.000000,60.000000,6.000000,0.000000,0.000000,1.500000,0.111851,-0.053840,1.519306,0.000000,0.000000,0.000000,0.024180,0.022690,0.006130,0.997348,-0.004128,-0.072647,-0.001263,-0.028859,-0.053136,0.002592,0.156767,0.275069,-0.073176,24.174080,24.174080,24.176272,0.513427,3.879043,0.456657,-0.549715,0.981236
23.900000,1,0,0,2.400000,9.810000,0.900000,30.000000,60.000000,6.000000,0.000000,0.000000,1.500000,0.113206,-0.052388,1.519483,0.000000,0.000000,0.000000,0.029698,0.034977,0.000951,0.997247,-0.004876,-0.073978,-0.001247,-0.030411,-0.053401,0.002538,0.079911,0.251589,-0.109965,24.176272,24.176272,24.177434,0.513452,3.758689,0.364245,-0.630416,0.981149
23.950000,1,0,0,2.400000,9.810000,0.900000,30.000000,60.000000,6.000000,0.000000,0.000000,1.500000,0.114785,-0.050391,1.519402,0.000000,0.000000,0.000000,0.033105,0.044373,-0.004173,0.997145,-0.005648,-0.075291,-0.001235,-0.030874,-0.051700,0.002499,0.044632,0.207299,-0.133613,24.177434,24.177434,24.177204,0.513447,3.737080,0.220672,-0.678451,0.980733
24.000000,1,0,0,2.400000,9.810000,0.900000,30.000000,60.000000,6.000000,0.000000,0.000000,1.500000,0.116476,-0.048009,1.519070,0.000000,0.000000,0.000000,0.034120,0.050292,-0.009052,0.997045,-0.006418,-0.076538,-0.001223,-0.030118,-0.048131,0.002488,0.005844,0.147896,-0.122357,24.177204,24.177204,24.175199,0.513405,3.703654,0.041025,-0.641608,0.979989
24.050000,1,0,0,2.400000,9.810000,0.900000,30.000000,60.000000,6.000000,0.000000,0.000000,1.500000,0.118155,-0.045425,1.518504,0.000000,0.000000,0.000000,0.032589,0.052429,-0.013503,0.996952,-0.007152,-0.077674,-0.001210,-0.028085,-0.042890,0.002512,-0.051798,0.027025,-0.081992,24.175199,24.175199,24.171030,0.513316,3.619396,-0.284417,-0.533796,0.978930
24.100000,1,0,0,2.400000,9.810000,0.900000,30.000000,60.000000,6.000000,0.000000,0.000000,1.500000,0.119692,-0.042829,1.517729,0.000000,0.000000,0.000000,0.028494,0.050784,-0.017366,0.996870,-0.007819,-0.078662,-0.001191,-0.024794,-0.036262,0.002576,-0.117042,-0.050142,-0.092830,24.171030,24.171030,24.164334,0.513174,3.509416,-0.501691,-0.547742,0.977578
24.150000,1,0,0,2.400000,9.810000,0.900000,30.000000,60.000000,6.000000,0.000000,0.000000,1.500000,0.120963,-0.040405,1.516779,0.000000,0.000000,0.000000,0.021955,0.045662,-0.020505,0.996801,-0.008390,-0.079471,-0.001163,-0.020344,-0.028608,0.002679,-0.147131,-0.124011,-0.072788,24.164334,24.164334,24.154804,0.512972,3.474835,-0.706287,-0.486400,0.975966
24.200000,1,0,0,2.400000,9.810000,0.900000,30.000000,60.000000,6.000000,0.000000,0.000000,1.500000,0.121851,-0.038311,1.515693,0.000000,0.000000,0.000000,0.013220,0.037648,-0.022815,0.996749,-0.008837,-0.080080,-0.001125,-0.014902,-0.020340,0.002813,-0.217395,-0.148534,-0.061518,24.154804,24.154804,24.142215,0.512704,3.333833,-0.786377,-0.444873,0.974134
24.250000,1,0,0,2.400000,9.810000,0.900000,30.000000,60.000000,6.000000,0.000000,0.000000,1.500000,0.122255,-0.036674,1.514513,0.000000,0.000000,0.000000,0.002658,0.027557,-0.024231,0.996714,-0.009139,-0.080481,-0.001073,-0.008697,-0.011904,0.002966,-0.304828,-0.199279,-0.057374,24.142215,24.142215,24.126450,0.512369,3.141138,-0.922260,-0.419135,0.972128
24.300000,1,0,0,2.400000,9.810000,0.900000,30.000000,60.000000,6.000000,0.000000,0.000000,1.500000,0.122094,-0.035574,1.513285,0.000000,0.000000,0.000000,-0.009262,0.016369,-0.024722,0.996697,-0.009279,-0.080674,-0.001007,-0.002006,-0.003751,0.003123,-0.300655,-0.181036,-0.027070,24.126450,24.126450,24.107515,0.511967,3.157870,-0.884682,-0.329220,0.970002
24.350000,1,0,0,2.400000,9.810000,0.900000,30.000000,60.000000,6.000000,0.000000,0.000000,1.500000,0.121315,-0.035038,1.512056,0.000000,0.000000,0.000000,-0.021999,0.005146,-0.024302,0.996697,-0.009250,-0.080672,-0.000924,0.004863,0.003687,0.003268,-0.327993,-0.190605,-0.003217,24.107515,24.107515,24.085543,0.511501,3.089167,-0.905573,-0.253327,0.967811
24.400000,1,0,0,2.400000,9.810000,0.900000,30.000000,60.000000,6.000000,0.000000,0.000000,1.500000,0.119891,-0.035042,1.510869,0.000000,0.000000,0.000000,-0.034963,-0.005053,-0.023023,0.996713,-0.009051,-0.080498,-0.000826,0.011591,0.010019,0.003386,-0.296823,-0.187277,0.006279,24.085543,24.085543,24.060794,0.510975,3.152201,-0.887238,-0.210381,0.965612
24.450000,1,0,0,2.400000,9.810000,0.900000,30.000000,60.000000,6.000000,0.000000,0.000000,1.500000,0.117825,-0.035510,1.509766,0.000000,0.000000,0.000000,-0.047548,-0.013257,-0.020973,0.996742,-0.008690,-0.080184,-0.000714,0.017867,0.014917,0.003466,-0.329268,-0.115938,0.003430,24.060794,24.060794,24.033639,0.510398,3.055454,-0.697796,-0.195533,0.963462
24.500000,1,0,0,2.400000,9.810000,0.900000,30.000000,60.000000,6.000000,0.000000,0.000000,1.500000,0.115152,-0.036321,1.508783,0.000000,0.000000,0.000000,-0.059164,-0.018667,-0.018275,0.996780,-0.008180,-0.079768,-0.000589,0.023406,0.018136,0.003504,-0.323818,0.001861,0.028836,24.033639,24.033639,24.004538,0.509780,3.044479,-0.389725,-0.111369,0.961415
24.550000,1,0,0,2.400000,9.810000,0.900000,30.000000,60.000000,6.000000,0.000000,0.000000,1.500000,0.111934,-0.037321,1.507947,0.000000,0.000000,0.000000,-0.069265,-0.020718,-0.015081,0.996823,-0.007545,-0.079294,-0.000454,0.027971,0.019527,0.003499,-0.265079,0.091885,0.019280,24.004538,24.004538,23.974012,0.509132,3.158393,-0.142260,-0.109673,0.959519
24.600000,1,0,0,2.400000,9.810000,0.900000,30.000000,60.000000,6.000000,0.000000,0.000000,1.500000,0.108258,-0.038332,1.507280,0.000000,0.000000,0.000000,-0.077381,-0.019126,-0.011561,0.996866,-0.006809,-0.078809,-0.000312,0.031379,0.019042,0.003458,-0.269687,0.164064,0.053266,23.974012,23.974012,23.942610,0.508465,3.119564,0.067113,-0.002149,0.957817
24.650000,1,0,0,2.400000,9.810000,0.900000,30.000000,60.000000,6.000000,0.000000,0.000000,1.500000,0.104235,-0.039173,1.506793,0.000000,0.000000,0.000000,-0.083141,-0.013913,-0.007902,0.996907,-0.006004,-0.078360,-0.000165,0.033522,0.016741,0.003392,-0.208374,0.219450,0.042437,23.942610,23.942610,23.910887,0.507792,3.240513,0.239429,-0.001010,0.956343
24.700000,1,0,0,2.400000,9.810000,0.900000,30.000000,60.000000,6.000000,0.000000,0.000000,1.500000,0.099988,-0.039668,1.506489,0.000000,0.000000,0.000000,-0.086291,-0.005404,-0.004293,0.996941,-0.005162,-0.077988,-0.000017,0.034366,0.012784,0.003312,-0.161848,0.223302,0.053141,23.910887,23.910887,23.879370,0.507122,3.329678,0.289750,0.052783,0.955123
24.750000,1,0,0,2.400000,9.810000,0.900000,30.000000,60.000000,6.000000,0.000000,0.000000,1.500000,0.095652,-0.039668,1.506360,0.000000,0.000000,0.000000,-0.086707,0.005797,-0.000921,0.996965,-0.004315,-0.077733,0.000130,0.033954,0.007427,0.003230,-0.089708,0.267140,0.058088,23.879370,23.879370,23.848539,0.506467,3.485898,0.436179,0.093511,0.954173
24.800000,1,0,0,2.400000,9.810000,0.900000,30.000000,60.000000,6.000000,0.000000,0.000000,1.500000,0.091363,-0.039058,1.506390,0.000000,0.000000,0.000000,-0.084405,0.018858,0.002036,0.996976,-0.003492,-0.077626,0.000273,0.032404,0.001006,0.003156,-0.035292,0.294850,0.054521,23.848539,23.848539,23.818814,0.505836,3.606671,0.542610,0.114304,0.953496
24.850000,1,0,0,2.400000,9.810000,0.900000,30.000000,60.000000,6.000000,0.000000,0.000000,1.500000,0.087254,-0.037768,1.506554,0.000000,0.000000,0.000000,-0.079535,0.032784,0.004424,0.996974,-0.002720,-0.077688,0.000412,0.029901,-0.006086,0.003097,0.040810,0.307878,0.012822,23.818814,23.818814,23.790539,0.505236,3.787653,0.611271,0.043821,0.953088
24.900000,1,0,0,2.400000,9.810000,0.900000,30.000000,60.000000,6.000000,0.000000,0.000000,1.500000,0.083447,-0.035783,1.506821,0.000000,0.000000,0.000000,-0.072378,0.046499,0.006112,0.996957,-0.002019,-0.077930,0.000544,0.026681,-0.013413,0.003053,0.106091,0.328057,-0.010021,23.790539,23.790539,23.763978,0.504672,3.951382,0.693576,0.018569,0.952932
24.950000,1,0,0,2.400000,9.810000,0.900000,30.000000,60.000000,6.000000,0.000000,0.000000,1.500000,0.080048,-0.033139,1.507152,0.000000,0.000000,0.000000,-0.063328,0.058932,0.007003,0.996924,-0.001405,-0.078353,0.000669,0.023021,-0.020527,0.003025,0.144701,0.310516,-0.061349,23.763978,23.763978,23.739313,0.504148,4.059850,0.681170,-0.075337,0.953001
25.000000,1,0,0,2.400000,9.810000,0.900000,30.000000,60.000000,6.000000,0.000000,0.000000,1.500000,0.077138,-0.029927,1.507507,0.000000,0.000000,0.000000,-0.052869,0.069104,0.007035,0.996878,-0.000884,-0.078947,0.000787,0.019214,-0.026988,0.003007,0.177206,0.269603,-0.075296,23.739313,23.739313,23.716636,0.503666,4.161912,0.608158,-0.080071,0.953262
25.050000,1,0,0,2.400000,9.810000,0.900000,30.000000,60.000000,6.000000,0.000000,0.000000,1.500000,0.074775,-0.026280,1.507841,0.000000,0.000000,0.000000,-0.041558,0.076208,0.006186,0.996819,-0.000457,-0.079689,0.000896,0.015555,-0.032394,0.002994,0.180195,0.210162,-0.072224,23.716636,23.716636,23.695956,0.503227,4.200371,0.486186,-0.044748,0.953671
25.100000,1,0,0,2.400000,9.810000,0.900000,30.000000,60.000000,6.000000,0.000000,0.000000,1.500000,0.072987,-0.022367,1.508111,0.000000,0.000000,0.000000,-0.029986,0.079673,0.004475,0.996750,-0.000116,-0.080549,0.000999,0.012320,-0.036398,0.002983,0.208323,0.062472,-0.069051,23.695956,23.695956,23.677198,0.502829,4.304943,0.148284,-0.010192,0.954182
25.150000,1,0,0,2.400000,9.810000,0.900000,30.000000,60.000000,6.000000,0.000000,0.000000,1.500000,0.071771,-0.018379,1.508275,0.000000,0.000000,0.000000,-0.018755,0.079213,0.001960,0.996674,0.000153,-0.081488,0.001095,0.009745,-0.038728,0.002968,0.211156,-0.044325,-0.045705,23.677198,23.677198,23.660206,0.502468,4.352761,-0.094949,0.071561,0.954740
25.200000,1,0,0,2.400000,9.810000,0.900000,30.000000,60.000000,6.000000,0.000000,0.000000,1.500000,0.071096,-0.014511,1.508295,0.000000,0.000000,0.000000,-0.008439,0.074847,-0.001265,0.996593,0.000367,-0.082463,0.001187,0.008017,-0.039206,0.002948,0.176420,-0.119839,-0.081570,23.660206,23.660206,23.644755,0.502140,4.312275,-0.265671,0.009818,0.955293
25.250000,1,0,0,2.400000,9.810000,0.900000,30.000000,60.000000,6.000000,0.000000,0.000000,1.500000,0.070903,-0.010954,1.508139,0.000000,0.000000,0.000000,0.000437,0.066899,-0.005071,0.996513,0.000550,-0.083425,0.001275,0.007256,-0.037755,0.002921,0.166315,-0.162890,-0.104473,23.644755,23.644755,23.630560,0.501838,4.330516,-0.359971,-0.022351,0.955787
25.300000,1,0,0,2.400000,9.810000,0.900000,30.000000,60.000000,6.000000,0.000000,0.000000,1.500000,0.071108,-0.007871,1.507781,0.000000,0.000000,0.000000,0.007434,0.055972,-0.009303,0.996437,0.000727,-0.084328,0.001362,0.007508,-0.034403,0.002889,0.145324,-0.242332,-0.154837,23.630560,23.630560,23.617301,0.501557,4.319963,-0.541919,-0.122061,0.956168
25.350000,1,0,0,2.400000,9.810000,0.900000,30.000000,60.000000,6.000000,0.000000,0.000000,1.500000,0.071609,-0.005392,1.507204,0.000000,0.000000,0.000000,0.012215,0.042900,-0.013786,0.996369,0.000923,-0.085124,0.001450,0.008746,-0.029283,0.002850,0.088885,-0.240524,-0.170366,23.617301,23.617301,23.604640,0.501288,4.219477,-0.528000,-0.139869,0.956390
25.400000,1,0,0,2.400000,9.810000,0.900000,30.000000,60.000000,6.000000,0.000000,0.000000,1.500000,0.072289,-0.003600,1.506401,0.000000,0.000000,0.000000,0.014565,0.028678,-0.018332,0.996313,0.001160,-0.085773,0.001541,0.010868,-0.022626,0.002804,0.015884,-0.281695,-0.174318,23.604640,23.604640,23.592250,0.501025,4.072411,-0.615256,-0.131617,0.956408
25.450000,1,0,0,2.400000,9.810000,0.900000,30.000000,60.000000,6.000000,0.000000,0.000000,1.500000,0.073024,-0.002526,1.505373,0.000000,0.000000,0.000000,0.014402,0.014386,-0.022747,0.996272,0.001460,-0.086241,0.001635,0.013703,-0.014746,0.002749,-0.052728,-0.282700,-0.134596,23.592250,23.592250,23.579847,0.500761,3.927392,-0.603204,-0.020249,0.956190
25.500000,1,0,0,2.400000,9.810000,0.900000,30.000000,60.000000,6.000000,0.000000,0.000000,1.500000,0.073688,-0.002145,1.504132,0.000000,0.000000,0.000000,0.011782,0.001096,-0.026843,0.996249,0.001836,-0.086500,0.001736,0.017028,-0.006027,0.002681,-0.132345,-0.237426,-0.103835,23.579847,23.579847,23.567210,0.500493,3.746237,-0.476468,0.067970,0.955708
25.550000,1,0,0,2.400000,9.810000,0.900000,30.000000,60.000000,6.000000,0.000000,0.000000,1.500000,0.074164,-0.002383,1.502697,0.000000,0.000000,0.000000,0.006895,-0.010211,-0.030444,0.996244,0.002299,-0.086536,0.001842,0.020575,0.003103,0.002596,-0.175107,-0.170697,-0.074062,23.567210,23.567210,23.554207,0.500217,3.643058,-0.294214,0.152257,0.954946
25.600000,1,0,0,2.400000,9.810000,0.900000,30.000000,60.000000,6.000000,0.000000,0.000000,1.500000,0.074345,-0.003119,1.501098,0.000000,0.000000,0.000000,0.000053,-0.018723,-0.033393,0.996259,0.002849,-0.086344,0.001954,0.024055,0.012191,0.002490,-0.186114,-0.121554,-0.072523,23.554207,23.554207,23.540809,0.499932,3.605392,-0.150066,0.167329,0.953898
25.650000,1,0,0,2.400000,9.810000,0.900000,30.000000,60.000000,6.000000,0.000000,0.000000,1.500000,0.074144,-0.004199,1.499371,0.000000,0.000000,0.000000,-0.008322,-0.023868,-0.035560,0.996293,0.003482,-0.085931,0.002071,0.027172,0.020788,0.002362,-0.165769,-0.074377,-0.047941,23.540809,23.540809,23.527092,0.499641,3.632588,-0.006791,0.236362,0.952569
25.700000,1,0,0,2.400000,9.810000,0.900000,30.000000,60.000000,6.000000,0.000000,0.000000,1.500000,0.073496,-0.005445,1.497557,0.000000,0.000000,0.000000,-0.017723,-0.025351,-0.036851,0.996343,0.004185,-0.085314,0.002192,0.029647,0.028469,0.002214,-0.185822,-0.007635,-0.018891,23.527092,23.527092,23.513233,0.499347,3.553292,0.186678,0.314876,0.950974
25.750000,1,0,0,2.400000,9.810000,0.900000,30.000000,60.000000,6.000000,0.000000,0.000000,1.500000,0.072364,-0.006673,1.495702,0.000000,0.000000,0.000000,-0.027586,-0.023188,-0.037204,0.996407,0.004939,-0.084521,0.002313,0.031235,0.034861,0.002051,-0.206710,0.049827,-0.003140,23.513233,23.513233,23.499496,0.499055,3.463787,0.360214,0.360323,0.949139
25.800000,1,0,0,2.400000,9.810000,0.900000,30.000000,60.000000,6.000000,0.000000,0.000000,1.500000,0.070739,-0.007708,1.493853,0.000000,0.000000,0.000000,-0.037319,-0.017694,-0.036601,0.996481,0.005720,-0.083587,0.002434,0.031738,0.039662,0.001883,-0.214873,0.089594,0.007980,23.499496,23.499496,23.486212,0.498773,3.398345,0.492450,0.393567,0.947098
25.850000,1,0,0,2.400000,9.810000,0.900000,30.000000,60.000000,6.000000,0.000000,0.000000,1.500000,0.068644,-0.008397,1.492057,0.000000,0.000000,0.000000,-0.046329,-0.009464,-0.035061,0.996562,0.006498,-0.082556,0.002550,0.031025,0.042654,0.001721,-0.186855,0.134111,0.019916,23.486212,23.486212,23.473750,0.498508,3.415309,0.635916,0.427712,0.944893
25.900000,1,0,0,2.400000,9.810000,0.900000,30.000000,60.000000,6.000000,0.000000,0.000000,1.500000,0.066128,-0.008623,1.490361,0.000000,0.000000,0.000000,-0.054061,0.000680,-0.032645,0.996646,0.007242,-0.081475,0.002661,0.029034,0.043720,0.001578,-0.113373,0.212139,0.094180,23.473750,23.473750,23.462496,0.498269,3.539199,0.858175,0.610388,0.942574
25.950000,1,0,0,2.400000,9.810000,0.900000,30.000000,60.000000,6.000000,0.000000,0.000000,1.500000,0.063267,-0.008313,1.488806,0.000000,0.000000,0.000000,-0.060022,0.011754,-0.029450,0.996728,0.007922,-0.080391,0.002762,0.025783,0.042849,0.001466,-0.057428,0.225730,0.122416,23.462496,23.462496,23.452824,0.498064,3.621128,0.922683,0.681506,0.940195
26.000000,1,0,0,2.400000,9.810000,0.900000,30.000000,60.000000,6.000000,0.000000,0.000000,1.500000,0.060162,-0.007449,1.487427,0.000000,0.000000,0.000000,-0.063806,0.022694,-0.025606,0.996806,0.008506,-0.079352,0.002854,0.021365,0.040134,0.001394,-0.003180,0.214926,0.102784,23.452824,23.452824,23.445082,0.497899,3.701379,0.924134,0.636599,0.937813
26.050000,1,0,0,2.400000,9.810000,0.900000,30.000000,60.000000,6.000000,0.000000,0.000000,1.500000,0.056928,-0.006064,1.486253,0.000000,0.000000,0.000000,-0.065121,0.032445,-0.021270,0.996877,0.008967,-0.078402,0.002933,0.015947,0.035770,0.001364,0.038606,0.174860,0.118614,23.445082,23.445082,23.439573,0.497782,3.756200,0.849598,0.675587,0.935484
26.100000,1,0,0,2.400000,9.810000,0.900000,30.000000,60.000000,6.000000,0.000000,0.000000,1.500000,0.053694,-0.004241,1.485305,0.000000,0.000000,0.000000,-0.063799,0.040043,-0.016619,0.996939,0.009284,-0.077578,0.003000,0.009755,0.030039,0.001375,0.092208,0.120331,0.081694,23.439573,23.439573,23.436548,0.497718,3.845665,0.733576,0.586671,0.933265
26.150000,1,0,0,2.400000,9.810000,0.900000,30.000000,60.000000,6.000000,0.000000,0.000000,1.500000,0.050593,-0.002109,1.484593,0.000000,0.000000,0.000000,-0.059811,0.044697,-0.011842,0.996989,0.009439,-0.076912,0.003053,0.003066,0.023298,0.001418,0.152507,0.045737,0.099676,23.436548,23.436548,23.436204,0.497711,3.958903,0.561894,0.628125,0.931209
26.200000,1,0,0,2.400000,9.810000,0.900000,30.000000,60.000000,6.000000,0.000000,0.000000,1.500000,0.047756,0.000170,1.484120,0.000000,0.000000,0.000000,-0.053262,0.045854,-0.007133,0.997026,0.009426,-0.076422,0.003093,-0.003814,0.015960,0.001480,0.183582,-0.026906,0.090535,23.436204,23.436204,23.438675,0.497763,4.010664,0.387002,0.602995,0.929363
26.250000,1,0,0,2.400000,9.810000,0.900000,30.000000,60.000000,6.000000,0.000000,0.000000,1.500000,0.045305,0.002414,1.483876,0.000000,0.000000,0.000000,-0.044391,0.043245,-0.002680,0.997051,0.009242,-0.076119,0.003120,-0.010566,0.008466,0.001546,0.228861,-0.071520,0.061534,23.438675,23.438675,23.444037,0.497877,4.105635,0.271453,0.528621,0.927770
26.300000,1,0,0,2.400000,9.810000,0.900000,30.000000,60.000000,6.000000,0.000000,0.000000,1.500000,0.043349,0.004433,1.483845,0.000000,0.000000,0.000000,-0.033557,0.036904,0.001340,0.997063,0.008895,-0.076000,0.003135,-0.016878,0.001265,0.001600,0.257804,-0.149041,0.052068,23.444037,23.444037,23.452301,0.498053,4.170448,0.069338,0.499463,0.926460
26.350000,1,0,0,2.400000,9.810000,0.900000,30.000000,60.000000,6.000000,0.000000,0.000000,1.500000,0.041975,0.006048,1.484000,0.000000,0.000000,0.000000,-0.021220,0.027173,0.004772,0.997063,0.008400,-0.076053,0.003137,-0.022464,-0.005214,0.001629,0.261506,-0.257556,0.081242,23.452301,23.452301,23.463415,0.498289,4.183138,-0.214081,0.561289,0.925458
26.400000,1,0,0,2.400000,9.810000,0.900000,30.000000,60.000000,6.000000,0.000000,0.000000,1.500000,0.041243,0.007103,1.484310,0.000000,0.000000,0.000000,-0.007918,0.014668,0.007487,0.997053,0.007778,-0.076255,0.003129,-0.027083,-0.010581,0.001624,0.280448,-0.270988,0.032369,23.463415,23.463415,23.477260,0.498583,4.239783,-0.275244,0.433980,0.924776
26.450000,1,0,0,2.400000,9.810000,0.900000,30.000000,60.000000,6.000000,0.000000,0.000000,1.500000,0.041189,0.007482,1.484735,0.000000,0.000000,0.000000,0.005761,0.000234,0.009390,0.997034,0.007055,-0.076573,0.003111,-0.030553,-0.014512,0.001581,0.299905,-0.259563,-0.002775,23.477260,23.477260,23.493645,0.498931,4.303543,-0.281471,0.337733,0.924417
26.500000,1,0,0,2.400000,9.810000,0.900000,30.000000,60.000000,6.000000,0.000000,0.000000,1.500000,0.041816,0.007111,1.485234,0.000000,0.000000,0.000000,0.019208,-0.015124,0.010423,0.997009,0.006262,-0.076970,0.003086,-0.032760,-0.016765,0.001503,0.299971,-0.268773,0.013424,23.493645,23.493645,23.512313,0.499327,4.324797,-0.340549,0.362781,0.924372
26.550000,1,0,0,2.400000,9.810000,0.900000,30.000000,60.000000,6.000000,0.000000,0.000000,1.500000,0.043096,0.005972,1.485763,0.000000,0.000000,0.000000,0.031827,-0.030322,0.010567,0.996981,0.005430,-0.077399,0.003055,-0.033667,-0.017192,0.001395,0.249835,-0.263552,0.002653,23.512313,23.512313,23.532942,0.499765,4.227513,-0.366842,0.321149,0.924621
26.600000,1,0,0,2.400000,9.810000,0.900000,30.000000,60.000000,6.000000,0.000000,0.000000,1.500000,0.044975,0.004100,1.486277,0.000000,0.000000,0.000000,0.043065,-0.044282,0.009843,0.996953,0.004591,-0.077816,0.003021,-0.033316,-0.015748,0.001269,0.224542,-0.320225,-0.053998,23.532942,23.532942,23.555157,0.500237,4.189588,-0.542045,0.167458,0.925137
26.650000,1,0,0,2.400000,9.810000,0.900000,30.000000,60.000000,6.000000,0.000000,0.000000,1.500000,0.047371,0.001581,1.486734,0.000000,0.000000,0.000000,0.052441,-0.056024,0.008313,0.996928,0.003776,-0.078175,0.002986,-0.031821,-0.012497,0.001134,0.191649,-0.250545,-0.056403,23.555157,23.555157,23.578550,0.500734,4.130945,-0.412969,0.142053,0.925882
26.700000,1,0,0,2.400000,9.810000,0.900000,30.000000,60.000000,6.000000,0.000000,0.000000,1.500000,0.050182,-0.001452,1.487096,0.000000,0.000000,0.000000,0.059568,-0.064738,0.006073,0.996911,0.003010,-0.078431,0.002952,-0.029365,-0.007602,0.001002,0.103782,-0.178819,-0.057727,23.578550,23.578550,23.602697,0.501247,3.935796,-0.276723,0.117412,0.926812
26.750000,1,0,0,2.400000,9.810000,0.900000,30.000000,60.000000,6.000000,0.000000,0.000000,1.500000,0.053286,-0.004833,1.487331,0.000000,0.000000,0.000000,0.064178,-0.069856,0.003253,0.996903,0.002316,-0.078547,0.002920,-0.026183,-0.001321,0.000877,0.072871,-0.114005,-0.089956,23.602697,23.602697,23.627184,0.501767,3.870910,-0.153820,0.016900,0.927877
26.800000,1,0,0,2.400000,9.810000,0.900000,30.000000,60.000000,6.000000,0.000000,0.000000,1.500000,0.056555,-0.008373,1.487414,0.000000,0.000000,0.000000,0.066131,-0.071090,0.000009,0.996909,0.001706,-0.078492,0.002893,-0.022549,0.006007,0.000766,-0.015947,-0.016588,-0.101069,23.627184,23.627184,23.651636,0.502286,3.659106,0.051277,-0.034480,0.929023
26.850000,1,0,0,2.400000,9.810000,0.900000,30.000000,60.000000,6.000000,0.000000,0.000000,1.500000,0.059855,-0.011877,1.487328,0.000000,0.000000,0.000000,0.065424,-0.068463,-0.003483,0.996929,0.001189,-0.078245,0.002871,-0.018757,0.013985,0.000669,-0.074086,0.018632,-0.094520,23.651636,23.651636,23.675736,0.502798,3.511913,0.111411,-0.044813,0.930195
26.900000,1,0,0,2.400000,9.810000,0.900000,30.000000,60.000000,6.000000,0.000000,0.000000,1.500000,0.063055,-0.015160,1.487065,0.000000,0.000000,0.000000,0.062191,-0.062299,-0.007036,0.996965,0.000765,-0.077796,0.002854,-0.015102,0.022175,0.000583,-0.157535,0.105565,-0.103784,23.675736,23.675736,23.699244,0.503297,3.294370,0.299986,-0.094211,0.931337
26.950000,1,0,0,2.400000,9.810000,0.900000,30.000000,60.000000,6.000000,0.000000,0.000000,1.500000,0.066036,-0.018058,1.486627,0.000000,0.000000,0.000000,0.056695,-0.053201,-0.010461,0.997016,0.000427,-0.077144,0.002842,-0.011861,0.030127,0.000506,-0.163125,0.149916,-0.122745,23.699244,23.699244,23.722009,0.503780,3.254030,0.390379,-0.167747,0.932398
27.000000,1,0,0,2.400000,9.810000,0.900000,30.000000,60.000000,6.000000,0.000000,0.000000,1.500000,0.068694,-0.020445,1.486024,0.000000,0.000000,0.000000,0.049317,-0.042000,-0.013572,0.997081,0.000162,-0.076301,0.002833,-0.009273,0.037399,0.000433,-0.203580,0.211330,-0.101984,23.722009,23.722009,23.743969,0.504247,3.120850,0.525120,-0.146557,0.933330
27.050000,1,0,0,2.400000,9.810000,0.900000,30.000000,60.000000,6.000000,0.000000,0.000000,1.500000,0.070944,-0.022239,1.485277,0.000000,0.000000,0.000000,0.040528,-0.029686,-0.016198,0.997158,-0.000049,-0.075290,0.002827,-0.007525,0.043585,0.000362,-0.238038,0.213992,-0.067513,23.743969,23.743969,23.765144,0.504696,2.993905,0.521374,-0.092812,0.934089
27.100000,1,0,0,2.400000,9.810000,0.900000,30.000000,60.000000,6.000000,0.000000,0.000000,1.500000,0.072732,-0.023413,1.484415,0.000000,0.000000,0.000000,0.030875,-0.017330,-0.018188,0.997244,-0.000229,-0.074141,0.002822,-0.006742,0.048336,0.000291,-0.243337,0.213605,-0.056283,23.765144,23.765144,23.785623,0.505131,2.930256,0.511764,-0.094951,0.934641
27.150000,1,0,0,2.400000,9.810000,0.900000,30.000000,60.000000,6.000000,0.000000,0.000000,1.500000,0.074027,-0.023989,1.483471,0.000000,0.000000,0.000000,0.020940,-0.005995,-0.019420,0.997336,-0.000401,-0.072895,0.002816,-0.006972,0.051379,0.000221,-0.260204,0.194330,-0.069462,23.785623,23.785623,23.805548,0.505554,2.834017,0.457111,-0.155548,0.934962
27.200000,1,0,0,2.400000,9.810000,0.900000,30.000000,60.000000,6.000000,0.000000,0.000000,1.500000,0.074831,-0.024045,1.482487,0.000000,0.000000,0.000000,0.011322,0.003353,-0.019804,0.997430,-0.000592,-0.071596,0.002806,-0.008191,0.052534,0.000151,-0.284749,0.153020,-0.028037,23.805548,23.805548,23.825087,0.505969,2.716669,0.348677,-0.084769,0.935034
27.250000,1,0,0,2.400000,9.810000,0.900000,30.000000,60.000000,6.000000,0.000000,0.000000,1.500000,0.075174,-0.023701,1.481506,0.000000,0.000000,0.000000,0.002593,0.009918,-0.019290,0.997522,-0.000825,-0.070292,0.002792,-0.010300,0.051722,0.000083,-0.248429,0.111295,-0.006325,23.825087,23.825087,23.844422,0.506380,2.745022,0.237235,-0.060795,0.934854
27.300000,1,0,0,2.400000,9.810000,0.900000,30.000000,60.000000,6.000000,0.000000,0.000000,1.500000,0.075114,-0.023109,1.480573,0.000000,0.000000,0.000000,-0.004722,0.013144,-0.017864,0.997610,-0.001120,-0.069034,0.002772,-0.013131,0.048968,0.000015,-0.186762,0.036971,0.021763,23.844422,23.844422,23.863725,0.506790,2.836184,0.044586,-0.020864,0.934427
27.350000,1,0,0,2.400000,9.810000,0.900000,30.000000,60.000000,6.000000,0.000000,0.000000,1.500000,0.074733,-0.022447,1.479734,0.000000,0.000000,0.000000,-0.010180,0.012756,-0.015555,0.997690,-0.001491,-0.067867,0.002744,-0.016461,0.044406,-0.000056,-0.119478,-0.022802,0.049971,23.863725,23.863725,23.883148,0.507202,2.945067,-0.116840,0.020139,0.933767
27.400000,1,0,0,2.400000,9.810000,0.900000,30.000000,60.000000,6.000000,0.000000,0.000000,1.500000,0.074133,-0.021894,1.479031,0.000000,0.000000,0.000000,-0.013438,0.008786,-0.012430,0.997759,-0.001949,-0.066834,0.002710,-0.020026,0.038264,-0.000132,-0.079519,-0.105078,0.037672,23.883148,23.883148,23.902812,0.507620,2.994657,-0.336410,-0.035192,0.932902
27.450000,1,0,0,2.400000,9.810000,0.900000,30.000000,60.000000,6.000000,0.000000,0.000000,1.500000,0.073430,-0.021622,1.478503,0.000000,0.000000,0.000000,-0.014275,0.001570,-0.008595,0.997815,-0.002494,-0.065971,0.002667,-0.023535,0.030855,-0.000221,-0.008614,-0.122582,0.074387,23.902812,23.902812,23.922799,0.508044,3.126540,-0.404773,0.028072,0.931866
27.500000,1,0,0,2.400000,9.810000,0.900000,30.000000,60.000000,6.000000,0.000000,0.000000,1.500000,0.072747,-0.021781,1.478182,0.000000,0.000000,0.000000,-0.012602,-0.008283,-0.004183,0.997857,-0.003123,-0.065305,0.002617,-0.026694,0.022561,-0.000328,0.035701,-0.180351,0.064258,23.922799,23.922799,23.943149,0.508477,3.203936,-0.573779,-0.020065,0.930702
27.550000,1,0,0,2.400000,9.810000,0.900000,30.000000,60.000000,6.000000,0.000000,0.000000,1.500000,0.072211,-0.022481,1.478092,0.000000,0.000000,0.000000,-0.008466,-0.019935,0.000643,0.997884,-0.003823,-0.064853,0.002560,-0.029222,0.013810,-0.000456,0.066438,-0.182474,0.044529,23.943149,23.943149,23.963856,0.508916,3.258907,-0.612663,-0.090176,0.929457
27.600000,1,0,0,2.400000,9.810000,0.900000,30.000000,60.000000,6.000000,0.000000,0.000000,1.500000,0.071939,-0.023788,1.478250,0.000000,0.000000,0.000000,-0.002051,-0.032394,0.005702,0.997896,-0.004574,-0.064620,0.002497,-0.030872,0.005054,-0.000609,0.096320,-0.161189,0.049988,23.963856,23.963856,23.984869,0.509363,3.322282,-0.597892,-0.098750,0.928185
27.650000,1,0,0,2.400000,9.810000,0.900000,30.000000,60.000000,6.000000,0.000000,0.000000,1.500000,0.072038,-0.025716,1.478663,0.000000,0.000000,0.000000,0.006336,-0.044587,0.010804,0.997894,-0.005353,-0.064601,0.002429,-0.031444,-0.003260,-0.000782,0.108759,-0.205934,0.031239,23.984869,23.984869,24.006084,0.509813,3.354006,-0.742949,-0.164330,0.926940
27.700000,1,0,0,2.400000,9.810000,0.900000,30.000000,60.000000,6.000000,0.000000,0.000000,1.500000,0.072598,-0.028224,1.479328,0.000000,0.000000,0.000000,0.016278,-0.055454,0.015755,0.997878,-0.006130,-0.064779,0.002358,-0.030804,-0.010707,-0.000969,0.112442,-0.170704,0.056815,24.006084,24.006084,24.027350,0.510265,3.374149,-0.696051,-0.122447,0.925779
27.750000,1,0,0,2.400000,9.810000,0.900000,30.000000,60.000000,6.000000,0.000000,0.000000,1.500000,0.073684,-0.031223,1.480232,0.000000,0.000000,0.000000,0.027270,-0.064030,0.020365,0.997851,-0.006875,-0.065129,0.002285,-0.028889,-0.016916,-0.001161,0.135948,-0.132800,0.070075,24.027350,24.027350,24.048461,0.510713,3.450043,-0.641226,-0.109062,0.924755
27.800000,1,0,0,2.400000,9.810000,0.900000,30.000000,60.000000,6.000000,0.000000,0.000000,1.500000,0.075333,-0.034576,1.481356,0.000000,0.000000,0.000000,0.038746,-0.069526,0.024462,0.997814,-0.007555,-0.065614,0.002213,-0.025711,-0.021584,-0.001343,0.178263,-0.060369,0.061819,24.048461,24.048461,24.069166,0.511153,3.577575,-0.500495,-0.146283,0.923917
27.850000,1,0,0,2.400000,9.810000,0.900000,30.000000,60.000000,6.000000,0.000000,0.000000,1.500000,0.077556,-0.038115,1.482667,0.000000,0.000000,0.000000,0.050110,-0.071394,0.027892,0.997771,-0.008141,-0.066194,0.002143,-0.021362,-0.024496,-0.001503,0.151557,0.029366,0.037605,24.069166,24.069166,24.089168,0.511578,3.543956,-0.313719,-0.220795,0.923312
27.900000,1,0,0,2.400000,9.810000,0.900000,30.000000,60.000000,6.000000,0.000000,0.000000,1.500000,0.080332,-0.041650,1.484132,0.000000,0.000000,0.000000,0.060763,-0.069369,0.030532,0.997726,-0.008605,-0.066823,0.002078,-0.016005,-0.025534,-0.001629,0.099666,0.116715,0.056810,24.089168,24.089168,24.108141,0.511981,3.452181,-0.126829,-0.190121,0.922975
27.950000,1,0,0,2.400000,9.810000,0.900000,30.000000,60.000000,6.000000,0.000000,0.000000,1.500000,0.083612,-0.044987,1.485706,0.000000,0.000000,0.000000,0.070141,-0.063494,0.032291,0.997680,-0.008925,-0.067455,0.002020,-0.009865,-0.024688,-0.001714,0.058631,0.177139,0.050264,24.108141,24.108141,24.125741,0.512354,3.386456,0.002374,-0.220276,0.922935
28.000000,1,0,0,2.400000,9.810000,0.900000,30.000000,60.000000,6.000000,0.000000,0.000000,1.500000,0.087317,-0.047941,1.487345,0.000000,0.000000,0.000000,0.077737,-0.054116,0.033118,0.997639,-0.009085,-0.068042,0.001971,-0.003216,-0.022050,-0.001756,0.053094,0.270484,0.002735,24.125741,24.125741,24.141623,0.512692,3.403658,0.218314,-0.347805,0.923212
28.050000,1,0,0,2.400000,9.810000,0.900000,30.000000,60.000000,6.000000,0.000000,0.000000,1.500000,0.091349,-0.050351,1.489002,0.000000,0.000000,0.000000,0.083133,-0.041859,0.032998,0.997605,-0.009076,-0.068542,0.001932,0.003637,-0.017815,-0.001758,-0.038338,0.317031,-0.053121,24.141623,24.141623,24.155467,0.512986,3.210361,0.330118,-0.494300,0.923814
28.100000,1,0,0,2.400000,9.810000,0.900000,30.000000,60.000000,6.000000,0.000000,0.000000,1.500000,0.095588,-0.052093,1.490630,0.000000,0.000000,0.000000,0.086020,-0.027571,0.031961,0.997581,-0.008897,-0.068920,0.001904,0.010374,-0.012266,-0.001732,-0.074720,0.372231,-0.099693,24.155467,24.155467,24.166992,0.513230,3.143025,0.470931,-0.617430,0.924740
28.150000,1,0,0,2.400000,9.810000,0.900000,30.000000,60.000000,6.000000,0.000000,0.000000,1.500000,0.099906,-0.053091,1.492184,0.000000,0.000000,0.000000,0.086214,-0.012262,0.030073,0.997568,-0.008555,-0.069146,0.001886,0.016683,-0.005759,-0.001689,-0.140815,0.341224,-0.095927,24.166992,24.166992,24.175980,0.513421,2.996803,0.412770,-0.618585,0.925975
28.200000,1,0,0,2.400000,9.810000,0.900000,30.000000,60.000000,6.000000,0.000000,0.000000,1.500000,0.104164,-0.053320,1.493624,0.000000,0.000000,0.000000,0.083668,0.002984,0.027438,0.997568,-0.008064,-0.069202,0.001879,0.022278,0.001295,-0.001645,-0.152475,0.306353,-0.097781,24.175980,24.175980,24.182286,0.513555,2.972702,0.352573,-0.631959,0.927497
28.250000,1,0,0,2.400000,9.810000,0.900000,30.000000,60.000000,6.000000,0.000000,0.000000,1.500000,0.108228,-0.052812,1.494917,0.000000,0.000000,0.000000,0.078469,0.017091,0.024189,0.997582,-0.007446,-0.069079,0.001880,0.026915,0.008455,-0.001615,-0.203393,0.300286,-0.081186,24.182286,24.182286,24.185844,0.513631,2.845439,0.367726,-0.599658,0.929274
28.300000,1,0,0,2.400000,9.810000,0.900000,30.000000,60.000000,6.000000,0.000000,0.000000,1.500000,0.111970,-0.051647,1.496036,0.000000,0.000000,0.000000,0.070843,0.029082,0.020488,0.997607,-0.006726,-0.068781,0.001887,0.030408,0.015273,-0.001609,-0.223035,0.203624,-0.098868,24.185844,24.185844,24.186672,0.513648,2.784426,0.170397,-0.648101,0.931264
28.350000,1,0,0,2.400000,9.810000,0.900000,30.000000,60.000000,6.000000,0.000000,0.000000,1.500000,0.115278,-0.049952,1.496962,0.000000,0.000000,0.000000,0.061132,0.038153,0.016513,0.997644,-0.005935,-0.068321,0.001898,0.032643,0.021321,-0.001634,-0.246761,0.135467,-0.102310,24.186672,24.186672,24.184863,0.513610,2.705470,0.044958,-0.660713,0.933421
28.400000,1,0,0,2.400000,9.810000,0.900000,30.000000,60.000000,6.000000,0.000000,0.000000,1.500000,0.118056,-0.047890,1.497686,0.000000,0.000000,0.000000,0.049786,0.043740,0.012452,0.997689,-0.005105,-0.067725,0.001910,0.033578,0.026211,-0.001691,-0.299099,0.107367,-0.108239,24.184863,24.184863,24.180572,0.513519,2.550883,0.017572,-0.677522,0.935690
28.450000,1,0,0,2.400000,9.810000,0.900000,30.000000,60.000000,6.000000,0.000000,0.000000,1.500000,0.120238,-0.045641,1.498209,0.000000,0.000000,0.000000,0.037333,0.045566,0.008498,0.997740,-0.004268,-0.067024,0.001920,0.033253,0.029619,-0.001777,-0.319857,0.046564,-0.095530,24.180572,24.180572,24.174005,0.513379,2.466749,-0.087941,-0.647718,0.938016
28.500000,1,0,0,2.400000,9.810000,0.900000,30.000000,60.000000,6.000000,0.000000,0.000000,1.500000,0.121781,-0.043395,1.498540,0.000000,0.000000,0.000000,0.024356,0.043658,0.004836,0.997795,-0.003453,-0.066258,0.001926,0.031779,0.031306,-0.001883,-0.328995,-0.055285,-0.051033,24.174005,24.174005,24.165397,0.513196,2.407135,-0.293076,-0.539650,0.940342
28.550000,1,0,0,2.400000,9.810000,0.900000,30.000000,60.000000,6.000000,0.000000,0.000000,1.500000,0.122675,-0.041332,1.498700,0.000000,0.000000,0.000000,0.011461,0.038346,0.001635,0.997849,-0.002687,-0.065474,0.001926,0.029336,0.031126,-0.002001,-0.330593,-0.115209,-0.045015,24.165397,24.165397,24.154999,0.512976,2.364453,-0.399991,-0.521895,0.942610
28.600000,1,0,0,2.400000,9.810000,0.900000,30.000000,60.000000,6.000000,0.000000,0.000000,1.500000,0.122938,-0.039607,1.498714,0.000000,0.000000,0.000000,-0.000757,0.030237,-0.000957,0.997900,-0.001992,-0.064719,0.001918,0.026157,0.029036,-0.002120,-0.303783,-0.124844,-0.012331,24.154999,24.154999,24.143066,0.512722,2.391108,-0.389642,-0.438053,0.944768
28.650000,1,0,0,2.400000,9.810000,0.900000,30.000000,60.000000,6.000000,0.000000,0.000000,1.500000,0.122620,-0.038341,1.498616,0.000000,0.000000,0.000000,-0.011740,0.020164,-0.002818,0.997945,-0.001382,-0.064039,0.001901,0.022515,0.025100,-0.002233,-0.228482,-0.189816,-0.043106,24.143066,24.143066,24.129839,0.512441,2.537603,-0.516254,-0.504408,0.946766
28.700000,1,0,0,2.400000,9.810000,0.900000,30.000000,60.000000,6.000000,0.000000,0.000000,1.500000,0.121793,-0.037607,1.498446,0.000000,0.000000,0.000000,-0.020999,0.009115,-0.003864,0.997981,-0.000865,-0.063478,0.001877,0.018704,0.019486,-0.002333,-0.157561,-0.180932,0.007469,24.129839,24.129839,24.115544,0.512138,2.679198,-0.470137,-0.373414,0.948562
28.750000,1,0,0,2.400000,9.810000,0.900000,30.000000,60.000000,6.000000,0.000000,0.000000,1.500000,0.120555,-0.037428,1.498244,0.000000,0.000000,0.000000,-0.028140,-0.001844,-0.004047,0.998007,-0.000442,-0.063077,0.001844,0.015019,0.012453,-0.002418,-0.149599,-0.122493,0.044977,24.115544,24.115544,24.100386,0.511816,2.677195,-0.309632,-0.271695,0.950121
28.800000,1,0,0,2.400000,9.810000,0.900000,30.000000,60.000000,6.000000,0.000000,0.000000,1.500000,0.119019,-0.037773,1.498056,0.000000,0.000000,0.000000,-0.032883,-0.011659,-0.003358,0.998020,-0.000105,-0.062865,0.001803,0.011737,0.004342,-0.002489,-0.114835,-0.112443,0.039719,24.100386,24.100386,24.084542,0.511479,2.748535,-0.269474,-0.270571,0.951418
28.850000,1,0,0,2.400000,9.810000,0.900000,30.000000,60.000000,6.000000,0.000000,0.000000,1.500000,0.117309,-0.038559,1.497923,0.000000,0.000000,0.000000,-0.035075,-0.019374,-0.001830,0.998021,0.000157,-0.062865,0.001757,0.009099,-0.004448,-0.002548,-0.062070,-0.054264,0.039687,24.084542,24.084542,24.068165,0.511132,2.873157,-0.117375,-0.254929,0.952438
28.900000,1,0,0,2.400000,9.810000,0.900000,30.000000,60.000000,6.000000,0.000000,0.000000,1.500000,0.115554,-0.039662,1.497886,0.000000,0.000000,0.000000,-0.034701,-0.024209,0.000467,0.998006,0.000364,-0.063088,0.001705,0.007295,-0.013478,-0.002596,0.014618,-0.019132,0.048535,24.068165,24.068165,24.051381,0.510775,3.065817,-0.023256,-0.216087,0.953176
28.950000,1,0,0,2.400000,9.810000,0.900000,30.000000,60.000000,6.000000,0.000000,0.000000,1.500000,0.113880,-0.040923,1.497980,0.000000,0.000000,0.000000,-0.031881,-0.025624,0.003425,0.997978,0.000538,-0.063535,0.001651,0.006451,-0.022293,-0.002636,0.002483,0.082694,0.068637,24.051381,24.051381,24.034285,0.510412,3.055933,0.229346,-0.148463,0.953639
29.000000,1,0,0,2.400000,9.810000,0.900000,30.000000,60.000000,6.000000,0.000000,0.000000,1.500000,0.112403,-0.042163,1.498237,0.000000,0.000000,0.000000,-0.026866,-0.023361,0.006908,0.997936,0.000704,-0.064194,0.001594,0.006620,-0.030450,-0.002668,0.007414,0.134295,0.090421,24.034285,24.034285,24.016939,0.510044,3.097092,0.361020,-0.075164,0.953843
29.050000,1,0,0,2.400000,9.810000,0.900000,30.000000,60.000000,6.000000,0.000000,0.000000,1.500000,0.111224,-0.043198,1.498677,0.000000,0.000000,0.000000,-0.020024,-0.017472,0.010753,0.997881,0.000888,-0.065045,0.001538,0.007779,-0.037541,-0.002693,0.041005,0.205532,0.118221,24.016939,24.016939,23.999373,0.509671,3.216066,0.540633,0.014050,0.953813
29.100000,1,0,0,2.400000,9.810000,0.900000,30.000000,60.000000,6.000000,0.000000,0.000000,1.500000,0.110423,-0.043855,1.499315,0.000000,0.000000,0.000000,-0.011820,-0.008311,0.014780,0.997814,0.001112,-0.066055,0.001484,0.009833,-0.043215,-0.002710,0.120285,0.318559,0.113488,23.999373,23.999373,23.981576,0.509293,3.452218,0.822489,0.026487,0.953586
29.150000,1,0,0,2.400000,9.810000,0.900000,30.000000,60.000000,6.000000,0.000000,0.000000,1.500000,0.110056,-0.043985,1.500155,0.000000,0.000000,0.000000,-0.002791,0.003497,0.018799,0.997738,0.001396,-0.067186,0.001434,0.012616,-0.047196,-0.002718,0.136118,0.352824,0.092106,23.981576,23.981576,23.963502,0.508909,3.541730,0.918226,0.000073,0.953204
29.200000,1,0,0,2.400000,9.810000,0.900000,30.000000,60.000000,6.000000,0.000000,0.000000,1.500000,0.110148,-0.043476,1.501192,0.000000,0.000000,0.000000,0.006483,0.017098,0.022620,0.997656,0.001758,-0.068392,0.001388,0.015907,-0.049301,-0.002717,0.159255,0.380539,0.069375,23.963502,23.963502,23.945070,0.508517,3.652254,1.001888,-0.028675,0.952714
29.250000,1,0,0,2.400000,9.810000,0.900000,30.000000,60.000000,6.000000,0.000000,0.000000,1.500000,0.110698,-0.042262,1.502411,0.000000,0.000000,0.000000,0.015407,0.031487,0.026058,0.997570,0.002205,-0.069627,0.001348,0.019444,-0.049448,-0.002710,0.170426,0.380831,0.045409,23.945070,23.945070,23.926167,0.508116,3.735231,1.023819,-0.059687,0.952170
29.300000,1,0,0,2.400000,9.810000,0.900000,30.000000,60.000000,6.000000,0.000000,0.000000,1.500000,0.111673,-0.040332,1.503788,0.000000,0.000000,0.000000,0.023407,0.045580,0.028946,0.997483,0.002740,-0.070841,0.001315,0.022936,-0.047661,-0.002702,0.187636,0.358158,0.061122,23.926167,23.926167,23.906662,0.507702,3.831532,0.994821,0.005031,0.951624
29.350000,1,0,0,2.400000,9.810000,0.900000,30.000000,60.000000,6.000000,0.000000,0.000000,1.500000,0.113015,-0.037727,1.505294,0.000000,0.000000,0.000000,0.029955,0.058311,0.031136,0.997399,0.003359,-0.071987,0.001288,0.026090,-0.044069,-0.002700,0.145062,0.342036,0.071157,23.906662,23.906662,23.886416,0.507272,3.780942,0.985484,0.056432,0.951132
29.400000,1,0,0,2.400000,9.810000,0.900000,30.000000,60.000000,6.000000,0.000000,0.000000,1.500000,0.114637,-0.034540,1.506888,0.000000,0.000000,0.000000,0.034601,0.068709,0.032514,0.997321,0.004048,-0.073024,0.001267,0.028624,-0.038899,-0.002711,0.047235,0.284132,0.079284,23.886416,23.886416,23.865296,0.506823,3.592313,0.879224,0.103394,0.950745
29.450000,1,0,0,2.400000,9.810000,0.900000,30.000000,60.000000,6.000000,0.000000,0.000000,1.500000,0.116437,-0.030908,1.508530,0.000000,0.000000,0.000000,0.036995,0.075984,0.032996,0.997252,0.004791,-0.073914,0.001249,0.030289,-0.032460,-0.002742,0.003416,0.215950,0.075023,23.865296,23.865296,23.843195,0.506354,3.526184,0.750738,0.120620,0.950512
29.500000,1,0,0,2.400000,9.810000,0.900000,30.000000,60.000000,6.000000,0.000000,0.000000,1.500000,0.118295,-0.027003,1.510172,0.000000,0.000000,0.000000,0.036908,0.079587,0.032540,0.997195,0.005562,-0.074632,0.001233,0.030884,-0.025132,-0.002799,-0.069393,0.104379,0.060524,23.843195,23.843195,23.820046,0.505862,3.382084,0.519388,0.113149,0.950474
29.550000,1,0,0,2.400000,9.810000,0.900000,30.000000,60.000000,6.000000,0.000000,0.000000,1.500000,0.120085,-0.023015,1.511768,0.000000,0.000000,0.000000,0.034241,0.079255,0.031141,0.997151,0.006333,-0.075161,0.001217,0.030272,-0.017340,-0.002883,-0.085002,-0.006658,0.022584,23.820046,23.820046,23.795833,0.505348,3.366087,0.289218,0.049191,0.950666
29.600000,1,0,0,2.400000,9.810000,0.900000,30.000000,60.000000,6.000000,0.000000,0.000000,1.500000,0.121677,-0.019142,1.513271,0.000000,0.000000,0.000000,0.029033,0.075031,0.028837,0.997120,0.007073,-0.075494,0.001197,0.028387,-0.009532,-0.002989,-0.127171,-0.077544,-0.026593,23.795833,23.795833,23.770607,0.504812,3.276917,0.153822,-0.042037,0.951115
29.650000,1,0,0,2.400000,9.810000,0.900000,30.000000,60.000000,6.000000,0.000000,0.000000,1.500000,0.122949,-0.015571,1.514638,0.000000,0.000000,0.000000,0.021459,0.067265,0.025702,0.997105,0.007749,-0.075637,0.001171,0.025238,-0.002154,-0.003110,-0.196828,-0.106346,-0.037997,23.770607,23.770607,23.744485,0.504258,3.112634,0.116332,-0.042964,0.951835
29.700000,1,0,0,2.400000,9.810000,0.900000,30.000000,60.000000,6.000000,0.000000,0.000000,1.500000,0.123788,-0.012465,1.515830,0.000000,0.000000,0.000000,0.011818,0.056579,0.021848,0.997102,0.008333,-0.075606,0.001136,0.020915,0.004375,-0.003233,-0.256132,-0.135470,-0.048271,23.744485,23.744485,23.717656,0.503688,2.964863,0.073527,-0.041582,0.952834
29.750000,1,0,0,2.400000,9.810000,0.900000,30.000000,60.000000,6.000000,0.000000,0.000000,1.500000,0.124103,-0.009948,1.516813,0.000000,0.000000,0.000000,0.000523,0.043822,0.017416,0.997112,0.008796,-0.075426,0.001090,0.015578,0.009684,-0.003345,-0.269380,-0.172665,-0.058942,23.717656,23.717656,23.690370,0.503108,2.920569,0.005526,-0.041581,0.954106
29.800000,1,0,0,2.400000,9.810000,0.900000,30.000000,60.000000,6.000000,0.000000,0.000000,1.500000,0.123821,-0.008100,1.517564,0.000000,0.000000,0.000000,-0.011924,0.029998,0.012573,0.997131,0.009115,-0.075133,0.001032,0.009449,0.013474,-0.003434,-0.253864,-0.220361,-0.100406,23.690370,23.690370,23.662936,0.502526,2.939933,-0.094553,-0.115944,0.955635
29.850000,1,0,0,2.400000,9.810000,0.900000,30.000000,60.000000,6.000000,0.000000,0.000000,1.500000,0.122901,-0.006948,1.518067,0.000000,0.000000,0.000000,-0.024958,0.016187,0.007502,0.997157,0.009275,-0.074767,0.000960,0.002802,0.015532,-0.003486,-0.254185,-0.188889,-0.104397,23.662936,23.662936,23.635699,0.501947,2.917886,-0.012251,-0.100861,0.957396
29.900000,1,0,0,2.400000,9.810000,0.900000,30.000000,60.000000,6.000000,0.000000,0.000000,1.500000,0.121326,-0.006463,1.518314,0.000000,0.000000,0.000000,-0.037977,0.003454,0.002397,0.997187,0.009265,-0.074372,0.000875,-0.004061,0.015743,-0.003498,-0.239020,-0.148593,-0.075780,23.635699,23.635699,23.609035,0.501381,2.931766,0.083206,-0.008044,0.959355
29.950000,1,0,0,2.400000,9.810000,0.900000,30.000000,60.000000,6.000000,0.000000,0.000000,1.500000,0.119113,-0.006568,1.518309,0.000000,0.000000,0.000000,-0.050377,-0.007232,-0.002551,0.997217,0.009085,-0.073996,0.000778,-0.010818,0.014098,-0.003467,-0.255577,-0.113001,-0.073485,23.609035,23.609035,23.583323,0.500835,2.870503,0.159319,0.021036,0.961467
30.000000,1,0,0,2.400000,9.810000,0.900000,30.000000,60.000000,6.000000,0.000000,0.000000,1.500000,0.116308,-0.007139,1.518065,0.000000,0.000000,0.000000,-0.061584,-0.015082,-0.007154,0.997243,0.008742,-0.073683,0.000669,-0.017159,0.010693,-0.003400,-0.179456,-0.057928,-0.044978,23.583323,23.583323,23.558940,0.500317,3.034825,0.274475,0.112410,0.963685
